minute,mint,price_usd
2026-08-26 15:57:00.000 UTC,12qAQferAxESf4ndq6ecVRnE4PTzikoAA2NM71Tbpump,0.0000029320688210221645
2026-08-17 01:36:00.000 UTC,21fWtuHkXzwZNEi4hT4SkQeagd9ZxbxUexLfr6EZpump,0.0000021029374650568025
2026-08-14 23:58:00.000 UTC,24eWqWpL4aUnn9CgncvrVMCAsR6dykQXFbSvQd7Tpump,0.000004350944724791586
2026-08-14 23:59:00.000 UTC,24eWqWpL4aUnn9CgncvrVMCAsR6dykQXFbSvQd7Tpump,0.0000022296633606895357
2026-08-15 00:00:00.000 UTC,24eWqWpL4aUnn9CgncvrVMCAsR6dykQXFbSvQd7Tpump,0.000002314826519055313
2026-08-21 18:49:00.000 UTC,24z86Emujh4QBMC6X23d6A6k4kUh4iAKuhZmoNPopump,0.0000026127074680642974
2026-08-21 18:53:00.000 UTC,24z86Emujh4QBMC6X23d6A6k4kUh4iAKuhZmoNPopump,0.000002607511772240764
2026-08-25 03:08:00.000 UTC,257d2SboAsibzui2Dqo8AWX69fRg7zKEvMNggKK8pump,0.000002875650277317244
2026-08-28 11:53:00.000 UTC,25Gos8fgCahiaEEt34fPYLGVmgpW7bYsMjjdqXC3pump,0.0000029788592758302504
2026-08-29 01:21:00.000 UTC,25LFKno8RDmLUUvp2sUp1v5epLx6LBNpF6WBLnfhpump,0.0000018050350219545106
2026-08-29 01:22:00.000 UTC,25LFKno8RDmLUUvp2sUp1v5epLx6LBNpF6WBLnfhpump,5.753272354302626e-7
2026-08-29 01:29:00.000 UTC,25LFKno8RDmLUUvp2sUp1v5epLx6LBNpF6WBLnfhpump,4.04896306057402e-7
2026-08-29 01:30:00.000 UTC,25LFKno8RDmLUUvp2sUp1v5epLx6LBNpF6WBLnfhpump,4.063898795784766e-7
2026-09-01 08:57:00.000 UTC,25aKYbe86ZbrU4dJ96ULuaPVUytrCCLofKSEbyNGpump,0.000002834356583824163
2026-09-01 12:22:00.000 UTC,25aquK7sKUZ4eHb8jTYYAoeKdSXzeLdsSCBKKLRfpump,0.0000011823714079287024
2026-09-01 12:23:00.000 UTC,25aquK7sKUZ4eHb8jTYYAoeKdSXzeLdsSCBKKLRfpump,1.6073745403101996e-7
2026-09-01 14:38:00.000 UTC,25bZFWcXhGAgn7Ma1rj1PRSbcZmXk4EMEj3EKXCjpump,0.000002674558134720862
2026-09-09 03:31:00.000 UTC,25phEwaLeoLqiZxuZ3wSqumcRnWyjC5QHAJVdyRqpump,0.0000028923412045672196
2026-09-09 03:32:00.000 UTC,25phEwaLeoLqiZxuZ3wSqumcRnWyjC5QHAJVdyRqpump,0.0000010156978760351256
2026-09-09 16:23:00.000 UTC,25qYoh6V1BVLw6VGB5WN2wNYpvqW3gAmjfaWk5z6pump,0.0000022366030781177717
2026-08-30 18:10:00.000 UTC,25rDfpcF56HLU4tmw2ugbmwuTugr2X5TEfgfgPpRpump,0.0000029747051699056054
2026-09-11 19:36:00.000 UTC,25uFYm9cUmcu6eTJpAdndFc2usEsmsJFrYowJzJmpump,0.0000010940712828455236
2026-09-11 19:37:00.000 UTC,25uFYm9cUmcu6eTJpAdndFc2usEsmsJFrYowJzJmpump,3.158121130836537e-7
2026-08-31 02:08:00.000 UTC,261wNHVuJGf2AJKdHZ1tEf5PKf7Wz9tzsrSxFMm5pump,0.0000028461616119140143
2026-08-31 02:09:00.000 UTC,261wNHVuJGf2AJKdHZ1tEf5PKf7Wz9tzsrSxFMm5pump,0.0000028561712990177903
2026-08-27 18:23:00.000 UTC,26Q5fcm21VRiNZdUsgK5Tb76D1BJSncvdLm8Y2pCpump,0.000007173357219745972
2026-06-05 11:56:00.000 UTC,26suWkbYU1BySReb2h1P6wYEsmFbFmEwtAssm73gpump,0.0000018557967568184096
2026-06-05 11:57:00.000 UTC,26suWkbYU1BySReb2h1P6wYEsmFbFmEwtAssm73gpump,0.0000015323035346839914
2026-06-05 11:58:00.000 UTC,26suWkbYU1BySReb2h1P6wYEsmFbFmEwtAssm73gpump,0.0000021628454155604605
2026-06-05 11:59:00.000 UTC,26suWkbYU1BySReb2h1P6wYEsmFbFmEwtAssm73gpump,0.0000028832183736648567
2026-06-05 12:00:00.000 UTC,26suWkbYU1BySReb2h1P6wYEsmFbFmEwtAssm73gpump,0.000002488750976271389
2026-06-05 12:01:00.000 UTC,26suWkbYU1BySReb2h1P6wYEsmFbFmEwtAssm73gpump,0.0000030769864670815177
2026-06-05 12:02:00.000 UTC,26suWkbYU1BySReb2h1P6wYEsmFbFmEwtAssm73gpump,0.000003081933088163078
2026-06-05 12:03:00.000 UTC,26suWkbYU1BySReb2h1P6wYEsmFbFmEwtAssm73gpump,0.0000034995540474666662
2026-06-05 12:04:00.000 UTC,26suWkbYU1BySReb2h1P6wYEsmFbFmEwtAssm73gpump,0.0000035040981232843237
2026-06-05 12:05:00.000 UTC,26suWkbYU1BySReb2h1P6wYEsmFbFmEwtAssm73gpump,0.0000044569545757363045
2026-06-05 12:06:00.000 UTC,26suWkbYU1BySReb2h1P6wYEsmFbFmEwtAssm73gpump,0.0000023136541434414725
2026-06-05 12:07:00.000 UTC,26suWkbYU1BySReb2h1P6wYEsmFbFmEwtAssm73gpump,0.0000028020166848736048
2026-06-05 12:09:00.000 UTC,26suWkbYU1BySReb2h1P6wYEsmFbFmEwtAssm73gpump,0.000003097905049288488
2026-06-05 12:10:00.000 UTC,26suWkbYU1BySReb2h1P6wYEsmFbFmEwtAssm73gpump,0.0000037793956119427316
2026-06-05 12:11:00.000 UTC,26suWkbYU1BySReb2h1P6wYEsmFbFmEwtAssm73gpump,0.00000317014784695121
2026-06-05 12:12:00.000 UTC,26suWkbYU1BySReb2h1P6wYEsmFbFmEwtAssm73gpump,0.000004763384807877914
2026-06-05 12:13:00.000 UTC,26suWkbYU1BySReb2h1P6wYEsmFbFmEwtAssm73gpump,0.000005105738726967161
2026-06-05 12:14:00.000 UTC,26suWkbYU1BySReb2h1P6wYEsmFbFmEwtAssm73gpump,0.000005118269089607561
2026-06-05 12:15:00.000 UTC,26suWkbYU1BySReb2h1P6wYEsmFbFmEwtAssm73gpump,0.0000059240091948073686
2026-06-05 12:16:00.000 UTC,26suWkbYU1BySReb2h1P6wYEsmFbFmEwtAssm73gpump,0.0000064233346810061705
2026-06-05 12:17:00.000 UTC,26suWkbYU1BySReb2h1P6wYEsmFbFmEwtAssm73gpump,0.000006356606057998724
2026-06-05 12:19:00.000 UTC,26suWkbYU1BySReb2h1P6wYEsmFbFmEwtAssm73gpump,0.000006303276406799927
2026-06-05 12:20:00.000 UTC,26suWkbYU1BySReb2h1P6wYEsmFbFmEwtAssm73gpump,0.000006571077397450001
2026-06-05 12:23:00.000 UTC,26suWkbYU1BySReb2h1P6wYEsmFbFmEwtAssm73gpump,0.000007538672720554818
2026-06-05 12:25:00.000 UTC,26suWkbYU1BySReb2h1P6wYEsmFbFmEwtAssm73gpump,0.000007938087408154698
2026-06-05 12:26:00.000 UTC,26suWkbYU1BySReb2h1P6wYEsmFbFmEwtAssm73gpump,0.000008517662841775067
2026-06-05 12:27:00.000 UTC,26suWkbYU1BySReb2h1P6wYEsmFbFmEwtAssm73gpump,0.000008950485484191098
2026-06-05 12:28:00.000 UTC,26suWkbYU1BySReb2h1P6wYEsmFbFmEwtAssm73gpump,0.000006939726880107072
2026-06-05 12:29:00.000 UTC,26suWkbYU1BySReb2h1P6wYEsmFbFmEwtAssm73gpump,0.000005943661197456201
2026-06-05 12:30:00.000 UTC,26suWkbYU1BySReb2h1P6wYEsmFbFmEwtAssm73gpump,0.000008073789394802457
2026-06-05 12:33:00.000 UTC,26suWkbYU1BySReb2h1P6wYEsmFbFmEwtAssm73gpump,0.000005918680569074
2026-06-05 12:34:00.000 UTC,26suWkbYU1BySReb2h1P6wYEsmFbFmEwtAssm73gpump,0.000007172854180148906
2026-06-05 12:36:00.000 UTC,26suWkbYU1BySReb2h1P6wYEsmFbFmEwtAssm73gpump,0.000006438083973109971
2026-06-05 12:37:00.000 UTC,26suWkbYU1BySReb2h1P6wYEsmFbFmEwtAssm73gpump,0.000006150532213495513
2026-06-05 12:39:00.000 UTC,26suWkbYU1BySReb2h1P6wYEsmFbFmEwtAssm73gpump,0.000003587691820436767
2026-06-05 12:40:00.000 UTC,26suWkbYU1BySReb2h1P6wYEsmFbFmEwtAssm73gpump,0.0000036071925659394053
2026-06-05 12:41:00.000 UTC,26suWkbYU1BySReb2h1P6wYEsmFbFmEwtAssm73gpump,0.0000029848046187774935
2026-06-05 12:42:00.000 UTC,26suWkbYU1BySReb2h1P6wYEsmFbFmEwtAssm73gpump,0.00000333049002369505
2026-06-05 12:45:00.000 UTC,26suWkbYU1BySReb2h1P6wYEsmFbFmEwtAssm73gpump,0.000002010778794631766
2026-06-05 12:50:00.000 UTC,26suWkbYU1BySReb2h1P6wYEsmFbFmEwtAssm73gpump,0.0000024192651450630383
2026-06-05 12:51:00.000 UTC,26suWkbYU1BySReb2h1P6wYEsmFbFmEwtAssm73gpump,0.000002976283483123109
2026-06-05 12:52:00.000 UTC,26suWkbYU1BySReb2h1P6wYEsmFbFmEwtAssm73gpump,0.000003534682753581308
2026-06-05 12:53:00.000 UTC,26suWkbYU1BySReb2h1P6wYEsmFbFmEwtAssm73gpump,0.00000748063782784213
2026-06-05 12:55:00.000 UTC,26suWkbYU1BySReb2h1P6wYEsmFbFmEwtAssm73gpump,0.000008482685624737202
2026-06-05 12:56:00.000 UTC,26suWkbYU1BySReb2h1P6wYEsmFbFmEwtAssm73gpump,0.000007099786603000141
2026-06-05 13:02:00.000 UTC,26suWkbYU1BySReb2h1P6wYEsmFbFmEwtAssm73gpump,0.000007129050243117687
2026-06-05 13:03:00.000 UTC,26suWkbYU1BySReb2h1P6wYEsmFbFmEwtAssm73gpump,0.000006293019040499251
2026-06-05 13:04:00.000 UTC,26suWkbYU1BySReb2h1P6wYEsmFbFmEwtAssm73gpump,0.000006299222120871071
2026-06-05 13:06:00.000 UTC,26suWkbYU1BySReb2h1P6wYEsmFbFmEwtAssm73gpump,0.000008451661465308353
2026-06-05 13:07:00.000 UTC,26suWkbYU1BySReb2h1P6wYEsmFbFmEwtAssm73gpump,0.000016699202289479683
2026-06-05 13:08:00.000 UTC,26suWkbYU1BySReb2h1P6wYEsmFbFmEwtAssm73gpump,0.000023044159948351437
2026-06-05 13:09:00.000 UTC,26suWkbYU1BySReb2h1P6wYEsmFbFmEwtAssm73gpump,0.00002292830662342066
2026-06-05 13:10:00.000 UTC,26suWkbYU1BySReb2h1P6wYEsmFbFmEwtAssm73gpump,0.000019907694386656726
2026-06-05 13:11:00.000 UTC,26suWkbYU1BySReb2h1P6wYEsmFbFmEwtAssm73gpump,0.000013795490268634781
2026-06-05 13:12:00.000 UTC,26suWkbYU1BySReb2h1P6wYEsmFbFmEwtAssm73gpump,0.000013802272758554207
2026-06-05 13:13:00.000 UTC,26suWkbYU1BySReb2h1P6wYEsmFbFmEwtAssm73gpump,0.000014196465392578483
2026-06-05 13:14:00.000 UTC,26suWkbYU1BySReb2h1P6wYEsmFbFmEwtAssm73gpump,0.00001496725673770087
2026-06-05 13:15:00.000 UTC,26suWkbYU1BySReb2h1P6wYEsmFbFmEwtAssm73gpump,0.000015008711199379202
2026-06-05 13:16:00.000 UTC,26suWkbYU1BySReb2h1P6wYEsmFbFmEwtAssm73gpump,0.000015009075752311269
2026-06-05 13:17:00.000 UTC,26suWkbYU1BySReb2h1P6wYEsmFbFmEwtAssm73gpump,0.000011797368436297177
2026-06-05 13:19:00.000 UTC,26suWkbYU1BySReb2h1P6wYEsmFbFmEwtAssm73gpump,0.000010385863044104528
2026-06-05 13:20:00.000 UTC,26suWkbYU1BySReb2h1P6wYEsmFbFmEwtAssm73gpump,0.000007755279577876415
2026-06-05 13:21:00.000 UTC,26suWkbYU1BySReb2h1P6wYEsmFbFmEwtAssm73gpump,0.000014147430262007248
2026-06-05 13:24:00.000 UTC,26suWkbYU1BySReb2h1P6wYEsmFbFmEwtAssm73gpump,0.000019062615069756897
2026-06-05 13:25:00.000 UTC,26suWkbYU1BySReb2h1P6wYEsmFbFmEwtAssm73gpump,0.000019091909098578227
2026-06-05 13:26:00.000 UTC,26suWkbYU1BySReb2h1P6wYEsmFbFmEwtAssm73gpump,0.000019100544688485718
2026-06-05 13:28:00.000 UTC,26suWkbYU1BySReb2h1P6wYEsmFbFmEwtAssm73gpump,0.000014076153259128198
2026-06-05 13:31:00.000 UTC,26suWkbYU1BySReb2h1P6wYEsmFbFmEwtAssm73gpump,0.00001255165019210684
2026-06-05 13:32:00.000 UTC,26suWkbYU1BySReb2h1P6wYEsmFbFmEwtAssm73gpump,0.000012564040319127445
2026-06-05 13:38:00.000 UTC,26suWkbYU1BySReb2h1P6wYEsmFbFmEwtAssm73gpump,0.000010518868059340656
2026-06-05 13:39:00.000 UTC,26suWkbYU1BySReb2h1P6wYEsmFbFmEwtAssm73gpump,0.000010525208083022213
2026-06-05 13:40:00.000 UTC,26suWkbYU1BySReb2h1P6wYEsmFbFmEwtAssm73gpump,0.00000900966370034117
2026-06-05 13:43:00.000 UTC,26suWkbYU1BySReb2h1P6wYEsmFbFmEwtAssm73gpump,0.0000090140684062759
2026-06-05 13:46:00.000 UTC,26suWkbYU1BySReb2h1P6wYEsmFbFmEwtAssm73gpump,0.000008958469232103424
2026-06-05 13:48:00.000 UTC,26suWkbYU1BySReb2h1P6wYEsmFbFmEwtAssm73gpump,0.000009259001151929476
2026-06-05 13:51:00.000 UTC,26suWkbYU1BySReb2h1P6wYEsmFbFmEwtAssm73gpump,0.000009194852007747778
2026-06-05 13:53:00.000 UTC,26suWkbYU1BySReb2h1P6wYEsmFbFmEwtAssm73gpump,0.000010119192220738644
2026-06-05 13:58:00.000 UTC,26suWkbYU1BySReb2h1P6wYEsmFbFmEwtAssm73gpump,0.000012500359184841047
2026-06-05 14:00:00.000 UTC,26suWkbYU1BySReb2h1P6wYEsmFbFmEwtAssm73gpump,0.00001981697973191073
2026-06-05 14:01:00.000 UTC,26suWkbYU1BySReb2h1P6wYEsmFbFmEwtAssm73gpump,0.00001646414965489793
2026-06-05 14:03:00.000 UTC,26suWkbYU1BySReb2h1P6wYEsmFbFmEwtAssm73gpump,0.00001647242719496
2026-06-05 14:05:00.000 UTC,26suWkbYU1BySReb2h1P6wYEsmFbFmEwtAssm73gpump,0.000016483819503557152
2026-06-05 14:14:00.000 UTC,26suWkbYU1BySReb2h1P6wYEsmFbFmEwtAssm73gpump,0.000015926599185101447
2026-06-05 14:15:00.000 UTC,26suWkbYU1BySReb2h1P6wYEsmFbFmEwtAssm73gpump,0.000016521355658358463
2026-06-05 14:16:00.000 UTC,26suWkbYU1BySReb2h1P6wYEsmFbFmEwtAssm73gpump,0.000013725930501970177
2026-06-05 14:18:00.000 UTC,26suWkbYU1BySReb2h1P6wYEsmFbFmEwtAssm73gpump,0.000009901834123546225
2026-06-05 14:19:00.000 UTC,26suWkbYU1BySReb2h1P6wYEsmFbFmEwtAssm73gpump,0.000008639878166104414
2026-06-05 14:20:00.000 UTC,26suWkbYU1BySReb2h1P6wYEsmFbFmEwtAssm73gpump,0.000006158902979115989
2026-06-05 14:21:00.000 UTC,26suWkbYU1BySReb2h1P6wYEsmFbFmEwtAssm73gpump,0.000006161377201692554
2026-06-05 14:25:00.000 UTC,26suWkbYU1BySReb2h1P6wYEsmFbFmEwtAssm73gpump,0.0000061495845569087535
2026-06-05 14:29:00.000 UTC,26suWkbYU1BySReb2h1P6wYEsmFbFmEwtAssm73gpump,0.000005384750424579357
2026-06-05 14:32:00.000 UTC,26suWkbYU1BySReb2h1P6wYEsmFbFmEwtAssm73gpump,0.000005727732991340538
2026-06-05 14:34:00.000 UTC,26suWkbYU1BySReb2h1P6wYEsmFbFmEwtAssm73gpump,0.000004312668117758886
2026-06-05 14:35:00.000 UTC,26suWkbYU1BySReb2h1P6wYEsmFbFmEwtAssm73gpump,0.000008064178692325577
2026-06-05 14:36:00.000 UTC,26suWkbYU1BySReb2h1P6wYEsmFbFmEwtAssm73gpump,0.000010241968992703687
2026-06-05 14:37:00.000 UTC,26suWkbYU1BySReb2h1P6wYEsmFbFmEwtAssm73gpump,0.000010106641105058567
2026-06-05 14:38:00.000 UTC,26suWkbYU1BySReb2h1P6wYEsmFbFmEwtAssm73gpump,0.000012188164708512841
2026-06-05 14:45:00.000 UTC,26suWkbYU1BySReb2h1P6wYEsmFbFmEwtAssm73gpump,0.000012271300459891901
2026-06-05 14:53:00.000 UTC,26suWkbYU1BySReb2h1P6wYEsmFbFmEwtAssm73gpump,0.000012241703886461003
2026-06-05 14:54:00.000 UTC,26suWkbYU1BySReb2h1P6wYEsmFbFmEwtAssm73gpump,0.000012338804764790487
2026-06-05 14:58:00.000 UTC,26suWkbYU1BySReb2h1P6wYEsmFbFmEwtAssm73gpump,0.00001240206219916277
2026-06-05 15:02:00.000 UTC,26suWkbYU1BySReb2h1P6wYEsmFbFmEwtAssm73gpump,0.000012358219215685388
2026-06-05 15:03:00.000 UTC,26suWkbYU1BySReb2h1P6wYEsmFbFmEwtAssm73gpump,0.000012370754828387009
2026-06-05 15:04:00.000 UTC,26suWkbYU1BySReb2h1P6wYEsmFbFmEwtAssm73gpump,0.000012387688562838842
2026-06-05 15:13:00.000 UTC,26suWkbYU1BySReb2h1P6wYEsmFbFmEwtAssm73gpump,0.000012302672210214014
2026-06-05 15:15:00.000 UTC,26suWkbYU1BySReb2h1P6wYEsmFbFmEwtAssm73gpump,0.000012240499846580264
2026-06-05 15:20:00.000 UTC,26suWkbYU1BySReb2h1P6wYEsmFbFmEwtAssm73gpump,0.00001231497065062697
2026-06-05 15:24:00.000 UTC,26suWkbYU1BySReb2h1P6wYEsmFbFmEwtAssm73gpump,0.000014771056821693287
2026-06-05 15:25:00.000 UTC,26suWkbYU1BySReb2h1P6wYEsmFbFmEwtAssm73gpump,0.000014781658918346023
2026-06-05 15:31:00.000 UTC,26suWkbYU1BySReb2h1P6wYEsmFbFmEwtAssm73gpump,0.000014760237117773935
2026-06-05 15:32:00.000 UTC,26suWkbYU1BySReb2h1P6wYEsmFbFmEwtAssm73gpump,0.000014762728413808741
2026-06-05 15:38:00.000 UTC,26suWkbYU1BySReb2h1P6wYEsmFbFmEwtAssm73gpump,0.000014742335202303335
2026-06-05 15:39:00.000 UTC,26suWkbYU1BySReb2h1P6wYEsmFbFmEwtAssm73gpump,0.000012030227557340831
2026-06-05 15:41:00.000 UTC,26suWkbYU1BySReb2h1P6wYEsmFbFmEwtAssm73gpump,0.000013949969452378803
2026-06-05 16:13:00.000 UTC,26suWkbYU1BySReb2h1P6wYEsmFbFmEwtAssm73gpump,0.000007043730212833333
2026-06-05 16:14:00.000 UTC,26suWkbYU1BySReb2h1P6wYEsmFbFmEwtAssm73gpump,0.000007045960250855082
2026-06-05 16:22:00.000 UTC,26suWkbYU1BySReb2h1P6wYEsmFbFmEwtAssm73gpump,0.000007192182481206637
2026-06-05 16:25:00.000 UTC,26suWkbYU1BySReb2h1P6wYEsmFbFmEwtAssm73gpump,0.000005144698418678381
2026-06-05 16:30:00.000 UTC,26suWkbYU1BySReb2h1P6wYEsmFbFmEwtAssm73gpump,0.000004994919935050579
2026-06-05 16:31:00.000 UTC,26suWkbYU1BySReb2h1P6wYEsmFbFmEwtAssm73gpump,0.000005007920582186532
2026-06-05 16:32:00.000 UTC,26suWkbYU1BySReb2h1P6wYEsmFbFmEwtAssm73gpump,0.000009529974156498088
2026-06-05 16:33:00.000 UTC,26suWkbYU1BySReb2h1P6wYEsmFbFmEwtAssm73gpump,0.000030078732941070347
2026-06-05 16:34:00.000 UTC,26suWkbYU1BySReb2h1P6wYEsmFbFmEwtAssm73gpump,0.00004031854383812456
2026-06-05 16:37:00.000 UTC,26suWkbYU1BySReb2h1P6wYEsmFbFmEwtAssm73gpump,0.000037709482014991954
2026-06-05 16:38:00.000 UTC,26suWkbYU1BySReb2h1P6wYEsmFbFmEwtAssm73gpump,0.00003527625037549364
2026-06-05 16:39:00.000 UTC,26suWkbYU1BySReb2h1P6wYEsmFbFmEwtAssm73gpump,0.000031549235429639026
2026-06-05 16:40:00.000 UTC,26suWkbYU1BySReb2h1P6wYEsmFbFmEwtAssm73gpump,0.000029940653534006773
2026-06-05 16:42:00.000 UTC,26suWkbYU1BySReb2h1P6wYEsmFbFmEwtAssm73gpump,0.000020086702980578206
2026-06-05 16:49:00.000 UTC,26suWkbYU1BySReb2h1P6wYEsmFbFmEwtAssm73gpump,0.000022098888097969396
2026-06-05 16:52:00.000 UTC,26suWkbYU1BySReb2h1P6wYEsmFbFmEwtAssm73gpump,0.000036952518969546246
2026-06-05 16:57:00.000 UTC,26suWkbYU1BySReb2h1P6wYEsmFbFmEwtAssm73gpump,0.00006164945575709841
2026-06-05 16:58:00.000 UTC,26suWkbYU1BySReb2h1P6wYEsmFbFmEwtAssm73gpump,0.00007340540848667594
2026-06-05 16:59:00.000 UTC,26suWkbYU1BySReb2h1P6wYEsmFbFmEwtAssm73gpump,0.00005671266633804292
2026-06-05 17:02:00.000 UTC,26suWkbYU1BySReb2h1P6wYEsmFbFmEwtAssm73gpump,0.000047127157189312705
2026-06-05 17:05:00.000 UTC,26suWkbYU1BySReb2h1P6wYEsmFbFmEwtAssm73gpump,0.000031360357899985023
2026-06-05 17:09:00.000 UTC,26suWkbYU1BySReb2h1P6wYEsmFbFmEwtAssm73gpump,0.000016434346955629942
2026-06-05 17:10:00.000 UTC,26suWkbYU1BySReb2h1P6wYEsmFbFmEwtAssm73gpump,0.00001063283333630459
2026-06-05 17:16:00.000 UTC,26suWkbYU1BySReb2h1P6wYEsmFbFmEwtAssm73gpump,0.000015930569733407477
2026-06-05 17:25:00.000 UTC,26suWkbYU1BySReb2h1P6wYEsmFbFmEwtAssm73gpump,0.00001654927703838108
2026-06-05 17:26:00.000 UTC,26suWkbYU1BySReb2h1P6wYEsmFbFmEwtAssm73gpump,0.000010439507286147884
2026-06-05 17:27:00.000 UTC,26suWkbYU1BySReb2h1P6wYEsmFbFmEwtAssm73gpump,0.000013888556437864045
2026-06-05 17:28:00.000 UTC,26suWkbYU1BySReb2h1P6wYEsmFbFmEwtAssm73gpump,0.000011011301084270485
2026-06-05 17:29:00.000 UTC,26suWkbYU1BySReb2h1P6wYEsmFbFmEwtAssm73gpump,0.00001788962127453658
2026-06-05 17:30:00.000 UTC,26suWkbYU1BySReb2h1P6wYEsmFbFmEwtAssm73gpump,0.000006733361463019667
2026-06-05 17:31:00.000 UTC,26suWkbYU1BySReb2h1P6wYEsmFbFmEwtAssm73gpump,0.000008308381220592323
2026-06-05 17:32:00.000 UTC,26suWkbYU1BySReb2h1P6wYEsmFbFmEwtAssm73gpump,0.0000068342260452880675
2026-06-05 17:33:00.000 UTC,26suWkbYU1BySReb2h1P6wYEsmFbFmEwtAssm73gpump,0.000009171310029701909
2026-06-05 17:34:00.000 UTC,26suWkbYU1BySReb2h1P6wYEsmFbFmEwtAssm73gpump,0.000006640605594328597
2026-06-05 17:35:00.000 UTC,26suWkbYU1BySReb2h1P6wYEsmFbFmEwtAssm73gpump,0.0000021639614367734324
2026-06-05 17:36:00.000 UTC,26suWkbYU1BySReb2h1P6wYEsmFbFmEwtAssm73gpump,0.000001265134177668617
2026-06-05 17:37:00.000 UTC,26suWkbYU1BySReb2h1P6wYEsmFbFmEwtAssm73gpump,5.932532772552673e-7
2026-06-05 17:41:00.000 UTC,26suWkbYU1BySReb2h1P6wYEsmFbFmEwtAssm73gpump,5.006662414200874e-7
2026-06-05 17:42:00.000 UTC,26suWkbYU1BySReb2h1P6wYEsmFbFmEwtAssm73gpump,4.869530069810515e-7
2026-06-05 17:43:00.000 UTC,26suWkbYU1BySReb2h1P6wYEsmFbFmEwtAssm73gpump,5.001680805544933e-7
2026-06-06 12:01:00.000 UTC,26suWkbYU1BySReb2h1P6wYEsmFbFmEwtAssm73gpump,4.664659526189325e-7
2026-06-06 12:02:00.000 UTC,26suWkbYU1BySReb2h1P6wYEsmFbFmEwtAssm73gpump,4.785138530965437e-7
2026-06-06 12:03:00.000 UTC,26suWkbYU1BySReb2h1P6wYEsmFbFmEwtAssm73gpump,5.41421380778376e-7
2026-06-06 12:04:00.000 UTC,26suWkbYU1BySReb2h1P6wYEsmFbFmEwtAssm73gpump,8.228262991612216e-7
2026-06-06 12:05:00.000 UTC,26suWkbYU1BySReb2h1P6wYEsmFbFmEwtAssm73gpump,9.824898256748457e-7
2026-06-06 12:06:00.000 UTC,26suWkbYU1BySReb2h1P6wYEsmFbFmEwtAssm73gpump,5.225906729992401e-7
2026-06-06 12:07:00.000 UTC,26suWkbYU1BySReb2h1P6wYEsmFbFmEwtAssm73gpump,6.849769185045944e-7
2026-06-06 12:08:00.000 UTC,26suWkbYU1BySReb2h1P6wYEsmFbFmEwtAssm73gpump,9.455896565089713e-7
2026-06-07 22:57:00.000 UTC,26suWkbYU1BySReb2h1P6wYEsmFbFmEwtAssm73gpump,5.087641425175988e-7
2026-06-07 22:58:00.000 UTC,26suWkbYU1BySReb2h1P6wYEsmFbFmEwtAssm73gpump,5.497831995923198e-7
2026-06-07 22:59:00.000 UTC,26suWkbYU1BySReb2h1P6wYEsmFbFmEwtAssm73gpump,5.924357071564126e-7
2026-06-08 06:49:00.000 UTC,26suWkbYU1BySReb2h1P6wYEsmFbFmEwtAssm73gpump,4.933059093628918e-7
2026-06-08 06:50:00.000 UTC,26suWkbYU1BySReb2h1P6wYEsmFbFmEwtAssm73gpump,5.041055092267241e-7
2026-06-08 06:51:00.000 UTC,26suWkbYU1BySReb2h1P6wYEsmFbFmEwtAssm73gpump,5.142305736331372e-7
2026-06-08 06:52:00.000 UTC,26suWkbYU1BySReb2h1P6wYEsmFbFmEwtAssm73gpump,5.223863224257396e-7
2026-06-08 06:53:00.000 UTC,26suWkbYU1BySReb2h1P6wYEsmFbFmEwtAssm73gpump,5.251215706499631e-7
2026-06-09 01:03:00.000 UTC,26suWkbYU1BySReb2h1P6wYEsmFbFmEwtAssm73gpump,4.916732004890855e-7
2026-06-11 01:15:00.000 UTC,26suWkbYU1BySReb2h1P6wYEsmFbFmEwtAssm73gpump,6.554794330946433e-7
2026-06-11 01:16:00.000 UTC,26suWkbYU1BySReb2h1P6wYEsmFbFmEwtAssm73gpump,7.988054423860881e-7
2026-06-12 09:38:00.000 UTC,26suWkbYU1BySReb2h1P6wYEsmFbFmEwtAssm73gpump,6.630401332905979e-7
2026-06-14 04:17:00.000 UTC,26suWkbYU1BySReb2h1P6wYEsmFbFmEwtAssm73gpump,6.390660177510598e-7
2026-06-14 04:18:00.000 UTC,26suWkbYU1BySReb2h1P6wYEsmFbFmEwtAssm73gpump,6.392335818863856e-7
2026-06-16 02:12:00.000 UTC,26suWkbYU1BySReb2h1P6wYEsmFbFmEwtAssm73gpump,6.848454729136676e-7
2026-06-16 02:13:00.000 UTC,26suWkbYU1BySReb2h1P6wYEsmFbFmEwtAssm73gpump,6.864203430692135e-7
2026-06-16 02:14:00.000 UTC,26suWkbYU1BySReb2h1P6wYEsmFbFmEwtAssm73gpump,6.869180332448638e-7
2026-06-16 05:57:00.000 UTC,26suWkbYU1BySReb2h1P6wYEsmFbFmEwtAssm73gpump,6.846273846389441e-7
2026-06-16 08:31:00.000 UTC,26suWkbYU1BySReb2h1P6wYEsmFbFmEwtAssm73gpump,6.943634666970197e-7
2026-06-16 08:33:00.000 UTC,26suWkbYU1BySReb2h1P6wYEsmFbFmEwtAssm73gpump,6.948676064328647e-7
2026-06-18 05:58:00.000 UTC,26suWkbYU1BySReb2h1P6wYEsmFbFmEwtAssm73gpump,6.652072935091788e-7
2026-06-18 05:59:00.000 UTC,26suWkbYU1BySReb2h1P6wYEsmFbFmEwtAssm73gpump,6.724525068606524e-7
2026-06-18 06:01:00.000 UTC,26suWkbYU1BySReb2h1P6wYEsmFbFmEwtAssm73gpump,6.750146602629481e-7
2026-06-18 06:05:00.000 UTC,26suWkbYU1BySReb2h1P6wYEsmFbFmEwtAssm73gpump,6.77488046971845e-7
2026-06-25 21:09:00.000 UTC,26suWkbYU1BySReb2h1P6wYEsmFbFmEwtAssm73gpump,6.154402317938222e-7
2026-06-25 21:10:00.000 UTC,26suWkbYU1BySReb2h1P6wYEsmFbFmEwtAssm73gpump,6.177495797698623e-7
2026-06-25 21:11:00.000 UTC,26suWkbYU1BySReb2h1P6wYEsmFbFmEwtAssm73gpump,6.214885501568058e-7
2026-06-25 21:13:00.000 UTC,26suWkbYU1BySReb2h1P6wYEsmFbFmEwtAssm73gpump,6.297572948468288e-7
2026-06-25 21:14:00.000 UTC,26suWkbYU1BySReb2h1P6wYEsmFbFmEwtAssm73gpump,6.388318818570865e-7
2026-06-25 21:15:00.000 UTC,26suWkbYU1BySReb2h1P6wYEsmFbFmEwtAssm73gpump,6.426325097046435e-7
2026-06-25 21:16:00.000 UTC,26suWkbYU1BySReb2h1P6wYEsmFbFmEwtAssm73gpump,6.435470864939782e-7
2026-06-25 21:18:00.000 UTC,26suWkbYU1BySReb2h1P6wYEsmFbFmEwtAssm73gpump,6.437133214346976e-7
2026-07-10 07:28:00.000 UTC,26suWkbYU1BySReb2h1P6wYEsmFbFmEwtAssm73gpump,7.335137194259261e-7
2026-07-10 10:14:00.000 UTC,26suWkbYU1BySReb2h1P6wYEsmFbFmEwtAssm73gpump,7.35779905710253e-7
2026-07-10 10:15:00.000 UTC,26suWkbYU1BySReb2h1P6wYEsmFbFmEwtAssm73gpump,7.366526377259985e-7
2026-07-10 10:17:00.000 UTC,26suWkbYU1BySReb2h1P6wYEsmFbFmEwtAssm73gpump,7.365952985966044e-7
2026-07-10 10:20:00.000 UTC,26suWkbYU1BySReb2h1P6wYEsmFbFmEwtAssm73gpump,7.377107317454084e-7
2026-07-10 22:29:00.000 UTC,26suWkbYU1BySReb2h1P6wYEsmFbFmEwtAssm73gpump,7.24714847455222e-7
2026-08-29 07:20:00.000 UTC,26suWkbYU1BySReb2h1P6wYEsmFbFmEwtAssm73gpump,9.668027039995217e-7
2026-08-25 12:39:00.000 UTC,27Uv24jBz8BCoRhsAJX3TXBjbxd1ACED4CFWAWXApump,0.000003260174925343716
2026-09-08 21:48:00.000 UTC,27ziGGmcsv9L6UvXfAzLKdU5bmyCL2o7bYHkCA2xpump,6.776614624565351e-7
2026-09-08 21:49:00.000 UTC,27ziGGmcsv9L6UvXfAzLKdU5bmyCL2o7bYHkCA2xpump,4.7245523852139334e-8
2026-08-28 14:08:00.000 UTC,29F8C7WjdCSAqsZ274Q3JSnELdQXAMu7YaGc4mN4pump,0.0000032568655332128423
2026-08-28 14:09:00.000 UTC,29F8C7WjdCSAqsZ274Q3JSnELdQXAMu7YaGc4mN4pump,0.0000032201063562479092
2026-08-28 14:10:00.000 UTC,29F8C7WjdCSAqsZ274Q3JSnELdQXAMu7YaGc4mN4pump,0.000003492181781965435
2026-08-16 17:03:00.000 UTC,29UXkJ99VnJBsCFyzY3HkuQhrv8tChNGf8HuDUWapump,0.0000021242401020869385
2026-08-16 17:04:00.000 UTC,29UXkJ99VnJBsCFyzY3HkuQhrv8tChNGf8HuDUWapump,0.0000027967749648621884
2026-08-16 17:05:00.000 UTC,29UXkJ99VnJBsCFyzY3HkuQhrv8tChNGf8HuDUWapump,0.000003851771796750035
2026-08-16 17:06:00.000 UTC,29UXkJ99VnJBsCFyzY3HkuQhrv8tChNGf8HuDUWapump,0.0000035282051729435783
2026-08-16 17:07:00.000 UTC,29UXkJ99VnJBsCFyzY3HkuQhrv8tChNGf8HuDUWapump,0.000003888595634512499
2026-08-16 17:08:00.000 UTC,29UXkJ99VnJBsCFyzY3HkuQhrv8tChNGf8HuDUWapump,0.0000037981202310812333
2026-08-16 17:09:00.000 UTC,29UXkJ99VnJBsCFyzY3HkuQhrv8tChNGf8HuDUWapump,0.000004370396456497458
2026-08-16 17:10:00.000 UTC,29UXkJ99VnJBsCFyzY3HkuQhrv8tChNGf8HuDUWapump,0.000004390741543208208
2026-08-16 17:11:00.000 UTC,29UXkJ99VnJBsCFyzY3HkuQhrv8tChNGf8HuDUWapump,0.0000042759125765860095
2026-08-16 17:12:00.000 UTC,29UXkJ99VnJBsCFyzY3HkuQhrv8tChNGf8HuDUWapump,0.0000049777347594312315
2026-08-16 17:13:00.000 UTC,29UXkJ99VnJBsCFyzY3HkuQhrv8tChNGf8HuDUWapump,0.000004937894429102243
2026-08-16 17:14:00.000 UTC,29UXkJ99VnJBsCFyzY3HkuQhrv8tChNGf8HuDUWapump,0.000004648387624692932
2026-08-16 17:15:00.000 UTC,29UXkJ99VnJBsCFyzY3HkuQhrv8tChNGf8HuDUWapump,0.000004701831135366383
2026-08-16 17:16:00.000 UTC,29UXkJ99VnJBsCFyzY3HkuQhrv8tChNGf8HuDUWapump,0.0000049062665967641324
2026-08-16 17:17:00.000 UTC,29UXkJ99VnJBsCFyzY3HkuQhrv8tChNGf8HuDUWapump,0.00000444051723861614
2026-08-16 17:18:00.000 UTC,29UXkJ99VnJBsCFyzY3HkuQhrv8tChNGf8HuDUWapump,0.000003975631133206721
2026-08-16 17:19:00.000 UTC,29UXkJ99VnJBsCFyzY3HkuQhrv8tChNGf8HuDUWapump,0.0000033737718860129474
2026-08-16 17:20:00.000 UTC,29UXkJ99VnJBsCFyzY3HkuQhrv8tChNGf8HuDUWapump,0.0000025846110827780395
2026-08-16 17:22:00.000 UTC,29UXkJ99VnJBsCFyzY3HkuQhrv8tChNGf8HuDUWapump,0.000002174245325822266
2026-08-29 12:00:00.000 UTC,2BbL5hxoLaj3BxZ77qNEpeszKE67oZzQXMcwPDGipump,0.000005681843806985051
2026-08-29 12:01:00.000 UTC,2BbL5hxoLaj3BxZ77qNEpeszKE67oZzQXMcwPDGipump,0.0000031608844006922816
2026-08-29 12:02:00.000 UTC,2BbL5hxoLaj3BxZ77qNEpeszKE67oZzQXMcwPDGipump,0.0000030546337275404007
2026-09-05 15:57:00.000 UTC,2DYBdsxENr6Fc43RitrKbGjg6qzhV1jmGuRyxKTfpump,0.000002905395059904196
2026-08-25 03:55:00.000 UTC,2Dda8ckA9PEmnGZAzn2PvoEpWr7WfdkYR6stw6sdpump,0.000003742287798506372
2026-08-25 03:56:00.000 UTC,2Dda8ckA9PEmnGZAzn2PvoEpWr7WfdkYR6stw6sdpump,0.0000033914645212148414
2026-08-25 03:57:00.000 UTC,2Dda8ckA9PEmnGZAzn2PvoEpWr7WfdkYR6stw6sdpump,0.0000030298143057417835
2026-08-30 20:55:00.000 UTC,2DyNi778TrtditWHn6D4uWXLYMRAZTFcun4WtMchpump,0.000003775810410772985
2026-09-11 04:51:00.000 UTC,2EWufPXk8Pi5TLCBGyjZgSicAoT9nQBda2Z6qhcvpump,0.000023665915381578034
2026-08-12 14:36:00.000 UTC,2FMgd5yqNgxorctAgeiuDK3eySNRJo1RuSfvqkXdpump,0.0000021856121361160023
2026-08-12 14:37:00.000 UTC,2FMgd5yqNgxorctAgeiuDK3eySNRJo1RuSfvqkXdpump,0.000002272891067998964
2026-08-12 14:40:00.000 UTC,2FMgd5yqNgxorctAgeiuDK3eySNRJo1RuSfvqkXdpump,0.000002285655396117841
2026-08-12 14:41:00.000 UTC,2FMgd5yqNgxorctAgeiuDK3eySNRJo1RuSfvqkXdpump,0.0000022873031021799917
2026-08-12 14:44:00.000 UTC,2FMgd5yqNgxorctAgeiuDK3eySNRJo1RuSfvqkXdpump,0.000002667052675580728
2026-08-12 14:46:00.000 UTC,2FMgd5yqNgxorctAgeiuDK3eySNRJo1RuSfvqkXdpump,0.000002743312926878834
2026-08-12 14:47:00.000 UTC,2FMgd5yqNgxorctAgeiuDK3eySNRJo1RuSfvqkXdpump,0.0000027495067490258518
2026-08-12 14:49:00.000 UTC,2FMgd5yqNgxorctAgeiuDK3eySNRJo1RuSfvqkXdpump,0.0000026837106233273167
2026-08-12 14:51:00.000 UTC,2FMgd5yqNgxorctAgeiuDK3eySNRJo1RuSfvqkXdpump,0.0000026932927117447813
2026-08-12 14:52:00.000 UTC,2FMgd5yqNgxorctAgeiuDK3eySNRJo1RuSfvqkXdpump,0.000002776233591202271
2026-08-12 14:56:00.000 UTC,2FMgd5yqNgxorctAgeiuDK3eySNRJo1RuSfvqkXdpump,0.0000027730347953499124
2026-08-12 14:58:00.000 UTC,2FMgd5yqNgxorctAgeiuDK3eySNRJo1RuSfvqkXdpump,0.0000027842828842045486
2026-08-12 14:59:00.000 UTC,2FMgd5yqNgxorctAgeiuDK3eySNRJo1RuSfvqkXdpump,0.000002795569790706514
2026-08-12 15:00:00.000 UTC,2FMgd5yqNgxorctAgeiuDK3eySNRJo1RuSfvqkXdpump,0.0000027295924601148935
2026-08-12 15:01:00.000 UTC,2FMgd5yqNgxorctAgeiuDK3eySNRJo1RuSfvqkXdpump,0.0000027771066210874653
2026-08-12 15:15:00.000 UTC,2FMgd5yqNgxorctAgeiuDK3eySNRJo1RuSfvqkXdpump,0.0000036283390619956065
2026-08-12 15:17:00.000 UTC,2FMgd5yqNgxorctAgeiuDK3eySNRJo1RuSfvqkXdpump,0.000003798478224541549
2026-08-12 15:21:00.000 UTC,2FMgd5yqNgxorctAgeiuDK3eySNRJo1RuSfvqkXdpump,0.000003886064776692017
2026-08-12 15:22:00.000 UTC,2FMgd5yqNgxorctAgeiuDK3eySNRJo1RuSfvqkXdpump,0.00000395758960678314
2026-08-12 15:24:00.000 UTC,2FMgd5yqNgxorctAgeiuDK3eySNRJo1RuSfvqkXdpump,0.000003893607713918253
2026-08-12 15:25:00.000 UTC,2FMgd5yqNgxorctAgeiuDK3eySNRJo1RuSfvqkXdpump,0.000004529057853635654
2026-08-12 15:47:00.000 UTC,2FMgd5yqNgxorctAgeiuDK3eySNRJo1RuSfvqkXdpump,0.000004129060111266312
2026-08-12 15:54:00.000 UTC,2FMgd5yqNgxorctAgeiuDK3eySNRJo1RuSfvqkXdpump,0.00000408418254357009
2026-08-12 15:56:00.000 UTC,2FMgd5yqNgxorctAgeiuDK3eySNRJo1RuSfvqkXdpump,0.000004175807616948384
2026-08-12 15:57:00.000 UTC,2FMgd5yqNgxorctAgeiuDK3eySNRJo1RuSfvqkXdpump,0.000004229193821375261
2026-08-12 16:04:00.000 UTC,2FMgd5yqNgxorctAgeiuDK3eySNRJo1RuSfvqkXdpump,0.000003666873564589154
2026-08-12 16:07:00.000 UTC,2FMgd5yqNgxorctAgeiuDK3eySNRJo1RuSfvqkXdpump,0.00000488480032127612
2026-08-12 16:08:00.000 UTC,2FMgd5yqNgxorctAgeiuDK3eySNRJo1RuSfvqkXdpump,0.000005833984347923505
2026-08-12 16:09:00.000 UTC,2FMgd5yqNgxorctAgeiuDK3eySNRJo1RuSfvqkXdpump,0.000005619649082120605
2026-08-12 16:10:00.000 UTC,2FMgd5yqNgxorctAgeiuDK3eySNRJo1RuSfvqkXdpump,0.000005812442025159983
2026-08-12 16:11:00.000 UTC,2FMgd5yqNgxorctAgeiuDK3eySNRJo1RuSfvqkXdpump,0.000006047598328885374
2026-08-12 16:28:00.000 UTC,2FMgd5yqNgxorctAgeiuDK3eySNRJo1RuSfvqkXdpump,0.00000499505074737864
2026-08-12 16:33:00.000 UTC,2FMgd5yqNgxorctAgeiuDK3eySNRJo1RuSfvqkXdpump,0.000005027530531178771
2026-08-12 16:35:00.000 UTC,2FMgd5yqNgxorctAgeiuDK3eySNRJo1RuSfvqkXdpump,0.00000505726994020541
2026-08-12 16:42:00.000 UTC,2FMgd5yqNgxorctAgeiuDK3eySNRJo1RuSfvqkXdpump,0.000005109146272684394
2026-08-12 16:48:00.000 UTC,2FMgd5yqNgxorctAgeiuDK3eySNRJo1RuSfvqkXdpump,0.000005127239110686027
2026-08-12 16:51:00.000 UTC,2FMgd5yqNgxorctAgeiuDK3eySNRJo1RuSfvqkXdpump,0.000004655901616786076
2026-08-12 16:55:00.000 UTC,2FMgd5yqNgxorctAgeiuDK3eySNRJo1RuSfvqkXdpump,0.000005013018183565691
2026-08-12 16:58:00.000 UTC,2FMgd5yqNgxorctAgeiuDK3eySNRJo1RuSfvqkXdpump,0.000005216828397214747
2026-08-12 16:59:00.000 UTC,2FMgd5yqNgxorctAgeiuDK3eySNRJo1RuSfvqkXdpump,0.000005286180384178024
2026-08-12 17:00:00.000 UTC,2FMgd5yqNgxorctAgeiuDK3eySNRJo1RuSfvqkXdpump,0.000005291015770891247
2026-08-12 17:07:00.000 UTC,2FMgd5yqNgxorctAgeiuDK3eySNRJo1RuSfvqkXdpump,0.000005050419584482681
2026-08-12 17:28:00.000 UTC,2FMgd5yqNgxorctAgeiuDK3eySNRJo1RuSfvqkXdpump,0.000004527833383361187
2026-08-12 17:47:00.000 UTC,2FMgd5yqNgxorctAgeiuDK3eySNRJo1RuSfvqkXdpump,0.0000047715740116392575
2026-08-12 18:02:00.000 UTC,2FMgd5yqNgxorctAgeiuDK3eySNRJo1RuSfvqkXdpump,0.00000499032808790871
2026-08-12 18:17:00.000 UTC,2FMgd5yqNgxorctAgeiuDK3eySNRJo1RuSfvqkXdpump,0.000005008641554993819
2026-08-12 18:22:00.000 UTC,2FMgd5yqNgxorctAgeiuDK3eySNRJo1RuSfvqkXdpump,0.000005151861786686871
2026-08-12 18:24:00.000 UTC,2FMgd5yqNgxorctAgeiuDK3eySNRJo1RuSfvqkXdpump,0.0000053025013318142785
2026-08-12 18:34:00.000 UTC,2FMgd5yqNgxorctAgeiuDK3eySNRJo1RuSfvqkXdpump,0.000005399605656757902
2026-08-12 18:36:00.000 UTC,2FMgd5yqNgxorctAgeiuDK3eySNRJo1RuSfvqkXdpump,0.000005505193329270183
2026-08-12 19:08:00.000 UTC,2FMgd5yqNgxorctAgeiuDK3eySNRJo1RuSfvqkXdpump,0.000005099955779558828
2026-08-12 19:15:00.000 UTC,2FMgd5yqNgxorctAgeiuDK3eySNRJo1RuSfvqkXdpump,0.000005675721585787638
2026-08-12 19:21:00.000 UTC,2FMgd5yqNgxorctAgeiuDK3eySNRJo1RuSfvqkXdpump,0.000004851043064543132
2026-08-12 19:22:00.000 UTC,2FMgd5yqNgxorctAgeiuDK3eySNRJo1RuSfvqkXdpump,0.000004942150535829328
2026-08-12 19:25:00.000 UTC,2FMgd5yqNgxorctAgeiuDK3eySNRJo1RuSfvqkXdpump,0.00000505281666297843
2026-08-12 19:27:00.000 UTC,2FMgd5yqNgxorctAgeiuDK3eySNRJo1RuSfvqkXdpump,0.000004686009751082237
2026-08-12 19:58:00.000 UTC,2FMgd5yqNgxorctAgeiuDK3eySNRJo1RuSfvqkXdpump,0.000005075776409359337
2026-08-12 20:11:00.000 UTC,2FMgd5yqNgxorctAgeiuDK3eySNRJo1RuSfvqkXdpump,0.000005085849097034333
2026-08-12 20:18:00.000 UTC,2FMgd5yqNgxorctAgeiuDK3eySNRJo1RuSfvqkXdpump,0.000005020280967419872
2026-08-12 20:20:00.000 UTC,2FMgd5yqNgxorctAgeiuDK3eySNRJo1RuSfvqkXdpump,0.000004834036190717597
2026-08-12 20:28:00.000 UTC,2FMgd5yqNgxorctAgeiuDK3eySNRJo1RuSfvqkXdpump,0.000003815776592175629
2026-08-12 20:35:00.000 UTC,2FMgd5yqNgxorctAgeiuDK3eySNRJo1RuSfvqkXdpump,0.000004109703747717031
2026-08-12 20:42:00.000 UTC,2FMgd5yqNgxorctAgeiuDK3eySNRJo1RuSfvqkXdpump,0.000004186673175255033
2026-08-12 20:45:00.000 UTC,2FMgd5yqNgxorctAgeiuDK3eySNRJo1RuSfvqkXdpump,0.000004442111807656768
2026-08-12 21:45:00.000 UTC,2FMgd5yqNgxorctAgeiuDK3eySNRJo1RuSfvqkXdpump,0.0000036534454294648805
2026-08-12 21:58:00.000 UTC,2FMgd5yqNgxorctAgeiuDK3eySNRJo1RuSfvqkXdpump,0.000003675535808106775
2026-08-12 23:54:00.000 UTC,2FMgd5yqNgxorctAgeiuDK3eySNRJo1RuSfvqkXdpump,0.000003613693204787059
2026-08-13 01:26:00.000 UTC,2FMgd5yqNgxorctAgeiuDK3eySNRJo1RuSfvqkXdpump,0.000003624065350484577
2026-08-13 01:46:00.000 UTC,2FMgd5yqNgxorctAgeiuDK3eySNRJo1RuSfvqkXdpump,0.000003620395836220412
2026-08-13 01:50:00.000 UTC,2FMgd5yqNgxorctAgeiuDK3eySNRJo1RuSfvqkXdpump,0.000004097543084745982
2026-08-13 02:08:00.000 UTC,2FMgd5yqNgxorctAgeiuDK3eySNRJo1RuSfvqkXdpump,0.000004436399807005932
2026-08-13 02:55:00.000 UTC,2FMgd5yqNgxorctAgeiuDK3eySNRJo1RuSfvqkXdpump,0.0000045923137889722
2026-08-13 02:56:00.000 UTC,2FMgd5yqNgxorctAgeiuDK3eySNRJo1RuSfvqkXdpump,0.000005008909778120044
2026-08-13 02:59:00.000 UTC,2FMgd5yqNgxorctAgeiuDK3eySNRJo1RuSfvqkXdpump,0.000004720389725911074
2026-08-13 03:04:00.000 UTC,2FMgd5yqNgxorctAgeiuDK3eySNRJo1RuSfvqkXdpump,0.0000042580071109369365
2026-08-13 03:05:00.000 UTC,2FMgd5yqNgxorctAgeiuDK3eySNRJo1RuSfvqkXdpump,0.0000042765588387806525
2026-08-13 03:21:00.000 UTC,2FMgd5yqNgxorctAgeiuDK3eySNRJo1RuSfvqkXdpump,0.0000036830792919327454
2026-08-13 03:32:00.000 UTC,2FMgd5yqNgxorctAgeiuDK3eySNRJo1RuSfvqkXdpump,0.0000036973219939359
2026-08-13 03:34:00.000 UTC,2FMgd5yqNgxorctAgeiuDK3eySNRJo1RuSfvqkXdpump,0.0000037121513429694975
2026-08-13 03:56:00.000 UTC,2FMgd5yqNgxorctAgeiuDK3eySNRJo1RuSfvqkXdpump,0.000003603304010961058
2026-08-13 03:57:00.000 UTC,2FMgd5yqNgxorctAgeiuDK3eySNRJo1RuSfvqkXdpump,0.000003702887191415886
2026-08-13 04:48:00.000 UTC,2FMgd5yqNgxorctAgeiuDK3eySNRJo1RuSfvqkXdpump,0.000003810135240375529
2026-08-13 04:49:00.000 UTC,2FMgd5yqNgxorctAgeiuDK3eySNRJo1RuSfvqkXdpump,0.000003933475764254876
2026-08-13 07:20:00.000 UTC,2FMgd5yqNgxorctAgeiuDK3eySNRJo1RuSfvqkXdpump,0.0000023453796393564094
2026-08-28 07:36:00.000 UTC,2FMgd5yqNgxorctAgeiuDK3eySNRJo1RuSfvqkXdpump,0.0000029938874976836616
2026-09-08 04:46:00.000 UTC,2FMgd5yqNgxorctAgeiuDK3eySNRJo1RuSfvqkXdpump,0.000002889604154923048
2026-09-05 12:20:00.000 UTC,2FbxbGKkYJk2HfNMJnTJeesqXNeX93pwZU7MZ9gWpump,0.0000028726123943624777
2026-09-05 12:21:00.000 UTC,2FbxbGKkYJk2HfNMJnTJeesqXNeX93pwZU7MZ9gWpump,0.0000017951074005550687
2026-09-05 12:22:00.000 UTC,2FbxbGKkYJk2HfNMJnTJeesqXNeX93pwZU7MZ9gWpump,0.0000013949083402453985
2026-09-05 12:23:00.000 UTC,2FbxbGKkYJk2HfNMJnTJeesqXNeX93pwZU7MZ9gWpump,7.786038411241857e-8
2026-09-05 12:24:00.000 UTC,2FbxbGKkYJk2HfNMJnTJeesqXNeX93pwZU7MZ9gWpump,8.218371681598819e-9
2026-08-19 22:54:00.000 UTC,2FmaKs4dDHAcVPfebs2qBKFQzPoL3xzKYvyu5tCctxrZ,0.000002412839289268669
2026-08-19 22:55:00.000 UTC,2FmaKs4dDHAcVPfebs2qBKFQzPoL3xzKYvyu5tCctxrZ,0.000002382268009988203
2026-08-19 22:58:00.000 UTC,2FmaKs4dDHAcVPfebs2qBKFQzPoL3xzKYvyu5tCctxrZ,0.0000023814637194469477
2026-08-20 01:22:00.000 UTC,2FmaKs4dDHAcVPfebs2qBKFQzPoL3xzKYvyu5tCctxrZ,0.000002373392972247359
2026-08-21 16:39:00.000 UTC,2FyU59rLAYMTAyemxPzkRSTeh4mWPMVed31t9EZ8pump,0.0000025574120326205138
2024-05-04 17:16:00.000 UTC,2HaNbrYEXq5toSWPesUqzNY4sg2xJaPCLQr4UsDfcEPP,0.000004234259086672935
2024-05-04 17:18:00.000 UTC,2HaNbrYEXq5toSWPesUqzNY4sg2xJaPCLQr4UsDfcEPP,0.000004381185871288687
2024-05-04 17:19:00.000 UTC,2HaNbrYEXq5toSWPesUqzNY4sg2xJaPCLQr4UsDfcEPP,0.000004392599135629276
2025-01-01 13:58:00.000 UTC,2HaNbrYEXq5toSWPesUqzNY4sg2xJaPCLQr4UsDfcEPP,0.000005658995827396812
2025-02-10 10:40:00.000 UTC,2HaNbrYEXq5toSWPesUqzNY4sg2xJaPCLQr4UsDfcEPP,0.000006201080460667576
2025-04-17 09:40:00.000 UTC,2HaNbrYEXq5toSWPesUqzNY4sg2xJaPCLQr4UsDfcEPP,0.000003969880323119287
2026-02-28 23:58:00.000 UTC,2HaNbrYEXq5toSWPesUqzNY4sg2xJaPCLQr4UsDfcEPP,0.0000028833736288418697
2026-02-28 23:59:00.000 UTC,2HaNbrYEXq5toSWPesUqzNY4sg2xJaPCLQr4UsDfcEPP,0.000002897112077917542
2026-08-08 23:18:00.000 UTC,2HaNbrYEXq5toSWPesUqzNY4sg2xJaPCLQr4UsDfcEPP,0.000002622003120531557
2026-08-08 23:19:00.000 UTC,2HaNbrYEXq5toSWPesUqzNY4sg2xJaPCLQr4UsDfcEPP,0.0000036002297095721436
2026-08-08 23:20:00.000 UTC,2HaNbrYEXq5toSWPesUqzNY4sg2xJaPCLQr4UsDfcEPP,0.0000034850158948968312
2026-08-08 23:21:00.000 UTC,2HaNbrYEXq5toSWPesUqzNY4sg2xJaPCLQr4UsDfcEPP,0.000004228514448227732
2026-08-08 23:22:00.000 UTC,2HaNbrYEXq5toSWPesUqzNY4sg2xJaPCLQr4UsDfcEPP,0.0000037003475797181983
2026-08-08 23:33:00.000 UTC,2HaNbrYEXq5toSWPesUqzNY4sg2xJaPCLQr4UsDfcEPP,0.0000028388031474945414
2026-08-12 13:42:00.000 UTC,2HaNbrYEXq5toSWPesUqzNY4sg2xJaPCLQr4UsDfcEPP,0.000002131176697495583
2026-08-12 13:57:00.000 UTC,2HaNbrYEXq5toSWPesUqzNY4sg2xJaPCLQr4UsDfcEPP,0.0000022002017226353186
2026-08-12 14:48:00.000 UTC,2HaNbrYEXq5toSWPesUqzNY4sg2xJaPCLQr4UsDfcEPP,0.000002177161043785446
2026-08-24 04:38:00.000 UTC,2HaNbrYEXq5toSWPesUqzNY4sg2xJaPCLQr4UsDfcEPP,0.0000028706455931088804
2026-08-23 20:33:00.000 UTC,2JRcYkX6bHumtEw6Mzn2rxKv4qTw5Fjp53xiUowZpump,0.000003604514754041671
2026-08-23 20:34:00.000 UTC,2JRcYkX6bHumtEw6Mzn2rxKv4qTw5Fjp53xiUowZpump,0.000002682033318244724
2026-09-04 23:18:00.000 UTC,2JmeamGoeUixV8QXKZEgvweEC94S2dGNTs659Vxgpump,0.0000028832797827752072
2026-09-04 23:19:00.000 UTC,2JmeamGoeUixV8QXKZEgvweEC94S2dGNTs659Vxgpump,0.000002896172422389461
2026-08-31 22:00:00.000 UTC,2KM8NbowkD6mkUU9Kg4F2gQN2a7VV45oErrr5n7Tpump,0.0000029083556266357212
2026-08-31 22:01:00.000 UTC,2KM8NbowkD6mkUU9Kg4F2gQN2a7VV45oErrr5n7Tpump,0.0000017855013495563022
2026-08-31 22:02:00.000 UTC,2KM8NbowkD6mkUU9Kg4F2gQN2a7VV45oErrr5n7Tpump,0.0000019900669173606158
2026-08-31 22:03:00.000 UTC,2KM8NbowkD6mkUU9Kg4F2gQN2a7VV45oErrr5n7Tpump,0.0000036599821919798435
2026-08-15 19:04:00.000 UTC,2KUBb5v7YZxgVSXVJXfe1rsaDjkosrVCJ75rQ1qhpump,0.000004901904396737654
2026-08-15 19:05:00.000 UTC,2KUBb5v7YZxgVSXVJXfe1rsaDjkosrVCJ75rQ1qhpump,0.000006154085750643595
2026-08-15 19:06:00.000 UTC,2KUBb5v7YZxgVSXVJXfe1rsaDjkosrVCJ75rQ1qhpump,0.00000216869272675674
2026-09-06 00:39:00.000 UTC,2PAqp6GSW4TmvpyoT4Q486urYMwabDNj2a4HhzZApump,0.000011764557449348197
2026-09-06 00:40:00.000 UTC,2PAqp6GSW4TmvpyoT4Q486urYMwabDNj2a4HhzZApump,0.000015961306009232495
2026-09-06 00:41:00.000 UTC,2PAqp6GSW4TmvpyoT4Q486urYMwabDNj2a4HhzZApump,0.000015320108200939987
2026-09-06 00:42:00.000 UTC,2PAqp6GSW4TmvpyoT4Q486urYMwabDNj2a4HhzZApump,0.000014363626126098876
2026-09-06 00:43:00.000 UTC,2PAqp6GSW4TmvpyoT4Q486urYMwabDNj2a4HhzZApump,0.000014075020926304485
2026-09-06 00:45:00.000 UTC,2PAqp6GSW4TmvpyoT4Q486urYMwabDNj2a4HhzZApump,0.000010349159769306104
2026-09-06 00:46:00.000 UTC,2PAqp6GSW4TmvpyoT4Q486urYMwabDNj2a4HhzZApump,0.000011353383305601748
2026-09-06 00:47:00.000 UTC,2PAqp6GSW4TmvpyoT4Q486urYMwabDNj2a4HhzZApump,0.000014878447777321248
2026-09-06 00:48:00.000 UTC,2PAqp6GSW4TmvpyoT4Q486urYMwabDNj2a4HhzZApump,0.0000034540244276936595
2026-09-06 00:49:00.000 UTC,2PAqp6GSW4TmvpyoT4Q486urYMwabDNj2a4HhzZApump,0.0000029288244722185862
2026-09-06 00:52:00.000 UTC,2PAqp6GSW4TmvpyoT4Q486urYMwabDNj2a4HhzZApump,0.0000029255333193811335
2026-09-06 01:22:00.000 UTC,2PAqp6GSW4TmvpyoT4Q486urYMwabDNj2a4HhzZApump,0.0000029952846786629117
2026-08-20 22:01:00.000 UTC,2PXgEXQvFMxuUKjK3gBT17QuckSegMDG3UeQAiviypBT,0.000003003495439540445
2026-09-06 22:47:00.000 UTC,2Siqv8Q18u7ZxdJsTNkMYLPaeMsJxnRKFWNQoHVgpump,0.0000029624037278736076
2026-09-06 22:48:00.000 UTC,2Siqv8Q18u7ZxdJsTNkMYLPaeMsJxnRKFWNQoHVgpump,0.0000029654191394048984
2026-09-04 14:53:00.000 UTC,2Su2gq93KuBwCEQA8ztjbeu1ME4EKAx1C3b4RMH8pump,0.0000024087783646949757
2026-09-04 14:54:00.000 UTC,2Su2gq93KuBwCEQA8ztjbeu1ME4EKAx1C3b4RMH8pump,0.000002567889415515264
2026-09-12 20:32:00.000 UTC,2U8rJgkXKyqm9vLjnRBGhGUhACWj4isu9BajP341pump,0.0000019708584773846873
2026-09-12 20:33:00.000 UTC,2U8rJgkXKyqm9vLjnRBGhGUhACWj4isu9BajP341pump,0.000001060661634192415
2026-09-12 20:34:00.000 UTC,2U8rJgkXKyqm9vLjnRBGhGUhACWj4isu9BajP341pump,0.0000015030146079829618
2026-09-12 20:35:00.000 UTC,2U8rJgkXKyqm9vLjnRBGhGUhACWj4isu9BajP341pump,0.00000186076009214789
2026-09-12 20:36:00.000 UTC,2U8rJgkXKyqm9vLjnRBGhGUhACWj4isu9BajP341pump,0.000004016874525205764
2026-09-12 20:37:00.000 UTC,2U8rJgkXKyqm9vLjnRBGhGUhACWj4isu9BajP341pump,0.0000021760308251800495
2026-08-28 13:49:00.000 UTC,2UzjTLopX6cbovEyP7ktYbb3HJxttASXYFbSyKQCpump,0.000002821369478091834
2026-08-28 13:50:00.000 UTC,2UzjTLopX6cbovEyP7ktYbb3HJxttASXYFbSyKQCpump,9.748095489924193e-7
2026-08-28 13:51:00.000 UTC,2UzjTLopX6cbovEyP7ktYbb3HJxttASXYFbSyKQCpump,0.0000011523040875987526
2026-08-18 03:46:00.000 UTC,2WisE2YbAhtDKkKWvBNHneSvrCmUwioxhrKzEX2qpump,0.000002250438024231161
2026-08-18 03:47:00.000 UTC,2WisE2YbAhtDKkKWvBNHneSvrCmUwioxhrKzEX2qpump,0.000002350085357901713
2026-08-18 03:49:00.000 UTC,2WisE2YbAhtDKkKWvBNHneSvrCmUwioxhrKzEX2qpump,0.00000232253413152718
2026-08-18 04:46:00.000 UTC,2WisE2YbAhtDKkKWvBNHneSvrCmUwioxhrKzEX2qpump,0.0000025529128930585607
2026-09-07 10:10:00.000 UTC,2X4qVp74MMeeXSh6p7LHgNn3gCtdzFGJoW4fdnDVpump,0.0000036966350231082106
2026-08-28 20:37:00.000 UTC,2Y7opPwmZQtDobaMkELGQbUW22dCkLRbXNjhxqmVpump,0.0000031431279146600808
2026-08-20 04:28:00.000 UTC,2YcccQXU9XJ2ajUX5URBmb1zoLRo1gjMRBnzbjn2pump,0.000004206046728895201
2026-08-20 04:29:00.000 UTC,2YcccQXU9XJ2ajUX5URBmb1zoLRo1gjMRBnzbjn2pump,0.000004434113428301188
2026-08-20 04:30:00.000 UTC,2YcccQXU9XJ2ajUX5URBmb1zoLRo1gjMRBnzbjn2pump,0.0000045690539706777175
2026-08-20 04:31:00.000 UTC,2YcccQXU9XJ2ajUX5URBmb1zoLRo1gjMRBnzbjn2pump,0.000004900154544339553
2026-08-20 04:34:00.000 UTC,2YcccQXU9XJ2ajUX5URBmb1zoLRo1gjMRBnzbjn2pump,0.000004371442958461455
2026-08-20 04:36:00.000 UTC,2YcccQXU9XJ2ajUX5URBmb1zoLRo1gjMRBnzbjn2pump,0.000004371227069826236
2026-08-20 04:37:00.000 UTC,2YcccQXU9XJ2ajUX5URBmb1zoLRo1gjMRBnzbjn2pump,0.0000043369994691423835
2026-08-20 05:53:00.000 UTC,2YcccQXU9XJ2ajUX5URBmb1zoLRo1gjMRBnzbjn2pump,0.0000023778193956816054
2026-08-20 05:59:00.000 UTC,2YcccQXU9XJ2ajUX5URBmb1zoLRo1gjMRBnzbjn2pump,0.000002377806963879665
2026-08-20 06:06:00.000 UTC,2YcccQXU9XJ2ajUX5URBmb1zoLRo1gjMRBnzbjn2pump,0.0000023752765389754874
2026-08-20 06:09:00.000 UTC,2YcccQXU9XJ2ajUX5URBmb1zoLRo1gjMRBnzbjn2pump,0.000002375282479807586
2026-08-20 06:51:00.000 UTC,2YcccQXU9XJ2ajUX5URBmb1zoLRo1gjMRBnzbjn2pump,0.0000024019120557784335
2026-08-20 07:01:00.000 UTC,2YcccQXU9XJ2ajUX5URBmb1zoLRo1gjMRBnzbjn2pump,0.0000024052822793755527
2026-08-20 07:05:00.000 UTC,2YcccQXU9XJ2ajUX5URBmb1zoLRo1gjMRBnzbjn2pump,0.000002404446460096504
2026-08-20 07:19:00.000 UTC,2YcccQXU9XJ2ajUX5URBmb1zoLRo1gjMRBnzbjn2pump,0.0000024066731136746486
2026-08-20 07:24:00.000 UTC,2YcccQXU9XJ2ajUX5URBmb1zoLRo1gjMRBnzbjn2pump,0.0000024041659344820885
2026-08-20 08:20:00.000 UTC,2YcccQXU9XJ2ajUX5URBmb1zoLRo1gjMRBnzbjn2pump,0.000002451245465919639
2026-08-20 08:28:00.000 UTC,2YcccQXU9XJ2ajUX5URBmb1zoLRo1gjMRBnzbjn2pump,0.0000024391831646337503
2026-08-20 08:35:00.000 UTC,2YcccQXU9XJ2ajUX5URBmb1zoLRo1gjMRBnzbjn2pump,0.000002449284293862607
2026-08-20 09:26:00.000 UTC,2YcccQXU9XJ2ajUX5URBmb1zoLRo1gjMRBnzbjn2pump,0.000002456843955927321
2026-08-20 09:37:00.000 UTC,2YcccQXU9XJ2ajUX5URBmb1zoLRo1gjMRBnzbjn2pump,0.0000024487124753394124
2026-08-20 10:16:00.000 UTC,2YcccQXU9XJ2ajUX5URBmb1zoLRo1gjMRBnzbjn2pump,0.0000024503982308263776
2026-08-20 11:25:00.000 UTC,2YcccQXU9XJ2ajUX5URBmb1zoLRo1gjMRBnzbjn2pump,0.0000024436623801315585
2026-08-22 17:44:00.000 UTC,2ZCn43ZLyWyLGrXBnhvGHU5d3JCXjpRQQW1mwNCzpump,0.0000023217727460722006
2026-08-22 17:45:00.000 UTC,2ZCn43ZLyWyLGrXBnhvGHU5d3JCXjpRQQW1mwNCzpump,0.000001847889837783913
2026-08-21 05:57:00.000 UTC,2bkZqmCzjtfxjQPt53d6Ejow1tPgAZiiGsAe5YJUpump,0.000002796322861291388
2026-08-21 05:58:00.000 UTC,2bkZqmCzjtfxjQPt53d6Ejow1tPgAZiiGsAe5YJUpump,0.0000026896723110837803
2026-09-02 20:51:00.000 UTC,2by3VezhcijGVwFx4Bv6v7KMTpntqACEdYLje3z9pump,0.00000553098018192433
2026-09-02 20:52:00.000 UTC,2by3VezhcijGVwFx4Bv6v7KMTpntqACEdYLje3z9pump,0.000002993015004335587
2026-08-20 16:11:00.000 UTC,2cB3Q5fnbHwTx9GZ4EZL2fSo7CYwneWMmW4sKevgiZNP,0.000004685872030373914
2026-08-16 21:31:00.000 UTC,2dyNRzkESD8kwYbGUxZiMVeGLWwWk5mqBaE1e564pump,0.00000412235954997637
2026-08-16 21:32:00.000 UTC,2dyNRzkESD8kwYbGUxZiMVeGLWwWk5mqBaE1e564pump,0.000004024309143673407
2026-08-29 16:30:00.000 UTC,2fbDxqGbxYyMk64r4EDsgP6yCt3Vq8aRN1hHPigWpump,0.0000041206196008355895
2026-08-29 16:31:00.000 UTC,2fbDxqGbxYyMk64r4EDsgP6yCt3Vq8aRN1hHPigWpump,0.0000030011039741578066
2026-08-29 16:32:00.000 UTC,2fbDxqGbxYyMk64r4EDsgP6yCt3Vq8aRN1hHPigWpump,0.000003020749284015395
2026-08-30 12:00:00.000 UTC,2fm1hoXPXHJCqH2hbx8KAhjDAH5nfGLWHHKtUeJopump,0.000004293719270110736
2026-09-12 03:55:00.000 UTC,2iCcyjid9oPRpjYznMo6TPxCdLb9ZXfnn2Xeukgzpump,0.0000054411266622363415
2026-09-12 03:56:00.000 UTC,2iCcyjid9oPRpjYznMo6TPxCdLb9ZXfnn2Xeukgzpump,0.000005339255383616317
2026-09-12 03:57:00.000 UTC,2iCcyjid9oPRpjYznMo6TPxCdLb9ZXfnn2Xeukgzpump,0.000005752196585284713
2026-09-12 03:58:00.000 UTC,2iCcyjid9oPRpjYznMo6TPxCdLb9ZXfnn2Xeukgzpump,0.000009461506815094859
2026-09-12 03:59:00.000 UTC,2iCcyjid9oPRpjYznMo6TPxCdLb9ZXfnn2Xeukgzpump,0.000013030515554885369
2026-09-12 04:00:00.000 UTC,2iCcyjid9oPRpjYznMo6TPxCdLb9ZXfnn2Xeukgzpump,0.000013773831229744038
2026-09-12 04:01:00.000 UTC,2iCcyjid9oPRpjYznMo6TPxCdLb9ZXfnn2Xeukgzpump,0.000009917943660151534
2026-09-12 04:02:00.000 UTC,2iCcyjid9oPRpjYznMo6TPxCdLb9ZXfnn2Xeukgzpump,0.000017949001438631285
2026-09-12 04:03:00.000 UTC,2iCcyjid9oPRpjYznMo6TPxCdLb9ZXfnn2Xeukgzpump,0.00002384863882025423
2026-09-12 04:04:00.000 UTC,2iCcyjid9oPRpjYznMo6TPxCdLb9ZXfnn2Xeukgzpump,0.00002552149801823681
2026-09-12 04:05:00.000 UTC,2iCcyjid9oPRpjYznMo6TPxCdLb9ZXfnn2Xeukgzpump,0.0000267698258417407
2026-09-12 04:06:00.000 UTC,2iCcyjid9oPRpjYznMo6TPxCdLb9ZXfnn2Xeukgzpump,0.00003108702422183577
2026-09-12 04:07:00.000 UTC,2iCcyjid9oPRpjYznMo6TPxCdLb9ZXfnn2Xeukgzpump,0.00003522415879315731
2026-08-23 17:59:00.000 UTC,2ihLzVAAYQdYiF3EHvRxgcivzZ1gEANAkiYngmiypump,0.0000026758185215144417
2026-08-23 14:22:00.000 UTC,2k9orU5r5uqP47aqR9aScX7NxGPp3f8frqEnEicPpump,0.000002739265619174598
2026-08-23 14:36:00.000 UTC,2k9orU5r5uqP47aqR9aScX7NxGPp3f8frqEnEicPpump,0.0000027543540314675563
2026-08-23 14:37:00.000 UTC,2k9orU5r5uqP47aqR9aScX7NxGPp3f8frqEnEicPpump,0.0000032806221889697384
2026-08-23 22:54:00.000 UTC,2k9orU5r5uqP47aqR9aScX7NxGPp3f8frqEnEicPpump,0.000003325341605555857
2026-09-10 08:02:00.000 UTC,2mY2NJcZrS6zTaNtViE4kEjG849E5B6VNrWdmkWJpump,0.000002562120152481699
2026-09-08 19:56:00.000 UTC,2mjNSDzix8GU6TCzdCYJhJJiVDVCzBCqDkKRQyCjpump,0.0000028889765626645186
2026-08-15 18:14:00.000 UTC,2nG1Q84timegUvmham1N2YNDE5Uf83YgY1sFt56tpump,0.0000021130658399997305
2026-08-21 03:54:00.000 UTC,2npbWRPZU2g7zhFX5ZaWznE9FourMjzHQBwPkX4Fpump,0.000002547481964590838
2026-08-21 03:55:00.000 UTC,2npbWRPZU2g7zhFX5ZaWznE9FourMjzHQBwPkX4Fpump,0.000002505238367064208
2026-08-20 03:21:00.000 UTC,2nqJcDgF16gysMDNc7qxLtDp9yCxEvVoNQeHgwcJpump,0.0000026578795462569183
2025-10-03 16:22:00.000 UTC,2oMjkS7GMab6Upk6zmtq7rd8t9PnoNba9fEvrX9Lpump,0.000007714092869114804
2025-10-03 21:26:00.000 UTC,2oMjkS7GMab6Upk6zmtq7rd8t9PnoNba9fEvrX9Lpump,0.0000068489311280007336
2026-09-02 11:06:00.000 UTC,2oMjkS7GMab6Upk6zmtq7rd8t9PnoNba9fEvrX9Lpump,0.000002757459528750081
2026-09-02 11:08:00.000 UTC,2oMjkS7GMab6Upk6zmtq7rd8t9PnoNba9fEvrX9Lpump,0.0000028827709555255475
2026-09-02 11:21:00.000 UTC,2oMjkS7GMab6Upk6zmtq7rd8t9PnoNba9fEvrX9Lpump,0.0000029176896900020703
2026-09-02 11:24:00.000 UTC,2oMjkS7GMab6Upk6zmtq7rd8t9PnoNba9fEvrX9Lpump,0.000003120628052678887
2026-09-02 11:28:00.000 UTC,2oMjkS7GMab6Upk6zmtq7rd8t9PnoNba9fEvrX9Lpump,0.0000034658652411500135
2026-09-02 11:29:00.000 UTC,2oMjkS7GMab6Upk6zmtq7rd8t9PnoNba9fEvrX9Lpump,0.000003740279158348315
2026-09-02 11:32:00.000 UTC,2oMjkS7GMab6Upk6zmtq7rd8t9PnoNba9fEvrX9Lpump,0.000003957160664223342
2026-09-02 11:34:00.000 UTC,2oMjkS7GMab6Upk6zmtq7rd8t9PnoNba9fEvrX9Lpump,0.0000039062794360355675
2026-09-02 11:36:00.000 UTC,2oMjkS7GMab6Upk6zmtq7rd8t9PnoNba9fEvrX9Lpump,0.000004146011118564657
2026-09-02 11:38:00.000 UTC,2oMjkS7GMab6Upk6zmtq7rd8t9PnoNba9fEvrX9Lpump,0.00000417467844597248
2026-09-02 11:39:00.000 UTC,2oMjkS7GMab6Upk6zmtq7rd8t9PnoNba9fEvrX9Lpump,0.000004401095366561701
2026-09-02 11:40:00.000 UTC,2oMjkS7GMab6Upk6zmtq7rd8t9PnoNba9fEvrX9Lpump,0.000004592534555926029
2026-09-02 11:41:00.000 UTC,2oMjkS7GMab6Upk6zmtq7rd8t9PnoNba9fEvrX9Lpump,0.000004692944549245531
2026-09-02 11:42:00.000 UTC,2oMjkS7GMab6Upk6zmtq7rd8t9PnoNba9fEvrX9Lpump,0.000004722123492074307
2026-09-02 11:43:00.000 UTC,2oMjkS7GMab6Upk6zmtq7rd8t9PnoNba9fEvrX9Lpump,0.000005020362442097926
2026-09-02 11:44:00.000 UTC,2oMjkS7GMab6Upk6zmtq7rd8t9PnoNba9fEvrX9Lpump,0.000005242656369282864
2026-09-02 11:45:00.000 UTC,2oMjkS7GMab6Upk6zmtq7rd8t9PnoNba9fEvrX9Lpump,0.000005122103234724348
2026-09-02 11:46:00.000 UTC,2oMjkS7GMab6Upk6zmtq7rd8t9PnoNba9fEvrX9Lpump,0.00000531370062243035
2026-09-02 11:47:00.000 UTC,2oMjkS7GMab6Upk6zmtq7rd8t9PnoNba9fEvrX9Lpump,0.000005463340944661987
2026-09-02 11:48:00.000 UTC,2oMjkS7GMab6Upk6zmtq7rd8t9PnoNba9fEvrX9Lpump,0.000004970983779902839
2026-09-02 11:50:00.000 UTC,2oMjkS7GMab6Upk6zmtq7rd8t9PnoNba9fEvrX9Lpump,0.000004018507245751626
2026-09-02 11:51:00.000 UTC,2oMjkS7GMab6Upk6zmtq7rd8t9PnoNba9fEvrX9Lpump,0.0000042326802827453394
2026-09-02 11:54:00.000 UTC,2oMjkS7GMab6Upk6zmtq7rd8t9PnoNba9fEvrX9Lpump,0.000004163638691293777
2026-09-02 12:00:00.000 UTC,2oMjkS7GMab6Upk6zmtq7rd8t9PnoNba9fEvrX9Lpump,0.000004427806647629471
2026-09-02 12:01:00.000 UTC,2oMjkS7GMab6Upk6zmtq7rd8t9PnoNba9fEvrX9Lpump,0.000004652075970885559
2026-09-02 12:02:00.000 UTC,2oMjkS7GMab6Upk6zmtq7rd8t9PnoNba9fEvrX9Lpump,0.000004773547731712039
2026-09-02 12:06:00.000 UTC,2oMjkS7GMab6Upk6zmtq7rd8t9PnoNba9fEvrX9Lpump,0.000004004672527656041
2026-09-02 12:15:00.000 UTC,2oMjkS7GMab6Upk6zmtq7rd8t9PnoNba9fEvrX9Lpump,0.000003774997582312309
2026-09-02 12:17:00.000 UTC,2oMjkS7GMab6Upk6zmtq7rd8t9PnoNba9fEvrX9Lpump,0.000004622328947995571
2026-09-02 12:18:00.000 UTC,2oMjkS7GMab6Upk6zmtq7rd8t9PnoNba9fEvrX9Lpump,0.000005254490975901976
2026-09-02 12:19:00.000 UTC,2oMjkS7GMab6Upk6zmtq7rd8t9PnoNba9fEvrX9Lpump,0.000003887070906280826
2026-09-02 12:20:00.000 UTC,2oMjkS7GMab6Upk6zmtq7rd8t9PnoNba9fEvrX9Lpump,0.000004183589177878862
2026-09-02 12:21:00.000 UTC,2oMjkS7GMab6Upk6zmtq7rd8t9PnoNba9fEvrX9Lpump,0.000004471724116614396
2026-09-02 12:22:00.000 UTC,2oMjkS7GMab6Upk6zmtq7rd8t9PnoNba9fEvrX9Lpump,0.0000055408572908671555
2026-09-02 12:23:00.000 UTC,2oMjkS7GMab6Upk6zmtq7rd8t9PnoNba9fEvrX9Lpump,0.00000654230890871807
2026-09-02 12:24:00.000 UTC,2oMjkS7GMab6Upk6zmtq7rd8t9PnoNba9fEvrX9Lpump,0.000007020573015675622
2026-09-02 12:25:00.000 UTC,2oMjkS7GMab6Upk6zmtq7rd8t9PnoNba9fEvrX9Lpump,0.000007258176221114264
2026-09-02 12:26:00.000 UTC,2oMjkS7GMab6Upk6zmtq7rd8t9PnoNba9fEvrX9Lpump,0.0000070611599609167334
2026-09-02 12:27:00.000 UTC,2oMjkS7GMab6Upk6zmtq7rd8t9PnoNba9fEvrX9Lpump,0.000008867613388097381
2026-09-02 12:28:00.000 UTC,2oMjkS7GMab6Upk6zmtq7rd8t9PnoNba9fEvrX9Lpump,0.000009787019373235654
2026-09-02 12:29:00.000 UTC,2oMjkS7GMab6Upk6zmtq7rd8t9PnoNba9fEvrX9Lpump,0.000008746646942625892
2026-09-02 12:30:00.000 UTC,2oMjkS7GMab6Upk6zmtq7rd8t9PnoNba9fEvrX9Lpump,0.00000803201773385899
2026-09-02 12:31:00.000 UTC,2oMjkS7GMab6Upk6zmtq7rd8t9PnoNba9fEvrX9Lpump,0.000008208471682159487
2026-09-02 12:32:00.000 UTC,2oMjkS7GMab6Upk6zmtq7rd8t9PnoNba9fEvrX9Lpump,0.000007747309214838852
2026-09-02 12:33:00.000 UTC,2oMjkS7GMab6Upk6zmtq7rd8t9PnoNba9fEvrX9Lpump,0.000007556234585461949
2026-09-02 12:34:00.000 UTC,2oMjkS7GMab6Upk6zmtq7rd8t9PnoNba9fEvrX9Lpump,0.000008836329184021057
2026-09-02 12:38:00.000 UTC,2oMjkS7GMab6Upk6zmtq7rd8t9PnoNba9fEvrX9Lpump,0.0000067885266456435725
2026-09-02 12:42:00.000 UTC,2oMjkS7GMab6Upk6zmtq7rd8t9PnoNba9fEvrX9Lpump,0.0000055084606524562135
2026-09-02 12:49:00.000 UTC,2oMjkS7GMab6Upk6zmtq7rd8t9PnoNba9fEvrX9Lpump,0.000005042200649675799
2026-09-02 12:50:00.000 UTC,2oMjkS7GMab6Upk6zmtq7rd8t9PnoNba9fEvrX9Lpump,0.000005132305285028837
2026-09-02 12:52:00.000 UTC,2oMjkS7GMab6Upk6zmtq7rd8t9PnoNba9fEvrX9Lpump,0.000005536773062170652
2026-09-02 13:02:00.000 UTC,2oMjkS7GMab6Upk6zmtq7rd8t9PnoNba9fEvrX9Lpump,0.000004810656151863579
2026-09-02 13:03:00.000 UTC,2oMjkS7GMab6Upk6zmtq7rd8t9PnoNba9fEvrX9Lpump,0.000004620941081608734
2026-09-02 13:05:00.000 UTC,2oMjkS7GMab6Upk6zmtq7rd8t9PnoNba9fEvrX9Lpump,0.0000046932982339693516
2026-09-02 13:20:00.000 UTC,2oMjkS7GMab6Upk6zmtq7rd8t9PnoNba9fEvrX9Lpump,0.000004591545877463667
2026-09-02 13:21:00.000 UTC,2oMjkS7GMab6Upk6zmtq7rd8t9PnoNba9fEvrX9Lpump,0.000004954964789072366
2026-09-02 13:22:00.000 UTC,2oMjkS7GMab6Upk6zmtq7rd8t9PnoNba9fEvrX9Lpump,0.0000052050797806848815
2026-09-02 13:23:00.000 UTC,2oMjkS7GMab6Upk6zmtq7rd8t9PnoNba9fEvrX9Lpump,0.000005371771799689237
2026-09-02 13:24:00.000 UTC,2oMjkS7GMab6Upk6zmtq7rd8t9PnoNba9fEvrX9Lpump,0.000006008852158388954
2026-09-02 13:25:00.000 UTC,2oMjkS7GMab6Upk6zmtq7rd8t9PnoNba9fEvrX9Lpump,0.0000055477002752462025
2026-09-02 13:26:00.000 UTC,2oMjkS7GMab6Upk6zmtq7rd8t9PnoNba9fEvrX9Lpump,0.000005663718854575901
2026-09-02 13:32:00.000 UTC,2oMjkS7GMab6Upk6zmtq7rd8t9PnoNba9fEvrX9Lpump,0.000005349336629555636
2026-09-02 13:34:00.000 UTC,2oMjkS7GMab6Upk6zmtq7rd8t9PnoNba9fEvrX9Lpump,0.000005474412690335926
2026-09-02 13:38:00.000 UTC,2oMjkS7GMab6Upk6zmtq7rd8t9PnoNba9fEvrX9Lpump,0.000005423463314547106
2026-09-02 13:43:00.000 UTC,2oMjkS7GMab6Upk6zmtq7rd8t9PnoNba9fEvrX9Lpump,0.000005830196301787948
2026-09-02 13:46:00.000 UTC,2oMjkS7GMab6Upk6zmtq7rd8t9PnoNba9fEvrX9Lpump,0.000005828371077715986
2026-09-02 13:49:00.000 UTC,2oMjkS7GMab6Upk6zmtq7rd8t9PnoNba9fEvrX9Lpump,0.00000511087942200598
2026-09-02 13:55:00.000 UTC,2oMjkS7GMab6Upk6zmtq7rd8t9PnoNba9fEvrX9Lpump,0.000005091981181490833
2026-09-02 13:56:00.000 UTC,2oMjkS7GMab6Upk6zmtq7rd8t9PnoNba9fEvrX9Lpump,0.000005158888184072558
2026-09-02 13:58:00.000 UTC,2oMjkS7GMab6Upk6zmtq7rd8t9PnoNba9fEvrX9Lpump,0.000005230311221656157
2026-09-02 13:59:00.000 UTC,2oMjkS7GMab6Upk6zmtq7rd8t9PnoNba9fEvrX9Lpump,0.000005406806810970361
2026-09-02 14:06:00.000 UTC,2oMjkS7GMab6Upk6zmtq7rd8t9PnoNba9fEvrX9Lpump,0.000005518375795954592
2026-09-02 14:07:00.000 UTC,2oMjkS7GMab6Upk6zmtq7rd8t9PnoNba9fEvrX9Lpump,0.000006390207057673765
2026-09-02 14:08:00.000 UTC,2oMjkS7GMab6Upk6zmtq7rd8t9PnoNba9fEvrX9Lpump,0.000007377727145886915
2026-09-02 14:09:00.000 UTC,2oMjkS7GMab6Upk6zmtq7rd8t9PnoNba9fEvrX9Lpump,0.000007544041910497924
2026-09-02 14:10:00.000 UTC,2oMjkS7GMab6Upk6zmtq7rd8t9PnoNba9fEvrX9Lpump,0.000007637356277071152
2026-09-02 14:12:00.000 UTC,2oMjkS7GMab6Upk6zmtq7rd8t9PnoNba9fEvrX9Lpump,0.000007664475919934658
2026-09-02 14:13:00.000 UTC,2oMjkS7GMab6Upk6zmtq7rd8t9PnoNba9fEvrX9Lpump,0.00000774728827380956
2026-09-02 14:15:00.000 UTC,2oMjkS7GMab6Upk6zmtq7rd8t9PnoNba9fEvrX9Lpump,0.000007665191832276215
2026-09-02 14:19:00.000 UTC,2oMjkS7GMab6Upk6zmtq7rd8t9PnoNba9fEvrX9Lpump,0.0000062850297546397726
2026-09-02 14:21:00.000 UTC,2oMjkS7GMab6Upk6zmtq7rd8t9PnoNba9fEvrX9Lpump,0.000005927539775925394
2026-09-02 14:26:00.000 UTC,2oMjkS7GMab6Upk6zmtq7rd8t9PnoNba9fEvrX9Lpump,0.000006085178272354091
2026-09-02 14:27:00.000 UTC,2oMjkS7GMab6Upk6zmtq7rd8t9PnoNba9fEvrX9Lpump,0.000006133642469307982
2026-09-02 14:40:00.000 UTC,2oMjkS7GMab6Upk6zmtq7rd8t9PnoNba9fEvrX9Lpump,0.000004718300412212031
2026-09-02 14:45:00.000 UTC,2oMjkS7GMab6Upk6zmtq7rd8t9PnoNba9fEvrX9Lpump,0.000004873125123172978
2026-09-02 14:51:00.000 UTC,2oMjkS7GMab6Upk6zmtq7rd8t9PnoNba9fEvrX9Lpump,0.000004973956792365412
2026-09-02 14:52:00.000 UTC,2oMjkS7GMab6Upk6zmtq7rd8t9PnoNba9fEvrX9Lpump,0.000005404775667247017
2026-09-02 14:54:00.000 UTC,2oMjkS7GMab6Upk6zmtq7rd8t9PnoNba9fEvrX9Lpump,0.000005510788000930217
2026-09-02 15:00:00.000 UTC,2oMjkS7GMab6Upk6zmtq7rd8t9PnoNba9fEvrX9Lpump,0.000005332339927500521
2026-09-02 15:13:00.000 UTC,2oMjkS7GMab6Upk6zmtq7rd8t9PnoNba9fEvrX9Lpump,0.000005286160599218515
2026-09-02 15:17:00.000 UTC,2oMjkS7GMab6Upk6zmtq7rd8t9PnoNba9fEvrX9Lpump,0.000005359580598917464
2026-09-02 15:21:00.000 UTC,2oMjkS7GMab6Upk6zmtq7rd8t9PnoNba9fEvrX9Lpump,0.000005397879256826356
2026-09-02 15:25:00.000 UTC,2oMjkS7GMab6Upk6zmtq7rd8t9PnoNba9fEvrX9Lpump,0.0000053654603282620066
2026-09-02 15:30:00.000 UTC,2oMjkS7GMab6Upk6zmtq7rd8t9PnoNba9fEvrX9Lpump,0.0000050386439224339055
2026-09-02 15:33:00.000 UTC,2oMjkS7GMab6Upk6zmtq7rd8t9PnoNba9fEvrX9Lpump,0.000004981914840320131
2026-09-02 15:36:00.000 UTC,2oMjkS7GMab6Upk6zmtq7rd8t9PnoNba9fEvrX9Lpump,0.000005040365691416566
2026-09-02 15:55:00.000 UTC,2oMjkS7GMab6Upk6zmtq7rd8t9PnoNba9fEvrX9Lpump,0.000004430336898519429
2026-09-02 16:14:00.000 UTC,2oMjkS7GMab6Upk6zmtq7rd8t9PnoNba9fEvrX9Lpump,0.000004401328405577127
2026-09-02 16:37:00.000 UTC,2oMjkS7GMab6Upk6zmtq7rd8t9PnoNba9fEvrX9Lpump,0.0000046798957679460285
2026-09-02 16:52:00.000 UTC,2oMjkS7GMab6Upk6zmtq7rd8t9PnoNba9fEvrX9Lpump,0.00000444664878419291
2026-09-02 17:33:00.000 UTC,2oMjkS7GMab6Upk6zmtq7rd8t9PnoNba9fEvrX9Lpump,0.000004225406744745503
2026-09-02 17:45:00.000 UTC,2oMjkS7GMab6Upk6zmtq7rd8t9PnoNba9fEvrX9Lpump,0.000003948667044244605
2026-09-02 17:48:00.000 UTC,2oMjkS7GMab6Upk6zmtq7rd8t9PnoNba9fEvrX9Lpump,0.000004154310259819228
2026-09-02 18:07:00.000 UTC,2oMjkS7GMab6Upk6zmtq7rd8t9PnoNba9fEvrX9Lpump,0.0000035060041285161833
2026-09-02 18:14:00.000 UTC,2oMjkS7GMab6Upk6zmtq7rd8t9PnoNba9fEvrX9Lpump,0.0000037234735173206168
2026-09-02 19:46:00.000 UTC,2oMjkS7GMab6Upk6zmtq7rd8t9PnoNba9fEvrX9Lpump,0.000003892249029867288
2026-09-03 05:25:00.000 UTC,2oMjkS7GMab6Upk6zmtq7rd8t9PnoNba9fEvrX9Lpump,0.000003745445014384187
2026-09-03 05:29:00.000 UTC,2oMjkS7GMab6Upk6zmtq7rd8t9PnoNba9fEvrX9Lpump,0.0000037281181861928025
2026-09-03 07:12:00.000 UTC,2oMjkS7GMab6Upk6zmtq7rd8t9PnoNba9fEvrX9Lpump,0.0000035034823591681984
2026-09-03 07:21:00.000 UTC,2oMjkS7GMab6Upk6zmtq7rd8t9PnoNba9fEvrX9Lpump,0.000003517602876521189
2026-08-16 02:14:00.000 UTC,2sKdC6oqUFyJrpk5gJrWL8LACRvbBirX7tAK9Prkpump,0.000002176067101584371
2026-09-01 03:00:00.000 UTC,2st2Uw2jNL6WgrCZvux8URmW86JDConLKUwFGhD9pump,0.0000037202955301448226
2026-09-01 03:01:00.000 UTC,2st2Uw2jNL6WgrCZvux8URmW86JDConLKUwFGhD9pump,0.000004128567886522706
2025-07-18 19:16:00.000 UTC,2tbuGQ7D3AJEf5tjuLdRWxi3hNi1kR99Tcgbw9idpump,0.000009945458132834795
2025-07-18 19:17:00.000 UTC,2tbuGQ7D3AJEf5tjuLdRWxi3hNi1kR99Tcgbw9idpump,0.00001678175840174541
2025-07-18 19:18:00.000 UTC,2tbuGQ7D3AJEf5tjuLdRWxi3hNi1kR99Tcgbw9idpump,0.00001763856357544026
2025-07-18 19:19:00.000 UTC,2tbuGQ7D3AJEf5tjuLdRWxi3hNi1kR99Tcgbw9idpump,0.000020984554641366547
2025-07-18 19:20:00.000 UTC,2tbuGQ7D3AJEf5tjuLdRWxi3hNi1kR99Tcgbw9idpump,0.00002294450997467529
2025-07-18 19:21:00.000 UTC,2tbuGQ7D3AJEf5tjuLdRWxi3hNi1kR99Tcgbw9idpump,0.00002526005636208177
2025-07-18 19:22:00.000 UTC,2tbuGQ7D3AJEf5tjuLdRWxi3hNi1kR99Tcgbw9idpump,0.00002504190522314791
2025-07-18 19:23:00.000 UTC,2tbuGQ7D3AJEf5tjuLdRWxi3hNi1kR99Tcgbw9idpump,0.00002340785170087615
2025-07-18 19:24:00.000 UTC,2tbuGQ7D3AJEf5tjuLdRWxi3hNi1kR99Tcgbw9idpump,0.00002426928343665149
2025-07-18 19:25:00.000 UTC,2tbuGQ7D3AJEf5tjuLdRWxi3hNi1kR99Tcgbw9idpump,0.000020614185890288906
2025-07-18 19:26:00.000 UTC,2tbuGQ7D3AJEf5tjuLdRWxi3hNi1kR99Tcgbw9idpump,0.000023763201886301245
2025-07-18 19:27:00.000 UTC,2tbuGQ7D3AJEf5tjuLdRWxi3hNi1kR99Tcgbw9idpump,0.000021676088979968827
2025-07-18 19:28:00.000 UTC,2tbuGQ7D3AJEf5tjuLdRWxi3hNi1kR99Tcgbw9idpump,0.000022269687131171386
2025-07-18 19:29:00.000 UTC,2tbuGQ7D3AJEf5tjuLdRWxi3hNi1kR99Tcgbw9idpump,0.00001820492047503917
2025-07-18 19:30:00.000 UTC,2tbuGQ7D3AJEf5tjuLdRWxi3hNi1kR99Tcgbw9idpump,0.000015729151093946194
2025-07-18 19:31:00.000 UTC,2tbuGQ7D3AJEf5tjuLdRWxi3hNi1kR99Tcgbw9idpump,0.00001879335472496061
2025-07-18 19:32:00.000 UTC,2tbuGQ7D3AJEf5tjuLdRWxi3hNi1kR99Tcgbw9idpump,0.0000142333308217736
2025-07-18 19:33:00.000 UTC,2tbuGQ7D3AJEf5tjuLdRWxi3hNi1kR99Tcgbw9idpump,0.000015596284575247096
2025-07-18 19:34:00.000 UTC,2tbuGQ7D3AJEf5tjuLdRWxi3hNi1kR99Tcgbw9idpump,0.000015769140847169676
2025-07-18 19:35:00.000 UTC,2tbuGQ7D3AJEf5tjuLdRWxi3hNi1kR99Tcgbw9idpump,0.000016557970144462947
2025-07-18 19:36:00.000 UTC,2tbuGQ7D3AJEf5tjuLdRWxi3hNi1kR99Tcgbw9idpump,0.000009784979020371801
2025-07-18 19:37:00.000 UTC,2tbuGQ7D3AJEf5tjuLdRWxi3hNi1kR99Tcgbw9idpump,0.000007399736591671214
2025-07-18 19:38:00.000 UTC,2tbuGQ7D3AJEf5tjuLdRWxi3hNi1kR99Tcgbw9idpump,0.000005742555118809034
2025-07-18 19:39:00.000 UTC,2tbuGQ7D3AJEf5tjuLdRWxi3hNi1kR99Tcgbw9idpump,0.000005646723499217495
2025-07-18 19:41:00.000 UTC,2tbuGQ7D3AJEf5tjuLdRWxi3hNi1kR99Tcgbw9idpump,0.00000575265887482643
2025-07-18 19:47:00.000 UTC,2tbuGQ7D3AJEf5tjuLdRWxi3hNi1kR99Tcgbw9idpump,0.000005668563477255923
2025-07-18 19:50:00.000 UTC,2tbuGQ7D3AJEf5tjuLdRWxi3hNi1kR99Tcgbw9idpump,0.000005114903408708498
2025-07-18 22:02:00.000 UTC,2tbuGQ7D3AJEf5tjuLdRWxi3hNi1kR99Tcgbw9idpump,0.000005675608666911119
2025-07-18 22:03:00.000 UTC,2tbuGQ7D3AJEf5tjuLdRWxi3hNi1kR99Tcgbw9idpump,0.000006131395579756405
2025-07-18 22:04:00.000 UTC,2tbuGQ7D3AJEf5tjuLdRWxi3hNi1kR99Tcgbw9idpump,0.000005951780815245443
2025-07-19 00:43:00.000 UTC,2tbuGQ7D3AJEf5tjuLdRWxi3hNi1kR99Tcgbw9idpump,0.000006141840846506353
2025-07-19 00:55:00.000 UTC,2tbuGQ7D3AJEf5tjuLdRWxi3hNi1kR99Tcgbw9idpump,0.0000061822734192844035
2025-07-19 05:06:00.000 UTC,2tbuGQ7D3AJEf5tjuLdRWxi3hNi1kR99Tcgbw9idpump,0.0000062877200989359195
2025-07-19 09:05:00.000 UTC,2tbuGQ7D3AJEf5tjuLdRWxi3hNi1kR99Tcgbw9idpump,0.0000062624913614701025
2025-07-23 01:51:00.000 UTC,2tbuGQ7D3AJEf5tjuLdRWxi3hNi1kR99Tcgbw9idpump,0.000005813069683427549
2026-08-19 13:48:00.000 UTC,2tbuGQ7D3AJEf5tjuLdRWxi3hNi1kR99Tcgbw9idpump,0.000002219828495136961
2026-09-02 03:31:00.000 UTC,2x7iSnxo23aN55xxHa8PmNQBvioE37mMENYK9CzDpump,0.0000031443663488238884
2026-09-07 17:39:00.000 UTC,2yr4iRkjCEWV537A8Bkia35R7NnF5DZXaZrTLTDHpump,0.000003200969245107194
2026-08-22 22:57:00.000 UTC,2z7nNB5aS9UbNTcoLNJ6EfJ2kAMStHGAizmDnfA5pump,0.000002392513815207796
2026-08-22 22:58:00.000 UTC,2z7nNB5aS9UbNTcoLNJ6EfJ2kAMStHGAizmDnfA5pump,9.259790674361526e-7
2026-05-06 17:38:00.000 UTC,2zPztqwfhrMiwSUtssXW9uVgUtByzwwx47B4hqGXpump,0.000002648479050715929
2026-07-22 09:58:00.000 UTC,2zPztqwfhrMiwSUtssXW9uVgUtByzwwx47B4hqGXpump,0.000002628949686725482
2026-07-22 10:17:00.000 UTC,2zPztqwfhrMiwSUtssXW9uVgUtByzwwx47B4hqGXpump,0.000002608906180363956
2026-07-22 10:18:00.000 UTC,2zPztqwfhrMiwSUtssXW9uVgUtByzwwx47B4hqGXpump,0.000002621331604827348
2026-07-22 10:19:00.000 UTC,2zPztqwfhrMiwSUtssXW9uVgUtByzwwx47B4hqGXpump,0.0000026458664937333813
2026-08-29 00:40:00.000 UTC,2zPztqwfhrMiwSUtssXW9uVgUtByzwwx47B4hqGXpump,0.000003105915786096847
2026-09-08 09:44:00.000 UTC,3168thRGJwqmMpAaHUGXJ1bXe6rudFvHwzd2krNrpump,0.0000028978475263411576
2026-09-08 09:54:00.000 UTC,3168thRGJwqmMpAaHUGXJ1bXe6rudFvHwzd2krNrpump,0.0000029022705426051024
2026-08-25 22:32:00.000 UTC,318MxV3aCEg2vixQBJCKorC5GsFvJR1dLN2rDGjdpump,0.000003800219051429202
2024-08-05 17:28:00.000 UTC,31XFAsuhtLofxnL8MfHkvSWu5qJFdbkcJ9jBMi5Dpump,0.000004205922768096659
2024-08-05 17:29:00.000 UTC,31XFAsuhtLofxnL8MfHkvSWu5qJFdbkcJ9jBMi5Dpump,0.000004463064268114541
2024-08-05 17:45:00.000 UTC,31XFAsuhtLofxnL8MfHkvSWu5qJFdbkcJ9jBMi5Dpump,0.000004121360215254943
2024-08-05 17:46:00.000 UTC,31XFAsuhtLofxnL8MfHkvSWu5qJFdbkcJ9jBMi5Dpump,0.000004121381057180843
2024-08-05 17:47:00.000 UTC,31XFAsuhtLofxnL8MfHkvSWu5qJFdbkcJ9jBMi5Dpump,0.000004121398942650597
2024-08-05 17:48:00.000 UTC,31XFAsuhtLofxnL8MfHkvSWu5qJFdbkcJ9jBMi5Dpump,0.000004121388790710346
2024-08-05 17:49:00.000 UTC,31XFAsuhtLofxnL8MfHkvSWu5qJFdbkcJ9jBMi5Dpump,0.000004121386554803205
2024-08-05 17:50:00.000 UTC,31XFAsuhtLofxnL8MfHkvSWu5qJFdbkcJ9jBMi5Dpump,0.0000041379715008889666
2024-08-05 17:52:00.000 UTC,31XFAsuhtLofxnL8MfHkvSWu5qJFdbkcJ9jBMi5Dpump,0.0000041379672718123524
2024-08-05 17:58:00.000 UTC,31XFAsuhtLofxnL8MfHkvSWu5qJFdbkcJ9jBMi5Dpump,0.000004156872045033569
2024-08-05 17:59:00.000 UTC,31XFAsuhtLofxnL8MfHkvSWu5qJFdbkcJ9jBMi5Dpump,0.000004156848814677809
2024-08-05 18:02:00.000 UTC,31XFAsuhtLofxnL8MfHkvSWu5qJFdbkcJ9jBMi5Dpump,0.0000041342524453638774
2024-08-05 18:03:00.000 UTC,31XFAsuhtLofxnL8MfHkvSWu5qJFdbkcJ9jBMi5Dpump,0.000004134283145859984
2024-08-05 18:04:00.000 UTC,31XFAsuhtLofxnL8MfHkvSWu5qJFdbkcJ9jBMi5Dpump,0.000004134257648586901
2026-08-27 13:42:00.000 UTC,31XFAsuhtLofxnL8MfHkvSWu5qJFdbkcJ9jBMi5Dpump,0.0000030429081900088858
2026-08-27 13:47:00.000 UTC,31XFAsuhtLofxnL8MfHkvSWu5qJFdbkcJ9jBMi5Dpump,0.0000031191932702215136
2026-08-27 13:52:00.000 UTC,31XFAsuhtLofxnL8MfHkvSWu5qJFdbkcJ9jBMi5Dpump,0.0000031401099552877625
2026-08-27 13:54:00.000 UTC,31XFAsuhtLofxnL8MfHkvSWu5qJFdbkcJ9jBMi5Dpump,0.0000032505927553553857
2026-08-27 14:35:00.000 UTC,31ZNQZZ5CNeVeyb12i63kaA774w7mhSHPJYKVKR9pump,0.000004522856283109771
2026-08-31 22:05:00.000 UTC,32eT8pWAdarhPXXYYnvxqHkg7GXQ84omhjxWGtHvcatK,0.000002894133621826083
2026-09-09 02:17:00.000 UTC,32yTtqyqWdCnY9TX35gtechoNBQ1e1A2pmmMTcPfpump,0.000002985204123188556
2026-09-09 02:18:00.000 UTC,32yTtqyqWdCnY9TX35gtechoNBQ1e1A2pmmMTcPfpump,0.000003161022857347218
2026-08-29 15:02:00.000 UTC,34BGWSbgbZNUNgUt3ePDuAZya3x1C3gkKnk1xRabpump,0.0000041648483293484454
2026-08-29 15:03:00.000 UTC,34BGWSbgbZNUNgUt3ePDuAZya3x1C3gkKnk1xRabpump,0.000004789063058172775
2026-09-02 18:01:00.000 UTC,356aBhjA4XH8a9s8WSaNhE5HN5HA1FPPE8GdzZ54pump,0.000002805994227538395
2026-09-02 18:02:00.000 UTC,356aBhjA4XH8a9s8WSaNhE5HN5HA1FPPE8GdzZ54pump,0.000002861376894522734
2026-09-06 14:08:00.000 UTC,35D1AzVV8MASo6MGnQpedbg5TmYguD8kqhNTdV5Mpump,0.0000028957745952544196
2026-08-25 01:31:00.000 UTC,35jW1T2ggZWt9Qivd7Nqf2eGLzsV8oKCUjUXzTkqTHav,0.000004693811315022427
2026-08-25 01:32:00.000 UTC,35jW1T2ggZWt9Qivd7Nqf2eGLzsV8oKCUjUXzTkqTHav,0.000004786052538798617
2026-09-09 14:10:00.000 UTC,38JgN5wP4MsNsADYWtMtfanFwxF6rbG9n1L3Lw21RJLm,0.0000030067495037909607
2026-08-23 07:48:00.000 UTC,39ZAGS3vHmHQKT7id3qT3b9iuE66tNZgJ4osE6DPpump,0.000002020822051087292
2026-08-23 07:49:00.000 UTC,39ZAGS3vHmHQKT7id3qT3b9iuE66tNZgJ4osE6DPpump,0.0000019503588906201833
2026-08-23 07:50:00.000 UTC,39ZAGS3vHmHQKT7id3qT3b9iuE66tNZgJ4osE6DPpump,4.352063813145425e-7
2026-08-23 07:51:00.000 UTC,39ZAGS3vHmHQKT7id3qT3b9iuE66tNZgJ4osE6DPpump,3.841400172930513e-7
2026-08-23 07:52:00.000 UTC,39ZAGS3vHmHQKT7id3qT3b9iuE66tNZgJ4osE6DPpump,8.010740113270607e-7
2026-08-23 15:49:00.000 UTC,39jxkeNkD2MYL7TcnngnsvoqNuXUGB9LnGbGMmuvpump,0.0000031403285127426034
2026-08-23 15:50:00.000 UTC,39jxkeNkD2MYL7TcnngnsvoqNuXUGB9LnGbGMmuvpump,0.000003261031991745271
2026-08-23 15:51:00.000 UTC,39jxkeNkD2MYL7TcnngnsvoqNuXUGB9LnGbGMmuvpump,0.0000032075827447831545
2026-08-23 15:52:00.000 UTC,39jxkeNkD2MYL7TcnngnsvoqNuXUGB9LnGbGMmuvpump,0.0000032524276824118535
2026-08-23 15:53:00.000 UTC,39jxkeNkD2MYL7TcnngnsvoqNuXUGB9LnGbGMmuvpump,0.0000033181891977587217
2026-08-23 15:54:00.000 UTC,39jxkeNkD2MYL7TcnngnsvoqNuXUGB9LnGbGMmuvpump,0.0000036729151425767258
2026-08-23 15:55:00.000 UTC,39jxkeNkD2MYL7TcnngnsvoqNuXUGB9LnGbGMmuvpump,0.0000034391293730706167
2026-08-23 15:56:00.000 UTC,39jxkeNkD2MYL7TcnngnsvoqNuXUGB9LnGbGMmuvpump,0.0000034451141873151574
2026-08-23 15:57:00.000 UTC,39jxkeNkD2MYL7TcnngnsvoqNuXUGB9LnGbGMmuvpump,0.0000034931682975114177
2026-08-23 16:08:00.000 UTC,39jxkeNkD2MYL7TcnngnsvoqNuXUGB9LnGbGMmuvpump,0.0000032532230563932272
2026-09-01 04:29:00.000 UTC,3BKWQGXFrPGpjodfdgBFcEcPsQixcBJ9xWgFzPmxpump,0.0000030501516373953804
2026-09-01 04:30:00.000 UTC,3BKWQGXFrPGpjodfdgBFcEcPsQixcBJ9xWgFzPmxpump,0.000003206079993876819
2026-09-01 04:32:00.000 UTC,3BKWQGXFrPGpjodfdgBFcEcPsQixcBJ9xWgFzPmxpump,0.000003233912183465388
2026-09-01 04:33:00.000 UTC,3BKWQGXFrPGpjodfdgBFcEcPsQixcBJ9xWgFzPmxpump,0.0000032769398287671425
2026-09-01 04:34:00.000 UTC,3BKWQGXFrPGpjodfdgBFcEcPsQixcBJ9xWgFzPmxpump,0.000003325586844682133
2026-09-01 04:36:00.000 UTC,3BKWQGXFrPGpjodfdgBFcEcPsQixcBJ9xWgFzPmxpump,0.000003383745570741937
2026-09-01 04:37:00.000 UTC,3BKWQGXFrPGpjodfdgBFcEcPsQixcBJ9xWgFzPmxpump,0.000003359567151733939
2026-09-01 04:39:00.000 UTC,3BKWQGXFrPGpjodfdgBFcEcPsQixcBJ9xWgFzPmxpump,0.000003337475152651852
2026-09-01 04:42:00.000 UTC,3BKWQGXFrPGpjodfdgBFcEcPsQixcBJ9xWgFzPmxpump,0.0000035258945900873008
2026-08-27 23:27:00.000 UTC,3CRMwvNgtTAqd34MFcyixcr3TXX4iJaaA2PAaRpGMY3e,0.0000051302753399924146
2026-08-27 23:28:00.000 UTC,3CRMwvNgtTAqd34MFcyixcr3TXX4iJaaA2PAaRpGMY3e,0.0000075094175463988
2026-09-11 22:54:00.000 UTC,3DsMBB2JF9vh4HUDRfTyTqZ51tH7QFpsmnxmEboUpump,0.000002171954780948104
2026-09-11 22:55:00.000 UTC,3DsMBB2JF9vh4HUDRfTyTqZ51tH7QFpsmnxmEboUpump,0.000002822072940728187
2026-09-11 22:56:00.000 UTC,3DsMBB2JF9vh4HUDRfTyTqZ51tH7QFpsmnxmEboUpump,0.0000011383855399592095
2026-09-11 22:57:00.000 UTC,3DsMBB2JF9vh4HUDRfTyTqZ51tH7QFpsmnxmEboUpump,0.0000017747319628086541
2026-09-11 22:58:00.000 UTC,3DsMBB2JF9vh4HUDRfTyTqZ51tH7QFpsmnxmEboUpump,0.000003981603814762025
2026-09-11 22:59:00.000 UTC,3DsMBB2JF9vh4HUDRfTyTqZ51tH7QFpsmnxmEboUpump,0.000006187617360240929
2026-09-11 23:00:00.000 UTC,3DsMBB2JF9vh4HUDRfTyTqZ51tH7QFpsmnxmEboUpump,0.00000291188551341406
2026-09-11 23:01:00.000 UTC,3DsMBB2JF9vh4HUDRfTyTqZ51tH7QFpsmnxmEboUpump,0.0000018628774452853533
2026-09-11 23:02:00.000 UTC,3DsMBB2JF9vh4HUDRfTyTqZ51tH7QFpsmnxmEboUpump,9.77257063753375e-7
2026-09-11 23:03:00.000 UTC,3DsMBB2JF9vh4HUDRfTyTqZ51tH7QFpsmnxmEboUpump,0.000001398835448435286
2026-09-11 23:04:00.000 UTC,3DsMBB2JF9vh4HUDRfTyTqZ51tH7QFpsmnxmEboUpump,8.277823296640737e-7
2026-09-11 23:05:00.000 UTC,3DsMBB2JF9vh4HUDRfTyTqZ51tH7QFpsmnxmEboUpump,0.0000010251461178217103
2026-09-11 23:06:00.000 UTC,3DsMBB2JF9vh4HUDRfTyTqZ51tH7QFpsmnxmEboUpump,0.0000013129122052322497
2026-09-11 23:07:00.000 UTC,3DsMBB2JF9vh4HUDRfTyTqZ51tH7QFpsmnxmEboUpump,0.0000021353957851435257
2026-09-11 23:08:00.000 UTC,3DsMBB2JF9vh4HUDRfTyTqZ51tH7QFpsmnxmEboUpump,0.0000016037595229604305
2026-09-11 23:09:00.000 UTC,3DsMBB2JF9vh4HUDRfTyTqZ51tH7QFpsmnxmEboUpump,0.00000199052090355254
2026-09-11 23:10:00.000 UTC,3DsMBB2JF9vh4HUDRfTyTqZ51tH7QFpsmnxmEboUpump,0.0000021186043124508772
2026-09-11 23:11:00.000 UTC,3DsMBB2JF9vh4HUDRfTyTqZ51tH7QFpsmnxmEboUpump,0.000002643630967703114
2026-09-11 23:12:00.000 UTC,3DsMBB2JF9vh4HUDRfTyTqZ51tH7QFpsmnxmEboUpump,0.0000016889721296497872
2026-09-11 23:13:00.000 UTC,3DsMBB2JF9vh4HUDRfTyTqZ51tH7QFpsmnxmEboUpump,0.0000013536230333841363
2026-09-11 23:14:00.000 UTC,3DsMBB2JF9vh4HUDRfTyTqZ51tH7QFpsmnxmEboUpump,0.0000015152570734676062
2026-09-11 23:15:00.000 UTC,3DsMBB2JF9vh4HUDRfTyTqZ51tH7QFpsmnxmEboUpump,0.000001938398308367675
2026-09-11 23:16:00.000 UTC,3DsMBB2JF9vh4HUDRfTyTqZ51tH7QFpsmnxmEboUpump,0.0000020045420897897377
2026-09-11 23:17:00.000 UTC,3DsMBB2JF9vh4HUDRfTyTqZ51tH7QFpsmnxmEboUpump,0.000003163831364626642
2026-09-11 23:18:00.000 UTC,3DsMBB2JF9vh4HUDRfTyTqZ51tH7QFpsmnxmEboUpump,5.846990402592971e-7
2026-09-11 23:19:00.000 UTC,3DsMBB2JF9vh4HUDRfTyTqZ51tH7QFpsmnxmEboUpump,5.151950548661572e-7
2026-09-11 23:20:00.000 UTC,3DsMBB2JF9vh4HUDRfTyTqZ51tH7QFpsmnxmEboUpump,7.505185497122815e-7
2026-09-11 23:21:00.000 UTC,3DsMBB2JF9vh4HUDRfTyTqZ51tH7QFpsmnxmEboUpump,3.2800538567588605e-7
2026-09-11 23:22:00.000 UTC,3DsMBB2JF9vh4HUDRfTyTqZ51tH7QFpsmnxmEboUpump,3.300347334098514e-7
2026-09-11 23:23:00.000 UTC,3DsMBB2JF9vh4HUDRfTyTqZ51tH7QFpsmnxmEboUpump,2.2622242771082424e-7
2026-09-11 23:24:00.000 UTC,3DsMBB2JF9vh4HUDRfTyTqZ51tH7QFpsmnxmEboUpump,1.368967496980695e-7
2026-09-11 23:25:00.000 UTC,3DsMBB2JF9vh4HUDRfTyTqZ51tH7QFpsmnxmEboUpump,1.0579697134310023e-7
2026-08-30 16:28:00.000 UTC,3FobfVFdojQ14MytKh7MktEoRBDPsXUA16wvLnUFpump,0.00000873376400089422
2026-08-30 16:29:00.000 UTC,3FobfVFdojQ14MytKh7MktEoRBDPsXUA16wvLnUFpump,0.0000030165973131168714
2026-08-30 16:30:00.000 UTC,3FobfVFdojQ14MytKh7MktEoRBDPsXUA16wvLnUFpump,0.000003133977337147412
2026-08-30 19:42:00.000 UTC,3FobfVFdojQ14MytKh7MktEoRBDPsXUA16wvLnUFpump,0.0000029644358553184413
2026-08-20 06:49:00.000 UTC,3GZHugm92ZAkYYZbYFZSw9Qa8HnDVfY6B1pzSa8rpump,0.0000024070513626897484
2026-08-26 15:12:00.000 UTC,3HHwgc3NeLnzAaPV4vCUdxMu4GKaA8rPoFGS4LXApump,0.000009127261144791217
2026-08-26 15:13:00.000 UTC,3HHwgc3NeLnzAaPV4vCUdxMu4GKaA8rPoFGS4LXApump,0.00005734505246776842
2026-08-26 15:14:00.000 UTC,3HHwgc3NeLnzAaPV4vCUdxMu4GKaA8rPoFGS4LXApump,0.00001654496715807486
2026-08-26 15:15:00.000 UTC,3HHwgc3NeLnzAaPV4vCUdxMu4GKaA8rPoFGS4LXApump,0.0000017877529119692416
2026-08-26 15:16:00.000 UTC,3HHwgc3NeLnzAaPV4vCUdxMu4GKaA8rPoFGS4LXApump,0.0000046034760121918215
2026-08-26 15:17:00.000 UTC,3HHwgc3NeLnzAaPV4vCUdxMu4GKaA8rPoFGS4LXApump,0.000007925264785476603
2026-08-26 15:18:00.000 UTC,3HHwgc3NeLnzAaPV4vCUdxMu4GKaA8rPoFGS4LXApump,5.423069139172027e-7
2026-08-26 16:59:00.000 UTC,3HHwgc3NeLnzAaPV4vCUdxMu4GKaA8rPoFGS4LXApump,6.984027922072175e-8
2026-04-05 00:03:00.000 UTC,3HjT5aynj9DGXFJipbg2uqmo6nUQ5ByqxpjE4Bkapump,0.0000040063290088909925
2026-04-05 00:43:00.000 UTC,3HjT5aynj9DGXFJipbg2uqmo6nUQ5ByqxpjE4Bkapump,0.000002260501017326179
2026-04-05 00:48:00.000 UTC,3HjT5aynj9DGXFJipbg2uqmo6nUQ5ByqxpjE4Bkapump,0.000002269448619753441
2026-04-06 14:06:00.000 UTC,3HjT5aynj9DGXFJipbg2uqmo6nUQ5ByqxpjE4Bkapump,0.000002317721981807542
2026-08-24 05:39:00.000 UTC,3HjT5aynj9DGXFJipbg2uqmo6nUQ5ByqxpjE4Bkapump,0.000002726651861001211
2026-08-24 09:35:00.000 UTC,3K7QoFeVsFsU1YVKL5F4XH8xdQH29kzSuXc2qax7xzVe,0.000002718233701006694
2026-08-26 08:50:00.000 UTC,3LeP2cArAcNiFpugKj92o9UkddrgdU2RNx6ASp73pump,0.000004008285364330246
2026-08-26 08:51:00.000 UTC,3LeP2cArAcNiFpugKj92o9UkddrgdU2RNx6ASp73pump,0.000004392817792215042
2026-08-26 08:52:00.000 UTC,3LeP2cArAcNiFpugKj92o9UkddrgdU2RNx6ASp73pump,0.0000036590130020209712
2026-08-23 08:15:00.000 UTC,3Lzi4y9obKKrSgzpxLGzJZoxsSerAuydV1yrFTjhpump,0.0000033276607493766575
2026-08-23 08:16:00.000 UTC,3Lzi4y9obKKrSgzpxLGzJZoxsSerAuydV1yrFTjhpump,0.0000026307825092830655
2026-09-11 15:47:00.000 UTC,3MjPxvW5WRK1dZizxindyNDZjYqRvaLgdHgunMY8pump,0.0000029046478661419304
2026-09-11 15:48:00.000 UTC,3MjPxvW5WRK1dZizxindyNDZjYqRvaLgdHgunMY8pump,0.0000029330308225402693
2026-08-15 22:18:00.000 UTC,3NyAmgMHWjA9mbDzFXL7i7YDzmwXYxNBa6C5317Apump,0.0000021482151863563475
2026-08-28 20:18:00.000 UTC,3P8Wdeb2YRMAvVgxV6byAdz8aygw7RbySba1DUWFpump,0.0000025073924256986555
2026-08-28 20:19:00.000 UTC,3P8Wdeb2YRMAvVgxV6byAdz8aygw7RbySba1DUWFpump,2.49048484529262e-7
2026-08-28 20:20:00.000 UTC,3P8Wdeb2YRMAvVgxV6byAdz8aygw7RbySba1DUWFpump,2.532260057557486e-7
2026-08-28 20:21:00.000 UTC,3P8Wdeb2YRMAvVgxV6byAdz8aygw7RbySba1DUWFpump,2.5848030523571033e-7
2026-08-28 20:22:00.000 UTC,3P8Wdeb2YRMAvVgxV6byAdz8aygw7RbySba1DUWFpump,3.4330646855328485e-7
2026-08-28 20:23:00.000 UTC,3P8Wdeb2YRMAvVgxV6byAdz8aygw7RbySba1DUWFpump,2.568624994034856e-7
2026-08-28 20:24:00.000 UTC,3P8Wdeb2YRMAvVgxV6byAdz8aygw7RbySba1DUWFpump,1.9088639129331424e-7
2026-08-28 20:25:00.000 UTC,3P8Wdeb2YRMAvVgxV6byAdz8aygw7RbySba1DUWFpump,1.6955024227487774e-7
2026-09-06 19:13:00.000 UTC,3PM1hgLqwHxDDo4pbeCWbAfuX1upbTjccjeTDPFPpump,0.0000033442803612715737
2026-09-06 19:14:00.000 UTC,3PM1hgLqwHxDDo4pbeCWbAfuX1upbTjccjeTDPFPpump,9.763673865322437e-7
2026-09-06 19:15:00.000 UTC,3PM1hgLqwHxDDo4pbeCWbAfuX1upbTjccjeTDPFPpump,3.240710806372719e-7
2026-09-06 19:16:00.000 UTC,3PM1hgLqwHxDDo4pbeCWbAfuX1upbTjccjeTDPFPpump,2.0932809698138173e-7
2026-08-17 06:13:00.000 UTC,3RSLTtNgHEpZqSNi8Qb9TtqXd5UJkTeGMEuEWkuQpump,0.000002983883152529695
2026-08-17 06:14:00.000 UTC,3RSLTtNgHEpZqSNi8Qb9TtqXd5UJkTeGMEuEWkuQpump,0.000002957834748416433
2026-08-17 06:15:00.000 UTC,3RSLTtNgHEpZqSNi8Qb9TtqXd5UJkTeGMEuEWkuQpump,0.000003079223792323004
2026-08-17 06:19:00.000 UTC,3RSLTtNgHEpZqSNi8Qb9TtqXd5UJkTeGMEuEWkuQpump,0.0000030026520707582538
2026-08-17 06:24:00.000 UTC,3RSLTtNgHEpZqSNi8Qb9TtqXd5UJkTeGMEuEWkuQpump,0.0000029218344214456134
2026-08-17 06:26:00.000 UTC,3RSLTtNgHEpZqSNi8Qb9TtqXd5UJkTeGMEuEWkuQpump,0.00000292615677361936
2026-08-17 06:41:00.000 UTC,3RSLTtNgHEpZqSNi8Qb9TtqXd5UJkTeGMEuEWkuQpump,0.000002748492776696555
2026-08-17 06:42:00.000 UTC,3RSLTtNgHEpZqSNi8Qb9TtqXd5UJkTeGMEuEWkuQpump,0.000002815062257319891
2026-08-17 06:43:00.000 UTC,3RSLTtNgHEpZqSNi8Qb9TtqXd5UJkTeGMEuEWkuQpump,0.0000029656984805072103
2026-08-17 06:44:00.000 UTC,3RSLTtNgHEpZqSNi8Qb9TtqXd5UJkTeGMEuEWkuQpump,0.0000034975477730163045
2026-08-17 06:45:00.000 UTC,3RSLTtNgHEpZqSNi8Qb9TtqXd5UJkTeGMEuEWkuQpump,0.000004083534642688617
2026-08-17 06:46:00.000 UTC,3RSLTtNgHEpZqSNi8Qb9TtqXd5UJkTeGMEuEWkuQpump,0.000004262333700139048
2026-08-17 06:47:00.000 UTC,3RSLTtNgHEpZqSNi8Qb9TtqXd5UJkTeGMEuEWkuQpump,0.000003709387608865653
2026-08-17 06:48:00.000 UTC,3RSLTtNgHEpZqSNi8Qb9TtqXd5UJkTeGMEuEWkuQpump,0.000003874299766083535
2026-08-17 06:51:00.000 UTC,3RSLTtNgHEpZqSNi8Qb9TtqXd5UJkTeGMEuEWkuQpump,0.000003755970952801674
2026-08-17 06:56:00.000 UTC,3RSLTtNgHEpZqSNi8Qb9TtqXd5UJkTeGMEuEWkuQpump,0.000003825149495743096
2026-08-17 06:59:00.000 UTC,3RSLTtNgHEpZqSNi8Qb9TtqXd5UJkTeGMEuEWkuQpump,0.000003756556298339945
2026-08-17 07:13:00.000 UTC,3RSLTtNgHEpZqSNi8Qb9TtqXd5UJkTeGMEuEWkuQpump,0.0000037603625870860687
2026-08-17 07:37:00.000 UTC,3RSLTtNgHEpZqSNi8Qb9TtqXd5UJkTeGMEuEWkuQpump,0.0000036654310259632254
2026-08-17 07:39:00.000 UTC,3RSLTtNgHEpZqSNi8Qb9TtqXd5UJkTeGMEuEWkuQpump,0.0000037001171576121116
2026-08-17 07:56:00.000 UTC,3RSLTtNgHEpZqSNi8Qb9TtqXd5UJkTeGMEuEWkuQpump,0.0000037526338809445946
2026-08-17 08:00:00.000 UTC,3RSLTtNgHEpZqSNi8Qb9TtqXd5UJkTeGMEuEWkuQpump,0.00000446701331873854
2026-08-17 08:01:00.000 UTC,3RSLTtNgHEpZqSNi8Qb9TtqXd5UJkTeGMEuEWkuQpump,0.000005256741233247471
2026-08-17 08:02:00.000 UTC,3RSLTtNgHEpZqSNi8Qb9TtqXd5UJkTeGMEuEWkuQpump,0.000005418616521818765
2026-08-17 08:03:00.000 UTC,3RSLTtNgHEpZqSNi8Qb9TtqXd5UJkTeGMEuEWkuQpump,0.000005691049344255882
2026-08-17 08:04:00.000 UTC,3RSLTtNgHEpZqSNi8Qb9TtqXd5UJkTeGMEuEWkuQpump,0.000005877454632830575
2026-08-17 08:06:00.000 UTC,3RSLTtNgHEpZqSNi8Qb9TtqXd5UJkTeGMEuEWkuQpump,0.000005486856572487707
2026-08-17 08:09:00.000 UTC,3RSLTtNgHEpZqSNi8Qb9TtqXd5UJkTeGMEuEWkuQpump,0.000005510261114077854
2026-08-17 08:12:00.000 UTC,3RSLTtNgHEpZqSNi8Qb9TtqXd5UJkTeGMEuEWkuQpump,0.000005449354118514806
2026-08-17 08:16:00.000 UTC,3RSLTtNgHEpZqSNi8Qb9TtqXd5UJkTeGMEuEWkuQpump,0.000005599127512509135
2026-08-17 08:23:00.000 UTC,3RSLTtNgHEpZqSNi8Qb9TtqXd5UJkTeGMEuEWkuQpump,0.0000055812554233805075
2026-08-17 08:38:00.000 UTC,3RSLTtNgHEpZqSNi8Qb9TtqXd5UJkTeGMEuEWkuQpump,0.000005592823485147551
2026-08-17 10:27:00.000 UTC,3RSLTtNgHEpZqSNi8Qb9TtqXd5UJkTeGMEuEWkuQpump,0.000005150129645707689
2026-08-17 10:31:00.000 UTC,3RSLTtNgHEpZqSNi8Qb9TtqXd5UJkTeGMEuEWkuQpump,0.000005193015350929242
2026-08-17 10:44:00.000 UTC,3RSLTtNgHEpZqSNi8Qb9TtqXd5UJkTeGMEuEWkuQpump,0.000005247755326913552
2026-08-17 12:07:00.000 UTC,3RSLTtNgHEpZqSNi8Qb9TtqXd5UJkTeGMEuEWkuQpump,0.0000040729171384828305
2026-08-17 12:34:00.000 UTC,3RSLTtNgHEpZqSNi8Qb9TtqXd5UJkTeGMEuEWkuQpump,0.000004210888114559678
2026-08-17 12:44:00.000 UTC,3RSLTtNgHEpZqSNi8Qb9TtqXd5UJkTeGMEuEWkuQpump,0.000004283049985663887
2026-08-17 12:46:00.000 UTC,3RSLTtNgHEpZqSNi8Qb9TtqXd5UJkTeGMEuEWkuQpump,0.000004587326556783213
2026-08-17 13:09:00.000 UTC,3RSLTtNgHEpZqSNi8Qb9TtqXd5UJkTeGMEuEWkuQpump,0.000004694097950967293
2026-08-17 13:41:00.000 UTC,3RSLTtNgHEpZqSNi8Qb9TtqXd5UJkTeGMEuEWkuQpump,0.000004756221281062145
2026-08-17 13:42:00.000 UTC,3RSLTtNgHEpZqSNi8Qb9TtqXd5UJkTeGMEuEWkuQpump,0.000004761001728936743
2026-08-17 14:27:00.000 UTC,3RSLTtNgHEpZqSNi8Qb9TtqXd5UJkTeGMEuEWkuQpump,0.0000043116941115169485
2026-08-17 16:01:00.000 UTC,3RSLTtNgHEpZqSNi8Qb9TtqXd5UJkTeGMEuEWkuQpump,0.000004406218927923563
2026-08-18 01:32:00.000 UTC,3RSLTtNgHEpZqSNi8Qb9TtqXd5UJkTeGMEuEWkuQpump,0.000004074125680454095
2026-08-18 01:54:00.000 UTC,3RSLTtNgHEpZqSNi8Qb9TtqXd5UJkTeGMEuEWkuQpump,0.000004073324187235829
2026-08-20 09:01:00.000 UTC,3RSLTtNgHEpZqSNi8Qb9TtqXd5UJkTeGMEuEWkuQpump,0.0000024465512717713823
2026-08-20 09:03:00.000 UTC,3RSLTtNgHEpZqSNi8Qb9TtqXd5UJkTeGMEuEWkuQpump,0.00000244759560957288
2026-08-20 09:31:00.000 UTC,3RSLTtNgHEpZqSNi8Qb9TtqXd5UJkTeGMEuEWkuQpump,0.0000024579715656259257
2026-08-20 09:32:00.000 UTC,3RSLTtNgHEpZqSNi8Qb9TtqXd5UJkTeGMEuEWkuQpump,0.0000024732668524975337
2026-08-20 09:35:00.000 UTC,3RSLTtNgHEpZqSNi8Qb9TtqXd5UJkTeGMEuEWkuQpump,0.0000024787059966243614
2026-08-20 10:52:00.000 UTC,3RSLTtNgHEpZqSNi8Qb9TtqXd5UJkTeGMEuEWkuQpump,0.000002482444977585786
2026-08-25 17:10:00.000 UTC,3RwXMrBUF8qdTngGZaPWET9JW5Xj3z8yzZEXk4Zupump,0.000008205827256000793
2026-08-25 17:11:00.000 UTC,3RwXMrBUF8qdTngGZaPWET9JW5Xj3z8yzZEXk4Zupump,0.000011064367507706104
2026-08-25 17:12:00.000 UTC,3RwXMrBUF8qdTngGZaPWET9JW5Xj3z8yzZEXk4Zupump,0.00001257901757677632
2026-08-25 17:13:00.000 UTC,3RwXMrBUF8qdTngGZaPWET9JW5Xj3z8yzZEXk4Zupump,0.000011591200694667033
2026-08-25 17:14:00.000 UTC,3RwXMrBUF8qdTngGZaPWET9JW5Xj3z8yzZEXk4Zupump,0.000011446706907627638
2026-08-25 17:15:00.000 UTC,3RwXMrBUF8qdTngGZaPWET9JW5Xj3z8yzZEXk4Zupump,0.000014002519439952945
2026-08-25 17:16:00.000 UTC,3RwXMrBUF8qdTngGZaPWET9JW5Xj3z8yzZEXk4Zupump,0.000020191793184249486
2026-08-25 17:17:00.000 UTC,3RwXMrBUF8qdTngGZaPWET9JW5Xj3z8yzZEXk4Zupump,0.000032606212239045246
2026-08-25 17:18:00.000 UTC,3RwXMrBUF8qdTngGZaPWET9JW5Xj3z8yzZEXk4Zupump,0.0000396045412252636
2026-09-06 11:19:00.000 UTC,3SWveUWa1tZNJEWbvwoULTRQKyDL4UH7ZEQjsDmNpump,0.0000013025853015348723
2026-09-06 11:22:00.000 UTC,3SWveUWa1tZNJEWbvwoULTRQKyDL4UH7ZEQjsDmNpump,2.866636851298909e-7
2026-09-06 11:23:00.000 UTC,3SWveUWa1tZNJEWbvwoULTRQKyDL4UH7ZEQjsDmNpump,1.3742043693547803e-7
2026-09-08 15:28:00.000 UTC,3TwPCTVEQkMJjK58JMCGwhh4H8UnyKc7AMae6JhRyvA6,0.0000038077801845363064
2026-09-08 15:29:00.000 UTC,3TwPCTVEQkMJjK58JMCGwhh4H8UnyKc7AMae6JhRyvA6,0.000006391709048877688
2026-09-08 15:30:00.000 UTC,3TwPCTVEQkMJjK58JMCGwhh4H8UnyKc7AMae6JhRyvA6,0.000016926673937886102
2026-09-08 15:31:00.000 UTC,3TwPCTVEQkMJjK58JMCGwhh4H8UnyKc7AMae6JhRyvA6,0.000014483674225348152
2026-09-08 15:32:00.000 UTC,3TwPCTVEQkMJjK58JMCGwhh4H8UnyKc7AMae6JhRyvA6,0.000014776685006140106
2026-09-08 15:33:00.000 UTC,3TwPCTVEQkMJjK58JMCGwhh4H8UnyKc7AMae6JhRyvA6,0.000013685853681643097
2026-09-08 15:34:00.000 UTC,3TwPCTVEQkMJjK58JMCGwhh4H8UnyKc7AMae6JhRyvA6,0.000019071783650999267
2026-09-08 15:35:00.000 UTC,3TwPCTVEQkMJjK58JMCGwhh4H8UnyKc7AMae6JhRyvA6,0.000030452674034327243
2026-09-08 15:36:00.000 UTC,3TwPCTVEQkMJjK58JMCGwhh4H8UnyKc7AMae6JhRyvA6,0.00003729903892424982
2026-08-25 16:18:00.000 UTC,3UExDPYxWhjJr2yJaxgkLXRFzGSH9qmNq1htx3AHpump,0.000002458432141501916
2026-08-25 16:19:00.000 UTC,3UExDPYxWhjJr2yJaxgkLXRFzGSH9qmNq1htx3AHpump,0.0000011653941489751419
2026-09-11 21:01:00.000 UTC,3URUY5G8dwhwWyTUMAygMSqU89jD1sRVnNxc5Tjipump,0.000005800921309990678
2026-09-11 21:02:00.000 UTC,3URUY5G8dwhwWyTUMAygMSqU89jD1sRVnNxc5Tjipump,0.000014345212925668876
2026-09-11 21:03:00.000 UTC,3URUY5G8dwhwWyTUMAygMSqU89jD1sRVnNxc5Tjipump,0.000007703365217769437
2026-09-11 21:04:00.000 UTC,3URUY5G8dwhwWyTUMAygMSqU89jD1sRVnNxc5Tjipump,0.0000065486442410641426
2026-09-11 21:05:00.000 UTC,3URUY5G8dwhwWyTUMAygMSqU89jD1sRVnNxc5Tjipump,0.000006798836007033514
2026-09-11 21:06:00.000 UTC,3URUY5G8dwhwWyTUMAygMSqU89jD1sRVnNxc5Tjipump,0.000007732359545017175
2026-09-11 21:07:00.000 UTC,3URUY5G8dwhwWyTUMAygMSqU89jD1sRVnNxc5Tjipump,0.0000079486726741927
2026-09-11 21:08:00.000 UTC,3URUY5G8dwhwWyTUMAygMSqU89jD1sRVnNxc5Tjipump,0.000004583662642227207
2026-09-11 21:09:00.000 UTC,3URUY5G8dwhwWyTUMAygMSqU89jD1sRVnNxc5Tjipump,0.00000468918043873377
2026-09-11 21:10:00.000 UTC,3URUY5G8dwhwWyTUMAygMSqU89jD1sRVnNxc5Tjipump,0.000003865542849667574
2026-09-11 21:11:00.000 UTC,3URUY5G8dwhwWyTUMAygMSqU89jD1sRVnNxc5Tjipump,0.000004210786844027793
2026-09-11 21:12:00.000 UTC,3URUY5G8dwhwWyTUMAygMSqU89jD1sRVnNxc5Tjipump,0.000004046689704177588
2026-09-11 21:13:00.000 UTC,3URUY5G8dwhwWyTUMAygMSqU89jD1sRVnNxc5Tjipump,0.000004044497011519045
2026-09-11 21:15:00.000 UTC,3URUY5G8dwhwWyTUMAygMSqU89jD1sRVnNxc5Tjipump,0.000003770128360172042
2026-09-11 21:17:00.000 UTC,3URUY5G8dwhwWyTUMAygMSqU89jD1sRVnNxc5Tjipump,0.000004104869982868341
2026-09-11 21:18:00.000 UTC,3URUY5G8dwhwWyTUMAygMSqU89jD1sRVnNxc5Tjipump,0.000004210443708007899
2026-09-11 21:19:00.000 UTC,3URUY5G8dwhwWyTUMAygMSqU89jD1sRVnNxc5Tjipump,0.000004249062362785759
2026-09-11 21:31:00.000 UTC,3URUY5G8dwhwWyTUMAygMSqU89jD1sRVnNxc5Tjipump,0.000003866630308506985
2026-09-11 21:32:00.000 UTC,3URUY5G8dwhwWyTUMAygMSqU89jD1sRVnNxc5Tjipump,0.0000038881453219393355
2026-09-11 21:56:00.000 UTC,3URUY5G8dwhwWyTUMAygMSqU89jD1sRVnNxc5Tjipump,0.0000037266678467651302
2026-09-11 22:02:00.000 UTC,3URUY5G8dwhwWyTUMAygMSqU89jD1sRVnNxc5Tjipump,0.000003746028252724548
2026-09-13 04:22:00.000 UTC,3URUY5G8dwhwWyTUMAygMSqU89jD1sRVnNxc5Tjipump,0.000002953670241653351
2026-08-26 12:17:00.000 UTC,3Us57hYRC2PtNE5dxhQJwov5JTWWxpWfgcWQVC9Fpump,0.000003666712195900884
2026-08-26 12:24:00.000 UTC,3Us57hYRC2PtNE5dxhQJwov5JTWWxpWfgcWQVC9Fpump,0.000002709226621337025
2026-08-26 12:27:00.000 UTC,3Us57hYRC2PtNE5dxhQJwov5JTWWxpWfgcWQVC9Fpump,0.0000027201306294105175
2026-08-26 12:32:00.000 UTC,3Us57hYRC2PtNE5dxhQJwov5JTWWxpWfgcWQVC9Fpump,0.0000027248836585707572
2026-08-26 12:33:00.000 UTC,3Us57hYRC2PtNE5dxhQJwov5JTWWxpWfgcWQVC9Fpump,0.0000027248836585707572
2026-08-26 12:40:00.000 UTC,3Us57hYRC2PtNE5dxhQJwov5JTWWxpWfgcWQVC9Fpump,0.0000027044736687870866
2026-08-26 12:41:00.000 UTC,3Us57hYRC2PtNE5dxhQJwov5JTWWxpWfgcWQVC9Fpump,0.0000027044735921767843
2026-08-26 12:44:00.000 UTC,3Us57hYRC2PtNE5dxhQJwov5JTWWxpWfgcWQVC9Fpump,0.0000027044735921767843
2026-08-26 12:45:00.000 UTC,3Us57hYRC2PtNE5dxhQJwov5JTWWxpWfgcWQVC9Fpump,0.0000027089470313864224
2026-08-26 12:51:00.000 UTC,3Us57hYRC2PtNE5dxhQJwov5JTWWxpWfgcWQVC9Fpump,0.0000027148184203490717
2026-08-26 12:57:00.000 UTC,3Us57hYRC2PtNE5dxhQJwov5JTWWxpWfgcWQVC9Fpump,0.000002713140880645458
2026-08-26 13:05:00.000 UTC,3Us57hYRC2PtNE5dxhQJwov5JTWWxpWfgcWQVC9Fpump,0.000002710624647874579
2026-08-26 13:18:00.000 UTC,3Us57hYRC2PtNE5dxhQJwov5JTWWxpWfgcWQVC9Fpump,0.0000027022368725719654
2026-08-26 13:41:00.000 UTC,3Us57hYRC2PtNE5dxhQJwov5JTWWxpWfgcWQVC9Fpump,0.0000027008389228189534
2026-08-26 13:53:00.000 UTC,3Us57hYRC2PtNE5dxhQJwov5JTWWxpWfgcWQVC9Fpump,0.0000027019572826213626
2026-08-26 13:54:00.000 UTC,3Us57hYRC2PtNE5dxhQJwov5JTWWxpWfgcWQVC9Fpump,0.0000027019574356994065
2026-08-26 14:00:00.000 UTC,3Us57hYRC2PtNE5dxhQJwov5JTWWxpWfgcWQVC9Fpump,0.0000026997205630165437
2026-08-26 14:02:00.000 UTC,3Us57hYRC2PtNE5dxhQJwov5JTWWxpWfgcWQVC9Fpump,0.0000026997205630165437
2026-08-26 14:05:00.000 UTC,3Us57hYRC2PtNE5dxhQJwov5JTWWxpWfgcWQVC9Fpump,0.0000027078286715840123
2026-08-26 14:09:00.000 UTC,3Us57hYRC2PtNE5dxhQJwov5JTWWxpWfgcWQVC9Fpump,0.0000027078286715840123
2026-08-26 14:10:00.000 UTC,3Us57hYRC2PtNE5dxhQJwov5JTWWxpWfgcWQVC9Fpump,0.0000027083878514852176
2026-08-26 14:11:00.000 UTC,3Us57hYRC2PtNE5dxhQJwov5JTWWxpWfgcWQVC9Fpump,0.0000027083878514852176
2026-08-26 14:15:00.000 UTC,3Us57hYRC2PtNE5dxhQJwov5JTWWxpWfgcWQVC9Fpump,0.0000027047532587456088
2026-08-26 14:17:00.000 UTC,3Us57hYRC2PtNE5dxhQJwov5JTWWxpWfgcWQVC9Fpump,0.0000027047531821273867
2026-08-19 04:39:00.000 UTC,3UtA7xwCViXKkVEUT2adVicZNyDymeWrvRz94kDmpump,0.0000025814749975406345
2026-09-01 02:16:00.000 UTC,3XTsyv92sRrC6fEFXafvPxiRD84hS5SNoUMZubgPpump,0.0000028808379819481675
2026-09-01 02:17:00.000 UTC,3XTsyv92sRrC6fEFXafvPxiRD84hS5SNoUMZubgPpump,0.000002888916440375205
2026-09-01 20:17:00.000 UTC,3XTsyv92sRrC6fEFXafvPxiRD84hS5SNoUMZubgPpump,0.0000028061882392262926
2026-08-18 18:11:00.000 UTC,3YVXDBkuKr2t1XDXMG7ZwCZBivBKy1VqqkVX3cHTKdq8,0.0000024672506520223725
2026-08-19 03:29:00.000 UTC,3Yra7wtVUXM3ooXuGMyGrvcaYYbBTeQszpJXgTCqpump,0.0000022590337675783377
2026-08-19 03:30:00.000 UTC,3Yra7wtVUXM3ooXuGMyGrvcaYYbBTeQszpJXgTCqpump,0.0000021617880097597367
2026-08-27 23:33:00.000 UTC,3fjZBCA98PViKUpKbyHMyNy4DvSALtQZYUBXQrgCpump,0.000010875353013755114
2026-08-27 23:34:00.000 UTC,3fjZBCA98PViKUpKbyHMyNy4DvSALtQZYUBXQrgCpump,0.0000031576774753215252
2026-08-27 23:35:00.000 UTC,3fjZBCA98PViKUpKbyHMyNy4DvSALtQZYUBXQrgCpump,0.0000031290617163786194
2026-09-09 07:26:00.000 UTC,3gH28zmADQ4cNv5NGQV8G3Z4En8snqh1CNEeYLw1pump,0.0000034355830230924284
2026-09-09 16:47:00.000 UTC,3gH28zmADQ4cNv5NGQV8G3Z4En8snqh1CNEeYLw1pump,0.0000028907779684724865
2026-08-19 21:06:00.000 UTC,3gQMHMWaQx4iLNe5czRPJDBFso7Gb4sSEkfT7Hg7pump,0.0000024628464174139256
2026-08-31 23:32:00.000 UTC,3gRWJc3m5jYZHURuMxVbq83uKi9hC6V1MPrygZWupump,0.000003502561905393858
2026-08-26 08:45:00.000 UTC,3gmVHmckLwe2NiC4sxM4zF6TsZQuTYfGZ9ned5F2pump,0.0000060336946267432826
2026-08-26 08:46:00.000 UTC,3gmVHmckLwe2NiC4sxM4zF6TsZQuTYfGZ9ned5F2pump,0.0000038106117353504958
2026-08-26 08:47:00.000 UTC,3gmVHmckLwe2NiC4sxM4zF6TsZQuTYfGZ9ned5F2pump,0.000004439180145941987
2026-08-26 08:48:00.000 UTC,3gmVHmckLwe2NiC4sxM4zF6TsZQuTYfGZ9ned5F2pump,0.0000029117854691117867
2026-08-26 08:49:00.000 UTC,3gmVHmckLwe2NiC4sxM4zF6TsZQuTYfGZ9ned5F2pump,0.000002894655206510552
2026-08-26 08:50:00.000 UTC,3gmVHmckLwe2NiC4sxM4zF6TsZQuTYfGZ9ned5F2pump,0.000002922391206653462
2026-08-15 23:14:00.000 UTC,3iKQLYfALofP9gmKhtAWXqJbN6LwJatveVu4Gem1pump,3.91065355274282e-7
2026-08-15 23:15:00.000 UTC,3iKQLYfALofP9gmKhtAWXqJbN6LwJatveVu4Gem1pump,2.506355183713486e-7
2026-08-15 23:16:00.000 UTC,3iKQLYfALofP9gmKhtAWXqJbN6LwJatveVu4Gem1pump,1.2625464926193375e-7
2026-08-20 22:19:00.000 UTC,3jnEVADmyMNQcNYQH29Erpx7fYFntpUiwQ1yNrsqpump,0.0000026772618462139305
2026-08-26 13:44:00.000 UTC,3jyu1DDD6inzfx6ej3xnsipMLyNYBEP4kQwF7fGQpump,0.000004271624433475611
2026-08-22 09:19:00.000 UTC,3kvJgr3f7cBTYNfn31WX5eLQPnULJu89XVQJkYs8pump,0.0000010531768027549618
2025-02-19 00:20:00.000 UTC,3onJ6zJNeFRKDTCtjMY6Fiqf8fsKji8WtNKmPUm9pump,0.000004882744641192931
2026-08-24 11:48:00.000 UTC,3onJ6zJNeFRKDTCtjMY6Fiqf8fsKji8WtNKmPUm9pump,0.0000027841605887532543
2026-08-25 05:53:00.000 UTC,3p7fHd76xcfhNnEENuWm52J2W3iYZRgw3K23D1sv1yhh,0.0000028519288909674448
2026-08-21 18:08:00.000 UTC,3pcyaChY2zfMZYBBa2qpZxpS9p3x5tAMZW2qBErjGo1C,0.09183000000000001
2026-09-13 00:05:00.000 UTC,3sah2VCT7HRHSj5DrFmwvQkxnAvhD8eKdDJsi8YMpump,0.0000030573895425610506
2026-09-13 00:06:00.000 UTC,3sah2VCT7HRHSj5DrFmwvQkxnAvhD8eKdDJsi8YMpump,0.0000031550177363934195
2026-08-31 15:37:00.000 UTC,3v5NY1U5YzukhZcf9hmkmjDty8H4nVMehChKUxBBpump,8.336893062512397e-7
2026-08-31 15:38:00.000 UTC,3v5NY1U5YzukhZcf9hmkmjDty8H4nVMehChKUxBBpump,2.466560695709744e-7
2026-08-16 23:34:00.000 UTC,3vExzJgcFE2aBLoeV2vxsVSeJc8Du5FjS8hAsZNgpump,0.000002082026592250231
2026-09-04 04:05:00.000 UTC,3vguvfF3RYLC6aPqjvc7vgp6XNwYQtZzzLZtjQZtpump,0.000003155697211879474
2026-09-04 04:06:00.000 UTC,3vguvfF3RYLC6aPqjvc7vgp6XNwYQtZzzLZtjQZtpump,0.000003236564299564378
2026-09-04 04:07:00.000 UTC,3vguvfF3RYLC6aPqjvc7vgp6XNwYQtZzzLZtjQZtpump,0.0000032537703406230424
2026-09-04 04:10:00.000 UTC,3vguvfF3RYLC6aPqjvc7vgp6XNwYQtZzzLZtjQZtpump,0.0000033543874278815553
2026-05-07 05:24:00.000 UTC,3wVbGVfnVZK5gDxhih2wT6mK6ewNR9CCF7C21GiUZ5dQ,0.000004568492507546113
2026-05-07 06:43:00.000 UTC,3wVbGVfnVZK5gDxhih2wT6mK6ewNR9CCF7C21GiUZ5dQ,0.0000025447157424635063
2026-05-07 11:01:00.000 UTC,3wVbGVfnVZK5gDxhih2wT6mK6ewNR9CCF7C21GiUZ5dQ,0.0000025058988032890614
2026-05-08 15:53:00.000 UTC,3wVbGVfnVZK5gDxhih2wT6mK6ewNR9CCF7C21GiUZ5dQ,0.0000025141634864879802
2026-05-17 10:22:00.000 UTC,3wVbGVfnVZK5gDxhih2wT6mK6ewNR9CCF7C21GiUZ5dQ,0.000002515176144356354
2026-08-24 18:44:00.000 UTC,3wVbGVfnVZK5gDxhih2wT6mK6ewNR9CCF7C21GiUZ5dQ,0.0000026975375954357384
2026-08-29 04:03:00.000 UTC,3xci2tRsJuR8WCqTTfwu7aGBo9atqY95CooT3o4Cpump,0.000005539031436330524
2026-08-29 04:04:00.000 UTC,3xci2tRsJuR8WCqTTfwu7aGBo9atqY95CooT3o4Cpump,0.00000294708445427202
2026-08-29 04:05:00.000 UTC,3xci2tRsJuR8WCqTTfwu7aGBo9atqY95CooT3o4Cpump,0.0000013856595507252115
2026-08-29 04:06:00.000 UTC,3xci2tRsJuR8WCqTTfwu7aGBo9atqY95CooT3o4Cpump,9.107322039357942e-7
2026-08-29 04:07:00.000 UTC,3xci2tRsJuR8WCqTTfwu7aGBo9atqY95CooT3o4Cpump,1.740127912123678e-7
2026-08-25 07:35:00.000 UTC,3xxHwKRyvkJkvXG4UuhRdVJEaAkvwfXuRzsaUDSxpump,0.000002837374939067828
2026-09-08 22:26:00.000 UTC,3yQ2wCoKvTW7cPNqWiu8DVBrMR3PSxWWS15apPeUpump,9.17307458326428e-7
2026-09-08 22:27:00.000 UTC,3yQ2wCoKvTW7cPNqWiu8DVBrMR3PSxWWS15apPeUpump,6.104613904710201e-8
2026-09-08 22:28:00.000 UTC,3yQ2wCoKvTW7cPNqWiu8DVBrMR3PSxWWS15apPeUpump,2.4816754972291346e-9
2026-08-18 00:10:00.000 UTC,3zDcPB4GMW57hQq1TQAnmUkqTBZFmNYDH5S1mYu3pump,0.000007450509874218413
2026-08-18 00:11:00.000 UTC,3zDcPB4GMW57hQq1TQAnmUkqTBZFmNYDH5S1mYu3pump,0.000015811951140899997
2026-08-18 00:12:00.000 UTC,3zDcPB4GMW57hQq1TQAnmUkqTBZFmNYDH5S1mYu3pump,0.00002554056455366314
2026-08-28 21:27:00.000 UTC,3zh8ePGrd9kiY72ogP9y21LGmAPfHsLWaCZmrr6rpump,0.000010028595456393397
2026-08-22 01:31:00.000 UTC,41kWHDyauY6cft3uT5U28kLsa5D8tAEafs1KyUUypump,0.00003132195404484677
2026-08-27 20:53:00.000 UTC,427ZfWe2Jiy2kvGThXwurkLuh7xJe1GquvYjZDbmpump,0.000005865570439660455
2026-08-27 20:54:00.000 UTC,427ZfWe2Jiy2kvGThXwurkLuh7xJe1GquvYjZDbmpump,0.0000031826646410842865
2026-08-26 18:54:00.000 UTC,43Giv4znMx8BywSTgWRUwWqa7SBkyEVzHbeMtAHDpump,0.000004219481125000734
2026-08-26 19:05:00.000 UTC,43Giv4znMx8BywSTgWRUwWqa7SBkyEVzHbeMtAHDpump,0.0000027075667595557065
2026-09-04 21:55:00.000 UTC,44XANyuQLbcLVgoUBqqR5H7F36rCpKDzAEiZBmfBpump,0.0000028426712452172505
2026-09-04 21:56:00.000 UTC,44XANyuQLbcLVgoUBqqR5H7F36rCpKDzAEiZBmfBpump,0.0000028428853634697834
2026-09-04 21:59:00.000 UTC,44XANyuQLbcLVgoUBqqR5H7F36rCpKDzAEiZBmfBpump,0.0000028430724874412086
2026-09-04 22:01:00.000 UTC,44XANyuQLbcLVgoUBqqR5H7F36rCpKDzAEiZBmfBpump,0.0000028446587217509753
2026-09-04 22:07:00.000 UTC,44XANyuQLbcLVgoUBqqR5H7F36rCpKDzAEiZBmfBpump,0.0000028470846642073817
2026-09-04 22:10:00.000 UTC,44XANyuQLbcLVgoUBqqR5H7F36rCpKDzAEiZBmfBpump,0.00000284895119217181
2026-09-04 22:14:00.000 UTC,44XANyuQLbcLVgoUBqqR5H7F36rCpKDzAEiZBmfBpump,0.0000028499798376295965
2026-09-04 02:29:00.000 UTC,45YxPtCbFJbcC8KATLhSqpqqCRtGi5Wm8mHG2oKupump,0.00000289608196899945
2026-08-25 23:17:00.000 UTC,4689JUsFGRAcfxU8oR5fFitTMo9gAAAcfwiiASzJpump,0.000006756663069748299
2026-08-25 22:36:00.000 UTC,46DMbLHgaa38G2NggEoJh89cZFVUwHFZnafVKNy2pump,0.000001956142961834408
2026-08-25 22:37:00.000 UTC,46DMbLHgaa38G2NggEoJh89cZFVUwHFZnafVKNy2pump,0.0000011082886083519215
2026-08-20 18:14:00.000 UTC,47APktmdTjEEjdfCNpKg3nZ2BTkz6sSRRriXX1C8pump,0.0000024349776168742796
2026-09-06 22:42:00.000 UTC,48kCKhuDuZhvSDiabMJxC4H3UabFQcSrXvU8A4VBpump,0.0000029725930338984124
2026-09-06 22:43:00.000 UTC,48kCKhuDuZhvSDiabMJxC4H3UabFQcSrXvU8A4VBpump,0.0000032801055074880866
2026-09-06 22:45:00.000 UTC,48kCKhuDuZhvSDiabMJxC4H3UabFQcSrXvU8A4VBpump,0.0000033290704907674855
2026-09-05 08:46:00.000 UTC,49YY93tbAM8ULBZef5aEQomHV63LRtL3YPf8mf6Mpump,5.262436074571488e-7
2026-09-05 08:47:00.000 UTC,49YY93tbAM8ULBZef5aEQomHV63LRtL3YPf8mf6Mpump,0.000001585167777487411
2026-08-29 02:09:00.000 UTC,49kM965q7swGdfJo3Q85fGi6dv6TzuJcfJSGVG8Xpump,0.000002921656663560439
2026-08-28 09:28:00.000 UTC,4AX3GUXCmsGm7SfFxP7Dodv4RLknFiuxYg4rvaMHpump,0.000003040593434948337
2026-08-28 09:29:00.000 UTC,4AX3GUXCmsGm7SfFxP7Dodv4RLknFiuxYg4rvaMHpump,0.0000030081590556738106
2026-08-20 03:46:00.000 UTC,4BM8BgTvnwL7x7zhtA2WQ9haDkz8JRFnepVwfMKHpump,0.0000023589803272482523
2026-09-06 06:18:00.000 UTC,4CV5uxbWy95e7bX2SrV4KakNZpVGEbPpN5HiMJVepump,0.000003015633770325124
2026-09-06 06:20:00.000 UTC,4CV5uxbWy95e7bX2SrV4KakNZpVGEbPpN5HiMJVepump,0.0000030188445744366073
2026-09-06 06:21:00.000 UTC,4CV5uxbWy95e7bX2SrV4KakNZpVGEbPpN5HiMJVepump,0.0000030420849353252854
2026-09-06 06:23:00.000 UTC,4CV5uxbWy95e7bX2SrV4KakNZpVGEbPpN5HiMJVepump,0.0000030998226145793346
2026-09-06 06:24:00.000 UTC,4CV5uxbWy95e7bX2SrV4KakNZpVGEbPpN5HiMJVepump,0.000003082996879441491
2026-09-06 06:26:00.000 UTC,4CV5uxbWy95e7bX2SrV4KakNZpVGEbPpN5HiMJVepump,0.000003106736091447468
2026-09-04 01:23:00.000 UTC,4GA4Ze8pL8UScmWkPhsJG4exs2gTBgo3Nu17fzh1pump,0.00000290819044251518
2026-09-11 05:00:00.000 UTC,4GWsoJpx516Q6EFktosFYG7UX5rdMsvim7w2q1oTpump,0.0000029931426804057017
2026-09-11 05:01:00.000 UTC,4GWsoJpx516Q6EFktosFYG7UX5rdMsvim7w2q1oTpump,0.0000032290943359567627
2026-09-11 05:02:00.000 UTC,4GWsoJpx516Q6EFktosFYG7UX5rdMsvim7w2q1oTpump,0.0000033533131738339285
2026-09-11 05:03:00.000 UTC,4GWsoJpx516Q6EFktosFYG7UX5rdMsvim7w2q1oTpump,0.000003419422020770875
2026-09-11 05:04:00.000 UTC,4GWsoJpx516Q6EFktosFYG7UX5rdMsvim7w2q1oTpump,0.000004578883000623068
2026-09-11 05:05:00.000 UTC,4GWsoJpx516Q6EFktosFYG7UX5rdMsvim7w2q1oTpump,0.000008315885759585862
2026-09-11 05:06:00.000 UTC,4GWsoJpx516Q6EFktosFYG7UX5rdMsvim7w2q1oTpump,0.000008938109540206483
2026-09-11 05:07:00.000 UTC,4GWsoJpx516Q6EFktosFYG7UX5rdMsvim7w2q1oTpump,0.000002808816288129189
2026-09-11 05:08:00.000 UTC,4GWsoJpx516Q6EFktosFYG7UX5rdMsvim7w2q1oTpump,0.000002806863363938204
2026-08-30 18:05:00.000 UTC,4K2RbV8m5s7G9kfvZpoj3oGwyEnM3xnktAZFJeC4pump,0.000006848973737205512
2026-08-30 18:36:00.000 UTC,4K2RbV8m5s7G9kfvZpoj3oGwyEnM3xnktAZFJeC4pump,0.000011339607182395817
2026-08-30 18:37:00.000 UTC,4K2RbV8m5s7G9kfvZpoj3oGwyEnM3xnktAZFJeC4pump,0.000011344058522937353
2026-08-30 19:29:00.000 UTC,4K2RbV8m5s7G9kfvZpoj3oGwyEnM3xnktAZFJeC4pump,0.000018872295971423607
2026-08-30 19:30:00.000 UTC,4K2RbV8m5s7G9kfvZpoj3oGwyEnM3xnktAZFJeC4pump,0.00002661387917398044
2026-08-30 19:33:00.000 UTC,4K2RbV8m5s7G9kfvZpoj3oGwyEnM3xnktAZFJeC4pump,0.00003891500023788283
2026-08-30 20:07:00.000 UTC,4K2RbV8m5s7G9kfvZpoj3oGwyEnM3xnktAZFJeC4pump,0.00003875214507678112
2026-08-30 20:08:00.000 UTC,4K2RbV8m5s7G9kfvZpoj3oGwyEnM3xnktAZFJeC4pump,0.00003875648724889224
2026-08-30 20:35:00.000 UTC,4K2RbV8m5s7G9kfvZpoj3oGwyEnM3xnktAZFJeC4pump,0.0000385240473335896
2026-08-30 20:56:00.000 UTC,4K2RbV8m5s7G9kfvZpoj3oGwyEnM3xnktAZFJeC4pump,0.00003848665908519399
2026-08-30 23:47:00.000 UTC,4K2RbV8m5s7G9kfvZpoj3oGwyEnM3xnktAZFJeC4pump,0.000037176919825117046
2026-08-31 00:37:00.000 UTC,4K2RbV8m5s7G9kfvZpoj3oGwyEnM3xnktAZFJeC4pump,0.00003744142530542677
2026-08-31 00:38:00.000 UTC,4K2RbV8m5s7G9kfvZpoj3oGwyEnM3xnktAZFJeC4pump,0.00003744334077992962
2026-08-31 00:40:00.000 UTC,4K2RbV8m5s7G9kfvZpoj3oGwyEnM3xnktAZFJeC4pump,0.00003748568892199937
2026-08-31 21:38:00.000 UTC,4K2RbV8m5s7G9kfvZpoj3oGwyEnM3xnktAZFJeC4pump,0.00003800641290637512
2026-09-03 07:28:00.000 UTC,4K2RbV8m5s7G9kfvZpoj3oGwyEnM3xnktAZFJeC4pump,0.00003697511714141085
2026-09-03 07:29:00.000 UTC,4K2RbV8m5s7G9kfvZpoj3oGwyEnM3xnktAZFJeC4pump,0.0000369733086470118
2026-09-03 07:30:00.000 UTC,4K2RbV8m5s7G9kfvZpoj3oGwyEnM3xnktAZFJeC4pump,0.000036944486529415054
2026-09-03 09:21:00.000 UTC,4K2RbV8m5s7G9kfvZpoj3oGwyEnM3xnktAZFJeC4pump,0.0000368188588297024
2026-09-06 01:00:00.000 UTC,4K2RbV8m5s7G9kfvZpoj3oGwyEnM3xnktAZFJeC4pump,0.00003783434615792615
2026-09-06 01:01:00.000 UTC,4K2RbV8m5s7G9kfvZpoj3oGwyEnM3xnktAZFJeC4pump,0.00003783365852673568
2026-09-03 19:02:00.000 UTC,4KymPhUWpQc5JQsL9aYztCfrTCwT3mjAN9BrgEvcpump,0.0000029553558964182265
2026-09-07 10:34:00.000 UTC,4M3FUH4Vpgk7pVMypBw5wnhY4ULP7y9atmCp7k7upump,0.0000029446521045017436
2026-09-07 10:36:00.000 UTC,4M3FUH4Vpgk7pVMypBw5wnhY4ULP7y9atmCp7k7upump,0.000002943031551537916
2026-09-09 20:32:00.000 UTC,4M8Q7zmA6miDv7aaGr6cfsuJX9snsUTqnqj7GVnjpump,0.000016928032369225035
2026-08-31 13:49:00.000 UTC,4MhEY1LapRv7gFFu1kkXRoSbYzZG74Cvzy26mTEKpump,0.0000030622905490849597
2026-09-07 00:46:00.000 UTC,4MqWcS8GBaoHmnhrNuXvEN9qSkaXkzguAheTcE2Mpump,0.0000031202887223043313
2026-08-28 01:00:00.000 UTC,4NVZB3ek5Rfu9rJyXyRu8MR9YU5mUDTsish6MeF4pump,0.0000033505623682652433
2026-09-10 16:49:00.000 UTC,4NyhyHMnTMCqEtdbkS7CAwTWRbACWy2sxuAsh6Ptpump,0.0000028448701122324975
2026-09-10 16:53:00.000 UTC,4NyhyHMnTMCqEtdbkS7CAwTWRbACWy2sxuAsh6Ptpump,0.0000028614018562746074
2026-09-10 16:54:00.000 UTC,4NyhyHMnTMCqEtdbkS7CAwTWRbACWy2sxuAsh6Ptpump,0.0000030426626720900674
2026-08-26 08:40:00.000 UTC,4PAKg76jtMDK26UKikbbbtiHdCrcQHQkcuLK3Z6f7WBt,0.0000027161487805816186
2026-08-16 14:24:00.000 UTC,4PcBSYLhDveKi2LUdrSKy8i3xcSg7zyFN1rsHG4bpump,0.00000283667413469768
2026-09-07 08:18:00.000 UTC,4RoHVsPXWsLbgUGvW7pcsomAYFvyFCLpNLnVmRY6pump,0.0000029251941334765697
2026-09-10 07:53:00.000 UTC,4S2vDudpQqAVrjX8Dx5TbpEjPYSz8pjtm2b1w5oVpump,0.0000028305171028073887
2026-08-26 15:20:00.000 UTC,4TGXQPdLJQDm7kbBR3hssvw2di8kL8PNj16z2uPwpump,0.000002675610355232362
2026-08-26 15:22:00.000 UTC,4TGXQPdLJQDm7kbBR3hssvw2di8kL8PNj16z2uPwpump,0.0000027308483400474887
2026-08-26 15:32:00.000 UTC,4TGXQPdLJQDm7kbBR3hssvw2di8kL8PNj16z2uPwpump,0.0000027151424138335516
2026-08-26 18:25:00.000 UTC,4TGXQPdLJQDm7kbBR3hssvw2di8kL8PNj16z2uPwpump,0.0000027243903138663047
2026-08-27 09:25:00.000 UTC,4TGXQPdLJQDm7kbBR3hssvw2di8kL8PNj16z2uPwpump,0.000002957479922985168
2026-08-27 09:26:00.000 UTC,4TGXQPdLJQDm7kbBR3hssvw2di8kL8PNj16z2uPwpump,0.0000029838451005036956
2026-08-27 09:27:00.000 UTC,4TGXQPdLJQDm7kbBR3hssvw2di8kL8PNj16z2uPwpump,0.0000030104187700155347
2026-08-27 09:28:00.000 UTC,4TGXQPdLJQDm7kbBR3hssvw2di8kL8PNj16z2uPwpump,0.0000030591487257026114
2026-08-27 09:29:00.000 UTC,4TGXQPdLJQDm7kbBR3hssvw2di8kL8PNj16z2uPwpump,0.0000031555771662325375
2026-08-27 09:31:00.000 UTC,4TGXQPdLJQDm7kbBR3hssvw2di8kL8PNj16z2uPwpump,0.0000032409929150708037
2026-08-27 11:10:00.000 UTC,4TGXQPdLJQDm7kbBR3hssvw2di8kL8PNj16z2uPwpump,0.0000029511483511489297
2026-09-01 16:40:00.000 UTC,4U7L9StVRbZmDy32NLNHbJunnSTfkvcBDoiycqSaRXJU,0.000004111992234946918
2026-09-01 16:41:00.000 UTC,4U7L9StVRbZmDy32NLNHbJunnSTfkvcBDoiycqSaRXJU,0.0000041869216683030175
2026-08-28 04:57:00.000 UTC,4XSdZWSCBNxHDsJAvwvktHW7SPKxuBAfYfXKYDo9pump,0.0000034453946723622017
2026-08-28 04:58:00.000 UTC,4XSdZWSCBNxHDsJAvwvktHW7SPKxuBAfYfXKYDo9pump,0.0000030473902687898875
2026-08-15 15:49:00.000 UTC,4Y7WzhPaQgYNXfBRXPVc3QS3e2Lefv28ASmSdFzBpump,0.0000021307346590504178
2026-08-21 21:44:00.000 UTC,4Y7qwsmeidgXTYLohPgnxvhQSDi8EsoUa8cYJT4ipump,0.000005010343342900897
2026-09-01 00:22:00.000 UTC,4airkbiS2i59RyUvfXi7nad8Wp4E74K1jRySL2uhpump,0.000006455153532008847
2026-09-01 00:23:00.000 UTC,4airkbiS2i59RyUvfXi7nad8Wp4E74K1jRySL2uhpump,0.000004576084699788184
2026-09-01 00:24:00.000 UTC,4airkbiS2i59RyUvfXi7nad8Wp4E74K1jRySL2uhpump,0.000006745677105131706
2026-09-01 00:25:00.000 UTC,4airkbiS2i59RyUvfXi7nad8Wp4E74K1jRySL2uhpump,0.000009545427246773926
2026-09-01 00:26:00.000 UTC,4airkbiS2i59RyUvfXi7nad8Wp4E74K1jRySL2uhpump,0.000026798901511793707
2026-09-03 23:01:00.000 UTC,4bUEPsAgJE5HYuHQAxttLmG1ZpH8JPXvsSpH5az6pump,0.000003630500524164983
2026-09-03 23:02:00.000 UTC,4bUEPsAgJE5HYuHQAxttLmG1ZpH8JPXvsSpH5az6pump,0.00000124076606959786
2026-09-03 23:04:00.000 UTC,4bUEPsAgJE5HYuHQAxttLmG1ZpH8JPXvsSpH5az6pump,1.3829770718417504e-7
2026-09-03 23:05:00.000 UTC,4bUEPsAgJE5HYuHQAxttLmG1ZpH8JPXvsSpH5az6pump,8.734682635501373e-8
2026-09-03 23:07:00.000 UTC,4bUEPsAgJE5HYuHQAxttLmG1ZpH8JPXvsSpH5az6pump,6.40959575777724e-8
2026-09-03 23:08:00.000 UTC,4bUEPsAgJE5HYuHQAxttLmG1ZpH8JPXvsSpH5az6pump,2.937804729328824e-8
2026-09-03 23:09:00.000 UTC,4bUEPsAgJE5HYuHQAxttLmG1ZpH8JPXvsSpH5az6pump,1.677797013274962e-8
2026-08-28 16:50:00.000 UTC,4d36BSmagXZG6LsduPZFiyZzQNP8ScQenmrhtYNSpump,0.000003243764455010886
2026-08-28 23:40:00.000 UTC,4dajuTWsiayu5RvdKB97deNnbqgquMWbBpSW21ASpump,0.0000029552941765616755
2026-08-28 23:41:00.000 UTC,4dajuTWsiayu5RvdKB97deNnbqgquMWbBpSW21ASpump,0.000003216216268091914
2026-08-28 23:42:00.000 UTC,4dajuTWsiayu5RvdKB97deNnbqgquMWbBpSW21ASpump,0.0000033670760890691097
2026-08-28 23:44:00.000 UTC,4dajuTWsiayu5RvdKB97deNnbqgquMWbBpSW21ASpump,0.0000033770111494790743
2026-08-29 19:59:00.000 UTC,4dwMZGv5LN72ExLFppFQt2MDd3yiTSDUpGw2FM1mpump,0.000003707103927378005
2026-08-27 18:33:00.000 UTC,4eS4kSTrLFGudNmouoBAorCfXQtRLAo8zkwnWZ6wpump,0.0000039725094851698065
2026-08-27 18:34:00.000 UTC,4eS4kSTrLFGudNmouoBAorCfXQtRLAo8zkwnWZ6wpump,5.852552308547264e-7
2026-08-29 21:34:00.000 UTC,4fBqszvcn7HuEJPfjn67wpMHHgdt8kXSL1wagYxBpump,0.0000036468002601871228
2026-08-29 21:35:00.000 UTC,4fBqszvcn7HuEJPfjn67wpMHHgdt8kXSL1wagYxBpump,0.000003962215355834767
2026-08-29 21:49:00.000 UTC,4fBqszvcn7HuEJPfjn67wpMHHgdt8kXSL1wagYxBpump,0.0000030357652578772634
2026-08-29 21:51:00.000 UTC,4fBqszvcn7HuEJPfjn67wpMHHgdt8kXSL1wagYxBpump,0.0000030423340392571744
2026-08-29 22:00:00.000 UTC,4fBqszvcn7HuEJPfjn67wpMHHgdt8kXSL1wagYxBpump,0.0000030855955598763
2026-08-24 20:00:00.000 UTC,4fmFrpc7FVZEoq7NZZpTsQDfHQNQewjxGVcDGYTDpump,0.0000011189531909718662
2026-08-24 20:01:00.000 UTC,4fmFrpc7FVZEoq7NZZpTsQDfHQNQewjxGVcDGYTDpump,7.508532424061948e-7
2026-08-22 04:56:00.000 UTC,4fpyiFTaXbsf8aeBghufWspU5jCPgCkMbkesDm36pump,0.000003288605227568742
2026-09-05 19:01:00.000 UTC,4gYSGb4QxkGxkvsanT9iXVz8sBVRSARtkS4s4rkrtuUh,0.000003526285706683426
2026-08-25 14:43:00.000 UTC,4iZbCJNAQzxFqHsjWr4Q8A5hJoLU8nGUEKjeNy6spump,0.0000024235398412094032
2026-08-25 14:44:00.000 UTC,4iZbCJNAQzxFqHsjWr4Q8A5hJoLU8nGUEKjeNy6spump,0.0000022332398332370994
2026-08-31 02:29:00.000 UTC,4iyW5qcd7p4kzPzzDYV91tBXyP2YedxaMJAuzqbXpump,0.000003786594620496172
2026-08-29 10:44:00.000 UTC,4jQGqeUnLWdSePANJSrNv8nNmMBv7EsJ7Lzw5aVYpump,0.000003131967123880194
2026-08-18 15:16:00.000 UTC,4kfHYQZp3RGdZ5XRUh19c3iG9VvW1tBd3d4ZQXcQpump,0.0000030346294602023548
2026-08-19 03:05:00.000 UTC,4kfHYQZp3RGdZ5XRUh19c3iG9VvW1tBd3d4ZQXcQpump,0.0000021564808785884375
2026-09-01 12:46:00.000 UTC,4n6rPnBpkF45jENyZhL5WbdqP6V68mmtPQURYSSopump,0.000002849956913078279
2026-09-06 06:27:00.000 UTC,4oPHcmdSGsau6piy1jMgCiDpw9tZbRgFtioWgrYJpump,0.0000032073487884437243
2026-08-20 10:40:00.000 UTC,4oqzAM5enzWBZEKTmcbBEM9w2NMa6bJimVWWG6Acpump,0.000004927758514994655
2026-08-20 10:41:00.000 UTC,4oqzAM5enzWBZEKTmcbBEM9w2NMa6bJimVWWG6Acpump,0.000005304456950906175
2026-08-16 19:26:00.000 UTC,4pAshcprP1prxDjwfQVGTQkw71wr1qrqRXqBLCZBpump,0.000003460298792092857
2026-08-16 19:27:00.000 UTC,4pAshcprP1prxDjwfQVGTQkw71wr1qrqRXqBLCZBpump,0.0000027030539181228858
2026-08-16 19:59:00.000 UTC,4pAshcprP1prxDjwfQVGTQkw71wr1qrqRXqBLCZBpump,0.0000024890643663495956
2026-08-16 20:00:00.000 UTC,4pAshcprP1prxDjwfQVGTQkw71wr1qrqRXqBLCZBpump,0.000002206294373537247
2026-08-19 02:05:00.000 UTC,4quGXkz1bJnehVCHHZCG1JKYWqH81q6DCawjC35ppump,0.0000021595955265612454
2026-09-10 13:10:00.000 UTC,4rAyxiz5rZwvvUm1747iVohN1Kvi3v8dzsYrUcsTg8XE,0.0000032305024054285334
2026-08-27 10:44:00.000 UTC,4srV4CxWbi24QtVtwG1x2BJcUPrCd5BsMjikvYABpump,0.00000393738296534757
2026-09-07 14:00:00.000 UTC,4t3sJv5hZcrVdJME2qbndSgs7KBNMYYrSYGE5EWepump,0.000026563216229068213
2026-09-07 14:01:00.000 UTC,4t3sJv5hZcrVdJME2qbndSgs7KBNMYYrSYGE5EWepump,0.00002388499616660074
2026-09-07 14:02:00.000 UTC,4t3sJv5hZcrVdJME2qbndSgs7KBNMYYrSYGE5EWepump,0.000024402797033136628
2026-09-07 14:03:00.000 UTC,4t3sJv5hZcrVdJME2qbndSgs7KBNMYYrSYGE5EWepump,0.00000681248242430509
2026-09-07 14:04:00.000 UTC,4t3sJv5hZcrVdJME2qbndSgs7KBNMYYrSYGE5EWepump,0.000003743770641046536
2026-09-07 14:05:00.000 UTC,4t3sJv5hZcrVdJME2qbndSgs7KBNMYYrSYGE5EWepump,0.000003451888686460342
2026-09-07 14:06:00.000 UTC,4t3sJv5hZcrVdJME2qbndSgs7KBNMYYrSYGE5EWepump,0.0000033662882579099196
2026-09-07 14:08:00.000 UTC,4t3sJv5hZcrVdJME2qbndSgs7KBNMYYrSYGE5EWepump,0.0000031652671031849833
2026-09-07 14:25:00.000 UTC,4t3sJv5hZcrVdJME2qbndSgs7KBNMYYrSYGE5EWepump,0.0000030728725011755543
2026-08-15 20:40:00.000 UTC,4tQ186XQFY2trCbKKBRBUUza8bASy5ke7GLiu3Tgpump,7.127574161203128e-7
2026-08-15 20:41:00.000 UTC,4tQ186XQFY2trCbKKBRBUUza8bASy5ke7GLiu3Tgpump,1.998837195467428e-7
2026-09-13 16:30:00.000 UTC,4th1PSWdypZE1ji2JCnFkdj2qbyr8y7DRpVhh9pbpump,0.000003793877121012845
2024-11-09 09:30:00.000 UTC,4uty7hqeHwvnUgGa2EkeXbDdXaEbLaGQj32ed5Wtpump,0.0000061500037340895955
2024-11-09 09:31:00.000 UTC,4uty7hqeHwvnUgGa2EkeXbDdXaEbLaGQj32ed5Wtpump,0.00000630254982813482
2026-09-01 01:25:00.000 UTC,4uty7hqeHwvnUgGa2EkeXbDdXaEbLaGQj32ed5Wtpump,0.0000031423953411967007
2026-08-18 04:37:00.000 UTC,4uu2CRsZFkgMZB31Gk1hddBQfEwBWKwnnZnEcPLppump,0.000002414359846001189
2026-08-29 21:19:00.000 UTC,4wJXPVUgV4BfkyscbBh9qeuUTuwuYrwkophXtJaXpump,0.0000029466180644540484
2026-08-16 19:04:00.000 UTC,4yDjRRG9MBHRQMStbFoR7uwQTdPyqA4c2EPCrvvpump,0.0000021071941118308104
2026-08-20 23:02:00.000 UTC,4yHFYkFR2FUZ8CmR3BMzqW3umWrLn78vNMCbthGApump,6.017869492944454e-7
2026-08-20 23:03:00.000 UTC,4yHFYkFR2FUZ8CmR3BMzqW3umWrLn78vNMCbthGApump,2.536425920931878e-7
2026-08-20 23:04:00.000 UTC,4yHFYkFR2FUZ8CmR3BMzqW3umWrLn78vNMCbthGApump,3.1388385245545893e-7
2026-09-06 14:07:00.000 UTC,4zrRUDH8h8VqVhoczuQdyxBSzzFJsYz9SsvvQdw2pump,0.0000029900800569494655
2026-09-06 14:08:00.000 UTC,4zrRUDH8h8VqVhoczuQdyxBSzzFJsYz9SsvvQdw2pump,0.0000029913417999999996
2026-09-05 08:23:00.000 UTC,5122EN2nG4WFLmupEynPBJpCeZHezQo8qmMYbbtmpump,8.775223309337772e-7
2026-09-05 08:24:00.000 UTC,5122EN2nG4WFLmupEynPBJpCeZHezQo8qmMYbbtmpump,3.858662200256071e-7
2026-08-06 19:36:00.000 UTC,512iJjGYcdqghGAEYvdLvX36hKRpzfraw2kHLm8bpump,0.0000026786513185966137
2026-08-06 19:37:00.000 UTC,512iJjGYcdqghGAEYvdLvX36hKRpzfraw2kHLm8bpump,0.000004015993510700389
2026-08-06 19:38:00.000 UTC,512iJjGYcdqghGAEYvdLvX36hKRpzfraw2kHLm8bpump,0.000002563885427599243
2026-08-06 19:39:00.000 UTC,512iJjGYcdqghGAEYvdLvX36hKRpzfraw2kHLm8bpump,0.0000021151987254485696
2026-08-06 19:40:00.000 UTC,512iJjGYcdqghGAEYvdLvX36hKRpzfraw2kHLm8bpump,0.0000020426171318963643
2026-08-12 02:17:00.000 UTC,512iJjGYcdqghGAEYvdLvX36hKRpzfraw2kHLm8bpump,0.000002138070393245069
2026-09-03 01:40:00.000 UTC,512iJjGYcdqghGAEYvdLvX36hKRpzfraw2kHLm8bpump,0.0000028061891038623383
2026-09-13 21:41:00.000 UTC,51yB9nbp85jE4DnGMZKxzia3WaisCc6NjNgeKoWypump,0.000004355355171195378
2026-09-13 21:42:00.000 UTC,51yB9nbp85jE4DnGMZKxzia3WaisCc6NjNgeKoWypump,0.000004782026785167526
2026-09-13 21:43:00.000 UTC,51yB9nbp85jE4DnGMZKxzia3WaisCc6NjNgeKoWypump,0.000005172468567116236
2026-09-13 21:44:00.000 UTC,51yB9nbp85jE4DnGMZKxzia3WaisCc6NjNgeKoWypump,0.000004137383661688473
2026-09-13 21:45:00.000 UTC,51yB9nbp85jE4DnGMZKxzia3WaisCc6NjNgeKoWypump,0.000003822987556206401
2026-09-13 21:50:00.000 UTC,51yB9nbp85jE4DnGMZKxzia3WaisCc6NjNgeKoWypump,0.000003135931162146838
2026-08-27 14:12:00.000 UTC,52AUhjx7gmQtJenkqiNezWbWb3qKgi7RU1EnQms9pump,0.0000025421096639813425
2026-08-21 10:52:00.000 UTC,543cTqdCjUGtgw9ogXTKYyCWxv1jFfpuwXcswgFpump,0.0000033446487809891376
2026-08-21 10:53:00.000 UTC,543cTqdCjUGtgw9ogXTKYyCWxv1jFfpuwXcswgFpump,0.00000262645525108966
2026-08-19 02:37:00.000 UTC,54JhsCC55D6Ur54wcZY4JS6SCvFzQSgE9Kr49LCoWykD,0.000002147323564450228
2026-09-01 14:47:00.000 UTC,57HJTe7DbjPrSsJLTdpyyTYgcXrSabpwAiN4pBeyMRXZ,0.000003832855280375106
2026-09-01 14:48:00.000 UTC,57HJTe7DbjPrSsJLTdpyyTYgcXrSabpwAiN4pBeyMRXZ,0.0000029970844305091114
2026-08-25 04:25:00.000 UTC,57TZssK4R6wepb7kPnHtWbSbkkuPXYtrYUppAaiSpump,0.000002931758723001296
2026-08-18 05:04:00.000 UTC,58J5nPsGGksQprL1rs8m71LkNFKypWcHyUixNY4Gpump,0.000002198309023557149
2026-08-22 17:58:00.000 UTC,59LpZGKnjkJ3Kuco6meZWBf3ZXc4Gnv5zydoe5EQpump,3.4225387964269305e-7
2026-08-22 17:59:00.000 UTC,59LpZGKnjkJ3Kuco6meZWBf3ZXc4Gnv5zydoe5EQpump,4.158373360452521e-8
2026-08-22 18:00:00.000 UTC,59LpZGKnjkJ3Kuco6meZWBf3ZXc4Gnv5zydoe5EQpump,1.702119789023927e-8
2026-08-23 21:28:00.000 UTC,5AEaZjHywaaU6jzGuXFP29A6gwq7K4A3U3YUjjNApump,0.0000015167382859378894
2026-08-23 21:29:00.000 UTC,5AEaZjHywaaU6jzGuXFP29A6gwq7K4A3U3YUjjNApump,3.0702357812686517e-7
2026-09-12 06:22:00.000 UTC,5AQzMifo1LWQEBHHxJL8esS93dkxQXRCPBwzSLLppump,0.000023934996073599793
2026-08-20 13:39:00.000 UTC,5Aj8t9YuKaJPZftncXo5eu4sKJoYWeaYPMKqGUJPpump,0.000006039892619166862
2026-08-20 13:40:00.000 UTC,5Aj8t9YuKaJPZftncXo5eu4sKJoYWeaYPMKqGUJPpump,0.000012587468369464537
2026-08-20 13:41:00.000 UTC,5Aj8t9YuKaJPZftncXo5eu4sKJoYWeaYPMKqGUJPpump,0.000019299733380824046
2026-08-20 13:42:00.000 UTC,5Aj8t9YuKaJPZftncXo5eu4sKJoYWeaYPMKqGUJPpump,0.000023770247968924407
2026-08-20 13:43:00.000 UTC,5Aj8t9YuKaJPZftncXo5eu4sKJoYWeaYPMKqGUJPpump,0.000024095280737140747
2026-08-20 13:46:00.000 UTC,5Aj8t9YuKaJPZftncXo5eu4sKJoYWeaYPMKqGUJPpump,0.0000024501757512453783
2026-08-23 22:11:00.000 UTC,5E22Wjgh1pviT9W8M1fQ3gWFibeYKTFS54tonzgmpump,0.000005138669575041382
2026-08-23 22:12:00.000 UTC,5E22Wjgh1pviT9W8M1fQ3gWFibeYKTFS54tonzgmpump,0.000008806613499228448
2026-08-29 01:25:00.000 UTC,5G51T5GnAjFjXn3c9e4CgRx7GD9PRh4syqj6hCk2pump,0.000001500290906461932
2026-08-17 21:14:00.000 UTC,5GpPc7KxGgNFyUg9WfWsN2RPGbWoD7YYT9QX6YYNpump,0.000002123278014119145
2026-08-29 03:01:00.000 UTC,5HHwTFZHZUCJhHn2zQcj5C7RRBUrQevhNBsivUQKpump,0.0000023962840409663205
2026-09-04 12:37:00.000 UTC,5JE8GRCmGCegoEraeLEb3rR2KKuEbTZAaWYqJ2PPpump,0.000002748497785963475
2026-08-18 20:52:00.000 UTC,5Jfk3sRhQBzGfHHfM5Eq9D5Sam7gAv67SBbmSVYYpump,0.000007776653251062101
2026-08-18 20:53:00.000 UTC,5Jfk3sRhQBzGfHHfM5Eq9D5Sam7gAv67SBbmSVYYpump,0.000016213321214524325
2026-08-18 20:54:00.000 UTC,5Jfk3sRhQBzGfHHfM5Eq9D5Sam7gAv67SBbmSVYYpump,0.000021108205838657844
2026-08-18 20:55:00.000 UTC,5Jfk3sRhQBzGfHHfM5Eq9D5Sam7gAv67SBbmSVYYpump,0.000021970164644956145
2026-08-18 20:56:00.000 UTC,5Jfk3sRhQBzGfHHfM5Eq9D5Sam7gAv67SBbmSVYYpump,0.000023979038005438767
2026-08-18 20:57:00.000 UTC,5Jfk3sRhQBzGfHHfM5Eq9D5Sam7gAv67SBbmSVYYpump,0.000026025383939562
2026-08-18 20:58:00.000 UTC,5Jfk3sRhQBzGfHHfM5Eq9D5Sam7gAv67SBbmSVYYpump,0.00002709281524164958
2026-08-18 20:59:00.000 UTC,5Jfk3sRhQBzGfHHfM5Eq9D5Sam7gAv67SBbmSVYYpump,0.00002610552301595323
2026-08-18 21:00:00.000 UTC,5Jfk3sRhQBzGfHHfM5Eq9D5Sam7gAv67SBbmSVYYpump,0.000025698995923797485
2026-08-18 21:01:00.000 UTC,5Jfk3sRhQBzGfHHfM5Eq9D5Sam7gAv67SBbmSVYYpump,0.000028151757496141637
2026-08-18 21:02:00.000 UTC,5Jfk3sRhQBzGfHHfM5Eq9D5Sam7gAv67SBbmSVYYpump,0.000029413487145148484
2026-09-03 15:40:00.000 UTC,5KkUPN6zGoXH83N491EJbGjozHTL33m8GR5nmxkpump,0.0000035038588985405165
2026-09-04 04:46:00.000 UTC,5KkUPN6zGoXH83N491EJbGjozHTL33m8GR5nmxkpump,0.0000033065099026947747
2026-09-04 04:47:00.000 UTC,5KkUPN6zGoXH83N491EJbGjozHTL33m8GR5nmxkpump,0.0000035226242801251867
2026-09-04 04:49:00.000 UTC,5KkUPN6zGoXH83N491EJbGjozHTL33m8GR5nmxkpump,0.0000037016875144744192
2026-08-17 07:38:00.000 UTC,5L1MEzcvvhpi58kJkDTEH2wYcMZQbfTD2EMnnAywpump,0.0000023306229550326422
2026-08-17 07:40:00.000 UTC,5L1MEzcvvhpi58kJkDTEH2wYcMZQbfTD2EMnnAywpump,0.0000022170522472555935
2025-11-20 20:35:00.000 UTC,5N5bioWQWKKMjhCWtip3g4KNzkZDg3fcezxmUkoCpump,0.00000436297359924921
2026-09-05 04:49:00.000 UTC,5N5bioWQWKKMjhCWtip3g4KNzkZDg3fcezxmUkoCpump,0.000004058697806831729
2026-09-12 18:06:00.000 UTC,5PTdA5X1s7U4rVypryYov7wHAH13KRoFMmUHNZ2pump,0.000002849402572960746
2026-09-12 18:07:00.000 UTC,5PTdA5X1s7U4rVypryYov7wHAH13KRoFMmUHNZ2pump,0.000002859557748181564
2026-09-12 18:08:00.000 UTC,5PTdA5X1s7U4rVypryYov7wHAH13KRoFMmUHNZ2pump,0.000002869218556496071
2026-09-12 18:09:00.000 UTC,5PTdA5X1s7U4rVypryYov7wHAH13KRoFMmUHNZ2pump,0.0000028702099305546476
2026-09-12 18:10:00.000 UTC,5PTdA5X1s7U4rVypryYov7wHAH13KRoFMmUHNZ2pump,0.0000028773266516647457
2026-08-20 10:04:00.000 UTC,5PVGUKre9A62rN3J1nAE64JVRMoGpbkjN4q7p3Cvpump,0.000003998101805150211
2026-08-29 04:45:00.000 UTC,5PgEg49tFYhqgWDxuBWmvntUJsLDLATgqP693aZDpump,0.0000021748609459162756
2026-08-29 04:46:00.000 UTC,5PgEg49tFYhqgWDxuBWmvntUJsLDLATgqP693aZDpump,7.045228613821637e-7
2026-08-29 04:47:00.000 UTC,5PgEg49tFYhqgWDxuBWmvntUJsLDLATgqP693aZDpump,4.4492066907371043e-7
2026-08-29 04:48:00.000 UTC,5PgEg49tFYhqgWDxuBWmvntUJsLDLATgqP693aZDpump,3.3000028987290605e-7
2026-08-29 04:49:00.000 UTC,5PgEg49tFYhqgWDxuBWmvntUJsLDLATgqP693aZDpump,2.3674358281517854e-7
2026-08-29 04:50:00.000 UTC,5PgEg49tFYhqgWDxuBWmvntUJsLDLATgqP693aZDpump,2.7528091329075697e-7
2026-08-29 18:10:00.000 UTC,5PgEg49tFYhqgWDxuBWmvntUJsLDLATgqP693aZDpump,3.191505412953007e-7
2026-08-29 18:11:00.000 UTC,5PgEg49tFYhqgWDxuBWmvntUJsLDLATgqP693aZDpump,4.2065063841567415e-7
2026-08-29 18:12:00.000 UTC,5PgEg49tFYhqgWDxuBWmvntUJsLDLATgqP693aZDpump,5.586445213742472e-7
2026-08-29 18:13:00.000 UTC,5PgEg49tFYhqgWDxuBWmvntUJsLDLATgqP693aZDpump,7.473054400577358e-7
2026-08-29 18:14:00.000 UTC,5PgEg49tFYhqgWDxuBWmvntUJsLDLATgqP693aZDpump,5.362636713457308e-7
2026-08-29 18:15:00.000 UTC,5PgEg49tFYhqgWDxuBWmvntUJsLDLATgqP693aZDpump,4.3821237445521847e-7
2026-08-29 18:16:00.000 UTC,5PgEg49tFYhqgWDxuBWmvntUJsLDLATgqP693aZDpump,6.163289936881377e-7
2026-08-29 18:17:00.000 UTC,5PgEg49tFYhqgWDxuBWmvntUJsLDLATgqP693aZDpump,4.3434316819727896e-7
2026-08-29 18:32:00.000 UTC,5PgEg49tFYhqgWDxuBWmvntUJsLDLATgqP693aZDpump,1.5291663744509173e-7
2026-08-29 18:33:00.000 UTC,5PgEg49tFYhqgWDxuBWmvntUJsLDLATgqP693aZDpump,1.2108603433095983e-7
2026-08-29 18:34:00.000 UTC,5PgEg49tFYhqgWDxuBWmvntUJsLDLATgqP693aZDpump,1.2659178180126567e-7
2026-08-29 18:35:00.000 UTC,5PgEg49tFYhqgWDxuBWmvntUJsLDLATgqP693aZDpump,9.948080981865606e-8
2026-08-28 01:51:00.000 UTC,5Rbu5yPT4zFu6RV1BhqPs49aSsytYSeozLFifYVvpump,0.0000036698416953181504
2026-08-27 18:23:00.000 UTC,5RdVAfrA5W5QRquAreyVi3QpqTdkZbcSx6gar2eapump,0.0000044250857886841645
2026-08-21 00:27:00.000 UTC,5TFnGqKK6vyzNQAQfYV17e3TFg7V5NAvV8yBuGo1pump,0.000002023661010191528
2026-08-21 00:28:00.000 UTC,5TFnGqKK6vyzNQAQfYV17e3TFg7V5NAvV8yBuGo1pump,0.0000012614172554205319
2026-08-28 20:09:00.000 UTC,5UFzuU1FrAxQ24QnwE8R782nbHmr54YjUWHTsmVzpump,0.0000038767245577633195
2026-08-28 20:10:00.000 UTC,5UFzuU1FrAxQ24QnwE8R782nbHmr54YjUWHTsmVzpump,0.0000031255615526350744
2026-08-28 20:11:00.000 UTC,5UFzuU1FrAxQ24QnwE8R782nbHmr54YjUWHTsmVzpump,0.000003576003055975074
2026-08-29 02:34:00.000 UTC,5UcYnd6yQQYnVFJy168QNFy3wsXtahYBGbCoYXRrpump,0.0000016939858943790441
2026-08-16 19:53:00.000 UTC,5WcHhQqxt2JJBJiDtixY2HnzBGn4SpJD8M14Xqhxpump,9.406015020438185e-7
2026-08-16 19:54:00.000 UTC,5WcHhQqxt2JJBJiDtixY2HnzBGn4SpJD8M14Xqhxpump,5.607750791621358e-7
2026-08-29 05:36:00.000 UTC,5XZn5UNydRyL3wrBqceWSZxkj5i3bzRamMwobV22pump,0.0000016797860918564344
2026-08-29 05:37:00.000 UTC,5XZn5UNydRyL3wrBqceWSZxkj5i3bzRamMwobV22pump,3.988046792563679e-7
2026-08-20 12:50:00.000 UTC,5Y1zbLsyeh7m1qskdm83RoBdYZmpoPRGEdLCoAEYZU3q,0.0000025016344816057793
2026-09-10 11:50:00.000 UTC,5Ypg3RD8viAriEDwGz2BswE31b9d9RYJd4tskdf8pump,0.0000035787933504077623
2026-09-10 15:17:00.000 UTC,5Ypg3RD8viAriEDwGz2BswE31b9d9RYJd4tskdf8pump,0.0000027976713752220573
2026-09-10 16:04:00.000 UTC,5Ypg3RD8viAriEDwGz2BswE31b9d9RYJd4tskdf8pump,0.0000027885440056335395
2026-09-10 20:07:00.000 UTC,5Ypg3RD8viAriEDwGz2BswE31b9d9RYJd4tskdf8pump,0.0000027881156336012794
2026-08-21 17:37:00.000 UTC,5Ywbyupf1ZmT6G9m2VAHZQz6RkapWMZYEMkaDTBFpump,0.0000029379391559121123
2026-08-21 17:38:00.000 UTC,5Ywbyupf1ZmT6G9m2VAHZQz6RkapWMZYEMkaDTBFpump,7.571908460746311e-7
2026-08-21 17:39:00.000 UTC,5Ywbyupf1ZmT6G9m2VAHZQz6RkapWMZYEMkaDTBFpump,2.9529183274879722e-8
2026-08-21 17:40:00.000 UTC,5Ywbyupf1ZmT6G9m2VAHZQz6RkapWMZYEMkaDTBFpump,9.07258541248187e-9
2026-08-24 08:24:00.000 UTC,5Ywbyupf1ZmT6G9m2VAHZQz6RkapWMZYEMkaDTBFpump,4.540333310778767e-9
2026-09-02 16:11:00.000 UTC,5ZmC7zKrk6HYGksyraAdeHu19pERP6MhUCcEvYy2yeJ6,0.0000038592965608573
2026-09-02 16:12:00.000 UTC,5ZmC7zKrk6HYGksyraAdeHu19pERP6MhUCcEvYy2yeJ6,0.0000032527533079711298
2026-08-21 21:11:00.000 UTC,5ZuC8ASEiLqdBpbCuNSZVo1ETaKT8AQtiLzveam6pump,0.000003237403038721952
2026-08-21 21:12:00.000 UTC,5ZuC8ASEiLqdBpbCuNSZVo1ETaKT8AQtiLzveam6pump,0.000003865031106516308
2026-08-21 21:13:00.000 UTC,5ZuC8ASEiLqdBpbCuNSZVo1ETaKT8AQtiLzveam6pump,0.0000038995587429418265
2026-08-21 21:14:00.000 UTC,5ZuC8ASEiLqdBpbCuNSZVo1ETaKT8AQtiLzveam6pump,0.000003712718453515971
2026-08-21 21:15:00.000 UTC,5ZuC8ASEiLqdBpbCuNSZVo1ETaKT8AQtiLzveam6pump,0.000003912569900031901
2026-08-21 21:16:00.000 UTC,5ZuC8ASEiLqdBpbCuNSZVo1ETaKT8AQtiLzveam6pump,0.000003828293216826395
2026-08-21 21:19:00.000 UTC,5ZuC8ASEiLqdBpbCuNSZVo1ETaKT8AQtiLzveam6pump,0.0000037916743920182793
2026-08-21 21:23:00.000 UTC,5ZuC8ASEiLqdBpbCuNSZVo1ETaKT8AQtiLzveam6pump,0.000002670519395984769
2026-08-21 16:46:00.000 UTC,5axBjh3fCiynDmpXAVrb4ZNayMQzG7JaxTHamaLrpump,0.00000255861512437763
2026-08-21 16:47:00.000 UTC,5axBjh3fCiynDmpXAVrb4ZNayMQzG7JaxTHamaLrpump,0.000002699230461154246
2026-09-09 15:30:00.000 UTC,5b5nfL284vU3cC9SKzwE1nnJ1zA2oa1YzsbshDfppump,0.000002905915241135082
2026-09-09 15:31:00.000 UTC,5b5nfL284vU3cC9SKzwE1nnJ1zA2oa1YzsbshDfppump,0.0000029256831706246817
2026-09-07 20:15:00.000 UTC,5bDXjUZJ2vr7EU8rzFie73KK4LMhQh9G79y6QFHWpump,0.000002912274535863436
2026-08-18 02:47:00.000 UTC,5exg4vSLzC7eENgPmDUXsANxFRTLj24n5e3huysepump,0.0000021070612476167868
2026-09-01 15:54:00.000 UTC,5fFY5SxXshhAEwjDFXjxwWrky2Z4iN2hwq5u7yfzpump,0.0000049057550120979775
2026-09-01 15:55:00.000 UTC,5fFY5SxXshhAEwjDFXjxwWrky2Z4iN2hwq5u7yfzpump,0.000002883644696841706
2026-09-01 15:57:00.000 UTC,5fFY5SxXshhAEwjDFXjxwWrky2Z4iN2hwq5u7yfzpump,0.0000031289506849357883
2026-09-04 04:46:00.000 UTC,5fHxXubhEMyXDSqLmJJ5iJ3sziuJyZ9fgVvZvGyFpump,0.0000029393549069606614
2026-08-23 17:00:00.000 UTC,5gN7XfCsmHNqCmdWxAY2BEaUUXoidK4VRTTk64qhpump,0.0000026654185955183996
2026-08-23 17:01:00.000 UTC,5gN7XfCsmHNqCmdWxAY2BEaUUXoidK4VRTTk64qhpump,0.000002683056440453728
2026-07-29 08:19:00.000 UTC,5i5Eox6PpdE6NnXaAMUL2hjuAY6Ev6dmJ9Hs9sQ3pump,0.000002092312262982703
2026-08-03 10:21:00.000 UTC,5i5Eox6PpdE6NnXaAMUL2hjuAY6Ev6dmJ9Hs9sQ3pump,0.0000020292756064807086
2026-08-03 13:06:00.000 UTC,5i5Eox6PpdE6NnXaAMUL2hjuAY6Ev6dmJ9Hs9sQ3pump,0.000002022573822929375
2026-08-03 14:05:00.000 UTC,5i5Eox6PpdE6NnXaAMUL2hjuAY6Ev6dmJ9Hs9sQ3pump,0.0000020457729795592678
2026-08-04 09:15:00.000 UTC,5i5Eox6PpdE6NnXaAMUL2hjuAY6Ev6dmJ9Hs9sQ3pump,0.0000020463377345616376
2026-08-04 10:42:00.000 UTC,5i5Eox6PpdE6NnXaAMUL2hjuAY6Ev6dmJ9Hs9sQ3pump,0.000002042978925607035
2026-08-04 14:34:00.000 UTC,5i5Eox6PpdE6NnXaAMUL2hjuAY6Ev6dmJ9Hs9sQ3pump,0.0000020541647167981296
2026-08-05 09:21:00.000 UTC,5i5Eox6PpdE6NnXaAMUL2hjuAY6Ev6dmJ9Hs9sQ3pump,0.000002070937657679127
2026-08-05 16:48:00.000 UTC,5i5Eox6PpdE6NnXaAMUL2hjuAY6Ev6dmJ9Hs9sQ3pump,0.0000020776641325793557
2026-08-06 11:18:00.000 UTC,5i5Eox6PpdE6NnXaAMUL2hjuAY6Ev6dmJ9Hs9sQ3pump,0.000002049976728513981
2026-08-06 14:39:00.000 UTC,5i5Eox6PpdE6NnXaAMUL2hjuAY6Ev6dmJ9Hs9sQ3pump,0.000002046903926706515
2026-08-06 16:42:00.000 UTC,5i5Eox6PpdE6NnXaAMUL2hjuAY6Ev6dmJ9Hs9sQ3pump,0.0000020499817922665984
2026-08-06 17:35:00.000 UTC,5i5Eox6PpdE6NnXaAMUL2hjuAY6Ev6dmJ9Hs9sQ3pump,0.0000020477856374012234
2026-08-08 09:54:00.000 UTC,5i5Eox6PpdE6NnXaAMUL2hjuAY6Ev6dmJ9Hs9sQ3pump,0.00000210278201941022
2026-08-10 07:35:00.000 UTC,5i5Eox6PpdE6NnXaAMUL2hjuAY6Ev6dmJ9Hs9sQ3pump,0.0000021601432551696757
2026-08-11 10:00:00.000 UTC,5i5Eox6PpdE6NnXaAMUL2hjuAY6Ev6dmJ9Hs9sQ3pump,0.00000211908647977326
2026-08-14 11:44:00.000 UTC,5i5Eox6PpdE6NnXaAMUL2hjuAY6Ev6dmJ9Hs9sQ3pump,0.0000021109936847366342
2026-08-14 14:45:00.000 UTC,5i5Eox6PpdE6NnXaAMUL2hjuAY6Ev6dmJ9Hs9sQ3pump,0.000002114504703072624
2026-08-14 14:47:00.000 UTC,5i5Eox6PpdE6NnXaAMUL2hjuAY6Ev6dmJ9Hs9sQ3pump,0.000002116255051086949
2026-08-15 10:13:00.000 UTC,5i5Eox6PpdE6NnXaAMUL2hjuAY6Ev6dmJ9Hs9sQ3pump,0.0000021017432340117747
2026-08-15 10:14:00.000 UTC,5i5Eox6PpdE6NnXaAMUL2hjuAY6Ev6dmJ9Hs9sQ3pump,0.0000021017446723009614
2026-08-15 15:45:00.000 UTC,5i5Eox6PpdE6NnXaAMUL2hjuAY6Ev6dmJ9Hs9sQ3pump,0.0000021090326626730894
2026-08-15 16:04:00.000 UTC,5i5Eox6PpdE6NnXaAMUL2hjuAY6Ev6dmJ9Hs9sQ3pump,0.0000021095742612336818
2026-08-15 16:41:00.000 UTC,5i5Eox6PpdE6NnXaAMUL2hjuAY6Ev6dmJ9Hs9sQ3pump,0.0000021164343470623496
2026-08-17 12:09:00.000 UTC,5i5Eox6PpdE6NnXaAMUL2hjuAY6Ev6dmJ9Hs9sQ3pump,0.0000021238665138628213
2026-08-17 13:08:00.000 UTC,5i5Eox6PpdE6NnXaAMUL2hjuAY6Ev6dmJ9Hs9sQ3pump,0.0000021173609780759115
2026-08-17 14:48:00.000 UTC,5i5Eox6PpdE6NnXaAMUL2hjuAY6Ev6dmJ9Hs9sQ3pump,0.0000021275335676210758
2026-08-18 08:49:00.000 UTC,5i5Eox6PpdE6NnXaAMUL2hjuAY6Ev6dmJ9Hs9sQ3pump,0.0000021235663440407687
2026-08-19 08:54:00.000 UTC,5i5Eox6PpdE6NnXaAMUL2hjuAY6Ev6dmJ9Hs9sQ3pump,0.000002171061897500925
2026-08-19 09:24:00.000 UTC,5i5Eox6PpdE6NnXaAMUL2hjuAY6Ev6dmJ9Hs9sQ3pump,0.000002171385612078221
2026-08-19 10:30:00.000 UTC,5i5Eox6PpdE6NnXaAMUL2hjuAY6Ev6dmJ9Hs9sQ3pump,0.0000021704741265579437
2026-08-19 11:20:00.000 UTC,5i5Eox6PpdE6NnXaAMUL2hjuAY6Ev6dmJ9Hs9sQ3pump,0.0000021700127386459298
2026-08-19 13:25:00.000 UTC,5i5Eox6PpdE6NnXaAMUL2hjuAY6Ev6dmJ9Hs9sQ3pump,0.0000021973590936353184
2026-08-20 09:20:00.000 UTC,5i5Eox6PpdE6NnXaAMUL2hjuAY6Ev6dmJ9Hs9sQ3pump,0.000002463109355003918
2026-08-22 08:24:00.000 UTC,5i5Eox6PpdE6NnXaAMUL2hjuAY6Ev6dmJ9Hs9sQ3pump,0.0000026419398593054993
2026-08-22 10:43:00.000 UTC,5i5Eox6PpdE6NnXaAMUL2hjuAY6Ev6dmJ9Hs9sQ3pump,0.000002600020395539661
2026-08-22 11:18:00.000 UTC,5i5Eox6PpdE6NnXaAMUL2hjuAY6Ev6dmJ9Hs9sQ3pump,0.0000025952578077993377
2026-09-01 01:48:00.000 UTC,5i5Eox6PpdE6NnXaAMUL2hjuAY6Ev6dmJ9Hs9sQ3pump,0.0000028913918831233003
2026-09-09 05:43:00.000 UTC,5iHs4CoEJ76nDGWmb9JtdjJsuG26Lwp5naHVa33npump,0.000002933878057982667
2026-09-09 05:44:00.000 UTC,5iHs4CoEJ76nDGWmb9JtdjJsuG26Lwp5naHVa33npump,0.0000029471767849118686
2026-09-09 05:45:00.000 UTC,5iHs4CoEJ76nDGWmb9JtdjJsuG26Lwp5naHVa33npump,0.0000029597717055654895
2026-09-11 03:16:00.000 UTC,5jH1SELCJjSXXvUpj8QBgXQG1qBjfW6u1xj8JDtSpump,0.000007320720237328606
2026-09-11 03:17:00.000 UTC,5jH1SELCJjSXXvUpj8QBgXQG1qBjfW6u1xj8JDtSpump,0.000007079741234090054
2026-09-11 03:18:00.000 UTC,5jH1SELCJjSXXvUpj8QBgXQG1qBjfW6u1xj8JDtSpump,0.000006317539093825253
2026-09-11 03:19:00.000 UTC,5jH1SELCJjSXXvUpj8QBgXQG1qBjfW6u1xj8JDtSpump,0.000003322847781540473
2026-09-11 03:20:00.000 UTC,5jH1SELCJjSXXvUpj8QBgXQG1qBjfW6u1xj8JDtSpump,0.000003350455477846376
2026-09-11 03:21:00.000 UTC,5jH1SELCJjSXXvUpj8QBgXQG1qBjfW6u1xj8JDtSpump,0.000003382575261552389
2026-09-11 03:22:00.000 UTC,5jH1SELCJjSXXvUpj8QBgXQG1qBjfW6u1xj8JDtSpump,0.0000029226330771951566
2026-09-11 03:23:00.000 UTC,5jH1SELCJjSXXvUpj8QBgXQG1qBjfW6u1xj8JDtSpump,0.000003184411698226827
2026-08-19 13:31:00.000 UTC,5k1Js8S9aS4N1cPZejQz8JNZyJJkrfZHzgbDpp9mvWGb,0.0000028467988499240777
2026-08-19 13:32:00.000 UTC,5k1Js8S9aS4N1cPZejQz8JNZyJJkrfZHzgbDpp9mvWGb,0.0000023490871663490774
2025-11-24 22:53:00.000 UTC,5o5mCQSfnXDkfNC2wK2F1rRXccXpBWZ47NSWW3X1pump,0.00001005845907499577
2025-11-24 22:54:00.000 UTC,5o5mCQSfnXDkfNC2wK2F1rRXccXpBWZ47NSWW3X1pump,0.00001189500431551889
2025-11-24 22:55:00.000 UTC,5o5mCQSfnXDkfNC2wK2F1rRXccXpBWZ47NSWW3X1pump,0.000012059649208359224
2025-11-24 22:56:00.000 UTC,5o5mCQSfnXDkfNC2wK2F1rRXccXpBWZ47NSWW3X1pump,0.000009561869022236627
2025-11-25 16:02:00.000 UTC,5o5mCQSfnXDkfNC2wK2F1rRXccXpBWZ47NSWW3X1pump,0.0000037702952847677278
2025-11-25 16:04:00.000 UTC,5o5mCQSfnXDkfNC2wK2F1rRXccXpBWZ47NSWW3X1pump,0.000003770340393290285
2025-11-25 16:10:00.000 UTC,5o5mCQSfnXDkfNC2wK2F1rRXccXpBWZ47NSWW3X1pump,0.0000037687861155494613
2025-11-25 16:12:00.000 UTC,5o5mCQSfnXDkfNC2wK2F1rRXccXpBWZ47NSWW3X1pump,0.000003768915842310751
2025-11-25 16:13:00.000 UTC,5o5mCQSfnXDkfNC2wK2F1rRXccXpBWZ47NSWW3X1pump,0.000003769016577643034
2025-11-25 21:49:00.000 UTC,5o5mCQSfnXDkfNC2wK2F1rRXccXpBWZ47NSWW3X1pump,0.0000038437531956343515
2025-11-25 21:55:00.000 UTC,5o5mCQSfnXDkfNC2wK2F1rRXccXpBWZ47NSWW3X1pump,0.000003841240130072254
2025-11-25 22:05:00.000 UTC,5o5mCQSfnXDkfNC2wK2F1rRXccXpBWZ47NSWW3X1pump,0.000003818034886317229
2025-11-26 01:37:00.000 UTC,5o5mCQSfnXDkfNC2wK2F1rRXccXpBWZ47NSWW3X1pump,0.000003907527329894181
2025-11-26 10:07:00.000 UTC,5o5mCQSfnXDkfNC2wK2F1rRXccXpBWZ47NSWW3X1pump,0.000003839313038140126
2025-11-26 10:15:00.000 UTC,5o5mCQSfnXDkfNC2wK2F1rRXccXpBWZ47NSWW3X1pump,0.0000038384768997310054
2025-11-26 12:51:00.000 UTC,5o5mCQSfnXDkfNC2wK2F1rRXccXpBWZ47NSWW3X1pump,0.000003795978757794735
2025-11-26 20:08:00.000 UTC,5o5mCQSfnXDkfNC2wK2F1rRXccXpBWZ47NSWW3X1pump,0.000004015524159241308
2025-11-26 20:09:00.000 UTC,5o5mCQSfnXDkfNC2wK2F1rRXccXpBWZ47NSWW3X1pump,0.00000401565733298341
2025-11-26 20:10:00.000 UTC,5o5mCQSfnXDkfNC2wK2F1rRXccXpBWZ47NSWW3X1pump,0.000003999127060494363
2025-11-26 21:42:00.000 UTC,5o5mCQSfnXDkfNC2wK2F1rRXccXpBWZ47NSWW3X1pump,0.000004028261524873787
2025-11-26 22:13:00.000 UTC,5o5mCQSfnXDkfNC2wK2F1rRXccXpBWZ47NSWW3X1pump,0.000004016519724853105
2025-11-27 01:38:00.000 UTC,5o5mCQSfnXDkfNC2wK2F1rRXccXpBWZ47NSWW3X1pump,0.000003979044891634484
2025-11-27 11:23:00.000 UTC,5o5mCQSfnXDkfNC2wK2F1rRXccXpBWZ47NSWW3X1pump,0.000003978801234112692
2025-11-27 20:11:00.000 UTC,5o5mCQSfnXDkfNC2wK2F1rRXccXpBWZ47NSWW3X1pump,0.0000039964614085041036
2025-11-27 20:12:00.000 UTC,5o5mCQSfnXDkfNC2wK2F1rRXccXpBWZ47NSWW3X1pump,0.000003996484709990722
2025-11-27 20:15:00.000 UTC,5o5mCQSfnXDkfNC2wK2F1rRXccXpBWZ47NSWW3X1pump,0.000003996383992745104
2025-11-27 21:31:00.000 UTC,5o5mCQSfnXDkfNC2wK2F1rRXccXpBWZ47NSWW3X1pump,0.000003985722012797864
2025-11-27 22:09:00.000 UTC,5o5mCQSfnXDkfNC2wK2F1rRXccXpBWZ47NSWW3X1pump,0.000003971496081255586
2025-11-28 01:10:00.000 UTC,5o5mCQSfnXDkfNC2wK2F1rRXccXpBWZ47NSWW3X1pump,0.000003937378229980516
2025-11-28 09:11:00.000 UTC,5o5mCQSfnXDkfNC2wK2F1rRXccXpBWZ47NSWW3X1pump,0.0000039796079319108874
2025-11-28 14:22:00.000 UTC,5o5mCQSfnXDkfNC2wK2F1rRXccXpBWZ47NSWW3X1pump,0.00000399051532591017
2025-11-28 15:38:00.000 UTC,5o5mCQSfnXDkfNC2wK2F1rRXccXpBWZ47NSWW3X1pump,0.000004015403160079174
2025-11-28 20:37:00.000 UTC,5o5mCQSfnXDkfNC2wK2F1rRXccXpBWZ47NSWW3X1pump,0.000003854317222829503
2025-11-28 20:39:00.000 UTC,5o5mCQSfnXDkfNC2wK2F1rRXccXpBWZ47NSWW3X1pump,0.0000038543175618163925
2025-11-28 21:00:00.000 UTC,5o5mCQSfnXDkfNC2wK2F1rRXccXpBWZ47NSWW3X1pump,0.000003860471235641463
2025-11-28 22:29:00.000 UTC,5o5mCQSfnXDkfNC2wK2F1rRXccXpBWZ47NSWW3X1pump,0.000003825796260016773
2025-11-28 22:32:00.000 UTC,5o5mCQSfnXDkfNC2wK2F1rRXccXpBWZ47NSWW3X1pump,0.000003836986501306707
2025-11-28 22:36:00.000 UTC,5o5mCQSfnXDkfNC2wK2F1rRXccXpBWZ47NSWW3X1pump,0.00000384062633837715
2025-11-28 23:10:00.000 UTC,5o5mCQSfnXDkfNC2wK2F1rRXccXpBWZ47NSWW3X1pump,0.0000038579689924276546
2025-11-29 00:00:00.000 UTC,5o5mCQSfnXDkfNC2wK2F1rRXccXpBWZ47NSWW3X1pump,0.000003843984522047088
2025-11-29 00:01:00.000 UTC,5o5mCQSfnXDkfNC2wK2F1rRXccXpBWZ47NSWW3X1pump,0.00000384398621069663
2025-11-29 00:25:00.000 UTC,5o5mCQSfnXDkfNC2wK2F1rRXccXpBWZ47NSWW3X1pump,0.000003853215822622032
2025-11-29 00:41:00.000 UTC,5o5mCQSfnXDkfNC2wK2F1rRXccXpBWZ47NSWW3X1pump,0.000003856849209715535
2025-11-29 12:53:00.000 UTC,5o5mCQSfnXDkfNC2wK2F1rRXccXpBWZ47NSWW3X1pump,0.000003835600885269016
2025-11-29 13:13:00.000 UTC,5o5mCQSfnXDkfNC2wK2F1rRXccXpBWZ47NSWW3X1pump,0.0000038327997157176706
2025-11-29 13:14:00.000 UTC,5o5mCQSfnXDkfNC2wK2F1rRXccXpBWZ47NSWW3X1pump,0.000003832803622302452
2025-11-29 16:02:00.000 UTC,5o5mCQSfnXDkfNC2wK2F1rRXccXpBWZ47NSWW3X1pump,0.000003849948151236946
2025-11-29 16:03:00.000 UTC,5o5mCQSfnXDkfNC2wK2F1rRXccXpBWZ47NSWW3X1pump,0.000003849880652301876
2025-11-29 22:38:00.000 UTC,5o5mCQSfnXDkfNC2wK2F1rRXccXpBWZ47NSWW3X1pump,0.000003796188820859076
2025-11-30 04:57:00.000 UTC,5o5mCQSfnXDkfNC2wK2F1rRXccXpBWZ47NSWW3X1pump,0.000003818562808941772
2025-11-30 18:23:00.000 UTC,5o5mCQSfnXDkfNC2wK2F1rRXccXpBWZ47NSWW3X1pump,0.000003864707563713074
2025-11-30 18:24:00.000 UTC,5o5mCQSfnXDkfNC2wK2F1rRXccXpBWZ47NSWW3X1pump,0.000003864703050330152
2025-11-30 21:32:00.000 UTC,5o5mCQSfnXDkfNC2wK2F1rRXccXpBWZ47NSWW3X1pump,0.000003832262616584424
2025-12-01 00:41:00.000 UTC,5o5mCQSfnXDkfNC2wK2F1rRXccXpBWZ47NSWW3X1pump,0.000003607410512474803
2025-12-01 00:48:00.000 UTC,5o5mCQSfnXDkfNC2wK2F1rRXccXpBWZ47NSWW3X1pump,0.0000036048935951716937
2025-12-01 11:09:00.000 UTC,5o5mCQSfnXDkfNC2wK2F1rRXccXpBWZ47NSWW3X1pump,0.0000035573504092023337
2025-12-01 11:13:00.000 UTC,5o5mCQSfnXDkfNC2wK2F1rRXccXpBWZ47NSWW3X1pump,0.000003553438534350101
2025-12-01 11:14:00.000 UTC,5o5mCQSfnXDkfNC2wK2F1rRXccXpBWZ47NSWW3X1pump,0.0000035534416623612243
2025-12-01 15:01:00.000 UTC,5o5mCQSfnXDkfNC2wK2F1rRXccXpBWZ47NSWW3X1pump,0.000003532189635331947
2025-12-01 15:07:00.000 UTC,5o5mCQSfnXDkfNC2wK2F1rRXccXpBWZ47NSWW3X1pump,0.0000035187687871234432
2025-12-01 19:49:00.000 UTC,5o5mCQSfnXDkfNC2wK2F1rRXccXpBWZ47NSWW3X1pump,0.0000034617201059102472
2025-12-02 01:25:00.000 UTC,5o5mCQSfnXDkfNC2wK2F1rRXccXpBWZ47NSWW3X1pump,0.0000035657593888789067
2025-12-02 01:43:00.000 UTC,5o5mCQSfnXDkfNC2wK2F1rRXccXpBWZ47NSWW3X1pump,0.000003559326779131328
2025-12-02 03:14:00.000 UTC,5o5mCQSfnXDkfNC2wK2F1rRXccXpBWZ47NSWW3X1pump,0.0000035489797548683666
2025-12-02 04:30:00.000 UTC,5o5mCQSfnXDkfNC2wK2F1rRXccXpBWZ47NSWW3X1pump,0.00000356436145396267
2025-12-02 14:52:00.000 UTC,5o5mCQSfnXDkfNC2wK2F1rRXccXpBWZ47NSWW3X1pump,0.000003727405629769118
2025-12-02 14:54:00.000 UTC,5o5mCQSfnXDkfNC2wK2F1rRXccXpBWZ47NSWW3X1pump,0.000003727406065091032
2025-12-02 14:55:00.000 UTC,5o5mCQSfnXDkfNC2wK2F1rRXccXpBWZ47NSWW3X1pump,0.000003711465069551113
2025-12-02 14:59:00.000 UTC,5o5mCQSfnXDkfNC2wK2F1rRXccXpBWZ47NSWW3X1pump,0.0000037114649703656863
2025-12-02 15:05:00.000 UTC,5o5mCQSfnXDkfNC2wK2F1rRXccXpBWZ47NSWW3X1pump,0.0000037464231659778363
2025-12-02 15:06:00.000 UTC,5o5mCQSfnXDkfNC2wK2F1rRXccXpBWZ47NSWW3X1pump,0.000003746423078803193
2025-12-02 17:18:00.000 UTC,5o5mCQSfnXDkfNC2wK2F1rRXccXpBWZ47NSWW3X1pump,0.000003906114832361991
2025-12-02 17:28:00.000 UTC,5o5mCQSfnXDkfNC2wK2F1rRXccXpBWZ47NSWW3X1pump,0.000003919543114495259
2025-12-02 19:39:00.000 UTC,5o5mCQSfnXDkfNC2wK2F1rRXccXpBWZ47NSWW3X1pump,0.00000392206258814851
2025-12-02 22:31:00.000 UTC,5o5mCQSfnXDkfNC2wK2F1rRXccXpBWZ47NSWW3X1pump,0.000003913863213703412
2025-12-02 22:33:00.000 UTC,5o5mCQSfnXDkfNC2wK2F1rRXccXpBWZ47NSWW3X1pump,0.000003899691085562623
2025-12-02 22:34:00.000 UTC,5o5mCQSfnXDkfNC2wK2F1rRXccXpBWZ47NSWW3X1pump,0.000003899691414642039
2025-12-02 23:24:00.000 UTC,5o5mCQSfnXDkfNC2wK2F1rRXccXpBWZ47NSWW3X1pump,0.000003896054647145238
2025-12-03 07:42:00.000 UTC,5o5mCQSfnXDkfNC2wK2F1rRXccXpBWZ47NSWW3X1pump,0.000003973243605115644
2025-12-03 15:09:00.000 UTC,5o5mCQSfnXDkfNC2wK2F1rRXccXpBWZ47NSWW3X1pump,0.0000039682132745671005
2025-12-03 18:00:00.000 UTC,5o5mCQSfnXDkfNC2wK2F1rRXccXpBWZ47NSWW3X1pump,0.00000397075107221712
2025-12-03 18:51:00.000 UTC,5o5mCQSfnXDkfNC2wK2F1rRXccXpBWZ47NSWW3X1pump,0.000003961776706525988
2025-12-04 03:49:00.000 UTC,5o5mCQSfnXDkfNC2wK2F1rRXccXpBWZ47NSWW3X1pump,0.00000404652232288881
2025-12-04 05:11:00.000 UTC,5o5mCQSfnXDkfNC2wK2F1rRXccXpBWZ47NSWW3X1pump,0.00000402610448116255
2025-12-04 05:44:00.000 UTC,5o5mCQSfnXDkfNC2wK2F1rRXccXpBWZ47NSWW3X1pump,0.0000040199506262571
2025-12-04 05:47:00.000 UTC,5o5mCQSfnXDkfNC2wK2F1rRXccXpBWZ47NSWW3X1pump,0.00000401184051317976
2025-12-05 00:34:00.000 UTC,5o5mCQSfnXDkfNC2wK2F1rRXccXpBWZ47NSWW3X1pump,0.0000039018531751846955
2025-12-05 10:37:00.000 UTC,5o5mCQSfnXDkfNC2wK2F1rRXccXpBWZ47NSWW3X1pump,0.000003854107519128955
2025-12-05 11:47:00.000 UTC,5o5mCQSfnXDkfNC2wK2F1rRXccXpBWZ47NSWW3X1pump,0.000003836492336961213
2025-12-05 13:10:00.000 UTC,5o5mCQSfnXDkfNC2wK2F1rRXccXpBWZ47NSWW3X1pump,0.0000038227925006144084
2025-12-05 15:23:00.000 UTC,5o5mCQSfnXDkfNC2wK2F1rRXccXpBWZ47NSWW3X1pump,0.0000037948291106669216
2025-12-05 15:28:00.000 UTC,5o5mCQSfnXDkfNC2wK2F1rRXccXpBWZ47NSWW3X1pump,0.000003804621131625875
2025-12-05 15:39:00.000 UTC,5o5mCQSfnXDkfNC2wK2F1rRXccXpBWZ47NSWW3X1pump,0.000003816371064039486
2025-12-05 22:33:00.000 UTC,5o5mCQSfnXDkfNC2wK2F1rRXccXpBWZ47NSWW3X1pump,0.0000037128968409604333
2025-12-06 12:21:00.000 UTC,5o5mCQSfnXDkfNC2wK2F1rRXccXpBWZ47NSWW3X1pump,0.000003719892368726943
2025-12-06 12:23:00.000 UTC,5o5mCQSfnXDkfNC2wK2F1rRXccXpBWZ47NSWW3X1pump,0.0000037198971168119894
2025-12-06 12:32:00.000 UTC,5o5mCQSfnXDkfNC2wK2F1rRXccXpBWZ47NSWW3X1pump,0.000003715146955478277
2025-12-06 19:03:00.000 UTC,5o5mCQSfnXDkfNC2wK2F1rRXccXpBWZ47NSWW3X1pump,0.0000037176677824264034
2025-12-06 22:27:00.000 UTC,5o5mCQSfnXDkfNC2wK2F1rRXccXpBWZ47NSWW3X1pump,0.0000037070442622590054
2025-12-06 22:49:00.000 UTC,5o5mCQSfnXDkfNC2wK2F1rRXccXpBWZ47NSWW3X1pump,0.000003701175433563281
2025-12-06 23:02:00.000 UTC,5o5mCQSfnXDkfNC2wK2F1rRXccXpBWZ47NSWW3X1pump,0.000003700061064794365
2025-12-06 23:09:00.000 UTC,5o5mCQSfnXDkfNC2wK2F1rRXccXpBWZ47NSWW3X1pump,0.000003691954127271172
2025-12-06 23:22:00.000 UTC,5o5mCQSfnXDkfNC2wK2F1rRXccXpBWZ47NSWW3X1pump,0.000003689720587605768
2025-12-07 11:38:00.000 UTC,5o5mCQSfnXDkfNC2wK2F1rRXccXpBWZ47NSWW3X1pump,0.000003707344683433211
2025-12-07 11:39:00.000 UTC,5o5mCQSfnXDkfNC2wK2F1rRXccXpBWZ47NSWW3X1pump,0.0000037073507542629217
2025-12-07 13:55:00.000 UTC,5o5mCQSfnXDkfNC2wK2F1rRXccXpBWZ47NSWW3X1pump,0.000003688898608076926
2025-12-07 14:10:00.000 UTC,5o5mCQSfnXDkfNC2wK2F1rRXccXpBWZ47NSWW3X1pump,0.0000036788337625778176
2025-12-07 18:23:00.000 UTC,5o5mCQSfnXDkfNC2wK2F1rRXccXpBWZ47NSWW3X1pump,0.0000037968601608587613
2025-12-08 03:24:00.000 UTC,5o5mCQSfnXDkfNC2wK2F1rRXccXpBWZ47NSWW3X1pump,0.0000037523956508167138
2025-12-08 04:46:00.000 UTC,5o5mCQSfnXDkfNC2wK2F1rRXccXpBWZ47NSWW3X1pump,0.000003774491011570425
2025-12-08 04:49:00.000 UTC,5o5mCQSfnXDkfNC2wK2F1rRXccXpBWZ47NSWW3X1pump,0.0000037744951999253044
2025-12-08 04:50:00.000 UTC,5o5mCQSfnXDkfNC2wK2F1rRXccXpBWZ47NSWW3X1pump,0.000003773940631658622
2025-12-08 04:52:00.000 UTC,5o5mCQSfnXDkfNC2wK2F1rRXccXpBWZ47NSWW3X1pump,0.0000037739461096937275
2025-12-08 23:47:00.000 UTC,5o5mCQSfnXDkfNC2wK2F1rRXccXpBWZ47NSWW3X1pump,0.0000037280941886210492
2025-12-09 00:40:00.000 UTC,5o5mCQSfnXDkfNC2wK2F1rRXccXpBWZ47NSWW3X1pump,0.00000372308678713803
2025-12-09 06:34:00.000 UTC,5o5mCQSfnXDkfNC2wK2F1rRXccXpBWZ47NSWW3X1pump,0.000003704654121789338
2025-12-10 00:23:00.000 UTC,5o5mCQSfnXDkfNC2wK2F1rRXccXpBWZ47NSWW3X1pump,0.000003845068158225634
2025-12-10 02:04:00.000 UTC,5o5mCQSfnXDkfNC2wK2F1rRXccXpBWZ47NSWW3X1pump,0.000003859053064353435
2025-12-10 19:18:00.000 UTC,5o5mCQSfnXDkfNC2wK2F1rRXccXpBWZ47NSWW3X1pump,0.000003877516114473362
2025-12-10 19:44:00.000 UTC,5o5mCQSfnXDkfNC2wK2F1rRXccXpBWZ47NSWW3X1pump,0.000003886749147210432
2025-12-11 01:23:00.000 UTC,5o5mCQSfnXDkfNC2wK2F1rRXccXpBWZ47NSWW3X1pump,0.0000037295713380180234
2025-12-11 03:45:00.000 UTC,5o5mCQSfnXDkfNC2wK2F1rRXccXpBWZ47NSWW3X1pump,0.000003623296159031717
2025-12-11 18:56:00.000 UTC,5o5mCQSfnXDkfNC2wK2F1rRXccXpBWZ47NSWW3X1pump,0.000003757846539934389
2025-12-11 18:57:00.000 UTC,5o5mCQSfnXDkfNC2wK2F1rRXccXpBWZ47NSWW3X1pump,0.00000377618015170671
2025-12-12 00:25:00.000 UTC,5o5mCQSfnXDkfNC2wK2F1rRXccXpBWZ47NSWW3X1pump,0.000003835330434246383
2025-12-12 02:42:00.000 UTC,5o5mCQSfnXDkfNC2wK2F1rRXccXpBWZ47NSWW3X1pump,0.000003837817818163059
2025-12-12 03:30:00.000 UTC,5o5mCQSfnXDkfNC2wK2F1rRXccXpBWZ47NSWW3X1pump,0.000003829234743143984
2025-12-12 07:02:00.000 UTC,5o5mCQSfnXDkfNC2wK2F1rRXccXpBWZ47NSWW3X1pump,0.00000388844005593119
2025-12-12 17:06:00.000 UTC,5o5mCQSfnXDkfNC2wK2F1rRXccXpBWZ47NSWW3X1pump,0.0000037074846333582337
2025-12-13 00:31:00.000 UTC,5o5mCQSfnXDkfNC2wK2F1rRXccXpBWZ47NSWW3X1pump,0.0000037061104705309305
2025-12-13 01:28:00.000 UTC,5o5mCQSfnXDkfNC2wK2F1rRXccXpBWZ47NSWW3X1pump,0.000003715941751652366
2025-12-13 05:31:00.000 UTC,5o5mCQSfnXDkfNC2wK2F1rRXccXpBWZ47NSWW3X1pump,0.0000037148387675311414
2025-12-13 16:44:00.000 UTC,5o5mCQSfnXDkfNC2wK2F1rRXccXpBWZ47NSWW3X1pump,0.0000037265866576506117
2025-12-14 18:52:00.000 UTC,5o5mCQSfnXDkfNC2wK2F1rRXccXpBWZ47NSWW3X1pump,0.0000036435178790001314
2025-12-14 18:54:00.000 UTC,5o5mCQSfnXDkfNC2wK2F1rRXccXpBWZ47NSWW3X1pump,0.0000036435195580764633
2025-12-14 19:00:00.000 UTC,5o5mCQSfnXDkfNC2wK2F1rRXccXpBWZ47NSWW3X1pump,0.000003655827835554852
2025-12-14 21:25:00.000 UTC,5o5mCQSfnXDkfNC2wK2F1rRXccXpBWZ47NSWW3X1pump,0.000003647441527290087
2025-12-14 23:13:00.000 UTC,5o5mCQSfnXDkfNC2wK2F1rRXccXpBWZ47NSWW3X1pump,0.0000036373719186022392
2025-12-15 01:49:00.000 UTC,5o5mCQSfnXDkfNC2wK2F1rRXccXpBWZ47NSWW3X1pump,0.0000036608661218216493
2025-12-15 16:13:00.000 UTC,5o5mCQSfnXDkfNC2wK2F1rRXccXpBWZ47NSWW3X1pump,0.0000035520664136773895
2025-12-15 18:25:00.000 UTC,5o5mCQSfnXDkfNC2wK2F1rRXccXpBWZ47NSWW3X1pump,0.0000034841018923393615
2025-12-15 19:58:00.000 UTC,5o5mCQSfnXDkfNC2wK2F1rRXccXpBWZ47NSWW3X1pump,0.0000035006040455345927
2025-12-15 22:33:00.000 UTC,5o5mCQSfnXDkfNC2wK2F1rRXccXpBWZ47NSWW3X1pump,0.000003533339115124392
2025-12-15 23:51:00.000 UTC,5o5mCQSfnXDkfNC2wK2F1rRXccXpBWZ47NSWW3X1pump,0.0000035728015470625086
2025-12-17 05:48:00.000 UTC,5o5mCQSfnXDkfNC2wK2F1rRXccXpBWZ47NSWW3X1pump,0.0000035638650968692874
2025-12-17 06:28:00.000 UTC,5o5mCQSfnXDkfNC2wK2F1rRXccXpBWZ47NSWW3X1pump,0.0000035784098365338133
2025-12-17 09:40:00.000 UTC,5o5mCQSfnXDkfNC2wK2F1rRXccXpBWZ47NSWW3X1pump,0.0000035431788885839503
2025-12-17 09:51:00.000 UTC,5o5mCQSfnXDkfNC2wK2F1rRXccXpBWZ47NSWW3X1pump,0.0000035476802117588245
2025-12-17 19:03:00.000 UTC,5o5mCQSfnXDkfNC2wK2F1rRXccXpBWZ47NSWW3X1pump,0.000003413999713873236
2025-12-17 20:12:00.000 UTC,5o5mCQSfnXDkfNC2wK2F1rRXccXpBWZ47NSWW3X1pump,0.0000034207128327310204
2025-12-17 20:13:00.000 UTC,5o5mCQSfnXDkfNC2wK2F1rRXccXpBWZ47NSWW3X1pump,0.000003420712206581731
2025-12-17 20:43:00.000 UTC,5o5mCQSfnXDkfNC2wK2F1rRXccXpBWZ47NSWW3X1pump,0.0000034458848872564433
2025-12-17 20:56:00.000 UTC,5o5mCQSfnXDkfNC2wK2F1rRXccXpBWZ47NSWW3X1pump,0.0000034405815283943595
2025-12-17 22:06:00.000 UTC,5o5mCQSfnXDkfNC2wK2F1rRXccXpBWZ47NSWW3X1pump,0.000003423255631375569
2025-12-18 04:30:00.000 UTC,5o5mCQSfnXDkfNC2wK2F1rRXccXpBWZ47NSWW3X1pump,0.0000034587817514509047
2025-12-18 04:32:00.000 UTC,5o5mCQSfnXDkfNC2wK2F1rRXccXpBWZ47NSWW3X1pump,0.0000034587819783713522
2025-12-18 14:27:00.000 UTC,5o5mCQSfnXDkfNC2wK2F1rRXccXpBWZ47NSWW3X1pump,0.000003531226266226732
2025-12-18 17:39:00.000 UTC,5o5mCQSfnXDkfNC2wK2F1rRXccXpBWZ47NSWW3X1pump,0.0000034207433318923707
2025-12-18 21:03:00.000 UTC,5o5mCQSfnXDkfNC2wK2F1rRXccXpBWZ47NSWW3X1pump,0.00000328257117956404
2025-12-19 15:08:00.000 UTC,5o5mCQSfnXDkfNC2wK2F1rRXccXpBWZ47NSWW3X1pump,0.0000035183594115648264
2025-12-19 16:35:00.000 UTC,5o5mCQSfnXDkfNC2wK2F1rRXccXpBWZ47NSWW3X1pump,0.0000035407358297584482
2025-12-19 19:06:00.000 UTC,5o5mCQSfnXDkfNC2wK2F1rRXccXpBWZ47NSWW3X1pump,0.0000034957073069733127
2025-12-19 19:36:00.000 UTC,5o5mCQSfnXDkfNC2wK2F1rRXccXpBWZ47NSWW3X1pump,0.0000035284321804941533
2025-12-19 20:19:00.000 UTC,5o5mCQSfnXDkfNC2wK2F1rRXccXpBWZ47NSWW3X1pump,0.0000035315088541245224
2025-12-19 21:41:00.000 UTC,5o5mCQSfnXDkfNC2wK2F1rRXccXpBWZ47NSWW3X1pump,0.00000354888868730992
2025-12-20 08:37:00.000 UTC,5o5mCQSfnXDkfNC2wK2F1rRXccXpBWZ47NSWW3X1pump,0.000003543626807609003
2025-12-20 19:01:00.000 UTC,5o5mCQSfnXDkfNC2wK2F1rRXccXpBWZ47NSWW3X1pump,0.0000035254350777741515
2025-12-21 03:48:00.000 UTC,5o5mCQSfnXDkfNC2wK2F1rRXccXpBWZ47NSWW3X1pump,0.0000035030579540652776
2025-12-22 03:07:00.000 UTC,5o5mCQSfnXDkfNC2wK2F1rRXccXpBWZ47NSWW3X1pump,0.0000035008203319224614
2025-12-22 19:19:00.000 UTC,5o5mCQSfnXDkfNC2wK2F1rRXccXpBWZ47NSWW3X1pump,0.0000035201203101009034
2025-12-22 20:36:00.000 UTC,5o5mCQSfnXDkfNC2wK2F1rRXccXpBWZ47NSWW3X1pump,0.0000034915894109876087
2025-12-22 23:11:00.000 UTC,5o5mCQSfnXDkfNC2wK2F1rRXccXpBWZ47NSWW3X1pump,0.0000035175196212847167
2025-12-23 02:15:00.000 UTC,5o5mCQSfnXDkfNC2wK2F1rRXccXpBWZ47NSWW3X1pump,0.0000035327074348194617
2025-12-23 03:35:00.000 UTC,5o5mCQSfnXDkfNC2wK2F1rRXccXpBWZ47NSWW3X1pump,0.000003513130045531042
2025-12-23 05:34:00.000 UTC,5o5mCQSfnXDkfNC2wK2F1rRXccXpBWZ47NSWW3X1pump,0.000003504467944189827
2025-12-23 06:01:00.000 UTC,5o5mCQSfnXDkfNC2wK2F1rRXccXpBWZ47NSWW3X1pump,0.000003496941095827051
2025-12-23 07:53:00.000 UTC,5o5mCQSfnXDkfNC2wK2F1rRXccXpBWZ47NSWW3X1pump,0.0000034737500521008505
2025-12-23 20:19:00.000 UTC,5o5mCQSfnXDkfNC2wK2F1rRXccXpBWZ47NSWW3X1pump,0.0000034586703407107674
2025-12-24 08:37:00.000 UTC,5o5mCQSfnXDkfNC2wK2F1rRXccXpBWZ47NSWW3X1pump,0.000003389884361546738
2025-12-25 03:02:00.000 UTC,5o5mCQSfnXDkfNC2wK2F1rRXccXpBWZ47NSWW3X1pump,0.000003441366008470162
2025-12-25 04:34:00.000 UTC,5o5mCQSfnXDkfNC2wK2F1rRXccXpBWZ47NSWW3X1pump,0.0000034315764850326277
2025-12-25 04:35:00.000 UTC,5o5mCQSfnXDkfNC2wK2F1rRXccXpBWZ47NSWW3X1pump,0.000003431296853327396
2025-12-25 15:48:00.000 UTC,5o5mCQSfnXDkfNC2wK2F1rRXccXpBWZ47NSWW3X1pump,0.0000034603854293114065
2025-12-26 07:47:00.000 UTC,5o5mCQSfnXDkfNC2wK2F1rRXccXpBWZ47NSWW3X1pump,0.0000034405274589312503
2025-12-26 08:38:00.000 UTC,5o5mCQSfnXDkfNC2wK2F1rRXccXpBWZ47NSWW3X1pump,0.000003428230450232021
2025-12-26 09:10:00.000 UTC,5o5mCQSfnXDkfNC2wK2F1rRXccXpBWZ47NSWW3X1pump,0.0000034304179104351176
2025-12-26 10:58:00.000 UTC,5o5mCQSfnXDkfNC2wK2F1rRXccXpBWZ47NSWW3X1pump,0.0000034642867251484675
2025-12-26 14:55:00.000 UTC,5o5mCQSfnXDkfNC2wK2F1rRXccXpBWZ47NSWW3X1pump,0.0000034320847376792664
2025-12-27 02:19:00.000 UTC,5o5mCQSfnXDkfNC2wK2F1rRXccXpBWZ47NSWW3X1pump,0.0000034211773292170244
2025-12-27 03:32:00.000 UTC,5o5mCQSfnXDkfNC2wK2F1rRXccXpBWZ47NSWW3X1pump,0.0000034390790302936195
2025-12-27 03:33:00.000 UTC,5o5mCQSfnXDkfNC2wK2F1rRXccXpBWZ47NSWW3X1pump,0.000003439079366066516
2025-12-27 05:31:00.000 UTC,5o5mCQSfnXDkfNC2wK2F1rRXccXpBWZ47NSWW3X1pump,0.0000034424352583791028
2025-12-27 10:47:00.000 UTC,5o5mCQSfnXDkfNC2wK2F1rRXccXpBWZ47NSWW3X1pump,0.0000034346214509257903
2025-12-27 10:49:00.000 UTC,5o5mCQSfnXDkfNC2wK2F1rRXccXpBWZ47NSWW3X1pump,0.000003434619771425255
2025-12-27 10:50:00.000 UTC,5o5mCQSfnXDkfNC2wK2F1rRXccXpBWZ47NSWW3X1pump,0.000003436859684730754
2025-12-27 16:09:00.000 UTC,5o5mCQSfnXDkfNC2wK2F1rRXccXpBWZ47NSWW3X1pump,0.0000034497064112539035
2025-12-28 03:29:00.000 UTC,5o5mCQSfnXDkfNC2wK2F1rRXccXpBWZ47NSWW3X1pump,0.000003470406340452217
2025-12-28 04:02:00.000 UTC,5o5mCQSfnXDkfNC2wK2F1rRXccXpBWZ47NSWW3X1pump,0.0000034729239990336346
2025-12-29 00:50:00.000 UTC,5o5mCQSfnXDkfNC2wK2F1rRXccXpBWZ47NSWW3X1pump,0.0000035632823085322023
2025-12-29 09:18:00.000 UTC,5o5mCQSfnXDkfNC2wK2F1rRXccXpBWZ47NSWW3X1pump,0.0000035750440104732274
2025-12-29 10:36:00.000 UTC,5o5mCQSfnXDkfNC2wK2F1rRXccXpBWZ47NSWW3X1pump,0.000003519101587829753
2025-12-30 06:51:00.000 UTC,5o5mCQSfnXDkfNC2wK2F1rRXccXpBWZ47NSWW3X1pump,0.000003464557224832721
2025-12-31 04:46:00.000 UTC,5o5mCQSfnXDkfNC2wK2F1rRXccXpBWZ47NSWW3X1pump,0.000003515475541899706
2026-01-01 22:47:00.000 UTC,5o5mCQSfnXDkfNC2wK2F1rRXccXpBWZ47NSWW3X1pump,0.0000035149301803341653
2026-01-01 23:05:00.000 UTC,5o5mCQSfnXDkfNC2wK2F1rRXccXpBWZ47NSWW3X1pump,0.000003518007422092958
2026-01-02 03:48:00.000 UTC,5o5mCQSfnXDkfNC2wK2F1rRXccXpBWZ47NSWW3X1pump,0.000003568076074797888
2026-01-02 11:52:00.000 UTC,5o5mCQSfnXDkfNC2wK2F1rRXccXpBWZ47NSWW3X1pump,0.000003584579812801405
2026-01-02 12:15:00.000 UTC,5o5mCQSfnXDkfNC2wK2F1rRXccXpBWZ47NSWW3X1pump,0.0000035840204788384545
2026-01-02 23:53:00.000 UTC,5o5mCQSfnXDkfNC2wK2F1rRXccXpBWZ47NSWW3X1pump,0.0000036950683189988908
2026-01-03 00:24:00.000 UTC,5o5mCQSfnXDkfNC2wK2F1rRXccXpBWZ47NSWW3X1pump,0.0000037093357088491985
2026-01-03 14:25:00.000 UTC,5o5mCQSfnXDkfNC2wK2F1rRXccXpBWZ47NSWW3X1pump,0.000003675776063465264
2026-01-03 15:10:00.000 UTC,5o5mCQSfnXDkfNC2wK2F1rRXccXpBWZ47NSWW3X1pump,0.0000036830476804558387
2026-01-03 15:48:00.000 UTC,5o5mCQSfnXDkfNC2wK2F1rRXccXpBWZ47NSWW3X1pump,0.000003681928984241966
2026-01-03 23:52:00.000 UTC,5o5mCQSfnXDkfNC2wK2F1rRXccXpBWZ47NSWW3X1pump,0.0000037317186450573996
2026-01-04 02:46:00.000 UTC,5o5mCQSfnXDkfNC2wK2F1rRXccXpBWZ47NSWW3X1pump,0.0000037395512926207922
2026-01-04 03:15:00.000 UTC,5o5mCQSfnXDkfNC2wK2F1rRXccXpBWZ47NSWW3X1pump,0.0000037546559738047115
2026-01-05 00:39:00.000 UTC,5o5mCQSfnXDkfNC2wK2F1rRXccXpBWZ47NSWW3X1pump,0.0000037563343669913494
2026-01-05 01:25:00.000 UTC,5o5mCQSfnXDkfNC2wK2F1rRXccXpBWZ47NSWW3X1pump,0.000003806403445014236
2026-01-05 01:32:00.000 UTC,5o5mCQSfnXDkfNC2wK2F1rRXccXpBWZ47NSWW3X1pump,0.000003809760965453841
2026-01-05 02:19:00.000 UTC,5o5mCQSfnXDkfNC2wK2F1rRXccXpBWZ47NSWW3X1pump,0.0000038248653117128244
2026-01-06 00:23:00.000 UTC,5o5mCQSfnXDkfNC2wK2F1rRXccXpBWZ47NSWW3X1pump,0.000003844725453188887
2026-01-06 00:26:00.000 UTC,5o5mCQSfnXDkfNC2wK2F1rRXccXpBWZ47NSWW3X1pump,0.000003850040126539271
2026-01-06 02:06:00.000 UTC,5o5mCQSfnXDkfNC2wK2F1rRXccXpBWZ47NSWW3X1pump,0.000003850878636689261
2026-01-06 12:24:00.000 UTC,5o5mCQSfnXDkfNC2wK2F1rRXccXpBWZ47NSWW3X1pump,0.000003898939851506758
2026-01-06 12:26:00.000 UTC,5o5mCQSfnXDkfNC2wK2F1rRXccXpBWZ47NSWW3X1pump,0.0000038967195671979015
2026-01-07 04:23:00.000 UTC,5o5mCQSfnXDkfNC2wK2F1rRXccXpBWZ47NSWW3X1pump,0.00000389563371029546
2026-01-07 04:57:00.000 UTC,5o5mCQSfnXDkfNC2wK2F1rRXccXpBWZ47NSWW3X1pump,0.000003885287976604409
2026-01-07 06:20:00.000 UTC,5o5mCQSfnXDkfNC2wK2F1rRXccXpBWZ47NSWW3X1pump,0.000003879413233663152
2026-01-07 07:05:00.000 UTC,5o5mCQSfnXDkfNC2wK2F1rRXccXpBWZ47NSWW3X1pump,0.000003887246336560895
2026-01-07 07:09:00.000 UTC,5o5mCQSfnXDkfNC2wK2F1rRXccXpBWZ47NSWW3X1pump,0.000003887267955926716
2026-01-07 09:05:00.000 UTC,5o5mCQSfnXDkfNC2wK2F1rRXccXpBWZ47NSWW3X1pump,0.00000389876191463116
2026-01-07 13:31:00.000 UTC,5o5mCQSfnXDkfNC2wK2F1rRXccXpBWZ47NSWW3X1pump,0.000003863524185643612
2026-01-07 18:05:00.000 UTC,5o5mCQSfnXDkfNC2wK2F1rRXccXpBWZ47NSWW3X1pump,0.0000037863141162883847
2026-01-07 18:06:00.000 UTC,5o5mCQSfnXDkfNC2wK2F1rRXccXpBWZ47NSWW3X1pump,0.0000037863137601152397
2026-01-07 19:26:00.000 UTC,5o5mCQSfnXDkfNC2wK2F1rRXccXpBWZ47NSWW3X1pump,0.0000037737898764018315
2026-01-07 20:14:00.000 UTC,5o5mCQSfnXDkfNC2wK2F1rRXccXpBWZ47NSWW3X1pump,0.000003797079162236281
2026-01-08 00:22:00.000 UTC,5o5mCQSfnXDkfNC2wK2F1rRXccXpBWZ47NSWW3X1pump,0.0000038094027581716355
2026-01-08 01:23:00.000 UTC,5o5mCQSfnXDkfNC2wK2F1rRXccXpBWZ47NSWW3X1pump,0.000003826466070504816
2026-01-08 03:49:00.000 UTC,5o5mCQSfnXDkfNC2wK2F1rRXccXpBWZ47NSWW3X1pump,0.000003829556670500675
2026-01-08 05:01:00.000 UTC,5o5mCQSfnXDkfNC2wK2F1rRXccXpBWZ47NSWW3X1pump,0.000003849175319919071
2026-01-08 20:17:00.000 UTC,5o5mCQSfnXDkfNC2wK2F1rRXccXpBWZ47NSWW3X1pump,0.000003832148861678321
2026-01-08 23:46:00.000 UTC,5o5mCQSfnXDkfNC2wK2F1rRXccXpBWZ47NSWW3X1pump,0.000003883078298284148
2026-01-09 05:56:00.000 UTC,5o5mCQSfnXDkfNC2wK2F1rRXccXpBWZ47NSWW3X1pump,0.000003905457595862119
2026-01-09 07:45:00.000 UTC,5o5mCQSfnXDkfNC2wK2F1rRXccXpBWZ47NSWW3X1pump,0.000003916368031241564
2026-01-09 07:46:00.000 UTC,5o5mCQSfnXDkfNC2wK2F1rRXccXpBWZ47NSWW3X1pump,0.000003916380568681905
2026-01-09 08:14:00.000 UTC,5o5mCQSfnXDkfNC2wK2F1rRXccXpBWZ47NSWW3X1pump,0.0000038856253976685794
2026-01-09 18:58:00.000 UTC,5o5mCQSfnXDkfNC2wK2F1rRXccXpBWZ47NSWW3X1pump,0.000003824921212072838
2026-01-10 03:44:00.000 UTC,5o5mCQSfnXDkfNC2wK2F1rRXccXpBWZ47NSWW3X1pump,0.0000038025457489758158
2026-01-10 03:45:00.000 UTC,5o5mCQSfnXDkfNC2wK2F1rRXccXpBWZ47NSWW3X1pump,0.0000038017060640164743
2026-01-10 04:32:00.000 UTC,5o5mCQSfnXDkfNC2wK2F1rRXccXpBWZ47NSWW3X1pump,0.00000379778990962718
2026-01-10 06:37:00.000 UTC,5o5mCQSfnXDkfNC2wK2F1rRXccXpBWZ47NSWW3X1pump,0.000003802546146085546
2026-01-10 10:05:00.000 UTC,5o5mCQSfnXDkfNC2wK2F1rRXccXpBWZ47NSWW3X1pump,0.000003819071660812029
2026-01-11 01:50:00.000 UTC,5o5mCQSfnXDkfNC2wK2F1rRXccXpBWZ47NSWW3X1pump,0.0000038107026573701682
2026-01-11 18:37:00.000 UTC,5o5mCQSfnXDkfNC2wK2F1rRXccXpBWZ47NSWW3X1pump,0.000003908624725998007
2026-01-11 19:15:00.000 UTC,5o5mCQSfnXDkfNC2wK2F1rRXccXpBWZ47NSWW3X1pump,0.00000391702331713832
2026-01-11 21:40:00.000 UTC,5o5mCQSfnXDkfNC2wK2F1rRXccXpBWZ47NSWW3X1pump,0.000003877373583099726
2026-01-12 00:53:00.000 UTC,5o5mCQSfnXDkfNC2wK2F1rRXccXpBWZ47NSWW3X1pump,0.000003926846503030179
2026-01-12 12:11:00.000 UTC,5o5mCQSfnXDkfNC2wK2F1rRXccXpBWZ47NSWW3X1pump,0.000003911196740531101
2026-01-12 13:05:00.000 UTC,5o5mCQSfnXDkfNC2wK2F1rRXccXpBWZ47NSWW3X1pump,0.00000391539601196861
2026-01-13 04:04:00.000 UTC,5o5mCQSfnXDkfNC2wK2F1rRXccXpBWZ47NSWW3X1pump,0.000003877068025549151
2026-01-13 17:21:00.000 UTC,5o5mCQSfnXDkfNC2wK2F1rRXccXpBWZ47NSWW3X1pump,0.00000399039540187557
2026-01-14 00:43:00.000 UTC,5o5mCQSfnXDkfNC2wK2F1rRXccXpBWZ47NSWW3X1pump,0.000004050798126199408
2026-01-14 13:58:00.000 UTC,5o5mCQSfnXDkfNC2wK2F1rRXccXpBWZ47NSWW3X1pump,0.000004031785088860372
2026-01-14 13:59:00.000 UTC,5o5mCQSfnXDkfNC2wK2F1rRXccXpBWZ47NSWW3X1pump,0.000004031780931550126
2026-01-14 15:53:00.000 UTC,5o5mCQSfnXDkfNC2wK2F1rRXccXpBWZ47NSWW3X1pump,0.000004104352426941491
2026-01-14 15:54:00.000 UTC,5o5mCQSfnXDkfNC2wK2F1rRXccXpBWZ47NSWW3X1pump,0.000004104301083715241
2026-01-14 20:39:00.000 UTC,5o5mCQSfnXDkfNC2wK2F1rRXccXpBWZ47NSWW3X1pump,0.000004123334232445358
2026-01-14 20:40:00.000 UTC,5o5mCQSfnXDkfNC2wK2F1rRXccXpBWZ47NSWW3X1pump,0.000004129386442565574
2026-01-14 20:43:00.000 UTC,5o5mCQSfnXDkfNC2wK2F1rRXccXpBWZ47NSWW3X1pump,0.0000041286054620890065
2026-01-14 20:45:00.000 UTC,5o5mCQSfnXDkfNC2wK2F1rRXccXpBWZ47NSWW3X1pump,0.000004127081368438578
2026-01-15 06:22:00.000 UTC,5o5mCQSfnXDkfNC2wK2F1rRXccXpBWZ47NSWW3X1pump,0.000004049152488365559
2026-01-15 11:04:00.000 UTC,5o5mCQSfnXDkfNC2wK2F1rRXccXpBWZ47NSWW3X1pump,0.000004067926932228734
2026-01-15 11:35:00.000 UTC,5o5mCQSfnXDkfNC2wK2F1rRXccXpBWZ47NSWW3X1pump,0.000004063450201464778
2026-01-15 12:12:00.000 UTC,5o5mCQSfnXDkfNC2wK2F1rRXccXpBWZ47NSWW3X1pump,0.000004054497037388834
2026-01-15 13:25:00.000 UTC,5o5mCQSfnXDkfNC2wK2F1rRXccXpBWZ47NSWW3X1pump,0.0000040584137039932675
2026-01-15 14:35:00.000 UTC,5o5mCQSfnXDkfNC2wK2F1rRXccXpBWZ47NSWW3X1pump,0.000004045942788571527
2026-01-15 14:36:00.000 UTC,5o5mCQSfnXDkfNC2wK2F1rRXccXpBWZ47NSWW3X1pump,0.000004045904319851485
2026-01-15 18:57:00.000 UTC,5o5mCQSfnXDkfNC2wK2F1rRXccXpBWZ47NSWW3X1pump,0.000003965535085066713
2026-01-15 21:39:00.000 UTC,5o5mCQSfnXDkfNC2wK2F1rRXccXpBWZ47NSWW3X1pump,0.000003971969217083205
2026-01-15 22:07:00.000 UTC,5o5mCQSfnXDkfNC2wK2F1rRXccXpBWZ47NSWW3X1pump,0.0000039789638644893595
2026-01-15 22:21:00.000 UTC,5o5mCQSfnXDkfNC2wK2F1rRXccXpBWZ47NSWW3X1pump,0.000003975886069546734
2026-01-15 23:06:00.000 UTC,5o5mCQSfnXDkfNC2wK2F1rRXccXpBWZ47NSWW3X1pump,0.000003978403663086892
2026-01-16 01:25:00.000 UTC,5o5mCQSfnXDkfNC2wK2F1rRXccXpBWZ47NSWW3X1pump,0.000003976189019104234
2026-01-16 16:26:00.000 UTC,5o5mCQSfnXDkfNC2wK2F1rRXccXpBWZ47NSWW3X1pump,0.000003964742689157648
2026-01-16 19:46:00.000 UTC,5o5mCQSfnXDkfNC2wK2F1rRXccXpBWZ47NSWW3X1pump,0.000004031605126410058
2026-01-16 19:55:00.000 UTC,5o5mCQSfnXDkfNC2wK2F1rRXccXpBWZ47NSWW3X1pump,0.00000403412306052454
2026-01-16 22:03:00.000 UTC,5o5mCQSfnXDkfNC2wK2F1rRXccXpBWZ47NSWW3X1pump,0.000004061261383284574
2026-01-16 22:29:00.000 UTC,5o5mCQSfnXDkfNC2wK2F1rRXccXpBWZ47NSWW3X1pump,0.000004051749775305341
2026-01-17 08:53:00.000 UTC,5o5mCQSfnXDkfNC2wK2F1rRXccXpBWZ47NSWW3X1pump,0.000004032725425031232
2026-01-17 12:57:00.000 UTC,5o5mCQSfnXDkfNC2wK2F1rRXccXpBWZ47NSWW3X1pump,0.000004021329167149099
2026-01-17 13:50:00.000 UTC,5o5mCQSfnXDkfNC2wK2F1rRXccXpBWZ47NSWW3X1pump,0.00000402644080746786
2026-01-17 16:53:00.000 UTC,5o5mCQSfnXDkfNC2wK2F1rRXccXpBWZ47NSWW3X1pump,0.000004023083434603734
2026-01-17 16:54:00.000 UTC,5o5mCQSfnXDkfNC2wK2F1rRXccXpBWZ47NSWW3X1pump,0.000004023083732415164
2026-01-18 13:38:00.000 UTC,5o5mCQSfnXDkfNC2wK2F1rRXccXpBWZ47NSWW3X1pump,0.000003975522506186444
2026-01-18 13:39:00.000 UTC,5o5mCQSfnXDkfNC2wK2F1rRXccXpBWZ47NSWW3X1pump,0.000003975522555733333
2026-01-18 14:35:00.000 UTC,5o5mCQSfnXDkfNC2wK2F1rRXccXpBWZ47NSWW3X1pump,0.000003988672069513821
2026-01-18 15:01:00.000 UTC,5o5mCQSfnXDkfNC2wK2F1rRXccXpBWZ47NSWW3X1pump,0.000003965451315459744
2026-01-18 15:48:00.000 UTC,5o5mCQSfnXDkfNC2wK2F1rRXccXpBWZ47NSWW3X1pump,0.000003973844068828913
2026-01-18 18:28:00.000 UTC,5o5mCQSfnXDkfNC2wK2F1rRXccXpBWZ47NSWW3X1pump,0.000003979439337870513
2026-01-18 20:07:00.000 UTC,5o5mCQSfnXDkfNC2wK2F1rRXccXpBWZ47NSWW3X1pump,0.000003979719107227788
2026-01-18 20:08:00.000 UTC,5o5mCQSfnXDkfNC2wK2F1rRXccXpBWZ47NSWW3X1pump,0.000003979719074626747
2026-01-18 21:42:00.000 UTC,5o5mCQSfnXDkfNC2wK2F1rRXccXpBWZ47NSWW3X1pump,0.000003990070673019001
2026-01-18 21:43:00.000 UTC,5o5mCQSfnXDkfNC2wK2F1rRXccXpBWZ47NSWW3X1pump,0.000003990070499485535
2026-01-18 21:48:00.000 UTC,5o5mCQSfnXDkfNC2wK2F1rRXccXpBWZ47NSWW3X1pump,0.000003989511004582932
2026-01-19 13:21:00.000 UTC,5o5mCQSfnXDkfNC2wK2F1rRXccXpBWZ47NSWW3X1pump,0.00000374387352149128
2026-01-19 13:36:00.000 UTC,5o5mCQSfnXDkfNC2wK2F1rRXccXpBWZ47NSWW3X1pump,0.0000037410757358311945
2026-01-19 16:00:00.000 UTC,5o5mCQSfnXDkfNC2wK2F1rRXccXpBWZ47NSWW3X1pump,0.0000037360956652012194
2026-01-19 16:02:00.000 UTC,5o5mCQSfnXDkfNC2wK2F1rRXccXpBWZ47NSWW3X1pump,0.0000037361633808522562
2026-01-19 23:59:00.000 UTC,5o5mCQSfnXDkfNC2wK2F1rRXccXpBWZ47NSWW3X1pump,0.0000037337027447308206
2026-01-20 00:00:00.000 UTC,5o5mCQSfnXDkfNC2wK2F1rRXccXpBWZ47NSWW3X1pump,0.000003733427185696538
2026-01-20 00:13:00.000 UTC,5o5mCQSfnXDkfNC2wK2F1rRXccXpBWZ47NSWW3X1pump,0.0000037388085446515722
2026-01-20 02:56:00.000 UTC,5o5mCQSfnXDkfNC2wK2F1rRXccXpBWZ47NSWW3X1pump,0.000003748774168567118
2026-01-20 13:29:00.000 UTC,5o5mCQSfnXDkfNC2wK2F1rRXccXpBWZ47NSWW3X1pump,0.0000036005063559670943
2026-01-20 14:38:00.000 UTC,5o5mCQSfnXDkfNC2wK2F1rRXccXpBWZ47NSWW3X1pump,0.000003600784304732201
2026-01-20 16:47:00.000 UTC,5o5mCQSfnXDkfNC2wK2F1rRXccXpBWZ47NSWW3X1pump,0.0000035411920112377448
2026-01-20 18:20:00.000 UTC,5o5mCQSfnXDkfNC2wK2F1rRXccXpBWZ47NSWW3X1pump,0.0000035624560510324694
2026-01-20 18:21:00.000 UTC,5o5mCQSfnXDkfNC2wK2F1rRXccXpBWZ47NSWW3X1pump,0.000003562456397647932
2026-01-20 20:06:00.000 UTC,5o5mCQSfnXDkfNC2wK2F1rRXccXpBWZ47NSWW3X1pump,0.000003554622325847519
2026-01-20 23:21:00.000 UTC,5o5mCQSfnXDkfNC2wK2F1rRXccXpBWZ47NSWW3X1pump,0.000003523578452889897
2026-01-20 23:57:00.000 UTC,5o5mCQSfnXDkfNC2wK2F1rRXccXpBWZ47NSWW3X1pump,0.000003516890958984018
2026-01-21 10:23:00.000 UTC,5o5mCQSfnXDkfNC2wK2F1rRXccXpBWZ47NSWW3X1pump,0.0000035723020175013445
2026-01-21 18:21:00.000 UTC,5o5mCQSfnXDkfNC2wK2F1rRXccXpBWZ47NSWW3X1pump,0.000003557206810926547
2026-01-22 20:12:00.000 UTC,5o5mCQSfnXDkfNC2wK2F1rRXccXpBWZ47NSWW3X1pump,0.0000036173866012525732
2026-01-23 03:39:00.000 UTC,5o5mCQSfnXDkfNC2wK2F1rRXccXpBWZ47NSWW3X1pump,0.0000035961361328917643
2026-01-23 21:21:00.000 UTC,5o5mCQSfnXDkfNC2wK2F1rRXccXpBWZ47NSWW3X1pump,0.0000035642400067793743
2026-01-23 23:29:00.000 UTC,5o5mCQSfnXDkfNC2wK2F1rRXccXpBWZ47NSWW3X1pump,0.000003563400949051826
2026-01-24 01:18:00.000 UTC,5o5mCQSfnXDkfNC2wK2F1rRXccXpBWZ47NSWW3X1pump,0.0000035628412974228386
2026-01-24 03:01:00.000 UTC,5o5mCQSfnXDkfNC2wK2F1rRXccXpBWZ47NSWW3X1pump,0.0000035712348366576706
2026-01-24 07:04:00.000 UTC,5o5mCQSfnXDkfNC2wK2F1rRXccXpBWZ47NSWW3X1pump,0.0000035696436561992108
2026-01-24 21:55:00.000 UTC,5o5mCQSfnXDkfNC2wK2F1rRXccXpBWZ47NSWW3X1pump,0.0000035555790922030925
2026-01-24 22:03:00.000 UTC,5o5mCQSfnXDkfNC2wK2F1rRXccXpBWZ47NSWW3X1pump,0.000003555887383387574
2026-01-24 22:34:00.000 UTC,5o5mCQSfnXDkfNC2wK2F1rRXccXpBWZ47NSWW3X1pump,0.0000035639933116904548
2026-01-25 03:12:00.000 UTC,5o5mCQSfnXDkfNC2wK2F1rRXccXpBWZ47NSWW3X1pump,0.000003551986225121389
2026-01-25 04:46:00.000 UTC,5o5mCQSfnXDkfNC2wK2F1rRXccXpBWZ47NSWW3X1pump,0.000003548628554190129
2026-01-25 08:51:00.000 UTC,5o5mCQSfnXDkfNC2wK2F1rRXccXpBWZ47NSWW3X1pump,0.0000035290545204739878
2026-01-25 09:48:00.000 UTC,5o5mCQSfnXDkfNC2wK2F1rRXccXpBWZ47NSWW3X1pump,0.000003547255592003312
2026-01-25 23:56:00.000 UTC,5o5mCQSfnXDkfNC2wK2F1rRXccXpBWZ47NSWW3X1pump,0.000003326483843409169
2026-01-26 00:00:00.000 UTC,5o5mCQSfnXDkfNC2wK2F1rRXccXpBWZ47NSWW3X1pump,0.000003325924065002844
2026-01-26 00:02:00.000 UTC,5o5mCQSfnXDkfNC2wK2F1rRXccXpBWZ47NSWW3X1pump,0.0000033259240651145503
2026-01-26 00:03:00.000 UTC,5o5mCQSfnXDkfNC2wK2F1rRXccXpBWZ47NSWW3X1pump,0.000003325924065226257
2026-01-26 07:16:00.000 UTC,5o5mCQSfnXDkfNC2wK2F1rRXccXpBWZ47NSWW3X1pump,0.0000034255443156749023
2026-01-26 20:13:00.000 UTC,5o5mCQSfnXDkfNC2wK2F1rRXccXpBWZ47NSWW3X1pump,0.0000034762465407915202
2026-01-26 20:14:00.000 UTC,5o5mCQSfnXDkfNC2wK2F1rRXccXpBWZ47NSWW3X1pump,0.000003476223832605733
2026-01-26 20:15:00.000 UTC,5o5mCQSfnXDkfNC2wK2F1rRXccXpBWZ47NSWW3X1pump,0.0000034731598604020723
2026-01-26 21:11:00.000 UTC,5o5mCQSfnXDkfNC2wK2F1rRXccXpBWZ47NSWW3X1pump,0.000003460029042937477
2026-01-26 23:42:00.000 UTC,5o5mCQSfnXDkfNC2wK2F1rRXccXpBWZ47NSWW3X1pump,0.0000034888638765618242
2026-01-27 00:32:00.000 UTC,5o5mCQSfnXDkfNC2wK2F1rRXccXpBWZ47NSWW3X1pump,0.0000034760069299924125
2026-01-27 04:53:00.000 UTC,5o5mCQSfnXDkfNC2wK2F1rRXccXpBWZ47NSWW3X1pump,0.0000034816205996636386
2026-01-28 03:13:00.000 UTC,5o5mCQSfnXDkfNC2wK2F1rRXccXpBWZ47NSWW3X1pump,0.0000035521305966571712
2026-01-28 09:52:00.000 UTC,5o5mCQSfnXDkfNC2wK2F1rRXccXpBWZ47NSWW3X1pump,0.000003557459436653826
2026-01-28 20:45:00.000 UTC,5o5mCQSfnXDkfNC2wK2F1rRXccXpBWZ47NSWW3X1pump,0.000003517193505635053
2026-01-29 22:44:00.000 UTC,5o5mCQSfnXDkfNC2wK2F1rRXccXpBWZ47NSWW3X1pump,0.000003286651259086226
2026-01-30 04:43:00.000 UTC,5o5mCQSfnXDkfNC2wK2F1rRXccXpBWZ47NSWW3X1pump,0.000003227604807674835
2026-01-31 04:37:00.000 UTC,5o5mCQSfnXDkfNC2wK2F1rRXccXpBWZ47NSWW3X1pump,0.000003315755654233239
2026-01-31 05:21:00.000 UTC,5o5mCQSfnXDkfNC2wK2F1rRXccXpBWZ47NSWW3X1pump,0.0000033054511430792656
2026-01-31 21:39:00.000 UTC,5o5mCQSfnXDkfNC2wK2F1rRXccXpBWZ47NSWW3X1pump,0.000002868416702951154
2026-02-01 22:17:00.000 UTC,5o5mCQSfnXDkfNC2wK2F1rRXccXpBWZ47NSWW3X1pump,0.0000028653655146909076
2026-02-02 07:50:00.000 UTC,5o5mCQSfnXDkfNC2wK2F1rRXccXpBWZ47NSWW3X1pump,0.000002852808676057183
2026-02-02 20:16:00.000 UTC,5o5mCQSfnXDkfNC2wK2F1rRXccXpBWZ47NSWW3X1pump,0.00000290627512213287
2026-02-03 00:13:00.000 UTC,5o5mCQSfnXDkfNC2wK2F1rRXccXpBWZ47NSWW3X1pump,0.0000029079667110265875
2026-02-05 01:36:00.000 UTC,5o5mCQSfnXDkfNC2wK2F1rRXccXpBWZ47NSWW3X1pump,0.0000025878325204025882
2026-02-05 06:11:00.000 UTC,5o5mCQSfnXDkfNC2wK2F1rRXccXpBWZ47NSWW3X1pump,0.000002516770949680147
2026-02-06 01:18:00.000 UTC,5o5mCQSfnXDkfNC2wK2F1rRXccXpBWZ47NSWW3X1pump,0.0000021378984040598366
2026-02-06 02:26:00.000 UTC,5o5mCQSfnXDkfNC2wK2F1rRXccXpBWZ47NSWW3X1pump,0.000002156926809673739
2026-02-06 05:00:00.000 UTC,5o5mCQSfnXDkfNC2wK2F1rRXccXpBWZ47NSWW3X1pump,0.000002175115671631698
2026-02-06 16:30:00.000 UTC,5o5mCQSfnXDkfNC2wK2F1rRXccXpBWZ47NSWW3X1pump,0.00000241017265929677
2026-02-07 04:44:00.000 UTC,5o5mCQSfnXDkfNC2wK2F1rRXccXpBWZ47NSWW3X1pump,0.000002466698515638488
2026-02-07 05:09:00.000 UTC,5o5mCQSfnXDkfNC2wK2F1rRXccXpBWZ47NSWW3X1pump,0.000002459982289797719
2026-02-07 08:26:00.000 UTC,5o5mCQSfnXDkfNC2wK2F1rRXccXpBWZ47NSWW3X1pump,0.0000023847200659605545
2026-02-07 09:53:00.000 UTC,5o5mCQSfnXDkfNC2wK2F1rRXccXpBWZ47NSWW3X1pump,0.000002377750145160014
2026-02-07 13:22:00.000 UTC,5o5mCQSfnXDkfNC2wK2F1rRXccXpBWZ47NSWW3X1pump,0.00000242725728657528
2026-02-07 15:12:00.000 UTC,5o5mCQSfnXDkfNC2wK2F1rRXccXpBWZ47NSWW3X1pump,0.0000024119028545963075
2026-02-07 15:21:00.000 UTC,5o5mCQSfnXDkfNC2wK2F1rRXccXpBWZ47NSWW3X1pump,0.0000024110634399524417
2026-02-07 15:32:00.000 UTC,5o5mCQSfnXDkfNC2wK2F1rRXccXpBWZ47NSWW3X1pump,0.000002422536711231417
2026-02-07 16:38:00.000 UTC,5o5mCQSfnXDkfNC2wK2F1rRXccXpBWZ47NSWW3X1pump,0.000002433730301209183
2026-02-07 16:42:00.000 UTC,5o5mCQSfnXDkfNC2wK2F1rRXccXpBWZ47NSWW3X1pump,0.0000024384873102743353
2026-02-07 17:03:00.000 UTC,5o5mCQSfnXDkfNC2wK2F1rRXccXpBWZ47NSWW3X1pump,0.0000024373681274707147
2026-02-07 17:10:00.000 UTC,5o5mCQSfnXDkfNC2wK2F1rRXccXpBWZ47NSWW3X1pump,0.0000024326106768617578
2026-02-07 17:15:00.000 UTC,5o5mCQSfnXDkfNC2wK2F1rRXccXpBWZ47NSWW3X1pump,0.0000024225371475021815
2026-02-07 17:25:00.000 UTC,5o5mCQSfnXDkfNC2wK2F1rRXccXpBWZ47NSWW3X1pump,0.000002435129320666234
2026-02-07 17:47:00.000 UTC,5o5mCQSfnXDkfNC2wK2F1rRXccXpBWZ47NSWW3X1pump,0.0000024496806471008658
2026-02-08 08:42:00.000 UTC,5o5mCQSfnXDkfNC2wK2F1rRXccXpBWZ47NSWW3X1pump,0.000002477679891936509
2026-02-08 14:07:00.000 UTC,5o5mCQSfnXDkfNC2wK2F1rRXccXpBWZ47NSWW3X1pump,0.000002480215433833271
2026-02-08 17:58:00.000 UTC,5o5mCQSfnXDkfNC2wK2F1rRXccXpBWZ47NSWW3X1pump,0.0000024298448117297545
2026-02-09 16:01:00.000 UTC,5o5mCQSfnXDkfNC2wK2F1rRXccXpBWZ47NSWW3X1pump,0.000002385909756361424
2026-02-09 16:46:00.000 UTC,5o5mCQSfnXDkfNC2wK2F1rRXccXpBWZ47NSWW3X1pump,0.000002405218859297662
2026-02-09 19:55:00.000 UTC,5o5mCQSfnXDkfNC2wK2F1rRXccXpBWZ47NSWW3X1pump,0.0000024614690642319575
2026-02-09 19:57:00.000 UTC,5o5mCQSfnXDkfNC2wK2F1rRXccXpBWZ47NSWW3X1pump,0.000002461469807959964
2026-02-10 01:21:00.000 UTC,5o5mCQSfnXDkfNC2wK2F1rRXccXpBWZ47NSWW3X1pump,0.0000024363083609929756
2026-02-10 11:40:00.000 UTC,5o5mCQSfnXDkfNC2wK2F1rRXccXpBWZ47NSWW3X1pump,0.0000023616278738018782
2026-02-10 17:30:00.000 UTC,5o5mCQSfnXDkfNC2wK2F1rRXccXpBWZ47NSWW3X1pump,0.0000023675142485604345
2026-02-11 04:56:00.000 UTC,5o5mCQSfnXDkfNC2wK2F1rRXccXpBWZ47NSWW3X1pump,0.0000022912210178954634
2026-02-11 04:57:00.000 UTC,5o5mCQSfnXDkfNC2wK2F1rRXccXpBWZ47NSWW3X1pump,0.000002291237788191261
2026-02-11 12:15:00.000 UTC,5o5mCQSfnXDkfNC2wK2F1rRXccXpBWZ47NSWW3X1pump,0.0000022673363381371276
2026-02-11 12:34:00.000 UTC,5o5mCQSfnXDkfNC2wK2F1rRXccXpBWZ47NSWW3X1pump,0.0000022754612629475655
2026-02-11 12:50:00.000 UTC,5o5mCQSfnXDkfNC2wK2F1rRXccXpBWZ47NSWW3X1pump,0.0000022712634726242584
2026-02-11 13:34:00.000 UTC,5o5mCQSfnXDkfNC2wK2F1rRXccXpBWZ47NSWW3X1pump,0.000002260349412416371
2026-02-11 13:39:00.000 UTC,5o5mCQSfnXDkfNC2wK2F1rRXccXpBWZ47NSWW3X1pump,0.0000022858155647957916
2026-02-11 13:47:00.000 UTC,5o5mCQSfnXDkfNC2wK2F1rRXccXpBWZ47NSWW3X1pump,0.000002274341871682787
2026-02-11 13:50:00.000 UTC,5o5mCQSfnXDkfNC2wK2F1rRXccXpBWZ47NSWW3X1pump,0.0000022785394953659607
2026-02-11 13:51:00.000 UTC,5o5mCQSfnXDkfNC2wK2F1rRXccXpBWZ47NSWW3X1pump,0.0000022785405336901746
2026-02-11 13:52:00.000 UTC,5o5mCQSfnXDkfNC2wK2F1rRXccXpBWZ47NSWW3X1pump,0.0000022785404720471553
2026-02-11 16:46:00.000 UTC,5o5mCQSfnXDkfNC2wK2F1rRXccXpBWZ47NSWW3X1pump,0.0000022166934703582574
2026-02-11 23:52:00.000 UTC,5o5mCQSfnXDkfNC2wK2F1rRXccXpBWZ47NSWW3X1pump,0.0000022211711440259712
2026-02-13 18:06:00.000 UTC,5o5mCQSfnXDkfNC2wK2F1rRXccXpBWZ47NSWW3X1pump,0.000002368932174417546
2026-02-13 19:33:00.000 UTC,5o5mCQSfnXDkfNC2wK2F1rRXccXpBWZ47NSWW3X1pump,0.0000023753683248099994
2026-02-14 06:07:00.000 UTC,5o5mCQSfnXDkfNC2wK2F1rRXccXpBWZ47NSWW3X1pump,0.0000023658751823032
2026-02-14 19:55:00.000 UTC,5o5mCQSfnXDkfNC2wK2F1rRXccXpBWZ47NSWW3X1pump,0.0000024700030068873587
2026-02-14 21:16:00.000 UTC,5o5mCQSfnXDkfNC2wK2F1rRXccXpBWZ47NSWW3X1pump,0.00000246972387309374
2026-02-14 22:20:00.000 UTC,5o5mCQSfnXDkfNC2wK2F1rRXccXpBWZ47NSWW3X1pump,0.000002466365204016511
2026-02-15 00:09:00.000 UTC,5o5mCQSfnXDkfNC2wK2F1rRXccXpBWZ47NSWW3X1pump,0.0000024635667192761544
2026-02-15 00:48:00.000 UTC,5o5mCQSfnXDkfNC2wK2F1rRXccXpBWZ47NSWW3X1pump,0.0000024582490843025638
2026-02-15 09:04:00.000 UTC,5o5mCQSfnXDkfNC2wK2F1rRXccXpBWZ47NSWW3X1pump,0.0000025089162910364827
2026-02-15 10:51:00.000 UTC,5o5mCQSfnXDkfNC2wK2F1rRXccXpBWZ47NSWW3X1pump,0.000002507531405068678
2026-02-15 14:17:00.000 UTC,5o5mCQSfnXDkfNC2wK2F1rRXccXpBWZ47NSWW3X1pump,0.0000024356091841697114
2026-02-15 14:32:00.000 UTC,5o5mCQSfnXDkfNC2wK2F1rRXccXpBWZ47NSWW3X1pump,0.00000244204460435
2026-02-15 14:34:00.000 UTC,5o5mCQSfnXDkfNC2wK2F1rRXccXpBWZ47NSWW3X1pump,0.000002442044701083059
2026-02-15 14:35:00.000 UTC,5o5mCQSfnXDkfNC2wK2F1rRXccXpBWZ47NSWW3X1pump,0.0000024386862932148577
2026-02-15 14:36:00.000 UTC,5o5mCQSfnXDkfNC2wK2F1rRXccXpBWZ47NSWW3X1pump,0.000002438686344537382
2026-02-15 14:37:00.000 UTC,5o5mCQSfnXDkfNC2wK2F1rRXccXpBWZ47NSWW3X1pump,0.000002438686381414315
2026-02-15 17:20:00.000 UTC,5o5mCQSfnXDkfNC2wK2F1rRXccXpBWZ47NSWW3X1pump,0.000002443444386185285
2026-02-15 17:21:00.000 UTC,5o5mCQSfnXDkfNC2wK2F1rRXccXpBWZ47NSWW3X1pump,0.0000024434439321190576
2026-02-15 17:22:00.000 UTC,5o5mCQSfnXDkfNC2wK2F1rRXccXpBWZ47NSWW3X1pump,0.0000024434438898714775
2026-02-15 17:23:00.000 UTC,5o5mCQSfnXDkfNC2wK2F1rRXccXpBWZ47NSWW3X1pump,0.000002443443998816518
2026-02-15 19:06:00.000 UTC,5o5mCQSfnXDkfNC2wK2F1rRXccXpBWZ47NSWW3X1pump,0.000002405383984175889
2026-02-16 02:15:00.000 UTC,5o5mCQSfnXDkfNC2wK2F1rRXccXpBWZ47NSWW3X1pump,0.0000024093150645890246
2026-02-16 14:38:00.000 UTC,5o5mCQSfnXDkfNC2wK2F1rRXccXpBWZ47NSWW3X1pump,0.0000023555958166369946
2026-02-16 14:39:00.000 UTC,5o5mCQSfnXDkfNC2wK2F1rRXccXpBWZ47NSWW3X1pump,0.000002355595818562881
2026-02-16 14:40:00.000 UTC,5o5mCQSfnXDkfNC2wK2F1rRXccXpBWZ47NSWW3X1pump,0.000002358954151549306
2026-02-16 14:41:00.000 UTC,5o5mCQSfnXDkfNC2wK2F1rRXccXpBWZ47NSWW3X1pump,0.000002358954174147266
2026-02-16 14:42:00.000 UTC,5o5mCQSfnXDkfNC2wK2F1rRXccXpBWZ47NSWW3X1pump,0.0000023589542297666835
2026-02-16 14:43:00.000 UTC,5o5mCQSfnXDkfNC2wK2F1rRXccXpBWZ47NSWW3X1pump,0.000002358954169865227
2026-02-16 14:44:00.000 UTC,5o5mCQSfnXDkfNC2wK2F1rRXccXpBWZ47NSWW3X1pump,0.000002358954206736275
2026-02-16 14:45:00.000 UTC,5o5mCQSfnXDkfNC2wK2F1rRXccXpBWZ47NSWW3X1pump,0.00000235727499737896
2026-02-16 20:47:00.000 UTC,5o5mCQSfnXDkfNC2wK2F1rRXccXpBWZ47NSWW3X1pump,0.000002383023479221209
2026-02-16 23:49:00.000 UTC,5o5mCQSfnXDkfNC2wK2F1rRXccXpBWZ47NSWW3X1pump,0.0000024152070508504987
2026-02-17 00:34:00.000 UTC,5o5mCQSfnXDkfNC2wK2F1rRXccXpBWZ47NSWW3X1pump,0.0000024238830534568252
2026-02-17 13:57:00.000 UTC,5o5mCQSfnXDkfNC2wK2F1rRXccXpBWZ47NSWW3X1pump,0.000002389179179161541
2026-02-17 13:58:00.000 UTC,5o5mCQSfnXDkfNC2wK2F1rRXccXpBWZ47NSWW3X1pump,0.000002389179176164331
2026-02-17 13:59:00.000 UTC,5o5mCQSfnXDkfNC2wK2F1rRXccXpBWZ47NSWW3X1pump,0.000002389179179680653
2026-02-17 14:00:00.000 UTC,5o5mCQSfnXDkfNC2wK2F1rRXccXpBWZ47NSWW3X1pump,0.000002379664006291025
2026-02-17 14:01:00.000 UTC,5o5mCQSfnXDkfNC2wK2F1rRXccXpBWZ47NSWW3X1pump,0.000002379663930199495
2026-02-17 14:02:00.000 UTC,5o5mCQSfnXDkfNC2wK2F1rRXccXpBWZ47NSWW3X1pump,0.0000023796638951255128
2026-02-17 14:03:00.000 UTC,5o5mCQSfnXDkfNC2wK2F1rRXccXpBWZ47NSWW3X1pump,0.0000023796639233225205
2026-02-17 14:04:00.000 UTC,5o5mCQSfnXDkfNC2wK2F1rRXccXpBWZ47NSWW3X1pump,0.0000023796639771226562
2026-02-17 14:05:00.000 UTC,5o5mCQSfnXDkfNC2wK2F1rRXccXpBWZ47NSWW3X1pump,0.0000023805035105514745
2026-02-17 22:43:00.000 UTC,5o5mCQSfnXDkfNC2wK2F1rRXccXpBWZ47NSWW3X1pump,0.0000023883405228566018
2026-02-18 01:08:00.000 UTC,5o5mCQSfnXDkfNC2wK2F1rRXccXpBWZ47NSWW3X1pump,0.0000023707097772306227
2026-02-18 16:05:00.000 UTC,5o5mCQSfnXDkfNC2wK2F1rRXccXpBWZ47NSWW3X1pump,0.0000023125013245243884
2026-02-18 16:06:00.000 UTC,5o5mCQSfnXDkfNC2wK2F1rRXccXpBWZ47NSWW3X1pump,0.0000023123915186798384
2026-02-18 19:36:00.000 UTC,5o5mCQSfnXDkfNC2wK2F1rRXccXpBWZ47NSWW3X1pump,0.000002262122875460256
2026-02-18 20:17:00.000 UTC,5o5mCQSfnXDkfNC2wK2F1rRXccXpBWZ47NSWW3X1pump,0.000002270519609886575
2026-02-18 21:53:00.000 UTC,5o5mCQSfnXDkfNC2wK2F1rRXccXpBWZ47NSWW3X1pump,0.0000022805939909425777
2026-02-19 01:28:00.000 UTC,5o5mCQSfnXDkfNC2wK2F1rRXccXpBWZ47NSWW3X1pump,0.0000022870306905266805
2026-02-19 03:12:00.000 UTC,5o5mCQSfnXDkfNC2wK2F1rRXccXpBWZ47NSWW3X1pump,0.0000022850716292150158
2026-02-19 04:08:00.000 UTC,5o5mCQSfnXDkfNC2wK2F1rRXccXpBWZ47NSWW3X1pump,0.00000229346762433143
2026-02-19 20:20:00.000 UTC,5o5mCQSfnXDkfNC2wK2F1rRXccXpBWZ47NSWW3X1pump,0.0000022909485994659085
2026-02-19 20:40:00.000 UTC,5o5mCQSfnXDkfNC2wK2F1rRXccXpBWZ47NSWW3X1pump,0.000002293747038661009
2026-02-19 22:07:00.000 UTC,5o5mCQSfnXDkfNC2wK2F1rRXccXpBWZ47NSWW3X1pump,0.000002295987045988264
2026-02-19 23:03:00.000 UTC,5o5mCQSfnXDkfNC2wK2F1rRXccXpBWZ47NSWW3X1pump,0.000002306341313916167
2026-02-20 01:24:00.000 UTC,5o5mCQSfnXDkfNC2wK2F1rRXccXpBWZ47NSWW3X1pump,0.0000023197742038307592
2026-02-20 05:26:00.000 UTC,5o5mCQSfnXDkfNC2wK2F1rRXccXpBWZ47NSWW3X1pump,0.0000023166963106474023
2026-02-20 12:35:00.000 UTC,5o5mCQSfnXDkfNC2wK2F1rRXccXpBWZ47NSWW3X1pump,0.0000023410436471090154
2026-02-20 16:47:00.000 UTC,5o5mCQSfnXDkfNC2wK2F1rRXccXpBWZ47NSWW3X1pump,0.00000235224042269346
2026-02-20 18:52:00.000 UTC,5o5mCQSfnXDkfNC2wK2F1rRXccXpBWZ47NSWW3X1pump,0.0000023819058109612445
2026-02-20 22:29:00.000 UTC,5o5mCQSfnXDkfNC2wK2F1rRXccXpBWZ47NSWW3X1pump,0.000002365113794411053
2026-02-20 23:26:00.000 UTC,5o5mCQSfnXDkfNC2wK2F1rRXccXpBWZ47NSWW3X1pump,0.000002363714425315966
2026-02-20 23:27:00.000 UTC,5o5mCQSfnXDkfNC2wK2F1rRXccXpBWZ47NSWW3X1pump,0.0000023637144349491495
2026-02-21 01:24:00.000 UTC,5o5mCQSfnXDkfNC2wK2F1rRXccXpBWZ47NSWW3X1pump,0.00000236875181891144
2026-02-22 04:09:00.000 UTC,5o5mCQSfnXDkfNC2wK2F1rRXccXpBWZ47NSWW3X1pump,0.0000023880624991629175
2026-02-22 21:10:00.000 UTC,5o5mCQSfnXDkfNC2wK2F1rRXccXpBWZ47NSWW3X1pump,0.0000023281719134516618
2026-02-23 03:20:00.000 UTC,5o5mCQSfnXDkfNC2wK2F1rRXccXpBWZ47NSWW3X1pump,0.0000021776060999417756
2026-02-23 03:52:00.000 UTC,5o5mCQSfnXDkfNC2wK2F1rRXccXpBWZ47NSWW3X1pump,0.0000021795653148790512
2026-02-23 05:19:00.000 UTC,5o5mCQSfnXDkfNC2wK2F1rRXccXpBWZ47NSWW3X1pump,0.000002177606300169616
2026-02-23 05:51:00.000 UTC,5o5mCQSfnXDkfNC2wK2F1rRXccXpBWZ47NSWW3X1pump,0.000002176206832526562
2026-02-23 08:38:00.000 UTC,5o5mCQSfnXDkfNC2wK2F1rRXccXpBWZ47NSWW3X1pump,0.000002205602121797248
2026-02-23 23:46:00.000 UTC,5o5mCQSfnXDkfNC2wK2F1rRXccXpBWZ47NSWW3X1pump,0.000002179027216623455
2026-02-24 03:26:00.000 UTC,5o5mCQSfnXDkfNC2wK2F1rRXccXpBWZ47NSWW3X1pump,0.0000021588771056316097
2026-02-24 14:42:00.000 UTC,5o5mCQSfnXDkfNC2wK2F1rRXccXpBWZ47NSWW3X1pump,0.0000021524430298407192
2026-02-24 22:54:00.000 UTC,5o5mCQSfnXDkfNC2wK2F1rRXccXpBWZ47NSWW3X1pump,0.0000022123313223213866
2026-02-25 01:51:00.000 UTC,5o5mCQSfnXDkfNC2wK2F1rRXccXpBWZ47NSWW3X1pump,0.000002299939014060473
2026-02-26 00:51:00.000 UTC,5o5mCQSfnXDkfNC2wK2F1rRXccXpBWZ47NSWW3X1pump,0.0000024787872908673555
2026-02-26 01:00:00.000 UTC,5o5mCQSfnXDkfNC2wK2F1rRXccXpBWZ47NSWW3X1pump,0.000002481585911815909
2026-02-26 03:51:00.000 UTC,5o5mCQSfnXDkfNC2wK2F1rRXccXpBWZ47NSWW3X1pump,0.00000246899180977902
2026-02-27 01:24:00.000 UTC,5o5mCQSfnXDkfNC2wK2F1rRXccXpBWZ47NSWW3X1pump,0.0000023945471676444818
2026-02-27 02:57:00.000 UTC,5o5mCQSfnXDkfNC2wK2F1rRXccXpBWZ47NSWW3X1pump,0.000002425892274299036
2026-02-27 20:46:00.000 UTC,5o5mCQSfnXDkfNC2wK2F1rRXccXpBWZ47NSWW3X1pump,0.0000022856281368776127
2026-02-28 01:24:00.000 UTC,5o5mCQSfnXDkfNC2wK2F1rRXccXpBWZ47NSWW3X1pump,0.0000023021908963661526
2026-02-28 19:57:00.000 UTC,5o5mCQSfnXDkfNC2wK2F1rRXccXpBWZ47NSWW3X1pump,0.000002307507338363669
2026-02-28 19:58:00.000 UTC,5o5mCQSfnXDkfNC2wK2F1rRXccXpBWZ47NSWW3X1pump,0.000002307507291049695
2026-02-28 19:59:00.000 UTC,5o5mCQSfnXDkfNC2wK2F1rRXccXpBWZ47NSWW3X1pump,0.0000023075073387185674
2026-02-28 20:00:00.000 UTC,5o5mCQSfnXDkfNC2wK2F1rRXccXpBWZ47NSWW3X1pump,0.0000023024696208846203
2026-02-28 20:01:00.000 UTC,5o5mCQSfnXDkfNC2wK2F1rRXccXpBWZ47NSWW3X1pump,0.0000023024696896788266
2026-02-28 20:02:00.000 UTC,5o5mCQSfnXDkfNC2wK2F1rRXccXpBWZ47NSWW3X1pump,0.000002302469638203354
2026-02-28 20:03:00.000 UTC,5o5mCQSfnXDkfNC2wK2F1rRXccXpBWZ47NSWW3X1pump,0.0000023024696722720357
2026-02-28 20:04:00.000 UTC,5o5mCQSfnXDkfNC2wK2F1rRXccXpBWZ47NSWW3X1pump,0.00000230246955042092
2026-03-01 17:52:00.000 UTC,5o5mCQSfnXDkfNC2wK2F1rRXccXpBWZ47NSWW3X1pump,0.0000023550857272513165
2026-03-01 19:00:00.000 UTC,5o5mCQSfnXDkfNC2wK2F1rRXccXpBWZ47NSWW3X1pump,0.0000023506081434134626
2026-03-01 19:03:00.000 UTC,5o5mCQSfnXDkfNC2wK2F1rRXccXpBWZ47NSWW3X1pump,0.000002350608052836912
2026-03-01 19:38:00.000 UTC,5o5mCQSfnXDkfNC2wK2F1rRXccXpBWZ47NSWW3X1pump,0.0000023374541367484274
2026-03-01 23:03:00.000 UTC,5o5mCQSfnXDkfNC2wK2F1rRXccXpBWZ47NSWW3X1pump,0.000002316464181550521
2026-03-02 04:21:00.000 UTC,5o5mCQSfnXDkfNC2wK2F1rRXccXpBWZ47NSWW3X1pump,0.0000023682393361378534
2026-03-02 05:06:00.000 UTC,5o5mCQSfnXDkfNC2wK2F1rRXccXpBWZ47NSWW3X1pump,0.000002357884709266476
2026-03-02 14:39:00.000 UTC,5o5mCQSfnXDkfNC2wK2F1rRXccXpBWZ47NSWW3X1pump,0.0000023587239834498806
2026-03-02 14:53:00.000 UTC,5o5mCQSfnXDkfNC2wK2F1rRXccXpBWZ47NSWW3X1pump,0.0000023816732664953036
2026-03-02 15:14:00.000 UTC,5o5mCQSfnXDkfNC2wK2F1rRXccXpBWZ47NSWW3X1pump,0.0000024342882649316404
2026-03-05 08:33:00.000 UTC,5o5mCQSfnXDkfNC2wK2F1rRXccXpBWZ47NSWW3X1pump,0.0000025151700122945004
2026-03-05 10:51:00.000 UTC,5o5mCQSfnXDkfNC2wK2F1rRXccXpBWZ47NSWW3X1pump,0.000002588775124141776
2026-03-06 07:39:00.000 UTC,5o5mCQSfnXDkfNC2wK2F1rRXccXpBWZ47NSWW3X1pump,0.000002479906611199542
2026-03-06 09:36:00.000 UTC,5o5mCQSfnXDkfNC2wK2F1rRXccXpBWZ47NSWW3X1pump,0.000002442684301017662
2026-03-06 12:21:00.000 UTC,5o5mCQSfnXDkfNC2wK2F1rRXccXpBWZ47NSWW3X1pump,0.000002434290526856188
2026-03-06 18:20:00.000 UTC,5o5mCQSfnXDkfNC2wK2F1rRXccXpBWZ47NSWW3X1pump,0.000002376927958749458
2026-03-07 08:47:00.000 UTC,5o5mCQSfnXDkfNC2wK2F1rRXccXpBWZ47NSWW3X1pump,0.00000236404346704402
2026-03-07 11:58:00.000 UTC,5o5mCQSfnXDkfNC2wK2F1rRXccXpBWZ47NSWW3X1pump,0.0000023721601154629554
2026-03-08 04:53:00.000 UTC,5o5mCQSfnXDkfNC2wK2F1rRXccXpBWZ47NSWW3X1pump,0.0000023016450094932262
2026-03-08 10:01:00.000 UTC,5o5mCQSfnXDkfNC2wK2F1rRXccXpBWZ47NSWW3X1pump,0.00000232880661897608
2026-03-08 13:36:00.000 UTC,5o5mCQSfnXDkfNC2wK2F1rRXccXpBWZ47NSWW3X1pump,0.0000022837469248955487
2026-03-10 08:47:00.000 UTC,5o5mCQSfnXDkfNC2wK2F1rRXccXpBWZ47NSWW3X1pump,0.0000024404746828103857
2026-03-10 09:47:00.000 UTC,5o5mCQSfnXDkfNC2wK2F1rRXccXpBWZ47NSWW3X1pump,0.000002442433895822199
2026-03-10 13:32:00.000 UTC,5o5mCQSfnXDkfNC2wK2F1rRXccXpBWZ47NSWW3X1pump,0.000002439635730609004
2026-03-11 12:14:00.000 UTC,5o5mCQSfnXDkfNC2wK2F1rRXccXpBWZ47NSWW3X1pump,0.0000023623913289685817
2026-03-11 12:53:00.000 UTC,5o5mCQSfnXDkfNC2wK2F1rRXccXpBWZ47NSWW3X1pump,0.0000023814219527231495
2026-03-11 14:46:00.000 UTC,5o5mCQSfnXDkfNC2wK2F1rRXccXpBWZ47NSWW3X1pump,0.0000024326385211684974
2026-03-11 19:08:00.000 UTC,5o5mCQSfnXDkfNC2wK2F1rRXccXpBWZ47NSWW3X1pump,0.0000024519497627855808
2026-03-12 17:26:00.000 UTC,5o5mCQSfnXDkfNC2wK2F1rRXccXpBWZ47NSWW3X1pump,0.0000024259221135982683
2026-03-13 10:53:00.000 UTC,5o5mCQSfnXDkfNC2wK2F1rRXccXpBWZ47NSWW3X1pump,0.000002524826198254263
2026-03-13 10:54:00.000 UTC,5o5mCQSfnXDkfNC2wK2F1rRXccXpBWZ47NSWW3X1pump,0.000002524435249867101
2026-03-13 11:18:00.000 UTC,5o5mCQSfnXDkfNC2wK2F1rRXccXpBWZ47NSWW3X1pump,0.0000025216364681277384
2026-03-13 13:00:00.000 UTC,5o5mCQSfnXDkfNC2wK2F1rRXccXpBWZ47NSWW3X1pump,0.0000025479443193656317
2026-03-13 13:01:00.000 UTC,5o5mCQSfnXDkfNC2wK2F1rRXccXpBWZ47NSWW3X1pump,0.0000025479443560584154
2026-03-13 13:02:00.000 UTC,5o5mCQSfnXDkfNC2wK2F1rRXccXpBWZ47NSWW3X1pump,0.0000025479444038778933
2026-03-13 13:03:00.000 UTC,5o5mCQSfnXDkfNC2wK2F1rRXccXpBWZ47NSWW3X1pump,0.000002547944371191756
2026-03-13 13:04:00.000 UTC,5o5mCQSfnXDkfNC2wK2F1rRXccXpBWZ47NSWW3X1pump,0.0000025479444088959706
2026-03-13 13:05:00.000 UTC,5o5mCQSfnXDkfNC2wK2F1rRXccXpBWZ47NSWW3X1pump,0.0000025476644523468337
2026-03-13 22:30:00.000 UTC,5o5mCQSfnXDkfNC2wK2F1rRXccXpBWZ47NSWW3X1pump,0.000002459506001564388
2026-03-13 22:42:00.000 UTC,5o5mCQSfnXDkfNC2wK2F1rRXccXpBWZ47NSWW3X1pump,0.0000024578267662868802
2026-03-14 01:19:00.000 UTC,5o5mCQSfnXDkfNC2wK2F1rRXccXpBWZ47NSWW3X1pump,0.000002461465635695778
2026-03-14 10:42:00.000 UTC,5o5mCQSfnXDkfNC2wK2F1rRXccXpBWZ47NSWW3X1pump,0.000002423961582804734
2026-03-14 11:06:00.000 UTC,5o5mCQSfnXDkfNC2wK2F1rRXccXpBWZ47NSWW3X1pump,0.0000024278797736910936
2026-03-14 11:12:00.000 UTC,5o5mCQSfnXDkfNC2wK2F1rRXccXpBWZ47NSWW3X1pump,0.0000024287193548141213
2026-03-14 12:08:00.000 UTC,5o5mCQSfnXDkfNC2wK2F1rRXccXpBWZ47NSWW3X1pump,0.000002434047962600297
2026-03-14 20:17:00.000 UTC,5o5mCQSfnXDkfNC2wK2F1rRXccXpBWZ47NSWW3X1pump,0.000002432101363285568
2026-03-15 00:33:00.000 UTC,5o5mCQSfnXDkfNC2wK2F1rRXccXpBWZ47NSWW3X1pump,0.0000024642868499727817
2026-03-16 14:38:00.000 UTC,5o5mCQSfnXDkfNC2wK2F1rRXccXpBWZ47NSWW3X1pump,0.000002598065195172749
2026-03-16 14:39:00.000 UTC,5o5mCQSfnXDkfNC2wK2F1rRXccXpBWZ47NSWW3X1pump,0.0000025980651944257928
2026-03-16 14:40:00.000 UTC,5o5mCQSfnXDkfNC2wK2F1rRXccXpBWZ47NSWW3X1pump,0.00000259022870780791
2026-03-16 14:41:00.000 UTC,5o5mCQSfnXDkfNC2wK2F1rRXccXpBWZ47NSWW3X1pump,0.000002590228769569948
2026-03-16 14:42:00.000 UTC,5o5mCQSfnXDkfNC2wK2F1rRXccXpBWZ47NSWW3X1pump,0.0000025902287290420058
2026-03-16 22:03:00.000 UTC,5o5mCQSfnXDkfNC2wK2F1rRXccXpBWZ47NSWW3X1pump,0.000002693223486529112
2026-03-16 23:10:00.000 UTC,5o5mCQSfnXDkfNC2wK2F1rRXccXpBWZ47NSWW3X1pump,0.0000026725127650048284
2026-03-17 05:32:00.000 UTC,5o5mCQSfnXDkfNC2wK2F1rRXccXpBWZ47NSWW3X1pump,0.0000026302601932842837
2026-03-17 13:23:00.000 UTC,5o5mCQSfnXDkfNC2wK2F1rRXccXpBWZ47NSWW3X1pump,0.0000026204744061626895
2026-03-17 13:24:00.000 UTC,5o5mCQSfnXDkfNC2wK2F1rRXccXpBWZ47NSWW3X1pump,0.000002620474470811882
2026-03-17 13:25:00.000 UTC,5o5mCQSfnXDkfNC2wK2F1rRXccXpBWZ47NSWW3X1pump,0.0000026185153675532505
2026-03-17 13:26:00.000 UTC,5o5mCQSfnXDkfNC2wK2F1rRXccXpBWZ47NSWW3X1pump,0.0000026185153640791313
2026-03-17 13:27:00.000 UTC,5o5mCQSfnXDkfNC2wK2F1rRXccXpBWZ47NSWW3X1pump,0.0000026185153975108645
2026-03-18 18:06:00.000 UTC,5o5mCQSfnXDkfNC2wK2F1rRXccXpBWZ47NSWW3X1pump,0.0000025393221978480747
2026-03-19 11:58:00.000 UTC,5o5mCQSfnXDkfNC2wK2F1rRXccXpBWZ47NSWW3X1pump,0.000002507124803317727
2026-03-19 11:59:00.000 UTC,5o5mCQSfnXDkfNC2wK2F1rRXccXpBWZ47NSWW3X1pump,0.000002507124939239557
2026-03-19 12:00:00.000 UTC,5o5mCQSfnXDkfNC2wK2F1rRXccXpBWZ47NSWW3X1pump,0.000002506845035978701
2026-03-19 12:01:00.000 UTC,5o5mCQSfnXDkfNC2wK2F1rRXccXpBWZ47NSWW3X1pump,0.0000025068449996418754
2026-03-19 12:02:00.000 UTC,5o5mCQSfnXDkfNC2wK2F1rRXccXpBWZ47NSWW3X1pump,0.0000025068449898107786
2026-03-19 14:45:00.000 UTC,5o5mCQSfnXDkfNC2wK2F1rRXccXpBWZ47NSWW3X1pump,0.000002457912210272337
2026-03-22 00:28:00.000 UTC,5o5mCQSfnXDkfNC2wK2F1rRXccXpBWZ47NSWW3X1pump,0.000002441929328504215
2026-03-22 00:43:00.000 UTC,5o5mCQSfnXDkfNC2wK2F1rRXccXpBWZ47NSWW3X1pump,0.0000024497644417056046
2026-03-22 01:57:00.000 UTC,5o5mCQSfnXDkfNC2wK2F1rRXccXpBWZ47NSWW3X1pump,0.00000244555308756386
2026-03-22 13:21:00.000 UTC,5o5mCQSfnXDkfNC2wK2F1rRXccXpBWZ47NSWW3X1pump,0.0000024535305644084865
2026-03-22 13:25:00.000 UTC,5o5mCQSfnXDkfNC2wK2F1rRXccXpBWZ47NSWW3X1pump,0.0000024507140483705013
2026-03-23 01:24:00.000 UTC,5o5mCQSfnXDkfNC2wK2F1rRXccXpBWZ47NSWW3X1pump,0.0000024175646506420923
2026-03-23 01:25:00.000 UTC,5o5mCQSfnXDkfNC2wK2F1rRXccXpBWZ47NSWW3X1pump,0.0000024231622238835166
2026-03-23 01:26:00.000 UTC,5o5mCQSfnXDkfNC2wK2F1rRXccXpBWZ47NSWW3X1pump,0.0000024231622917365943
2026-03-23 01:27:00.000 UTC,5o5mCQSfnXDkfNC2wK2F1rRXccXpBWZ47NSWW3X1pump,0.0000024231622586719005
2026-03-23 01:28:00.000 UTC,5o5mCQSfnXDkfNC2wK2F1rRXccXpBWZ47NSWW3X1pump,0.000002423162250401651
2026-03-23 08:21:00.000 UTC,5o5mCQSfnXDkfNC2wK2F1rRXccXpBWZ47NSWW3X1pump,0.0000024176040015202717
2026-03-23 08:22:00.000 UTC,5o5mCQSfnXDkfNC2wK2F1rRXccXpBWZ47NSWW3X1pump,0.000002418242649947193
2026-03-23 08:23:00.000 UTC,5o5mCQSfnXDkfNC2wK2F1rRXccXpBWZ47NSWW3X1pump,0.0000024166223321095747
2026-03-24 11:15:00.000 UTC,5o5mCQSfnXDkfNC2wK2F1rRXccXpBWZ47NSWW3X1pump,0.0000025678578353419235
2026-03-24 11:16:00.000 UTC,5o5mCQSfnXDkfNC2wK2F1rRXccXpBWZ47NSWW3X1pump,0.000002567857845488963
2026-03-24 11:17:00.000 UTC,5o5mCQSfnXDkfNC2wK2F1rRXccXpBWZ47NSWW3X1pump,0.0000025678578972258275
2026-03-24 11:18:00.000 UTC,5o5mCQSfnXDkfNC2wK2F1rRXccXpBWZ47NSWW3X1pump,0.00000256785790815615
2026-03-24 11:19:00.000 UTC,5o5mCQSfnXDkfNC2wK2F1rRXccXpBWZ47NSWW3X1pump,0.000002567857968282623
2026-03-24 17:20:00.000 UTC,5o5mCQSfnXDkfNC2wK2F1rRXccXpBWZ47NSWW3X1pump,0.0000024937067224383133
2026-03-25 03:56:00.000 UTC,5o5mCQSfnXDkfNC2wK2F1rRXccXpBWZ47NSWW3X1pump,0.0000025690118253332866
2026-03-25 05:48:00.000 UTC,5o5mCQSfnXDkfNC2wK2F1rRXccXpBWZ47NSWW3X1pump,0.0000025883234836895056
2026-03-25 23:38:00.000 UTC,5o5mCQSfnXDkfNC2wK2F1rRXccXpBWZ47NSWW3X1pump,0.0000025650934976488097
2026-03-26 04:05:00.000 UTC,5o5mCQSfnXDkfNC2wK2F1rRXccXpBWZ47NSWW3X1pump,0.000002543262544606315
2026-03-26 12:00:00.000 UTC,5o5mCQSfnXDkfNC2wK2F1rRXccXpBWZ47NSWW3X1pump,0.000002450622784668937
2026-03-26 22:32:00.000 UTC,5o5mCQSfnXDkfNC2wK2F1rRXccXpBWZ47NSWW3X1pump,0.0000024215141002096
2026-03-26 22:33:00.000 UTC,5o5mCQSfnXDkfNC2wK2F1rRXccXpBWZ47NSWW3X1pump,0.0000024215141068288427
2026-03-26 22:34:00.000 UTC,5o5mCQSfnXDkfNC2wK2F1rRXccXpBWZ47NSWW3X1pump,0.0000024225367312578318
2026-03-26 22:35:00.000 UTC,5o5mCQSfnXDkfNC2wK2F1rRXccXpBWZ47NSWW3X1pump,0.0000024234732535400822
2026-03-27 13:26:00.000 UTC,5o5mCQSfnXDkfNC2wK2F1rRXccXpBWZ47NSWW3X1pump,0.0000023333535349054924
2026-03-27 17:24:00.000 UTC,5o5mCQSfnXDkfNC2wK2F1rRXccXpBWZ47NSWW3X1pump,0.0000023235575496059082
2026-03-27 19:57:00.000 UTC,5o5mCQSfnXDkfNC2wK2F1rRXccXpBWZ47NSWW3X1pump,0.000002313761710281523
2026-03-27 21:04:00.000 UTC,5o5mCQSfnXDkfNC2wK2F1rRXccXpBWZ47NSWW3X1pump,0.0000023168393350352354
2026-03-27 21:05:00.000 UTC,5o5mCQSfnXDkfNC2wK2F1rRXccXpBWZ47NSWW3X1pump,0.0000023201417704170783
2026-03-27 21:06:00.000 UTC,5o5mCQSfnXDkfNC2wK2F1rRXccXpBWZ47NSWW3X1pump,0.000002319358310219233
2026-03-27 21:07:00.000 UTC,5o5mCQSfnXDkfNC2wK2F1rRXccXpBWZ47NSWW3X1pump,0.0000023193582437885017
2026-03-28 13:21:00.000 UTC,5o5mCQSfnXDkfNC2wK2F1rRXccXpBWZ47NSWW3X1pump,0.0000023185195643866957
2026-03-28 13:22:00.000 UTC,5o5mCQSfnXDkfNC2wK2F1rRXccXpBWZ47NSWW3X1pump,0.0000023185197189778573
2026-03-28 21:47:00.000 UTC,5o5mCQSfnXDkfNC2wK2F1rRXccXpBWZ47NSWW3X1pump,0.000002321037464192278
2026-03-28 21:48:00.000 UTC,5o5mCQSfnXDkfNC2wK2F1rRXccXpBWZ47NSWW3X1pump,0.0000023210375178491572
2026-03-28 21:49:00.000 UTC,5o5mCQSfnXDkfNC2wK2F1rRXccXpBWZ47NSWW3X1pump,0.0000023210374848832456
2026-03-28 21:50:00.000 UTC,5o5mCQSfnXDkfNC2wK2F1rRXccXpBWZ47NSWW3X1pump,0.0000023196381610359867
2026-03-28 21:51:00.000 UTC,5o5mCQSfnXDkfNC2wK2F1rRXccXpBWZ47NSWW3X1pump,0.0000023196382013037784
2026-03-30 09:02:00.000 UTC,5o5mCQSfnXDkfNC2wK2F1rRXccXpBWZ47NSWW3X1pump,0.000002363300482117363
2026-03-30 17:08:00.000 UTC,5o5mCQSfnXDkfNC2wK2F1rRXccXpBWZ47NSWW3X1pump,0.0000023526649598488253
2026-03-30 19:08:00.000 UTC,5o5mCQSfnXDkfNC2wK2F1rRXccXpBWZ47NSWW3X1pump,0.0000023098433717294294
2026-03-30 21:40:00.000 UTC,5o5mCQSfnXDkfNC2wK2F1rRXccXpBWZ47NSWW3X1pump,0.000002333072317198222
2026-03-30 21:41:00.000 UTC,5o5mCQSfnXDkfNC2wK2F1rRXccXpBWZ47NSWW3X1pump,0.000002333072336703897
2026-03-30 21:42:00.000 UTC,5o5mCQSfnXDkfNC2wK2F1rRXccXpBWZ47NSWW3X1pump,0.0000023330723247055866
2026-03-30 21:43:00.000 UTC,5o5mCQSfnXDkfNC2wK2F1rRXccXpBWZ47NSWW3X1pump,0.0000023330723358238144
2026-04-02 12:37:00.000 UTC,5o5mCQSfnXDkfNC2wK2F1rRXccXpBWZ47NSWW3X1pump,0.0000021911919069317235
2026-04-02 14:00:00.000 UTC,5o5mCQSfnXDkfNC2wK2F1rRXccXpBWZ47NSWW3X1pump,0.0000021755205409862023
2026-04-02 14:48:00.000 UTC,5o5mCQSfnXDkfNC2wK2F1rRXccXpBWZ47NSWW3X1pump,0.000002217217641249894
2026-04-02 15:41:00.000 UTC,5o5mCQSfnXDkfNC2wK2F1rRXccXpBWZ47NSWW3X1pump,0.0000022116208961532127
2026-04-02 15:59:00.000 UTC,5o5mCQSfnXDkfNC2wK2F1rRXccXpBWZ47NSWW3X1pump,0.000002209177054763686
2026-04-02 16:00:00.000 UTC,5o5mCQSfnXDkfNC2wK2F1rRXccXpBWZ47NSWW3X1pump,0.0000022105023433047624
2026-04-03 14:16:00.000 UTC,5o5mCQSfnXDkfNC2wK2F1rRXccXpBWZ47NSWW3X1pump,0.0000022340082073222765
2026-04-03 16:53:00.000 UTC,5o5mCQSfnXDkfNC2wK2F1rRXccXpBWZ47NSWW3X1pump,0.000002252757629555011
2026-04-03 17:05:00.000 UTC,5o5mCQSfnXDkfNC2wK2F1rRXccXpBWZ47NSWW3X1pump,0.000002251078575973398
2026-04-03 17:23:00.000 UTC,5o5mCQSfnXDkfNC2wK2F1rRXccXpBWZ47NSWW3X1pump,0.000002238485609810104
2026-04-03 17:57:00.000 UTC,5o5mCQSfnXDkfNC2wK2F1rRXccXpBWZ47NSWW3X1pump,0.0000022440826538402625
2026-04-03 18:36:00.000 UTC,5o5mCQSfnXDkfNC2wK2F1rRXccXpBWZ47NSWW3X1pump,0.0000022505194955689795
2026-04-03 18:37:00.000 UTC,5o5mCQSfnXDkfNC2wK2F1rRXccXpBWZ47NSWW3X1pump,0.0000022505191784693416
2026-04-03 21:26:00.000 UTC,5o5mCQSfnXDkfNC2wK2F1rRXccXpBWZ47NSWW3X1pump,0.000002246880194101641
2026-04-03 21:27:00.000 UTC,5o5mCQSfnXDkfNC2wK2F1rRXccXpBWZ47NSWW3X1pump,0.0000022468802593643107
2026-04-03 21:28:00.000 UTC,5o5mCQSfnXDkfNC2wK2F1rRXccXpBWZ47NSWW3X1pump,0.0000022468802899336366
2026-04-03 21:29:00.000 UTC,5o5mCQSfnXDkfNC2wK2F1rRXccXpBWZ47NSWW3X1pump,0.0000022468802992550715
2026-04-04 15:28:00.000 UTC,5o5mCQSfnXDkfNC2wK2F1rRXccXpBWZ47NSWW3X1pump,0.0000022681494661351488
2026-04-04 18:28:00.000 UTC,5o5mCQSfnXDkfNC2wK2F1rRXccXpBWZ47NSWW3X1pump,0.000002263952125048667
2026-04-05 20:27:00.000 UTC,5o5mCQSfnXDkfNC2wK2F1rRXccXpBWZ47NSWW3X1pump,0.0000022373732643454196
2026-04-05 23:35:00.000 UTC,5o5mCQSfnXDkfNC2wK2F1rRXccXpBWZ47NSWW3X1pump,0.0000022896972589122133
2026-04-05 23:36:00.000 UTC,5o5mCQSfnXDkfNC2wK2F1rRXccXpBWZ47NSWW3X1pump,0.0000022896979725430562
2026-04-06 00:00:00.000 UTC,5o5mCQSfnXDkfNC2wK2F1rRXccXpBWZ47NSWW3X1pump,0.00000229025730432823
2026-04-07 12:55:00.000 UTC,5o5mCQSfnXDkfNC2wK2F1rRXccXpBWZ47NSWW3X1pump,0.000002209380920629207
2026-04-07 12:56:00.000 UTC,5o5mCQSfnXDkfNC2wK2F1rRXccXpBWZ47NSWW3X1pump,0.00000220938095002477
2026-04-07 12:57:00.000 UTC,5o5mCQSfnXDkfNC2wK2F1rRXccXpBWZ47NSWW3X1pump,0.0000022093809163913387
2026-04-07 12:58:00.000 UTC,5o5mCQSfnXDkfNC2wK2F1rRXccXpBWZ47NSWW3X1pump,0.0000022093809451279153
2026-04-07 12:59:00.000 UTC,5o5mCQSfnXDkfNC2wK2F1rRXccXpBWZ47NSWW3X1pump,0.000002209380989241349
2026-04-07 18:11:00.000 UTC,5o5mCQSfnXDkfNC2wK2F1rRXccXpBWZ47NSWW3X1pump,0.000002240574831759195
2026-04-11 13:24:00.000 UTC,5o5mCQSfnXDkfNC2wK2F1rRXccXpBWZ47NSWW3X1pump,0.0000023579798798416357
2026-04-12 07:03:00.000 UTC,5o5mCQSfnXDkfNC2wK2F1rRXccXpBWZ47NSWW3X1pump,0.000002303969743105818
2026-04-12 07:35:00.000 UTC,5o5mCQSfnXDkfNC2wK2F1rRXccXpBWZ47NSWW3X1pump,0.0000023067682135862614
2026-04-12 07:36:00.000 UTC,5o5mCQSfnXDkfNC2wK2F1rRXccXpBWZ47NSWW3X1pump,0.0000023067679562039743
2026-04-13 13:34:00.000 UTC,5o5mCQSfnXDkfNC2wK2F1rRXccXpBWZ47NSWW3X1pump,0.000002312086421476988
2026-04-14 14:51:00.000 UTC,5o5mCQSfnXDkfNC2wK2F1rRXccXpBWZ47NSWW3X1pump,0.0000024153482815895516
2026-04-14 14:52:00.000 UTC,5o5mCQSfnXDkfNC2wK2F1rRXccXpBWZ47NSWW3X1pump,0.0000024153479362125204
2026-04-14 15:53:00.000 UTC,5o5mCQSfnXDkfNC2wK2F1rRXccXpBWZ47NSWW3X1pump,0.000002409471496208917
2026-04-14 15:54:00.000 UTC,5o5mCQSfnXDkfNC2wK2F1rRXccXpBWZ47NSWW3X1pump,0.0000024094712832957497
2026-04-15 08:41:00.000 UTC,5o5mCQSfnXDkfNC2wK2F1rRXccXpBWZ47NSWW3X1pump,0.000002328035447300416
2026-04-15 08:42:00.000 UTC,5o5mCQSfnXDkfNC2wK2F1rRXccXpBWZ47NSWW3X1pump,0.0000023280354761003937
2026-04-15 08:43:00.000 UTC,5o5mCQSfnXDkfNC2wK2F1rRXccXpBWZ47NSWW3X1pump,0.0000023280354316799454
2026-04-15 08:44:00.000 UTC,5o5mCQSfnXDkfNC2wK2F1rRXccXpBWZ47NSWW3X1pump,0.0000023280354881231653
2026-04-16 06:48:00.000 UTC,5o5mCQSfnXDkfNC2wK2F1rRXccXpBWZ47NSWW3X1pump,0.000002387457380867014
2026-04-16 06:49:00.000 UTC,5o5mCQSfnXDkfNC2wK2F1rRXccXpBWZ47NSWW3X1pump,0.0000023874997180877997
2026-04-16 13:23:00.000 UTC,5o5mCQSfnXDkfNC2wK2F1rRXccXpBWZ47NSWW3X1pump,0.000002410960824399583
2026-04-16 13:38:00.000 UTC,5o5mCQSfnXDkfNC2wK2F1rRXccXpBWZ47NSWW3X1pump,0.0000024041515944631578
2026-04-16 13:48:00.000 UTC,5o5mCQSfnXDkfNC2wK2F1rRXccXpBWZ47NSWW3X1pump,0.000002398708075623643
2026-04-16 14:00:00.000 UTC,5o5mCQSfnXDkfNC2wK2F1rRXccXpBWZ47NSWW3X1pump,0.00000236986877003881
2026-04-17 21:10:00.000 UTC,5o5mCQSfnXDkfNC2wK2F1rRXccXpBWZ47NSWW3X1pump,0.0000024948321606796614
2026-04-18 06:18:00.000 UTC,5o5mCQSfnXDkfNC2wK2F1rRXccXpBWZ47NSWW3X1pump,0.000002476939731002031
2026-04-18 06:49:00.000 UTC,5o5mCQSfnXDkfNC2wK2F1rRXccXpBWZ47NSWW3X1pump,0.000002478357031048755
2026-04-18 07:41:00.000 UTC,5o5mCQSfnXDkfNC2wK2F1rRXccXpBWZ47NSWW3X1pump,0.0000024769759131266767
2026-04-18 21:24:00.000 UTC,5o5mCQSfnXDkfNC2wK2F1rRXccXpBWZ47NSWW3X1pump,0.0000024112284472540674
2026-04-19 05:51:00.000 UTC,5o5mCQSfnXDkfNC2wK2F1rRXccXpBWZ47NSWW3X1pump,0.0000023961347092314812
2026-04-19 07:09:00.000 UTC,5o5mCQSfnXDkfNC2wK2F1rRXccXpBWZ47NSWW3X1pump,0.000002390836288445334
2026-04-19 07:22:00.000 UTC,5o5mCQSfnXDkfNC2wK2F1rRXccXpBWZ47NSWW3X1pump,0.0000023774138195254083
2026-04-19 07:25:00.000 UTC,5o5mCQSfnXDkfNC2wK2F1rRXccXpBWZ47NSWW3X1pump,0.0000023715522585308035
2026-04-19 07:45:00.000 UTC,5o5mCQSfnXDkfNC2wK2F1rRXccXpBWZ47NSWW3X1pump,0.0000023757689705367733
2026-04-19 08:00:00.000 UTC,5o5mCQSfnXDkfNC2wK2F1rRXccXpBWZ47NSWW3X1pump,0.0000023780079506849716
2026-04-19 08:07:00.000 UTC,5o5mCQSfnXDkfNC2wK2F1rRXccXpBWZ47NSWW3X1pump,0.0000023760493497046158
2026-04-19 21:30:00.000 UTC,5o5mCQSfnXDkfNC2wK2F1rRXccXpBWZ47NSWW3X1pump,0.0000023838929647378674
2026-04-20 20:02:00.000 UTC,5o5mCQSfnXDkfNC2wK2F1rRXccXpBWZ47NSWW3X1pump,0.0000024079786123448665
2026-04-20 22:27:00.000 UTC,5o5mCQSfnXDkfNC2wK2F1rRXccXpBWZ47NSWW3X1pump,0.0000024004397864194406
2026-04-21 15:31:00.000 UTC,5o5mCQSfnXDkfNC2wK2F1rRXccXpBWZ47NSWW3X1pump,0.000002398211643566551
2026-04-21 16:46:00.000 UTC,5o5mCQSfnXDkfNC2wK2F1rRXccXpBWZ47NSWW3X1pump,0.000002404648409114774
2026-04-22 01:09:00.000 UTC,5o5mCQSfnXDkfNC2wK2F1rRXccXpBWZ47NSWW3X1pump,0.000002421740062968224
2026-04-22 01:10:00.000 UTC,5o5mCQSfnXDkfNC2wK2F1rRXccXpBWZ47NSWW3X1pump,0.000002435240534159492
2026-04-22 09:57:00.000 UTC,5o5mCQSfnXDkfNC2wK2F1rRXccXpBWZ47NSWW3X1pump,0.000002470977983261267
2026-04-22 12:27:00.000 UTC,5o5mCQSfnXDkfNC2wK2F1rRXccXpBWZ47NSWW3X1pump,0.000002473217349395259
2026-04-22 19:23:00.000 UTC,5o5mCQSfnXDkfNC2wK2F1rRXccXpBWZ47NSWW3X1pump,0.0000024550356603247782
2026-04-22 19:24:00.000 UTC,5o5mCQSfnXDkfNC2wK2F1rRXccXpBWZ47NSWW3X1pump,0.0000024550755542331675
2026-04-22 21:24:00.000 UTC,5o5mCQSfnXDkfNC2wK2F1rRXccXpBWZ47NSWW3X1pump,0.0000024439088132256124
2026-04-23 11:59:00.000 UTC,5o5mCQSfnXDkfNC2wK2F1rRXccXpBWZ47NSWW3X1pump,0.000002403046065792762
2026-04-23 17:05:00.000 UTC,5o5mCQSfnXDkfNC2wK2F1rRXccXpBWZ47NSWW3X1pump,0.000002400765881158606
2026-04-23 17:08:00.000 UTC,5o5mCQSfnXDkfNC2wK2F1rRXccXpBWZ47NSWW3X1pump,0.0000023982929457422064
2026-04-23 17:10:00.000 UTC,5o5mCQSfnXDkfNC2wK2F1rRXccXpBWZ47NSWW3X1pump,0.000002393707633527815
2026-04-25 11:42:00.000 UTC,5o5mCQSfnXDkfNC2wK2F1rRXccXpBWZ47NSWW3X1pump,0.000002420503472261069
2026-04-28 00:53:00.000 UTC,5o5mCQSfnXDkfNC2wK2F1rRXccXpBWZ47NSWW3X1pump,0.0000023770170964516566
2026-04-28 14:46:00.000 UTC,5o5mCQSfnXDkfNC2wK2F1rRXccXpBWZ47NSWW3X1pump,0.0000023281493746469565
2026-04-28 15:55:00.000 UTC,5o5mCQSfnXDkfNC2wK2F1rRXccXpBWZ47NSWW3X1pump,0.000002336318657028963
2026-04-28 23:44:00.000 UTC,5o5mCQSfnXDkfNC2wK2F1rRXccXpBWZ47NSWW3X1pump,0.0000023490297196627095
2026-04-29 01:07:00.000 UTC,5o5mCQSfnXDkfNC2wK2F1rRXccXpBWZ47NSWW3X1pump,0.0000023529475767993676
2026-04-29 09:36:00.000 UTC,5o5mCQSfnXDkfNC2wK2F1rRXccXpBWZ47NSWW3X1pump,0.000002373946142385959
2026-05-01 06:03:00.000 UTC,5o5mCQSfnXDkfNC2wK2F1rRXccXpBWZ47NSWW3X1pump,0.000002352404718686451
2026-05-01 19:57:00.000 UTC,5o5mCQSfnXDkfNC2wK2F1rRXccXpBWZ47NSWW3X1pump,0.000002347086942368711
2026-05-01 20:23:00.000 UTC,5o5mCQSfnXDkfNC2wK2F1rRXccXpBWZ47NSWW3X1pump,0.000002345967613908227
2026-05-01 20:59:00.000 UTC,5o5mCQSfnXDkfNC2wK2F1rRXccXpBWZ47NSWW3X1pump,0.000002335332514884768
2026-05-02 04:37:00.000 UTC,5o5mCQSfnXDkfNC2wK2F1rRXccXpBWZ47NSWW3X1pump,0.000002342889138467162
2026-05-03 02:32:00.000 UTC,5o5mCQSfnXDkfNC2wK2F1rRXccXpBWZ47NSWW3X1pump,0.0000023412096256369495
2026-05-04 04:23:00.000 UTC,5o5mCQSfnXDkfNC2wK2F1rRXccXpBWZ47NSWW3X1pump,0.000002398305491949726
2026-05-04 05:26:00.000 UTC,5o5mCQSfnXDkfNC2wK2F1rRXccXpBWZ47NSWW3X1pump,0.0000023921483848554424
2026-05-04 05:27:00.000 UTC,5o5mCQSfnXDkfNC2wK2F1rRXccXpBWZ47NSWW3X1pump,0.000002392147923873152
2026-05-04 12:03:00.000 UTC,5o5mCQSfnXDkfNC2wK2F1rRXccXpBWZ47NSWW3X1pump,0.0000023501656866108922
2026-05-04 12:14:00.000 UTC,5o5mCQSfnXDkfNC2wK2F1rRXccXpBWZ47NSWW3X1pump,0.0000023473673350002337
2026-05-04 20:34:00.000 UTC,5o5mCQSfnXDkfNC2wK2F1rRXccXpBWZ47NSWW3X1pump,0.000002358402552228988
2026-05-05 05:43:00.000 UTC,5o5mCQSfnXDkfNC2wK2F1rRXccXpBWZ47NSWW3X1pump,0.0000023817925893431
2026-05-05 20:54:00.000 UTC,5o5mCQSfnXDkfNC2wK2F1rRXccXpBWZ47NSWW3X1pump,0.000002424621831970456
2026-05-06 03:18:00.000 UTC,5o5mCQSfnXDkfNC2wK2F1rRXccXpBWZ47NSWW3X1pump,0.000002437226156487095
2026-05-06 03:39:00.000 UTC,5o5mCQSfnXDkfNC2wK2F1rRXccXpBWZ47NSWW3X1pump,0.000002444223278001859
2026-05-06 04:16:00.000 UTC,5o5mCQSfnXDkfNC2wK2F1rRXccXpBWZ47NSWW3X1pump,0.000002443663816253574
2026-05-06 05:07:00.000 UTC,5o5mCQSfnXDkfNC2wK2F1rRXccXpBWZ47NSWW3X1pump,0.0000024313484655859823
2026-05-07 03:50:00.000 UTC,5o5mCQSfnXDkfNC2wK2F1rRXccXpBWZ47NSWW3X1pump,0.0000024626959746916072
2026-05-08 03:15:00.000 UTC,5o5mCQSfnXDkfNC2wK2F1rRXccXpBWZ47NSWW3X1pump,0.000002466333991467435
2026-05-10 01:18:00.000 UTC,5o5mCQSfnXDkfNC2wK2F1rRXccXpBWZ47NSWW3X1pump,0.0000026003982504640224
2026-05-10 02:09:00.000 UTC,5o5mCQSfnXDkfNC2wK2F1rRXccXpBWZ47NSWW3X1pump,0.0000026009581289719173
2026-05-10 03:46:00.000 UTC,5o5mCQSfnXDkfNC2wK2F1rRXccXpBWZ47NSWW3X1pump,0.000002614393854766875
2026-05-10 03:47:00.000 UTC,5o5mCQSfnXDkfNC2wK2F1rRXccXpBWZ47NSWW3X1pump,0.000002614392942895266
2026-05-11 01:42:00.000 UTC,5o5mCQSfnXDkfNC2wK2F1rRXccXpBWZ47NSWW3X1pump,0.0000026857629888517117
2026-05-11 02:25:00.000 UTC,5o5mCQSfnXDkfNC2wK2F1rRXccXpBWZ47NSWW3X1pump,0.0000026756875635236548
2026-05-11 02:40:00.000 UTC,5o5mCQSfnXDkfNC2wK2F1rRXccXpBWZ47NSWW3X1pump,0.0000026692502981367542
2026-05-11 04:01:00.000 UTC,5o5mCQSfnXDkfNC2wK2F1rRXccXpBWZ47NSWW3X1pump,0.0000026521769191623847
2026-05-13 00:21:00.000 UTC,5o5mCQSfnXDkfNC2wK2F1rRXccXpBWZ47NSWW3X1pump,0.0000026407020764953515
2026-05-13 00:22:00.000 UTC,5o5mCQSfnXDkfNC2wK2F1rRXccXpBWZ47NSWW3X1pump,0.000002640701642266784
2026-05-13 04:56:00.000 UTC,5o5mCQSfnXDkfNC2wK2F1rRXccXpBWZ47NSWW3X1pump,0.000002672887958858821
2026-05-13 18:11:00.000 UTC,5o5mCQSfnXDkfNC2wK2F1rRXccXpBWZ47NSWW3X1pump,0.0000025468669315949933
2026-05-14 04:29:00.000 UTC,5o5mCQSfnXDkfNC2wK2F1rRXccXpBWZ47NSWW3X1pump,0.000002525949826713142
2026-05-14 05:26:00.000 UTC,5o5mCQSfnXDkfNC2wK2F1rRXccXpBWZ47NSWW3X1pump,0.0000025490631354911598
2026-05-15 16:41:00.000 UTC,5o5mCQSfnXDkfNC2wK2F1rRXccXpBWZ47NSWW3X1pump,0.0000025059526040965933
2026-05-16 02:59:00.000 UTC,5o5mCQSfnXDkfNC2wK2F1rRXccXpBWZ47NSWW3X1pump,0.000002492923315567391
2026-05-20 18:50:00.000 UTC,5o5mCQSfnXDkfNC2wK2F1rRXccXpBWZ47NSWW3X1pump,0.000002399289718896932
2026-05-22 02:17:00.000 UTC,5o5mCQSfnXDkfNC2wK2F1rRXccXpBWZ47NSWW3X1pump,0.0000024357255406728594
2026-05-23 17:51:00.000 UTC,5o5mCQSfnXDkfNC2wK2F1rRXccXpBWZ47NSWW3X1pump,0.0000023524206314242798
2026-05-23 18:09:00.000 UTC,5o5mCQSfnXDkfNC2wK2F1rRXccXpBWZ47NSWW3X1pump,0.0000023557791896011467
2026-05-23 19:37:00.000 UTC,5o5mCQSfnXDkfNC2wK2F1rRXccXpBWZ47NSWW3X1pump,0.000002375371068241444
2026-05-23 22:33:00.000 UTC,5o5mCQSfnXDkfNC2wK2F1rRXccXpBWZ47NSWW3X1pump,0.0000024078374947469237
2026-05-24 08:54:00.000 UTC,5o5mCQSfnXDkfNC2wK2F1rRXccXpBWZ47NSWW3X1pump,0.000002416513871024722
2026-05-24 08:55:00.000 UTC,5o5mCQSfnXDkfNC2wK2F1rRXccXpBWZ47NSWW3X1pump,0.000002415954104086796
2026-05-24 14:12:00.000 UTC,5o5mCQSfnXDkfNC2wK2F1rRXccXpBWZ47NSWW3X1pump,0.0000024005605689092768
2026-05-24 14:13:00.000 UTC,5o5mCQSfnXDkfNC2wK2F1rRXccXpBWZ47NSWW3X1pump,0.0000024005605261650534
2026-05-24 16:20:00.000 UTC,5o5mCQSfnXDkfNC2wK2F1rRXccXpBWZ47NSWW3X1pump,0.000002397202113522163
2026-05-24 21:03:00.000 UTC,5o5mCQSfnXDkfNC2wK2F1rRXccXpBWZ47NSWW3X1pump,0.000002369493398281758
2026-05-24 23:39:00.000 UTC,5o5mCQSfnXDkfNC2wK2F1rRXccXpBWZ47NSWW3X1pump,0.00000238336835834325
2026-05-25 09:37:00.000 UTC,5o5mCQSfnXDkfNC2wK2F1rRXccXpBWZ47NSWW3X1pump,0.0000024095169055346254
2026-05-25 09:38:00.000 UTC,5o5mCQSfnXDkfNC2wK2F1rRXccXpBWZ47NSWW3X1pump,0.0000024095167374684368
2026-05-26 11:06:00.000 UTC,5o5mCQSfnXDkfNC2wK2F1rRXccXpBWZ47NSWW3X1pump,0.0000023935633738721274
2026-05-29 22:23:00.000 UTC,5o5mCQSfnXDkfNC2wK2F1rRXccXpBWZ47NSWW3X1pump,0.0000022883362700080344
2026-05-29 22:56:00.000 UTC,5o5mCQSfnXDkfNC2wK2F1rRXccXpBWZ47NSWW3X1pump,0.0000022894553801023912
2026-05-31 17:53:00.000 UTC,5o5mCQSfnXDkfNC2wK2F1rRXccXpBWZ47NSWW3X1pump,0.0000022893293887652707
2026-06-02 20:08:00.000 UTC,5o5mCQSfnXDkfNC2wK2F1rRXccXpBWZ47NSWW3X1pump,0.0000021153608072970967
2026-06-04 10:03:00.000 UTC,5o5mCQSfnXDkfNC2wK2F1rRXccXpBWZ47NSWW3X1pump,0.000001922511792871094
2026-06-04 10:07:00.000 UTC,5o5mCQSfnXDkfNC2wK2F1rRXccXpBWZ47NSWW3X1pump,0.0000019188833786239135
2026-06-04 10:08:00.000 UTC,5o5mCQSfnXDkfNC2wK2F1rRXccXpBWZ47NSWW3X1pump,0.0000019188164344344096
2026-06-04 10:10:00.000 UTC,5o5mCQSfnXDkfNC2wK2F1rRXccXpBWZ47NSWW3X1pump,0.000001912142465146342
2026-06-04 10:11:00.000 UTC,5o5mCQSfnXDkfNC2wK2F1rRXccXpBWZ47NSWW3X1pump,0.0000019120782627910424
2026-06-04 10:15:00.000 UTC,5o5mCQSfnXDkfNC2wK2F1rRXccXpBWZ47NSWW3X1pump,0.0000019152543472505263
2026-06-04 10:16:00.000 UTC,5o5mCQSfnXDkfNC2wK2F1rRXccXpBWZ47NSWW3X1pump,0.0000019151998883001655
2026-06-08 14:44:00.000 UTC,5o5mCQSfnXDkfNC2wK2F1rRXccXpBWZ47NSWW3X1pump,0.0000018848088865842022
2026-06-08 14:45:00.000 UTC,5o5mCQSfnXDkfNC2wK2F1rRXccXpBWZ47NSWW3X1pump,0.000001891322148429497
2026-06-08 14:46:00.000 UTC,5o5mCQSfnXDkfNC2wK2F1rRXccXpBWZ47NSWW3X1pump,0.000001873509673651623
2026-06-08 14:47:00.000 UTC,5o5mCQSfnXDkfNC2wK2F1rRXccXpBWZ47NSWW3X1pump,0.0000018743983227791526
2026-06-08 14:50:00.000 UTC,5o5mCQSfnXDkfNC2wK2F1rRXccXpBWZ47NSWW3X1pump,0.0000018749833618221079
2026-06-16 15:23:00.000 UTC,5o5mCQSfnXDkfNC2wK2F1rRXccXpBWZ47NSWW3X1pump,0.0000020504370149446854
2026-06-16 18:18:00.000 UTC,5o5mCQSfnXDkfNC2wK2F1rRXccXpBWZ47NSWW3X1pump,0.0000020712800114173505
2026-06-17 20:18:00.000 UTC,5o5mCQSfnXDkfNC2wK2F1rRXccXpBWZ47NSWW3X1pump,0.0000020085174239991437
2026-06-17 20:19:00.000 UTC,5o5mCQSfnXDkfNC2wK2F1rRXccXpBWZ47NSWW3X1pump,0.0000020085417467093646
2026-06-17 20:20:00.000 UTC,5o5mCQSfnXDkfNC2wK2F1rRXccXpBWZ47NSWW3X1pump,0.0000020101008740014802
2026-06-18 19:38:00.000 UTC,5o5mCQSfnXDkfNC2wK2F1rRXccXpBWZ47NSWW3X1pump,0.000001930174491610586
2026-06-22 19:04:00.000 UTC,5o5mCQSfnXDkfNC2wK2F1rRXccXpBWZ47NSWW3X1pump,0.0000020332345052661534
2026-06-24 17:04:00.000 UTC,5o5mCQSfnXDkfNC2wK2F1rRXccXpBWZ47NSWW3X1pump,0.0000018599780694727047
2026-06-26 11:10:00.000 UTC,5o5mCQSfnXDkfNC2wK2F1rRXccXpBWZ47NSWW3X1pump,0.0000019211507517760627
2026-06-30 19:14:00.000 UTC,5o5mCQSfnXDkfNC2wK2F1rRXccXpBWZ47NSWW3X1pump,0.000002057297783085004
2026-07-07 08:44:00.000 UTC,5o5mCQSfnXDkfNC2wK2F1rRXccXpBWZ47NSWW3X1pump,0.000002292329454107284
2026-07-07 08:45:00.000 UTC,5o5mCQSfnXDkfNC2wK2F1rRXccXpBWZ47NSWW3X1pump,0.0000022906662040261574
2026-07-07 10:41:00.000 UTC,5o5mCQSfnXDkfNC2wK2F1rRXccXpBWZ47NSWW3X1pump,0.000002268456322169977
2026-07-07 13:07:00.000 UTC,5o5mCQSfnXDkfNC2wK2F1rRXccXpBWZ47NSWW3X1pump,0.0000022788123239595727
2026-07-07 13:31:00.000 UTC,5o5mCQSfnXDkfNC2wK2F1rRXccXpBWZ47NSWW3X1pump,0.0000022625792794488996
2026-07-07 13:57:00.000 UTC,5o5mCQSfnXDkfNC2wK2F1rRXccXpBWZ47NSWW3X1pump,0.0000022628587057759224
2026-07-14 16:13:00.000 UTC,5o5mCQSfnXDkfNC2wK2F1rRXccXpBWZ47NSWW3X1pump,0.0000021654583765373785
2026-07-14 16:14:00.000 UTC,5o5mCQSfnXDkfNC2wK2F1rRXccXpBWZ47NSWW3X1pump,0.0000021654584410812467
2026-07-14 16:15:00.000 UTC,5o5mCQSfnXDkfNC2wK2F1rRXccXpBWZ47NSWW3X1pump,0.0000021632193141401127
2026-07-14 16:16:00.000 UTC,5o5mCQSfnXDkfNC2wK2F1rRXccXpBWZ47NSWW3X1pump,0.0000021632192766973605
2026-07-14 16:17:00.000 UTC,5o5mCQSfnXDkfNC2wK2F1rRXccXpBWZ47NSWW3X1pump,0.00000216321937716122
2026-07-14 16:18:00.000 UTC,5o5mCQSfnXDkfNC2wK2F1rRXccXpBWZ47NSWW3X1pump,0.000002163219413139267
2026-07-14 16:21:00.000 UTC,5o5mCQSfnXDkfNC2wK2F1rRXccXpBWZ47NSWW3X1pump,0.0000021607005977845027
2026-07-19 17:26:00.000 UTC,5o5mCQSfnXDkfNC2wK2F1rRXccXpBWZ47NSWW3X1pump,0.000002133217559030226
2026-07-19 17:27:00.000 UTC,5o5mCQSfnXDkfNC2wK2F1rRXccXpBWZ47NSWW3X1pump,0.0000021426870687176617
2026-07-19 18:38:00.000 UTC,5o5mCQSfnXDkfNC2wK2F1rRXccXpBWZ47NSWW3X1pump,0.0000021173074774460344
2026-07-23 22:46:00.000 UTC,5o5mCQSfnXDkfNC2wK2F1rRXccXpBWZ47NSWW3X1pump,0.0000021313835433320223
2026-07-23 22:48:00.000 UTC,5o5mCQSfnXDkfNC2wK2F1rRXccXpBWZ47NSWW3X1pump,0.0000021320226017897483
2026-07-24 15:58:00.000 UTC,5o5mCQSfnXDkfNC2wK2F1rRXccXpBWZ47NSWW3X1pump,0.000002071267657067692
2026-07-24 16:06:00.000 UTC,5o5mCQSfnXDkfNC2wK2F1rRXccXpBWZ47NSWW3X1pump,0.0000020720462736620823
2026-07-25 20:11:00.000 UTC,5o5mCQSfnXDkfNC2wK2F1rRXccXpBWZ47NSWW3X1pump,0.0000020826197540840355
2026-08-19 16:23:00.000 UTC,5o5mCQSfnXDkfNC2wK2F1rRXccXpBWZ47NSWW3X1pump,0.000002292730078549485
2026-08-19 16:24:00.000 UTC,5o5mCQSfnXDkfNC2wK2F1rRXccXpBWZ47NSWW3X1pump,0.0000022998823368120844
2026-08-21 06:22:00.000 UTC,5o5mCQSfnXDkfNC2wK2F1rRXccXpBWZ47NSWW3X1pump,0.000002536313824225307
2026-08-22 22:23:00.000 UTC,5o5mCQSfnXDkfNC2wK2F1rRXccXpBWZ47NSWW3X1pump,0.000002617500415791718
2026-08-25 20:09:00.000 UTC,5o5mCQSfnXDkfNC2wK2F1rRXccXpBWZ47NSWW3X1pump,0.000002724720601086608
2026-08-25 20:10:00.000 UTC,5o5mCQSfnXDkfNC2wK2F1rRXccXpBWZ47NSWW3X1pump,0.00000273564018763959
2026-08-25 20:15:00.000 UTC,5o5mCQSfnXDkfNC2wK2F1rRXccXpBWZ47NSWW3X1pump,0.00000273716355106322
2026-08-25 20:16:00.000 UTC,5o5mCQSfnXDkfNC2wK2F1rRXccXpBWZ47NSWW3X1pump,0.0000027371467974317363
2026-08-26 00:28:00.000 UTC,5o5mCQSfnXDkfNC2wK2F1rRXccXpBWZ47NSWW3X1pump,0.000002697018258207168
2026-08-27 18:32:00.000 UTC,5o5mCQSfnXDkfNC2wK2F1rRXccXpBWZ47NSWW3X1pump,0.000002999759489519189
2026-09-01 05:56:00.000 UTC,5o5mCQSfnXDkfNC2wK2F1rRXccXpBWZ47NSWW3X1pump,0.000002917884026020583
2026-09-01 05:59:00.000 UTC,5o5mCQSfnXDkfNC2wK2F1rRXccXpBWZ47NSWW3X1pump,0.0000029178841393849496
2026-09-01 06:01:00.000 UTC,5o5mCQSfnXDkfNC2wK2F1rRXccXpBWZ47NSWW3X1pump,0.0000029187243672775372
2026-09-01 20:31:00.000 UTC,5o5mCQSfnXDkfNC2wK2F1rRXccXpBWZ47NSWW3X1pump,0.0000028003335049760705
2026-09-02 19:05:00.000 UTC,5o5mCQSfnXDkfNC2wK2F1rRXccXpBWZ47NSWW3X1pump,0.0000027840945613366293
2026-09-08 05:50:00.000 UTC,5o5mCQSfnXDkfNC2wK2F1rRXccXpBWZ47NSWW3X1pump,0.0000029266481392003973
2026-09-08 21:15:00.000 UTC,5o5mCQSfnXDkfNC2wK2F1rRXccXpBWZ47NSWW3X1pump,0.0000029847407467442156
2026-09-08 21:17:00.000 UTC,5o5mCQSfnXDkfNC2wK2F1rRXccXpBWZ47NSWW3X1pump,0.0000029856797363279227
2026-09-08 21:18:00.000 UTC,5o5mCQSfnXDkfNC2wK2F1rRXccXpBWZ47NSWW3X1pump,0.0000029861519471966617
2026-09-08 21:19:00.000 UTC,5o5mCQSfnXDkfNC2wK2F1rRXccXpBWZ47NSWW3X1pump,0.0000029823394861793682
2026-09-08 21:20:00.000 UTC,5o5mCQSfnXDkfNC2wK2F1rRXccXpBWZ47NSWW3X1pump,0.000002981780262983375
2026-09-09 18:15:00.000 UTC,5o5mCQSfnXDkfNC2wK2F1rRXccXpBWZ47NSWW3X1pump,0.0000029861907868917746
2026-09-09 18:21:00.000 UTC,5o5mCQSfnXDkfNC2wK2F1rRXccXpBWZ47NSWW3X1pump,0.000002945136569751636
2026-09-09 18:22:00.000 UTC,5o5mCQSfnXDkfNC2wK2F1rRXccXpBWZ47NSWW3X1pump,0.00000294513656984818
2026-09-09 18:23:00.000 UTC,5o5mCQSfnXDkfNC2wK2F1rRXccXpBWZ47NSWW3X1pump,0.0000029451365699929953
2026-09-09 19:10:00.000 UTC,5o5mCQSfnXDkfNC2wK2F1rRXccXpBWZ47NSWW3X1pump,0.000002956321253718478
2026-09-09 19:12:00.000 UTC,5o5mCQSfnXDkfNC2wK2F1rRXccXpBWZ47NSWW3X1pump,0.0000029578132528805417
2026-09-11 20:59:00.000 UTC,5o5mCQSfnXDkfNC2wK2F1rRXccXpBWZ47NSWW3X1pump,0.0000029110031670527463
2026-09-11 21:16:00.000 UTC,5o5mCQSfnXDkfNC2wK2F1rRXccXpBWZ47NSWW3X1pump,0.000002922372229690492
2026-09-01 17:20:00.000 UTC,5rVseYTq38uJzdQFsLpLkNnQBobXjSmWJk5cPy78pump,9.88550643047765e-7
2026-09-13 08:02:00.000 UTC,5sFfFzoFq3mN1VysYtZGvqPhcV2yPu1akejsbH9Fpump,0.000001851337733418521
2026-09-13 08:03:00.000 UTC,5sFfFzoFq3mN1VysYtZGvqPhcV2yPu1akejsbH9Fpump,0.0000016913263942599773
2026-08-25 08:03:00.000 UTC,5sishSBeJeWEbQ498tA5yEB6HPhJumSF5UL2xXBsP1Hj,0.000004385113005393369
2026-08-28 10:14:00.000 UTC,5sktcQsfRfDuRtna6TFmFKvC38KSCa4vWdFt12aBpump,0.0000030583849351601035
2026-08-25 05:58:00.000 UTC,5t3ms1khS2PP4gMyqD46SJNVtcscj3qYVttU61qApump,0.000014578874344334303
2026-08-25 05:59:00.000 UTC,5t3ms1khS2PP4gMyqD46SJNVtcscj3qYVttU61qApump,0.000017555920408808015
2026-08-25 06:00:00.000 UTC,5t3ms1khS2PP4gMyqD46SJNVtcscj3qYVttU61qApump,0.00001861948151758562
2026-08-25 06:01:00.000 UTC,5t3ms1khS2PP4gMyqD46SJNVtcscj3qYVttU61qApump,0.000021509954469413184
2026-08-25 06:02:00.000 UTC,5t3ms1khS2PP4gMyqD46SJNVtcscj3qYVttU61qApump,0.000022601816691594417
2026-08-25 06:03:00.000 UTC,5t3ms1khS2PP4gMyqD46SJNVtcscj3qYVttU61qApump,0.00002346045501102402
2026-08-25 06:04:00.000 UTC,5t3ms1khS2PP4gMyqD46SJNVtcscj3qYVttU61qApump,0.000024699812101956356
2026-08-25 06:05:00.000 UTC,5t3ms1khS2PP4gMyqD46SJNVtcscj3qYVttU61qApump,0.000025270757194415784
2026-08-25 06:06:00.000 UTC,5t3ms1khS2PP4gMyqD46SJNVtcscj3qYVttU61qApump,0.000027821935519073263
2026-08-25 06:07:00.000 UTC,5t3ms1khS2PP4gMyqD46SJNVtcscj3qYVttU61qApump,0.000027629742209332523
2026-09-07 18:22:00.000 UTC,5uGpfRLM4ovWtukoim8yp7N9ZveGF492kL2FvK62pump,0.0000029811157136467383
2026-09-07 18:23:00.000 UTC,5uGpfRLM4ovWtukoim8yp7N9ZveGF492kL2FvK62pump,0.00000301509816153742
2026-09-07 18:25:00.000 UTC,5uGpfRLM4ovWtukoim8yp7N9ZveGF492kL2FvK62pump,0.0000030032731112109126
2025-08-11 23:05:00.000 UTC,5vM6q3hw6yK6zEtMdN4saVG938gvZFpMbCJMrhVbpump,0.000006753819833962527
2025-08-11 23:06:00.000 UTC,5vM6q3hw6yK6zEtMdN4saVG938gvZFpMbCJMrhVbpump,0.0000054503110714942075
2025-08-11 23:08:00.000 UTC,5vM6q3hw6yK6zEtMdN4saVG938gvZFpMbCJMrhVbpump,0.0000049025723881902526
2026-08-26 20:20:00.000 UTC,5vM6q3hw6yK6zEtMdN4saVG938gvZFpMbCJMrhVbpump,0.0000030744056067166195
2026-08-26 20:25:00.000 UTC,5vM6q3hw6yK6zEtMdN4saVG938gvZFpMbCJMrhVbpump,0.000003164958532457002
2026-08-26 20:26:00.000 UTC,5vM6q3hw6yK6zEtMdN4saVG938gvZFpMbCJMrhVbpump,0.000003138115092091046
2026-08-26 20:27:00.000 UTC,5vM6q3hw6yK6zEtMdN4saVG938gvZFpMbCJMrhVbpump,0.000003992184558708495
2026-08-26 20:28:00.000 UTC,5vM6q3hw6yK6zEtMdN4saVG938gvZFpMbCJMrhVbpump,0.0000040745403318188754
2026-08-26 20:29:00.000 UTC,5vM6q3hw6yK6zEtMdN4saVG938gvZFpMbCJMrhVbpump,0.000005126983187711642
2026-08-26 20:30:00.000 UTC,5vM6q3hw6yK6zEtMdN4saVG938gvZFpMbCJMrhVbpump,0.000004570970224794057
2026-08-26 20:31:00.000 UTC,5vM6q3hw6yK6zEtMdN4saVG938gvZFpMbCJMrhVbpump,0.000005555023838740449
2026-08-26 20:32:00.000 UTC,5vM6q3hw6yK6zEtMdN4saVG938gvZFpMbCJMrhVbpump,0.0000058061719986263545
2026-08-26 20:33:00.000 UTC,5vM6q3hw6yK6zEtMdN4saVG938gvZFpMbCJMrhVbpump,0.000006276009281663228
2026-08-26 20:34:00.000 UTC,5vM6q3hw6yK6zEtMdN4saVG938gvZFpMbCJMrhVbpump,0.000004769531808654595
2026-08-26 20:35:00.000 UTC,5vM6q3hw6yK6zEtMdN4saVG938gvZFpMbCJMrhVbpump,0.000004792193504869443
2026-08-26 20:36:00.000 UTC,5vM6q3hw6yK6zEtMdN4saVG938gvZFpMbCJMrhVbpump,0.000008507395131993497
2026-08-26 20:37:00.000 UTC,5vM6q3hw6yK6zEtMdN4saVG938gvZFpMbCJMrhVbpump,0.000008241864996942278
2026-08-26 20:38:00.000 UTC,5vM6q3hw6yK6zEtMdN4saVG938gvZFpMbCJMrhVbpump,0.000007155175780871312
2026-08-26 20:39:00.000 UTC,5vM6q3hw6yK6zEtMdN4saVG938gvZFpMbCJMrhVbpump,0.000005725190302616151
2026-08-26 20:40:00.000 UTC,5vM6q3hw6yK6zEtMdN4saVG938gvZFpMbCJMrhVbpump,0.000006089423785864462
2026-08-26 20:41:00.000 UTC,5vM6q3hw6yK6zEtMdN4saVG938gvZFpMbCJMrhVbpump,0.000006403570767630128
2026-08-26 20:42:00.000 UTC,5vM6q3hw6yK6zEtMdN4saVG938gvZFpMbCJMrhVbpump,0.000007511666614772557
2026-08-26 20:43:00.000 UTC,5vM6q3hw6yK6zEtMdN4saVG938gvZFpMbCJMrhVbpump,0.000008093653648482232
2026-08-26 20:44:00.000 UTC,5vM6q3hw6yK6zEtMdN4saVG938gvZFpMbCJMrhVbpump,0.00000824021870527185
2026-08-26 20:45:00.000 UTC,5vM6q3hw6yK6zEtMdN4saVG938gvZFpMbCJMrhVbpump,0.000008442285492505108
2026-08-26 20:46:00.000 UTC,5vM6q3hw6yK6zEtMdN4saVG938gvZFpMbCJMrhVbpump,0.000007717557667074671
2026-08-26 20:47:00.000 UTC,5vM6q3hw6yK6zEtMdN4saVG938gvZFpMbCJMrhVbpump,0.000007692465869989712
2026-08-26 20:48:00.000 UTC,5vM6q3hw6yK6zEtMdN4saVG938gvZFpMbCJMrhVbpump,0.000007759804619914148
2026-08-26 20:49:00.000 UTC,5vM6q3hw6yK6zEtMdN4saVG938gvZFpMbCJMrhVbpump,0.000007438223065709235
2026-08-26 20:50:00.000 UTC,5vM6q3hw6yK6zEtMdN4saVG938gvZFpMbCJMrhVbpump,0.000008648203603399313
2026-08-26 20:51:00.000 UTC,5vM6q3hw6yK6zEtMdN4saVG938gvZFpMbCJMrhVbpump,0.000009724110985017072
2026-08-26 20:52:00.000 UTC,5vM6q3hw6yK6zEtMdN4saVG938gvZFpMbCJMrhVbpump,0.000010822723780045345
2026-08-26 20:53:00.000 UTC,5vM6q3hw6yK6zEtMdN4saVG938gvZFpMbCJMrhVbpump,0.000011800011815801081
2026-08-26 20:54:00.000 UTC,5vM6q3hw6yK6zEtMdN4saVG938gvZFpMbCJMrhVbpump,0.000013526876704793442
2026-08-26 20:55:00.000 UTC,5vM6q3hw6yK6zEtMdN4saVG938gvZFpMbCJMrhVbpump,0.000015371551583517795
2026-08-26 20:56:00.000 UTC,5vM6q3hw6yK6zEtMdN4saVG938gvZFpMbCJMrhVbpump,0.00001633164382198748
2026-08-26 20:57:00.000 UTC,5vM6q3hw6yK6zEtMdN4saVG938gvZFpMbCJMrhVbpump,0.000016726432614646074
2026-08-26 20:58:00.000 UTC,5vM6q3hw6yK6zEtMdN4saVG938gvZFpMbCJMrhVbpump,0.000014412483853185371
2026-08-26 20:59:00.000 UTC,5vM6q3hw6yK6zEtMdN4saVG938gvZFpMbCJMrhVbpump,0.000015469095059659458
2026-08-26 21:00:00.000 UTC,5vM6q3hw6yK6zEtMdN4saVG938gvZFpMbCJMrhVbpump,0.000015954618731251943
2026-08-26 21:01:00.000 UTC,5vM6q3hw6yK6zEtMdN4saVG938gvZFpMbCJMrhVbpump,0.00001409620762012817
2026-08-26 21:02:00.000 UTC,5vM6q3hw6yK6zEtMdN4saVG938gvZFpMbCJMrhVbpump,0.000012431829187025401
2026-08-26 21:03:00.000 UTC,5vM6q3hw6yK6zEtMdN4saVG938gvZFpMbCJMrhVbpump,0.000011864462518088143
2026-08-26 21:04:00.000 UTC,5vM6q3hw6yK6zEtMdN4saVG938gvZFpMbCJMrhVbpump,0.000012820933624086989
2026-08-26 21:05:00.000 UTC,5vM6q3hw6yK6zEtMdN4saVG938gvZFpMbCJMrhVbpump,0.000011742354083776519
2026-08-26 21:06:00.000 UTC,5vM6q3hw6yK6zEtMdN4saVG938gvZFpMbCJMrhVbpump,0.000009371065219595026
2026-08-26 21:07:00.000 UTC,5vM6q3hw6yK6zEtMdN4saVG938gvZFpMbCJMrhVbpump,0.000008850956051699844
2026-08-26 21:08:00.000 UTC,5vM6q3hw6yK6zEtMdN4saVG938gvZFpMbCJMrhVbpump,0.000008894689899999479
2026-08-26 21:09:00.000 UTC,5vM6q3hw6yK6zEtMdN4saVG938gvZFpMbCJMrhVbpump,0.000005641709594625221
2026-08-26 21:10:00.000 UTC,5vM6q3hw6yK6zEtMdN4saVG938gvZFpMbCJMrhVbpump,0.000006457543620613854
2026-08-26 21:11:00.000 UTC,5vM6q3hw6yK6zEtMdN4saVG938gvZFpMbCJMrhVbpump,0.0000067576075403689965
2026-08-26 21:12:00.000 UTC,5vM6q3hw6yK6zEtMdN4saVG938gvZFpMbCJMrhVbpump,0.0000070246030055089315
2026-08-26 21:14:00.000 UTC,5vM6q3hw6yK6zEtMdN4saVG938gvZFpMbCJMrhVbpump,0.000005517812867252491
2026-08-26 21:15:00.000 UTC,5vM6q3hw6yK6zEtMdN4saVG938gvZFpMbCJMrhVbpump,0.000005771366023233619
2026-08-26 21:16:00.000 UTC,5vM6q3hw6yK6zEtMdN4saVG938gvZFpMbCJMrhVbpump,0.000006270095321073657
2026-08-26 21:19:00.000 UTC,5vM6q3hw6yK6zEtMdN4saVG938gvZFpMbCJMrhVbpump,0.000006211402801857715
2026-08-26 21:20:00.000 UTC,5vM6q3hw6yK6zEtMdN4saVG938gvZFpMbCJMrhVbpump,0.000006254835239129886
2026-08-26 21:22:00.000 UTC,5vM6q3hw6yK6zEtMdN4saVG938gvZFpMbCJMrhVbpump,0.0000061283033880599135
2026-08-26 21:23:00.000 UTC,5vM6q3hw6yK6zEtMdN4saVG938gvZFpMbCJMrhVbpump,0.000006716752712685257
2026-08-26 21:24:00.000 UTC,5vM6q3hw6yK6zEtMdN4saVG938gvZFpMbCJMrhVbpump,0.000005636295460722831
2026-08-26 21:25:00.000 UTC,5vM6q3hw6yK6zEtMdN4saVG938gvZFpMbCJMrhVbpump,0.000005989780182004612
2026-08-26 21:30:00.000 UTC,5vM6q3hw6yK6zEtMdN4saVG938gvZFpMbCJMrhVbpump,0.000006070408520204467
2026-08-26 21:31:00.000 UTC,5vM6q3hw6yK6zEtMdN4saVG938gvZFpMbCJMrhVbpump,0.000006531973681337037
2026-08-26 21:33:00.000 UTC,5vM6q3hw6yK6zEtMdN4saVG938gvZFpMbCJMrhVbpump,0.000007682460384100057
2026-08-26 21:35:00.000 UTC,5vM6q3hw6yK6zEtMdN4saVG938gvZFpMbCJMrhVbpump,0.000008064359073321081
2026-08-26 21:36:00.000 UTC,5vM6q3hw6yK6zEtMdN4saVG938gvZFpMbCJMrhVbpump,0.00000820685411199831
2026-08-26 21:37:00.000 UTC,5vM6q3hw6yK6zEtMdN4saVG938gvZFpMbCJMrhVbpump,0.000008252416860620904
2026-08-26 21:38:00.000 UTC,5vM6q3hw6yK6zEtMdN4saVG938gvZFpMbCJMrhVbpump,0.000010259511887286119
2026-08-26 21:39:00.000 UTC,5vM6q3hw6yK6zEtMdN4saVG938gvZFpMbCJMrhVbpump,0.00001064993301826624
2026-08-26 21:40:00.000 UTC,5vM6q3hw6yK6zEtMdN4saVG938gvZFpMbCJMrhVbpump,0.00001100157925621671
2026-08-26 21:41:00.000 UTC,5vM6q3hw6yK6zEtMdN4saVG938gvZFpMbCJMrhVbpump,0.000009302117394893274
2026-08-26 21:42:00.000 UTC,5vM6q3hw6yK6zEtMdN4saVG938gvZFpMbCJMrhVbpump,0.000007949990353720203
2026-08-26 21:50:00.000 UTC,5vM6q3hw6yK6zEtMdN4saVG938gvZFpMbCJMrhVbpump,0.000007375981618551225
2026-08-26 21:52:00.000 UTC,5vM6q3hw6yK6zEtMdN4saVG938gvZFpMbCJMrhVbpump,0.000007109110234407553
2026-08-26 21:53:00.000 UTC,5vM6q3hw6yK6zEtMdN4saVG938gvZFpMbCJMrhVbpump,0.000007239272390955529
2026-08-26 21:55:00.000 UTC,5vM6q3hw6yK6zEtMdN4saVG938gvZFpMbCJMrhVbpump,0.000007946086368398312
2026-08-26 21:56:00.000 UTC,5vM6q3hw6yK6zEtMdN4saVG938gvZFpMbCJMrhVbpump,0.000008260591716633803
2026-08-26 21:57:00.000 UTC,5vM6q3hw6yK6zEtMdN4saVG938gvZFpMbCJMrhVbpump,0.000007396028089449872
2026-08-26 21:58:00.000 UTC,5vM6q3hw6yK6zEtMdN4saVG938gvZFpMbCJMrhVbpump,0.000007391315291646737
2026-08-26 21:59:00.000 UTC,5vM6q3hw6yK6zEtMdN4saVG938gvZFpMbCJMrhVbpump,0.000007575819815933538
2026-08-26 22:04:00.000 UTC,5vM6q3hw6yK6zEtMdN4saVG938gvZFpMbCJMrhVbpump,0.000007169671542563825
2026-08-26 22:06:00.000 UTC,5vM6q3hw6yK6zEtMdN4saVG938gvZFpMbCJMrhVbpump,0.0000074306509274906
2026-08-26 22:09:00.000 UTC,5vM6q3hw6yK6zEtMdN4saVG938gvZFpMbCJMrhVbpump,0.0000067152312020957105
2026-08-26 22:13:00.000 UTC,5vM6q3hw6yK6zEtMdN4saVG938gvZFpMbCJMrhVbpump,0.000006498146107630933
2026-08-26 22:19:00.000 UTC,5vM6q3hw6yK6zEtMdN4saVG938gvZFpMbCJMrhVbpump,0.000006221042851369771
2026-08-26 22:28:00.000 UTC,5vM6q3hw6yK6zEtMdN4saVG938gvZFpMbCJMrhVbpump,0.000005742845765735063
2026-08-27 03:39:00.000 UTC,5vM6q3hw6yK6zEtMdN4saVG938gvZFpMbCJMrhVbpump,0.000004929951972955821
2026-08-27 05:44:00.000 UTC,5vM6q3hw6yK6zEtMdN4saVG938gvZFpMbCJMrhVbpump,0.000003617450989942833
2026-08-27 05:52:00.000 UTC,5vM6q3hw6yK6zEtMdN4saVG938gvZFpMbCJMrhVbpump,0.000004076111546934224
2026-08-27 14:02:00.000 UTC,5vM6q3hw6yK6zEtMdN4saVG938gvZFpMbCJMrhVbpump,0.000003557492229373391
2026-08-27 20:01:00.000 UTC,5vM6q3hw6yK6zEtMdN4saVG938gvZFpMbCJMrhVbpump,0.0000036759557266461186
2026-08-27 20:04:00.000 UTC,5vM6q3hw6yK6zEtMdN4saVG938gvZFpMbCJMrhVbpump,0.0000036551911334590674
2026-08-27 20:12:00.000 UTC,5vM6q3hw6yK6zEtMdN4saVG938gvZFpMbCJMrhVbpump,0.0000034981796775111536
2026-08-27 20:17:00.000 UTC,5vM6q3hw6yK6zEtMdN4saVG938gvZFpMbCJMrhVbpump,0.000003837956253788053
2026-08-27 20:18:00.000 UTC,5vM6q3hw6yK6zEtMdN4saVG938gvZFpMbCJMrhVbpump,0.00000414467436087137
2026-08-27 20:19:00.000 UTC,5vM6q3hw6yK6zEtMdN4saVG938gvZFpMbCJMrhVbpump,0.00000492288076835045
2026-08-27 20:21:00.000 UTC,5vM6q3hw6yK6zEtMdN4saVG938gvZFpMbCJMrhVbpump,0.000005307417580037326
2026-08-27 20:22:00.000 UTC,5vM6q3hw6yK6zEtMdN4saVG938gvZFpMbCJMrhVbpump,0.0000050898318553691065
2026-08-27 20:23:00.000 UTC,5vM6q3hw6yK6zEtMdN4saVG938gvZFpMbCJMrhVbpump,0.000005506457173825787
2026-08-27 20:24:00.000 UTC,5vM6q3hw6yK6zEtMdN4saVG938gvZFpMbCJMrhVbpump,0.000005328541535773464
2026-08-27 20:25:00.000 UTC,5vM6q3hw6yK6zEtMdN4saVG938gvZFpMbCJMrhVbpump,0.000005464109490237972
2026-08-27 20:26:00.000 UTC,5vM6q3hw6yK6zEtMdN4saVG938gvZFpMbCJMrhVbpump,0.000004649938196792874
2026-08-27 20:28:00.000 UTC,5vM6q3hw6yK6zEtMdN4saVG938gvZFpMbCJMrhVbpump,0.0000038475234606295005
2026-08-27 20:29:00.000 UTC,5vM6q3hw6yK6zEtMdN4saVG938gvZFpMbCJMrhVbpump,0.0000036709189926849762
2026-08-28 02:51:00.000 UTC,5vM6q3hw6yK6zEtMdN4saVG938gvZFpMbCJMrhVbpump,0.000003343714887000229
2026-08-31 05:02:00.000 UTC,5vM6q3hw6yK6zEtMdN4saVG938gvZFpMbCJMrhVbpump,0.0000030139304878210907
2026-08-28 04:19:00.000 UTC,5yDiVPYZHtyxpz34rBYQqEFZ5zazm5s5dYa2yDxLpump,0.000003137220471079297
2026-08-28 04:20:00.000 UTC,5yDiVPYZHtyxpz34rBYQqEFZ5zazm5s5dYa2yDxLpump,0.0000031268262623796144
2026-08-20 18:44:00.000 UTC,5yUfFVQzBj6Fr9PPXifC8WJZiPpRL1Df2Bygx5Mxpump,0.0000024408498152358266
2026-08-20 18:45:00.000 UTC,5yUfFVQzBj6Fr9PPXifC8WJZiPpRL1Df2Bygx5Mxpump,0.0000024599837954212243
2026-08-27 10:11:00.000 UTC,5zQ4UYaB1SfwCYaqqGAq5teUux8bh2wtYCtzVR1pump,0.000002942771078147042
2026-08-16 14:15:00.000 UTC,5zVomkQQGUipBgveSoCi94wkRpAEYTy9Q17yo4a4pump,0.000012484743318849341
2026-08-16 14:16:00.000 UTC,5zVomkQQGUipBgveSoCi94wkRpAEYTy9Q17yo4a4pump,0.00001466997255697947
2026-08-16 14:17:00.000 UTC,5zVomkQQGUipBgveSoCi94wkRpAEYTy9Q17yo4a4pump,0.000014187719369074158
2026-08-16 14:18:00.000 UTC,5zVomkQQGUipBgveSoCi94wkRpAEYTy9Q17yo4a4pump,0.000010437620516674237
2026-08-16 14:19:00.000 UTC,5zVomkQQGUipBgveSoCi94wkRpAEYTy9Q17yo4a4pump,0.000008994145122716774
2026-08-16 14:20:00.000 UTC,5zVomkQQGUipBgveSoCi94wkRpAEYTy9Q17yo4a4pump,0.000005791736000988107
2026-08-16 14:21:00.000 UTC,5zVomkQQGUipBgveSoCi94wkRpAEYTy9Q17yo4a4pump,0.000006444728225583757
2026-08-16 14:22:00.000 UTC,5zVomkQQGUipBgveSoCi94wkRpAEYTy9Q17yo4a4pump,0.000006699049421024746
2026-08-16 14:23:00.000 UTC,5zVomkQQGUipBgveSoCi94wkRpAEYTy9Q17yo4a4pump,0.000006426008660408202
2026-08-16 14:24:00.000 UTC,5zVomkQQGUipBgveSoCi94wkRpAEYTy9Q17yo4a4pump,0.000005791585468944064
2026-08-16 14:25:00.000 UTC,5zVomkQQGUipBgveSoCi94wkRpAEYTy9Q17yo4a4pump,0.000005237973756236273
2026-08-16 14:26:00.000 UTC,5zVomkQQGUipBgveSoCi94wkRpAEYTy9Q17yo4a4pump,0.000006079935496105137
2026-08-16 14:27:00.000 UTC,5zVomkQQGUipBgveSoCi94wkRpAEYTy9Q17yo4a4pump,0.00000654883623567693
2026-08-16 14:28:00.000 UTC,5zVomkQQGUipBgveSoCi94wkRpAEYTy9Q17yo4a4pump,0.0000056475223011774424
2026-08-16 14:29:00.000 UTC,5zVomkQQGUipBgveSoCi94wkRpAEYTy9Q17yo4a4pump,0.000004878591362365871
2026-08-16 14:30:00.000 UTC,5zVomkQQGUipBgveSoCi94wkRpAEYTy9Q17yo4a4pump,0.00000486584706292918
2026-08-16 14:31:00.000 UTC,5zVomkQQGUipBgveSoCi94wkRpAEYTy9Q17yo4a4pump,0.0000043651015739430175
2026-08-16 14:32:00.000 UTC,5zVomkQQGUipBgveSoCi94wkRpAEYTy9Q17yo4a4pump,0.000004214963305833924
2026-08-16 14:33:00.000 UTC,5zVomkQQGUipBgveSoCi94wkRpAEYTy9Q17yo4a4pump,0.000005496685392529164
2026-08-16 14:34:00.000 UTC,5zVomkQQGUipBgveSoCi94wkRpAEYTy9Q17yo4a4pump,0.000006313925758077136
2026-08-16 14:35:00.000 UTC,5zVomkQQGUipBgveSoCi94wkRpAEYTy9Q17yo4a4pump,0.0000060730059171047664
2026-08-16 14:36:00.000 UTC,5zVomkQQGUipBgveSoCi94wkRpAEYTy9Q17yo4a4pump,0.000005463144271888774
2026-08-16 14:38:00.000 UTC,5zVomkQQGUipBgveSoCi94wkRpAEYTy9Q17yo4a4pump,0.000005170402142021219
2026-08-16 14:39:00.000 UTC,5zVomkQQGUipBgveSoCi94wkRpAEYTy9Q17yo4a4pump,0.000004277795320221639
2026-08-16 14:40:00.000 UTC,5zVomkQQGUipBgveSoCi94wkRpAEYTy9Q17yo4a4pump,0.000004316883798712126
2026-08-16 14:41:00.000 UTC,5zVomkQQGUipBgveSoCi94wkRpAEYTy9Q17yo4a4pump,0.000004159555723246511
2026-08-16 14:42:00.000 UTC,5zVomkQQGUipBgveSoCi94wkRpAEYTy9Q17yo4a4pump,0.000003958825393856529
2026-08-16 14:43:00.000 UTC,5zVomkQQGUipBgveSoCi94wkRpAEYTy9Q17yo4a4pump,0.000004063863140157381
2026-08-16 14:45:00.000 UTC,5zVomkQQGUipBgveSoCi94wkRpAEYTy9Q17yo4a4pump,0.000003957828331337488
2026-08-16 14:48:00.000 UTC,5zVomkQQGUipBgveSoCi94wkRpAEYTy9Q17yo4a4pump,0.0000030758281012287265
2026-08-16 14:49:00.000 UTC,5zVomkQQGUipBgveSoCi94wkRpAEYTy9Q17yo4a4pump,0.0000031592181096457166
2026-08-16 14:51:00.000 UTC,5zVomkQQGUipBgveSoCi94wkRpAEYTy9Q17yo4a4pump,0.000003201953187747662
2026-08-16 14:54:00.000 UTC,5zVomkQQGUipBgveSoCi94wkRpAEYTy9Q17yo4a4pump,0.0000033879684773190548
2026-08-16 14:57:00.000 UTC,5zVomkQQGUipBgveSoCi94wkRpAEYTy9Q17yo4a4pump,0.000003231706416934055
2026-08-16 15:17:00.000 UTC,5zVomkQQGUipBgveSoCi94wkRpAEYTy9Q17yo4a4pump,0.0000032937683827247044
2026-08-16 15:56:00.000 UTC,5zVomkQQGUipBgveSoCi94wkRpAEYTy9Q17yo4a4pump,0.0000026462322720426425
2026-08-16 17:55:00.000 UTC,5zVomkQQGUipBgveSoCi94wkRpAEYTy9Q17yo4a4pump,0.000004218827001820535
2026-08-16 17:56:00.000 UTC,5zVomkQQGUipBgveSoCi94wkRpAEYTy9Q17yo4a4pump,0.000004631614275600197
2026-08-16 17:57:00.000 UTC,5zVomkQQGUipBgveSoCi94wkRpAEYTy9Q17yo4a4pump,0.0000022073021014591574
2026-09-03 08:28:00.000 UTC,5zVomkQQGUipBgveSoCi94wkRpAEYTy9Q17yo4a4pump,0.0000028515269075678602
2026-09-03 08:31:00.000 UTC,5zVomkQQGUipBgveSoCi94wkRpAEYTy9Q17yo4a4pump,0.0000029370673107837333
2026-09-03 10:05:00.000 UTC,5zVomkQQGUipBgveSoCi94wkRpAEYTy9Q17yo4a4pump,0.000002811093574482332
2026-09-03 10:07:00.000 UTC,5zVomkQQGUipBgveSoCi94wkRpAEYTy9Q17yo4a4pump,0.0000028110889573313327
2026-09-12 22:27:00.000 UTC,5zVomkQQGUipBgveSoCi94wkRpAEYTy9Q17yo4a4pump,0.000002973334776048694
2026-09-12 22:28:00.000 UTC,5zVomkQQGUipBgveSoCi94wkRpAEYTy9Q17yo4a4pump,0.0000031535520549207694
2026-09-12 22:29:00.000 UTC,5zVomkQQGUipBgveSoCi94wkRpAEYTy9Q17yo4a4pump,0.0000031950180902662454
2026-09-09 20:34:00.000 UTC,5zW756qjZF8SDUkpAUTSeorCHMi7BEioCm2wkTz6q56V,0.00000285892476379893
2024-10-26 00:16:00.000 UTC,61NvX5imzEkDNm4VgVsv2qm4fTpUT4EBgdv3UowfshTp,0.000004963351636149109
2025-12-24 22:20:00.000 UTC,61NvX5imzEkDNm4VgVsv2qm4fTpUT4EBgdv3UowfshTp,0.000003842003775040746
2025-12-24 22:21:00.000 UTC,61NvX5imzEkDNm4VgVsv2qm4fTpUT4EBgdv3UowfshTp,0.000004159817559627578
2025-12-24 22:22:00.000 UTC,61NvX5imzEkDNm4VgVsv2qm4fTpUT4EBgdv3UowfshTp,0.000004684044749474359
2025-12-24 22:23:00.000 UTC,61NvX5imzEkDNm4VgVsv2qm4fTpUT4EBgdv3UowfshTp,0.000005188736409249711
2025-12-24 22:25:00.000 UTC,61NvX5imzEkDNm4VgVsv2qm4fTpUT4EBgdv3UowfshTp,0.000005512619870842814
2025-12-24 22:29:00.000 UTC,61NvX5imzEkDNm4VgVsv2qm4fTpUT4EBgdv3UowfshTp,0.000006063244985155785
2025-12-24 22:30:00.000 UTC,61NvX5imzEkDNm4VgVsv2qm4fTpUT4EBgdv3UowfshTp,0.000007063346822390181
2025-12-24 22:32:00.000 UTC,61NvX5imzEkDNm4VgVsv2qm4fTpUT4EBgdv3UowfshTp,0.000006557535481421518
2025-12-24 22:33:00.000 UTC,61NvX5imzEkDNm4VgVsv2qm4fTpUT4EBgdv3UowfshTp,0.000006829518797426773
2025-12-24 22:35:00.000 UTC,61NvX5imzEkDNm4VgVsv2qm4fTpUT4EBgdv3UowfshTp,0.000006699148654621566
2025-12-24 22:36:00.000 UTC,61NvX5imzEkDNm4VgVsv2qm4fTpUT4EBgdv3UowfshTp,0.000006520350280635165
2025-12-24 22:40:00.000 UTC,61NvX5imzEkDNm4VgVsv2qm4fTpUT4EBgdv3UowfshTp,0.000006648537867743693
2025-12-24 22:41:00.000 UTC,61NvX5imzEkDNm4VgVsv2qm4fTpUT4EBgdv3UowfshTp,0.000007490713051596623
2025-12-24 22:42:00.000 UTC,61NvX5imzEkDNm4VgVsv2qm4fTpUT4EBgdv3UowfshTp,0.000007430583581617069
2025-12-24 22:44:00.000 UTC,61NvX5imzEkDNm4VgVsv2qm4fTpUT4EBgdv3UowfshTp,0.000006496031128387136
2025-12-24 22:50:00.000 UTC,61NvX5imzEkDNm4VgVsv2qm4fTpUT4EBgdv3UowfshTp,0.0000060716789203402485
2025-12-24 22:51:00.000 UTC,61NvX5imzEkDNm4VgVsv2qm4fTpUT4EBgdv3UowfshTp,0.0000073715481632684315
2025-12-24 22:52:00.000 UTC,61NvX5imzEkDNm4VgVsv2qm4fTpUT4EBgdv3UowfshTp,0.00000615103884655641
2025-12-24 22:54:00.000 UTC,61NvX5imzEkDNm4VgVsv2qm4fTpUT4EBgdv3UowfshTp,0.000007030104477010561
2025-12-24 22:55:00.000 UTC,61NvX5imzEkDNm4VgVsv2qm4fTpUT4EBgdv3UowfshTp,0.000007883028921145722
2025-12-24 23:00:00.000 UTC,61NvX5imzEkDNm4VgVsv2qm4fTpUT4EBgdv3UowfshTp,0.000007401171164254992
2025-12-24 23:01:00.000 UTC,61NvX5imzEkDNm4VgVsv2qm4fTpUT4EBgdv3UowfshTp,0.000008367187351769747
2025-12-24 23:02:00.000 UTC,61NvX5imzEkDNm4VgVsv2qm4fTpUT4EBgdv3UowfshTp,0.000008452653808525973
2025-12-24 23:03:00.000 UTC,61NvX5imzEkDNm4VgVsv2qm4fTpUT4EBgdv3UowfshTp,0.00000966663567978944
2025-12-24 23:04:00.000 UTC,61NvX5imzEkDNm4VgVsv2qm4fTpUT4EBgdv3UowfshTp,0.00001081833829054612
2025-12-24 23:06:00.000 UTC,61NvX5imzEkDNm4VgVsv2qm4fTpUT4EBgdv3UowfshTp,0.000010954126330761555
2025-12-24 23:08:00.000 UTC,61NvX5imzEkDNm4VgVsv2qm4fTpUT4EBgdv3UowfshTp,0.000010495451755796004
2025-12-24 23:09:00.000 UTC,61NvX5imzEkDNm4VgVsv2qm4fTpUT4EBgdv3UowfshTp,0.00001021911281719781
2025-12-24 23:12:00.000 UTC,61NvX5imzEkDNm4VgVsv2qm4fTpUT4EBgdv3UowfshTp,0.000009493983181110556
2025-12-24 23:14:00.000 UTC,61NvX5imzEkDNm4VgVsv2qm4fTpUT4EBgdv3UowfshTp,0.000007932926571955062
2025-12-24 23:16:00.000 UTC,61NvX5imzEkDNm4VgVsv2qm4fTpUT4EBgdv3UowfshTp,0.000008399596834085285
2025-12-24 23:17:00.000 UTC,61NvX5imzEkDNm4VgVsv2qm4fTpUT4EBgdv3UowfshTp,0.000008972429449863613
2025-12-24 23:19:00.000 UTC,61NvX5imzEkDNm4VgVsv2qm4fTpUT4EBgdv3UowfshTp,0.000009394180414627975
2025-12-24 23:20:00.000 UTC,61NvX5imzEkDNm4VgVsv2qm4fTpUT4EBgdv3UowfshTp,0.000009820918040435276
2025-12-24 23:22:00.000 UTC,61NvX5imzEkDNm4VgVsv2qm4fTpUT4EBgdv3UowfshTp,0.000009378424385238049
2025-12-24 23:25:00.000 UTC,61NvX5imzEkDNm4VgVsv2qm4fTpUT4EBgdv3UowfshTp,0.000010056839131230872
2025-12-24 23:28:00.000 UTC,61NvX5imzEkDNm4VgVsv2qm4fTpUT4EBgdv3UowfshTp,0.000010628199722118296
2025-12-24 23:29:00.000 UTC,61NvX5imzEkDNm4VgVsv2qm4fTpUT4EBgdv3UowfshTp,0.000010776441683630925
2025-12-24 23:31:00.000 UTC,61NvX5imzEkDNm4VgVsv2qm4fTpUT4EBgdv3UowfshTp,0.000011279870921815936
2025-12-24 23:32:00.000 UTC,61NvX5imzEkDNm4VgVsv2qm4fTpUT4EBgdv3UowfshTp,0.000011965113076375269
2025-12-24 23:33:00.000 UTC,61NvX5imzEkDNm4VgVsv2qm4fTpUT4EBgdv3UowfshTp,0.000011483644887826037
2025-12-24 23:34:00.000 UTC,61NvX5imzEkDNm4VgVsv2qm4fTpUT4EBgdv3UowfshTp,0.00001230786771605202
2025-12-24 23:35:00.000 UTC,61NvX5imzEkDNm4VgVsv2qm4fTpUT4EBgdv3UowfshTp,0.000013023587977039904
2025-12-24 23:36:00.000 UTC,61NvX5imzEkDNm4VgVsv2qm4fTpUT4EBgdv3UowfshTp,0.000013160383657956107
2025-12-24 23:37:00.000 UTC,61NvX5imzEkDNm4VgVsv2qm4fTpUT4EBgdv3UowfshTp,0.000013216024155921202
2025-12-24 23:38:00.000 UTC,61NvX5imzEkDNm4VgVsv2qm4fTpUT4EBgdv3UowfshTp,0.000009443681859406856
2025-12-24 23:39:00.000 UTC,61NvX5imzEkDNm4VgVsv2qm4fTpUT4EBgdv3UowfshTp,0.000009599841565824791
2025-12-24 23:44:00.000 UTC,61NvX5imzEkDNm4VgVsv2qm4fTpUT4EBgdv3UowfshTp,0.000009724286975022978
2025-12-24 23:45:00.000 UTC,61NvX5imzEkDNm4VgVsv2qm4fTpUT4EBgdv3UowfshTp,0.000008131417775189178
2025-12-24 23:53:00.000 UTC,61NvX5imzEkDNm4VgVsv2qm4fTpUT4EBgdv3UowfshTp,0.000007992100380349573
2025-12-25 00:00:00.000 UTC,61NvX5imzEkDNm4VgVsv2qm4fTpUT4EBgdv3UowfshTp,0.000008123490654636346
2025-12-25 00:01:00.000 UTC,61NvX5imzEkDNm4VgVsv2qm4fTpUT4EBgdv3UowfshTp,0.000008499103410020694
2025-12-25 00:21:00.000 UTC,61NvX5imzEkDNm4VgVsv2qm4fTpUT4EBgdv3UowfshTp,0.000007885451869639842
2025-12-25 00:29:00.000 UTC,61NvX5imzEkDNm4VgVsv2qm4fTpUT4EBgdv3UowfshTp,0.000007528496987675023
2025-12-25 00:31:00.000 UTC,61NvX5imzEkDNm4VgVsv2qm4fTpUT4EBgdv3UowfshTp,0.000006405008227826766
2025-12-25 00:32:00.000 UTC,61NvX5imzEkDNm4VgVsv2qm4fTpUT4EBgdv3UowfshTp,0.000006615177738289451
2025-12-25 00:34:00.000 UTC,61NvX5imzEkDNm4VgVsv2qm4fTpUT4EBgdv3UowfshTp,0.0000068646266659108865
2025-12-25 00:36:00.000 UTC,61NvX5imzEkDNm4VgVsv2qm4fTpUT4EBgdv3UowfshTp,0.000007106819155553418
2025-12-25 00:38:00.000 UTC,61NvX5imzEkDNm4VgVsv2qm4fTpUT4EBgdv3UowfshTp,0.0000069749775612377295
2025-12-25 01:02:00.000 UTC,61NvX5imzEkDNm4VgVsv2qm4fTpUT4EBgdv3UowfshTp,0.00000607656403879909
2025-12-25 01:04:00.000 UTC,61NvX5imzEkDNm4VgVsv2qm4fTpUT4EBgdv3UowfshTp,0.000006073465723858549
2025-12-25 01:15:00.000 UTC,61NvX5imzEkDNm4VgVsv2qm4fTpUT4EBgdv3UowfshTp,0.000005349254522144744
2025-12-25 01:39:00.000 UTC,61NvX5imzEkDNm4VgVsv2qm4fTpUT4EBgdv3UowfshTp,0.00000624864365016649
2025-12-25 01:48:00.000 UTC,61NvX5imzEkDNm4VgVsv2qm4fTpUT4EBgdv3UowfshTp,0.000006516339924957023
2025-12-25 01:50:00.000 UTC,61NvX5imzEkDNm4VgVsv2qm4fTpUT4EBgdv3UowfshTp,0.000006626126884273929
2025-12-25 02:12:00.000 UTC,61NvX5imzEkDNm4VgVsv2qm4fTpUT4EBgdv3UowfshTp,0.000006227061150126409
2025-12-25 02:17:00.000 UTC,61NvX5imzEkDNm4VgVsv2qm4fTpUT4EBgdv3UowfshTp,0.000006486756298206409
2025-12-25 02:18:00.000 UTC,61NvX5imzEkDNm4VgVsv2qm4fTpUT4EBgdv3UowfshTp,0.000006632605141149973
2025-12-25 02:21:00.000 UTC,61NvX5imzEkDNm4VgVsv2qm4fTpUT4EBgdv3UowfshTp,0.000006826249829058181
2025-12-25 02:27:00.000 UTC,61NvX5imzEkDNm4VgVsv2qm4fTpUT4EBgdv3UowfshTp,0.0000067179231565856735
2025-12-25 02:29:00.000 UTC,61NvX5imzEkDNm4VgVsv2qm4fTpUT4EBgdv3UowfshTp,0.000007232927786003104
2025-12-25 02:30:00.000 UTC,61NvX5imzEkDNm4VgVsv2qm4fTpUT4EBgdv3UowfshTp,0.000010014888788235534
2025-12-25 02:31:00.000 UTC,61NvX5imzEkDNm4VgVsv2qm4fTpUT4EBgdv3UowfshTp,0.00001081011320800018
2025-12-25 02:32:00.000 UTC,61NvX5imzEkDNm4VgVsv2qm4fTpUT4EBgdv3UowfshTp,0.000012784381590742164
2025-12-25 02:33:00.000 UTC,61NvX5imzEkDNm4VgVsv2qm4fTpUT4EBgdv3UowfshTp,0.00001475165065718545
2025-12-25 02:34:00.000 UTC,61NvX5imzEkDNm4VgVsv2qm4fTpUT4EBgdv3UowfshTp,0.000014155812215913715
2025-12-25 02:35:00.000 UTC,61NvX5imzEkDNm4VgVsv2qm4fTpUT4EBgdv3UowfshTp,0.000013288063682957664
2025-12-25 02:36:00.000 UTC,61NvX5imzEkDNm4VgVsv2qm4fTpUT4EBgdv3UowfshTp,0.000012949178673870676
2025-12-25 02:37:00.000 UTC,61NvX5imzEkDNm4VgVsv2qm4fTpUT4EBgdv3UowfshTp,0.000012153155730263847
2025-12-25 02:38:00.000 UTC,61NvX5imzEkDNm4VgVsv2qm4fTpUT4EBgdv3UowfshTp,0.000013185851513527363
2025-12-25 02:39:00.000 UTC,61NvX5imzEkDNm4VgVsv2qm4fTpUT4EBgdv3UowfshTp,0.000013865288200080527
2025-12-25 02:40:00.000 UTC,61NvX5imzEkDNm4VgVsv2qm4fTpUT4EBgdv3UowfshTp,0.000012443016490709324
2025-12-25 02:41:00.000 UTC,61NvX5imzEkDNm4VgVsv2qm4fTpUT4EBgdv3UowfshTp,0.00001328536110556666
2025-12-25 02:42:00.000 UTC,61NvX5imzEkDNm4VgVsv2qm4fTpUT4EBgdv3UowfshTp,0.000013041309341032737
2025-12-25 02:44:00.000 UTC,61NvX5imzEkDNm4VgVsv2qm4fTpUT4EBgdv3UowfshTp,0.00001487390311467728
2025-12-25 02:45:00.000 UTC,61NvX5imzEkDNm4VgVsv2qm4fTpUT4EBgdv3UowfshTp,0.00001640845644244964
2025-12-25 02:46:00.000 UTC,61NvX5imzEkDNm4VgVsv2qm4fTpUT4EBgdv3UowfshTp,0.00002193923174945747
2025-12-25 02:47:00.000 UTC,61NvX5imzEkDNm4VgVsv2qm4fTpUT4EBgdv3UowfshTp,0.000025362796419797416
2025-12-25 02:48:00.000 UTC,61NvX5imzEkDNm4VgVsv2qm4fTpUT4EBgdv3UowfshTp,0.000024496714627160098
2025-12-25 02:49:00.000 UTC,61NvX5imzEkDNm4VgVsv2qm4fTpUT4EBgdv3UowfshTp,0.000024942480644486938
2025-12-25 02:50:00.000 UTC,61NvX5imzEkDNm4VgVsv2qm4fTpUT4EBgdv3UowfshTp,0.000024963420630773493
2025-12-25 02:51:00.000 UTC,61NvX5imzEkDNm4VgVsv2qm4fTpUT4EBgdv3UowfshTp,0.000030633824638490255
2025-12-25 02:52:00.000 UTC,61NvX5imzEkDNm4VgVsv2qm4fTpUT4EBgdv3UowfshTp,0.000028960907236179696
2025-12-25 02:53:00.000 UTC,61NvX5imzEkDNm4VgVsv2qm4fTpUT4EBgdv3UowfshTp,0.000029647345744032924
2025-12-25 02:54:00.000 UTC,61NvX5imzEkDNm4VgVsv2qm4fTpUT4EBgdv3UowfshTp,0.000026751943617167445
2025-12-25 02:55:00.000 UTC,61NvX5imzEkDNm4VgVsv2qm4fTpUT4EBgdv3UowfshTp,0.00002367268515176867
2025-12-25 02:56:00.000 UTC,61NvX5imzEkDNm4VgVsv2qm4fTpUT4EBgdv3UowfshTp,0.00002025472561766609
2025-12-25 02:57:00.000 UTC,61NvX5imzEkDNm4VgVsv2qm4fTpUT4EBgdv3UowfshTp,0.000018830528499826114
2025-12-25 02:58:00.000 UTC,61NvX5imzEkDNm4VgVsv2qm4fTpUT4EBgdv3UowfshTp,0.000017628496352349363
2025-12-25 02:59:00.000 UTC,61NvX5imzEkDNm4VgVsv2qm4fTpUT4EBgdv3UowfshTp,0.00001839070249876755
2025-12-25 03:00:00.000 UTC,61NvX5imzEkDNm4VgVsv2qm4fTpUT4EBgdv3UowfshTp,0.00001854992220290628
2025-12-25 03:01:00.000 UTC,61NvX5imzEkDNm4VgVsv2qm4fTpUT4EBgdv3UowfshTp,0.000020045142715094203
2025-12-25 03:02:00.000 UTC,61NvX5imzEkDNm4VgVsv2qm4fTpUT4EBgdv3UowfshTp,0.000021400572280776006
2025-12-25 03:03:00.000 UTC,61NvX5imzEkDNm4VgVsv2qm4fTpUT4EBgdv3UowfshTp,0.000022075346878333177
2025-12-25 03:04:00.000 UTC,61NvX5imzEkDNm4VgVsv2qm4fTpUT4EBgdv3UowfshTp,0.000019821382307427776
2025-12-25 03:05:00.000 UTC,61NvX5imzEkDNm4VgVsv2qm4fTpUT4EBgdv3UowfshTp,0.000016647362979684495
2025-12-25 03:06:00.000 UTC,61NvX5imzEkDNm4VgVsv2qm4fTpUT4EBgdv3UowfshTp,0.00001805951275305101
2025-12-25 03:07:00.000 UTC,61NvX5imzEkDNm4VgVsv2qm4fTpUT4EBgdv3UowfshTp,0.0000161245606435644
2025-12-25 03:08:00.000 UTC,61NvX5imzEkDNm4VgVsv2qm4fTpUT4EBgdv3UowfshTp,0.00001647076091612649
2025-12-25 03:09:00.000 UTC,61NvX5imzEkDNm4VgVsv2qm4fTpUT4EBgdv3UowfshTp,0.00001688418715370748
2025-12-25 03:10:00.000 UTC,61NvX5imzEkDNm4VgVsv2qm4fTpUT4EBgdv3UowfshTp,0.000017723307379173817
2025-12-25 03:11:00.000 UTC,61NvX5imzEkDNm4VgVsv2qm4fTpUT4EBgdv3UowfshTp,0.0000185407438672889
2025-12-25 03:12:00.000 UTC,61NvX5imzEkDNm4VgVsv2qm4fTpUT4EBgdv3UowfshTp,0.000019148224459707193
2025-12-25 03:13:00.000 UTC,61NvX5imzEkDNm4VgVsv2qm4fTpUT4EBgdv3UowfshTp,0.000020533320023452848
2025-12-25 03:14:00.000 UTC,61NvX5imzEkDNm4VgVsv2qm4fTpUT4EBgdv3UowfshTp,0.000021101335101626007
2025-12-25 03:15:00.000 UTC,61NvX5imzEkDNm4VgVsv2qm4fTpUT4EBgdv3UowfshTp,0.000019877961186007275
2025-12-25 03:16:00.000 UTC,61NvX5imzEkDNm4VgVsv2qm4fTpUT4EBgdv3UowfshTp,0.0000190793343914604
2025-12-25 03:17:00.000 UTC,61NvX5imzEkDNm4VgVsv2qm4fTpUT4EBgdv3UowfshTp,0.000017809407119462395
2025-12-25 03:18:00.000 UTC,61NvX5imzEkDNm4VgVsv2qm4fTpUT4EBgdv3UowfshTp,0.00001621259390337733
2025-12-25 03:20:00.000 UTC,61NvX5imzEkDNm4VgVsv2qm4fTpUT4EBgdv3UowfshTp,0.000016330069808557895
2025-12-25 03:21:00.000 UTC,61NvX5imzEkDNm4VgVsv2qm4fTpUT4EBgdv3UowfshTp,0.000017883839173601418
2025-12-25 03:22:00.000 UTC,61NvX5imzEkDNm4VgVsv2qm4fTpUT4EBgdv3UowfshTp,0.000018095773243401063
2025-12-25 03:23:00.000 UTC,61NvX5imzEkDNm4VgVsv2qm4fTpUT4EBgdv3UowfshTp,0.000018301631022182288
2025-12-25 03:26:00.000 UTC,61NvX5imzEkDNm4VgVsv2qm4fTpUT4EBgdv3UowfshTp,0.000014712048743360338
2025-12-25 03:27:00.000 UTC,61NvX5imzEkDNm4VgVsv2qm4fTpUT4EBgdv3UowfshTp,0.000014115292433331586
2025-12-25 03:28:00.000 UTC,61NvX5imzEkDNm4VgVsv2qm4fTpUT4EBgdv3UowfshTp,0.000014505548593176744
2025-12-25 03:29:00.000 UTC,61NvX5imzEkDNm4VgVsv2qm4fTpUT4EBgdv3UowfshTp,0.000016816363859319593
2025-12-25 03:30:00.000 UTC,61NvX5imzEkDNm4VgVsv2qm4fTpUT4EBgdv3UowfshTp,0.00001864835670328539
2025-12-25 03:32:00.000 UTC,61NvX5imzEkDNm4VgVsv2qm4fTpUT4EBgdv3UowfshTp,0.00001889660728554091
2025-12-25 03:33:00.000 UTC,61NvX5imzEkDNm4VgVsv2qm4fTpUT4EBgdv3UowfshTp,0.000019546383482503323
2025-12-25 03:36:00.000 UTC,61NvX5imzEkDNm4VgVsv2qm4fTpUT4EBgdv3UowfshTp,0.00001767778117499783
2025-12-25 03:37:00.000 UTC,61NvX5imzEkDNm4VgVsv2qm4fTpUT4EBgdv3UowfshTp,0.00001799423267419394
2025-12-25 03:38:00.000 UTC,61NvX5imzEkDNm4VgVsv2qm4fTpUT4EBgdv3UowfshTp,0.00001949467731814787
2025-12-25 03:39:00.000 UTC,61NvX5imzEkDNm4VgVsv2qm4fTpUT4EBgdv3UowfshTp,0.000018643453898826952
2025-12-25 03:40:00.000 UTC,61NvX5imzEkDNm4VgVsv2qm4fTpUT4EBgdv3UowfshTp,0.000019604031521696932
2025-12-25 03:41:00.000 UTC,61NvX5imzEkDNm4VgVsv2qm4fTpUT4EBgdv3UowfshTp,0.00002332296174425423
2025-12-25 03:42:00.000 UTC,61NvX5imzEkDNm4VgVsv2qm4fTpUT4EBgdv3UowfshTp,0.000024251081546241722
2025-12-25 03:43:00.000 UTC,61NvX5imzEkDNm4VgVsv2qm4fTpUT4EBgdv3UowfshTp,0.000024896192551702078
2025-12-25 03:44:00.000 UTC,61NvX5imzEkDNm4VgVsv2qm4fTpUT4EBgdv3UowfshTp,0.00002384862174136445
2025-12-25 03:45:00.000 UTC,61NvX5imzEkDNm4VgVsv2qm4fTpUT4EBgdv3UowfshTp,0.000026025141150617686
2025-12-25 03:46:00.000 UTC,61NvX5imzEkDNm4VgVsv2qm4fTpUT4EBgdv3UowfshTp,0.000027008995858507128
2025-12-25 03:47:00.000 UTC,61NvX5imzEkDNm4VgVsv2qm4fTpUT4EBgdv3UowfshTp,0.00002719814063339276
2025-12-25 03:49:00.000 UTC,61NvX5imzEkDNm4VgVsv2qm4fTpUT4EBgdv3UowfshTp,0.000024965919971088627
2025-12-25 03:50:00.000 UTC,61NvX5imzEkDNm4VgVsv2qm4fTpUT4EBgdv3UowfshTp,0.00002543157258089665
2025-12-25 03:51:00.000 UTC,61NvX5imzEkDNm4VgVsv2qm4fTpUT4EBgdv3UowfshTp,0.000024239703658576037
2025-12-25 03:52:00.000 UTC,61NvX5imzEkDNm4VgVsv2qm4fTpUT4EBgdv3UowfshTp,0.00002611024794693367
2025-12-25 03:53:00.000 UTC,61NvX5imzEkDNm4VgVsv2qm4fTpUT4EBgdv3UowfshTp,0.00002678885685012925
2025-12-25 03:54:00.000 UTC,61NvX5imzEkDNm4VgVsv2qm4fTpUT4EBgdv3UowfshTp,0.000026006904749699176
2025-12-25 03:56:00.000 UTC,61NvX5imzEkDNm4VgVsv2qm4fTpUT4EBgdv3UowfshTp,0.000024471705991070024
2025-12-25 03:58:00.000 UTC,61NvX5imzEkDNm4VgVsv2qm4fTpUT4EBgdv3UowfshTp,0.000024958917621169968
2025-12-25 03:59:00.000 UTC,61NvX5imzEkDNm4VgVsv2qm4fTpUT4EBgdv3UowfshTp,0.000025945233219745704
2025-12-25 04:01:00.000 UTC,61NvX5imzEkDNm4VgVsv2qm4fTpUT4EBgdv3UowfshTp,0.0000269699601648284
2025-12-25 04:02:00.000 UTC,61NvX5imzEkDNm4VgVsv2qm4fTpUT4EBgdv3UowfshTp,0.00002768115189336266
2025-12-25 04:03:00.000 UTC,61NvX5imzEkDNm4VgVsv2qm4fTpUT4EBgdv3UowfshTp,0.00002722965740519333
2025-12-25 04:05:00.000 UTC,61NvX5imzEkDNm4VgVsv2qm4fTpUT4EBgdv3UowfshTp,0.000027804143371676175
2025-12-25 04:06:00.000 UTC,61NvX5imzEkDNm4VgVsv2qm4fTpUT4EBgdv3UowfshTp,0.000027972232753476864
2025-12-25 04:07:00.000 UTC,61NvX5imzEkDNm4VgVsv2qm4fTpUT4EBgdv3UowfshTp,0.00002665814832848796
2025-12-25 04:08:00.000 UTC,61NvX5imzEkDNm4VgVsv2qm4fTpUT4EBgdv3UowfshTp,0.000025240223507830596
2025-12-25 04:10:00.000 UTC,61NvX5imzEkDNm4VgVsv2qm4fTpUT4EBgdv3UowfshTp,0.00001698007848039835
2025-12-25 04:11:00.000 UTC,61NvX5imzEkDNm4VgVsv2qm4fTpUT4EBgdv3UowfshTp,0.000015575669112062295
2025-12-25 04:12:00.000 UTC,61NvX5imzEkDNm4VgVsv2qm4fTpUT4EBgdv3UowfshTp,0.00001487300467213392
2025-12-25 04:13:00.000 UTC,61NvX5imzEkDNm4VgVsv2qm4fTpUT4EBgdv3UowfshTp,0.000016209949293189385
2025-12-25 04:14:00.000 UTC,61NvX5imzEkDNm4VgVsv2qm4fTpUT4EBgdv3UowfshTp,0.000017088639578153757
2025-12-25 04:15:00.000 UTC,61NvX5imzEkDNm4VgVsv2qm4fTpUT4EBgdv3UowfshTp,0.00001703362965809511
2025-12-25 04:16:00.000 UTC,61NvX5imzEkDNm4VgVsv2qm4fTpUT4EBgdv3UowfshTp,0.000017113946132668553
2025-12-25 04:17:00.000 UTC,61NvX5imzEkDNm4VgVsv2qm4fTpUT4EBgdv3UowfshTp,0.000018247269344059734
2025-12-25 04:18:00.000 UTC,61NvX5imzEkDNm4VgVsv2qm4fTpUT4EBgdv3UowfshTp,0.000019006811459086188
2025-12-25 04:19:00.000 UTC,61NvX5imzEkDNm4VgVsv2qm4fTpUT4EBgdv3UowfshTp,0.00001912931903002771
2025-12-25 04:20:00.000 UTC,61NvX5imzEkDNm4VgVsv2qm4fTpUT4EBgdv3UowfshTp,0.000019397608213458222
2025-12-25 04:23:00.000 UTC,61NvX5imzEkDNm4VgVsv2qm4fTpUT4EBgdv3UowfshTp,0.000015791614194864803
2025-12-25 04:24:00.000 UTC,61NvX5imzEkDNm4VgVsv2qm4fTpUT4EBgdv3UowfshTp,0.000017106082514241505
2025-12-25 04:27:00.000 UTC,61NvX5imzEkDNm4VgVsv2qm4fTpUT4EBgdv3UowfshTp,0.000016928222524575668
2025-12-25 04:28:00.000 UTC,61NvX5imzEkDNm4VgVsv2qm4fTpUT4EBgdv3UowfshTp,0.000017000045061453494
2025-12-25 04:30:00.000 UTC,61NvX5imzEkDNm4VgVsv2qm4fTpUT4EBgdv3UowfshTp,0.000016610612458697105
2025-12-25 04:31:00.000 UTC,61NvX5imzEkDNm4VgVsv2qm4fTpUT4EBgdv3UowfshTp,0.000016349323823368804
2025-12-25 04:33:00.000 UTC,61NvX5imzEkDNm4VgVsv2qm4fTpUT4EBgdv3UowfshTp,0.000016895340789120512
2025-12-25 04:34:00.000 UTC,61NvX5imzEkDNm4VgVsv2qm4fTpUT4EBgdv3UowfshTp,0.000016401266589423386
2025-12-25 04:35:00.000 UTC,61NvX5imzEkDNm4VgVsv2qm4fTpUT4EBgdv3UowfshTp,0.000016464697612261734
2025-12-25 04:37:00.000 UTC,61NvX5imzEkDNm4VgVsv2qm4fTpUT4EBgdv3UowfshTp,0.000012758010793493248
2025-12-25 04:38:00.000 UTC,61NvX5imzEkDNm4VgVsv2qm4fTpUT4EBgdv3UowfshTp,0.000014021820908045435
2025-12-25 04:40:00.000 UTC,61NvX5imzEkDNm4VgVsv2qm4fTpUT4EBgdv3UowfshTp,0.000014601602238563705
2025-12-25 04:42:00.000 UTC,61NvX5imzEkDNm4VgVsv2qm4fTpUT4EBgdv3UowfshTp,0.000014488352917136227
2025-12-25 04:43:00.000 UTC,61NvX5imzEkDNm4VgVsv2qm4fTpUT4EBgdv3UowfshTp,0.000014818652107740266
2025-12-25 04:44:00.000 UTC,61NvX5imzEkDNm4VgVsv2qm4fTpUT4EBgdv3UowfshTp,0.000015097495475131773
2025-12-25 04:45:00.000 UTC,61NvX5imzEkDNm4VgVsv2qm4fTpUT4EBgdv3UowfshTp,0.000015262625434427885
2025-12-25 04:47:00.000 UTC,61NvX5imzEkDNm4VgVsv2qm4fTpUT4EBgdv3UowfshTp,0.00001468287862958393
2025-12-25 04:50:00.000 UTC,61NvX5imzEkDNm4VgVsv2qm4fTpUT4EBgdv3UowfshTp,0.000015917413395602665
2025-12-25 04:54:00.000 UTC,61NvX5imzEkDNm4VgVsv2qm4fTpUT4EBgdv3UowfshTp,0.000015390261289644496
2025-12-25 04:55:00.000 UTC,61NvX5imzEkDNm4VgVsv2qm4fTpUT4EBgdv3UowfshTp,0.000013504755001325519
2025-12-25 04:56:00.000 UTC,61NvX5imzEkDNm4VgVsv2qm4fTpUT4EBgdv3UowfshTp,0.00001472866447284134
2025-12-25 04:57:00.000 UTC,61NvX5imzEkDNm4VgVsv2qm4fTpUT4EBgdv3UowfshTp,0.00001587590444620161
2025-12-25 05:02:00.000 UTC,61NvX5imzEkDNm4VgVsv2qm4fTpUT4EBgdv3UowfshTp,0.000014598235787086285
2025-12-25 05:04:00.000 UTC,61NvX5imzEkDNm4VgVsv2qm4fTpUT4EBgdv3UowfshTp,0.000015696113189233885
2025-12-25 05:05:00.000 UTC,61NvX5imzEkDNm4VgVsv2qm4fTpUT4EBgdv3UowfshTp,0.00001644167699171966
2025-12-25 05:09:00.000 UTC,61NvX5imzEkDNm4VgVsv2qm4fTpUT4EBgdv3UowfshTp,0.000016789124116998463
2025-12-25 05:19:00.000 UTC,61NvX5imzEkDNm4VgVsv2qm4fTpUT4EBgdv3UowfshTp,0.000013969646841300203
2025-12-25 05:22:00.000 UTC,61NvX5imzEkDNm4VgVsv2qm4fTpUT4EBgdv3UowfshTp,0.000013086938016950656
2025-12-25 05:24:00.000 UTC,61NvX5imzEkDNm4VgVsv2qm4fTpUT4EBgdv3UowfshTp,0.00001205560940257159
2025-12-25 05:26:00.000 UTC,61NvX5imzEkDNm4VgVsv2qm4fTpUT4EBgdv3UowfshTp,0.000011998540695691019
2025-12-25 05:28:00.000 UTC,61NvX5imzEkDNm4VgVsv2qm4fTpUT4EBgdv3UowfshTp,0.00001233919366512971
2025-12-25 05:29:00.000 UTC,61NvX5imzEkDNm4VgVsv2qm4fTpUT4EBgdv3UowfshTp,0.000012393144530861213
2025-12-25 05:34:00.000 UTC,61NvX5imzEkDNm4VgVsv2qm4fTpUT4EBgdv3UowfshTp,0.000011335133906768753
2025-12-25 05:38:00.000 UTC,61NvX5imzEkDNm4VgVsv2qm4fTpUT4EBgdv3UowfshTp,0.0000117694209733719
2025-12-25 05:40:00.000 UTC,61NvX5imzEkDNm4VgVsv2qm4fTpUT4EBgdv3UowfshTp,0.000009723241076203357
2025-12-25 05:41:00.000 UTC,61NvX5imzEkDNm4VgVsv2qm4fTpUT4EBgdv3UowfshTp,0.000009905650419496254
2025-12-25 05:46:00.000 UTC,61NvX5imzEkDNm4VgVsv2qm4fTpUT4EBgdv3UowfshTp,0.000010611549674302845
2025-12-25 05:47:00.000 UTC,61NvX5imzEkDNm4VgVsv2qm4fTpUT4EBgdv3UowfshTp,0.000011538204050312803
2025-12-25 05:48:00.000 UTC,61NvX5imzEkDNm4VgVsv2qm4fTpUT4EBgdv3UowfshTp,0.000011559103832960148
2025-12-25 05:49:00.000 UTC,61NvX5imzEkDNm4VgVsv2qm4fTpUT4EBgdv3UowfshTp,0.000012808794650059639
2025-12-25 05:50:00.000 UTC,61NvX5imzEkDNm4VgVsv2qm4fTpUT4EBgdv3UowfshTp,0.00001224503540123419
2025-12-25 05:51:00.000 UTC,61NvX5imzEkDNm4VgVsv2qm4fTpUT4EBgdv3UowfshTp,0.000012330603447337317
2025-12-25 05:53:00.000 UTC,61NvX5imzEkDNm4VgVsv2qm4fTpUT4EBgdv3UowfshTp,0.000012466309850445698
2025-12-25 05:54:00.000 UTC,61NvX5imzEkDNm4VgVsv2qm4fTpUT4EBgdv3UowfshTp,0.000013020765361486252
2025-12-25 05:55:00.000 UTC,61NvX5imzEkDNm4VgVsv2qm4fTpUT4EBgdv3UowfshTp,0.000013592470107028185
2025-12-25 05:57:00.000 UTC,61NvX5imzEkDNm4VgVsv2qm4fTpUT4EBgdv3UowfshTp,0.0000137982864995262
2025-12-25 05:58:00.000 UTC,61NvX5imzEkDNm4VgVsv2qm4fTpUT4EBgdv3UowfshTp,0.000012981065953904942
2025-12-25 06:02:00.000 UTC,61NvX5imzEkDNm4VgVsv2qm4fTpUT4EBgdv3UowfshTp,0.000012538120799518039
2025-12-25 06:05:00.000 UTC,61NvX5imzEkDNm4VgVsv2qm4fTpUT4EBgdv3UowfshTp,0.00001282383983784192
2025-12-25 06:36:00.000 UTC,61NvX5imzEkDNm4VgVsv2qm4fTpUT4EBgdv3UowfshTp,0.000009786147457385663
2025-12-25 06:37:00.000 UTC,61NvX5imzEkDNm4VgVsv2qm4fTpUT4EBgdv3UowfshTp,0.00001073074571803735
2025-12-25 06:38:00.000 UTC,61NvX5imzEkDNm4VgVsv2qm4fTpUT4EBgdv3UowfshTp,0.000011302336750844476
2025-12-25 06:39:00.000 UTC,61NvX5imzEkDNm4VgVsv2qm4fTpUT4EBgdv3UowfshTp,0.000011688487476855495
2025-12-25 06:40:00.000 UTC,61NvX5imzEkDNm4VgVsv2qm4fTpUT4EBgdv3UowfshTp,0.000011763532894318913
2025-12-25 06:41:00.000 UTC,61NvX5imzEkDNm4VgVsv2qm4fTpUT4EBgdv3UowfshTp,0.000011476590358285408
2025-12-25 06:46:00.000 UTC,61NvX5imzEkDNm4VgVsv2qm4fTpUT4EBgdv3UowfshTp,0.000011605838903249998
2025-12-25 06:58:00.000 UTC,61NvX5imzEkDNm4VgVsv2qm4fTpUT4EBgdv3UowfshTp,0.00001185675285036462
2025-12-25 07:02:00.000 UTC,61NvX5imzEkDNm4VgVsv2qm4fTpUT4EBgdv3UowfshTp,0.000013319732982150648
2025-12-25 07:03:00.000 UTC,61NvX5imzEkDNm4VgVsv2qm4fTpUT4EBgdv3UowfshTp,0.000013694762169101928
2025-12-25 07:04:00.000 UTC,61NvX5imzEkDNm4VgVsv2qm4fTpUT4EBgdv3UowfshTp,0.00001396924042872072
2025-12-25 07:40:00.000 UTC,61NvX5imzEkDNm4VgVsv2qm4fTpUT4EBgdv3UowfshTp,0.000009074414067246997
2025-12-25 07:42:00.000 UTC,61NvX5imzEkDNm4VgVsv2qm4fTpUT4EBgdv3UowfshTp,0.000008170267826243359
2025-12-25 07:43:00.000 UTC,61NvX5imzEkDNm4VgVsv2qm4fTpUT4EBgdv3UowfshTp,0.000008689542238171572
2025-12-25 07:44:00.000 UTC,61NvX5imzEkDNm4VgVsv2qm4fTpUT4EBgdv3UowfshTp,0.000009549906535238676
2025-12-25 07:45:00.000 UTC,61NvX5imzEkDNm4VgVsv2qm4fTpUT4EBgdv3UowfshTp,0.000009772397714041563
2025-12-25 07:48:00.000 UTC,61NvX5imzEkDNm4VgVsv2qm4fTpUT4EBgdv3UowfshTp,0.000010420373171565414
2025-12-25 07:54:00.000 UTC,61NvX5imzEkDNm4VgVsv2qm4fTpUT4EBgdv3UowfshTp,0.000009546504702411347
2025-12-25 07:55:00.000 UTC,61NvX5imzEkDNm4VgVsv2qm4fTpUT4EBgdv3UowfshTp,0.00001088820301242413
2025-12-25 07:56:00.000 UTC,61NvX5imzEkDNm4VgVsv2qm4fTpUT4EBgdv3UowfshTp,0.000010054692701997436
2025-12-25 07:57:00.000 UTC,61NvX5imzEkDNm4VgVsv2qm4fTpUT4EBgdv3UowfshTp,0.000010250829541050228
2025-12-25 07:58:00.000 UTC,61NvX5imzEkDNm4VgVsv2qm4fTpUT4EBgdv3UowfshTp,0.00001083005033307659
2025-12-25 07:59:00.000 UTC,61NvX5imzEkDNm4VgVsv2qm4fTpUT4EBgdv3UowfshTp,0.000011286173459978069
2025-12-25 08:00:00.000 UTC,61NvX5imzEkDNm4VgVsv2qm4fTpUT4EBgdv3UowfshTp,0.000011435137950340809
2025-12-25 08:05:00.000 UTC,61NvX5imzEkDNm4VgVsv2qm4fTpUT4EBgdv3UowfshTp,0.000010943258739983723
2025-12-25 08:14:00.000 UTC,61NvX5imzEkDNm4VgVsv2qm4fTpUT4EBgdv3UowfshTp,0.000010734589127507763
2025-12-25 08:31:00.000 UTC,61NvX5imzEkDNm4VgVsv2qm4fTpUT4EBgdv3UowfshTp,0.000010734217761919476
2025-12-25 08:32:00.000 UTC,61NvX5imzEkDNm4VgVsv2qm4fTpUT4EBgdv3UowfshTp,0.000010999639702226238
2025-12-25 08:39:00.000 UTC,61NvX5imzEkDNm4VgVsv2qm4fTpUT4EBgdv3UowfshTp,0.000011084877988527336
2025-12-25 09:20:00.000 UTC,61NvX5imzEkDNm4VgVsv2qm4fTpUT4EBgdv3UowfshTp,0.000010523061632948512
2025-12-25 09:40:00.000 UTC,61NvX5imzEkDNm4VgVsv2qm4fTpUT4EBgdv3UowfshTp,0.00000861339212470433
2025-12-25 09:43:00.000 UTC,61NvX5imzEkDNm4VgVsv2qm4fTpUT4EBgdv3UowfshTp,0.000008614794433381253
2025-12-25 09:51:00.000 UTC,61NvX5imzEkDNm4VgVsv2qm4fTpUT4EBgdv3UowfshTp,0.000008622816322768825
2025-12-25 09:58:00.000 UTC,61NvX5imzEkDNm4VgVsv2qm4fTpUT4EBgdv3UowfshTp,0.000008656900467661217
2025-12-25 10:00:00.000 UTC,61NvX5imzEkDNm4VgVsv2qm4fTpUT4EBgdv3UowfshTp,0.000008979447581832425
2025-12-25 10:04:00.000 UTC,61NvX5imzEkDNm4VgVsv2qm4fTpUT4EBgdv3UowfshTp,0.000009457351026806085
2025-12-25 10:05:00.000 UTC,61NvX5imzEkDNm4VgVsv2qm4fTpUT4EBgdv3UowfshTp,0.000009840991122477793
2025-12-25 10:14:00.000 UTC,61NvX5imzEkDNm4VgVsv2qm4fTpUT4EBgdv3UowfshTp,0.000010338631812847132
2025-12-25 10:16:00.000 UTC,61NvX5imzEkDNm4VgVsv2qm4fTpUT4EBgdv3UowfshTp,0.000010694013480023875
2025-12-25 10:23:00.000 UTC,61NvX5imzEkDNm4VgVsv2qm4fTpUT4EBgdv3UowfshTp,0.000010814684692388304
2025-12-25 10:40:00.000 UTC,61NvX5imzEkDNm4VgVsv2qm4fTpUT4EBgdv3UowfshTp,0.000010448880040792552
2025-12-25 11:28:00.000 UTC,61NvX5imzEkDNm4VgVsv2qm4fTpUT4EBgdv3UowfshTp,0.000008059836034666872
2025-12-25 13:48:00.000 UTC,61NvX5imzEkDNm4VgVsv2qm4fTpUT4EBgdv3UowfshTp,0.00000632140440996957
2025-12-25 13:55:00.000 UTC,61NvX5imzEkDNm4VgVsv2qm4fTpUT4EBgdv3UowfshTp,0.000006328278035234463
2025-12-25 14:01:00.000 UTC,61NvX5imzEkDNm4VgVsv2qm4fTpUT4EBgdv3UowfshTp,0.0000066966441092406905
2025-12-25 14:28:00.000 UTC,61NvX5imzEkDNm4VgVsv2qm4fTpUT4EBgdv3UowfshTp,0.000006787110262667125
2025-12-25 14:39:00.000 UTC,61NvX5imzEkDNm4VgVsv2qm4fTpUT4EBgdv3UowfshTp,0.000006651033586584839
2025-12-25 14:58:00.000 UTC,61NvX5imzEkDNm4VgVsv2qm4fTpUT4EBgdv3UowfshTp,0.000006277950298841774
2025-12-25 15:11:00.000 UTC,61NvX5imzEkDNm4VgVsv2qm4fTpUT4EBgdv3UowfshTp,0.000006486029122402464
2025-12-25 15:12:00.000 UTC,61NvX5imzEkDNm4VgVsv2qm4fTpUT4EBgdv3UowfshTp,0.0000066450043155719814
2025-12-25 15:20:00.000 UTC,61NvX5imzEkDNm4VgVsv2qm4fTpUT4EBgdv3UowfshTp,0.000006505930623147284
2025-12-25 15:22:00.000 UTC,61NvX5imzEkDNm4VgVsv2qm4fTpUT4EBgdv3UowfshTp,0.000006563744333479011
2025-12-25 15:26:00.000 UTC,61NvX5imzEkDNm4VgVsv2qm4fTpUT4EBgdv3UowfshTp,0.00000662428922748453
2025-12-25 15:47:00.000 UTC,61NvX5imzEkDNm4VgVsv2qm4fTpUT4EBgdv3UowfshTp,0.000006758451721585474
2025-12-25 15:58:00.000 UTC,61NvX5imzEkDNm4VgVsv2qm4fTpUT4EBgdv3UowfshTp,0.0000072296548342255
2025-12-25 16:00:00.000 UTC,61NvX5imzEkDNm4VgVsv2qm4fTpUT4EBgdv3UowfshTp,0.0000072391972933839155
2025-12-25 16:34:00.000 UTC,61NvX5imzEkDNm4VgVsv2qm4fTpUT4EBgdv3UowfshTp,0.000006201530123681469
2025-12-25 16:47:00.000 UTC,61NvX5imzEkDNm4VgVsv2qm4fTpUT4EBgdv3UowfshTp,0.000006105985969320006
2025-12-25 17:32:00.000 UTC,61NvX5imzEkDNm4VgVsv2qm4fTpUT4EBgdv3UowfshTp,0.000005784027035359156
2025-12-25 19:28:00.000 UTC,61NvX5imzEkDNm4VgVsv2qm4fTpUT4EBgdv3UowfshTp,0.0000066771927025687794
2025-12-26 00:52:00.000 UTC,61NvX5imzEkDNm4VgVsv2qm4fTpUT4EBgdv3UowfshTp,0.0000052818031847004705
2025-12-26 01:24:00.000 UTC,61NvX5imzEkDNm4VgVsv2qm4fTpUT4EBgdv3UowfshTp,0.000004902693599034854
2025-12-26 08:09:00.000 UTC,61NvX5imzEkDNm4VgVsv2qm4fTpUT4EBgdv3UowfshTp,0.000004385718639598517
2026-04-10 21:15:00.000 UTC,61NvX5imzEkDNm4VgVsv2qm4fTpUT4EBgdv3UowfshTp,0.0000025333586662605308
2026-05-16 01:43:00.000 UTC,61NvX5imzEkDNm4VgVsv2qm4fTpUT4EBgdv3UowfshTp,0.0000026914530391751567
2026-05-16 01:49:00.000 UTC,61NvX5imzEkDNm4VgVsv2qm4fTpUT4EBgdv3UowfshTp,0.000002778108569537433
2026-05-16 02:05:00.000 UTC,61NvX5imzEkDNm4VgVsv2qm4fTpUT4EBgdv3UowfshTp,0.000003043281037795665
2026-05-16 02:06:00.000 UTC,61NvX5imzEkDNm4VgVsv2qm4fTpUT4EBgdv3UowfshTp,0.0000031916400300184537
2026-05-16 02:57:00.000 UTC,61NvX5imzEkDNm4VgVsv2qm4fTpUT4EBgdv3UowfshTp,0.0000028592729069853247
2026-05-16 05:44:00.000 UTC,61NvX5imzEkDNm4VgVsv2qm4fTpUT4EBgdv3UowfshTp,0.000002670582030790938
2026-05-16 10:53:00.000 UTC,61NvX5imzEkDNm4VgVsv2qm4fTpUT4EBgdv3UowfshTp,0.000003264274681434591
2026-05-16 10:54:00.000 UTC,61NvX5imzEkDNm4VgVsv2qm4fTpUT4EBgdv3UowfshTp,0.00000376588667648829
2026-05-16 10:55:00.000 UTC,61NvX5imzEkDNm4VgVsv2qm4fTpUT4EBgdv3UowfshTp,0.000003827179379574514
2026-05-16 10:59:00.000 UTC,61NvX5imzEkDNm4VgVsv2qm4fTpUT4EBgdv3UowfshTp,0.000003599813943796317
2026-05-16 11:07:00.000 UTC,61NvX5imzEkDNm4VgVsv2qm4fTpUT4EBgdv3UowfshTp,0.000003417124471984501
2026-05-16 11:12:00.000 UTC,61NvX5imzEkDNm4VgVsv2qm4fTpUT4EBgdv3UowfshTp,0.000003396480047753049
2026-05-16 11:59:00.000 UTC,61NvX5imzEkDNm4VgVsv2qm4fTpUT4EBgdv3UowfshTp,0.0000035095706215009555
2026-05-16 12:09:00.000 UTC,61NvX5imzEkDNm4VgVsv2qm4fTpUT4EBgdv3UowfshTp,0.0000037563801005200075
2026-05-16 12:11:00.000 UTC,61NvX5imzEkDNm4VgVsv2qm4fTpUT4EBgdv3UowfshTp,0.000003634590900945936
2026-05-16 12:30:00.000 UTC,61NvX5imzEkDNm4VgVsv2qm4fTpUT4EBgdv3UowfshTp,0.0000036410850854051182
2026-05-16 12:56:00.000 UTC,61NvX5imzEkDNm4VgVsv2qm4fTpUT4EBgdv3UowfshTp,0.0000037726014783756716
2026-05-16 13:06:00.000 UTC,61NvX5imzEkDNm4VgVsv2qm4fTpUT4EBgdv3UowfshTp,0.000004057288738820815
2026-05-16 14:22:00.000 UTC,61NvX5imzEkDNm4VgVsv2qm4fTpUT4EBgdv3UowfshTp,0.0000039442412621872504
2026-05-16 14:37:00.000 UTC,61NvX5imzEkDNm4VgVsv2qm4fTpUT4EBgdv3UowfshTp,0.000004052145790696486
2026-05-16 14:39:00.000 UTC,61NvX5imzEkDNm4VgVsv2qm4fTpUT4EBgdv3UowfshTp,0.000004173937840140522
2026-05-16 14:47:00.000 UTC,61NvX5imzEkDNm4VgVsv2qm4fTpUT4EBgdv3UowfshTp,0.000004410960287017683
2026-05-16 15:10:00.000 UTC,61NvX5imzEkDNm4VgVsv2qm4fTpUT4EBgdv3UowfshTp,0.000003851552163024398
2026-05-16 15:19:00.000 UTC,61NvX5imzEkDNm4VgVsv2qm4fTpUT4EBgdv3UowfshTp,0.0000037781758185826984
2026-05-16 15:21:00.000 UTC,61NvX5imzEkDNm4VgVsv2qm4fTpUT4EBgdv3UowfshTp,0.000004020725155454809
2026-05-16 15:23:00.000 UTC,61NvX5imzEkDNm4VgVsv2qm4fTpUT4EBgdv3UowfshTp,0.000004135442397185372
2026-05-16 15:27:00.000 UTC,61NvX5imzEkDNm4VgVsv2qm4fTpUT4EBgdv3UowfshTp,0.000004254765050878555
2026-05-16 15:28:00.000 UTC,61NvX5imzEkDNm4VgVsv2qm4fTpUT4EBgdv3UowfshTp,0.000004290676724549235
2026-05-16 16:08:00.000 UTC,61NvX5imzEkDNm4VgVsv2qm4fTpUT4EBgdv3UowfshTp,0.000003433843898804721
2026-05-16 16:09:00.000 UTC,61NvX5imzEkDNm4VgVsv2qm4fTpUT4EBgdv3UowfshTp,0.000003849655559121429
2026-05-16 16:10:00.000 UTC,61NvX5imzEkDNm4VgVsv2qm4fTpUT4EBgdv3UowfshTp,0.000003611475545145646
2026-05-16 16:12:00.000 UTC,61NvX5imzEkDNm4VgVsv2qm4fTpUT4EBgdv3UowfshTp,0.0000033416435165978018
2026-05-16 17:02:00.000 UTC,61NvX5imzEkDNm4VgVsv2qm4fTpUT4EBgdv3UowfshTp,0.0000027889886411552506
2026-06-06 07:43:00.000 UTC,61NvX5imzEkDNm4VgVsv2qm4fTpUT4EBgdv3UowfshTp,0.0000020149468843276605
2026-06-06 10:53:00.000 UTC,61NvX5imzEkDNm4VgVsv2qm4fTpUT4EBgdv3UowfshTp,0.000002083753982714722
2026-06-06 10:55:00.000 UTC,61NvX5imzEkDNm4VgVsv2qm4fTpUT4EBgdv3UowfshTp,0.000002229897328745747
2026-06-06 10:57:00.000 UTC,61NvX5imzEkDNm4VgVsv2qm4fTpUT4EBgdv3UowfshTp,0.000002466125837987374
2026-06-06 10:58:00.000 UTC,61NvX5imzEkDNm4VgVsv2qm4fTpUT4EBgdv3UowfshTp,0.0000027414116157445403
2026-06-06 11:08:00.000 UTC,61NvX5imzEkDNm4VgVsv2qm4fTpUT4EBgdv3UowfshTp,0.0000026336247600373576
2026-06-06 11:29:00.000 UTC,61NvX5imzEkDNm4VgVsv2qm4fTpUT4EBgdv3UowfshTp,0.000002215403705531581
2026-08-08 18:01:00.000 UTC,61NvX5imzEkDNm4VgVsv2qm4fTpUT4EBgdv3UowfshTp,0.000002511322575247373
2026-08-08 18:11:00.000 UTC,61NvX5imzEkDNm4VgVsv2qm4fTpUT4EBgdv3UowfshTp,0.000002584170522014754
2026-08-08 18:14:00.000 UTC,61NvX5imzEkDNm4VgVsv2qm4fTpUT4EBgdv3UowfshTp,0.0000028397285234708804
2026-08-08 18:16:00.000 UTC,61NvX5imzEkDNm4VgVsv2qm4fTpUT4EBgdv3UowfshTp,0.0000030792862283759216
2026-08-08 18:18:00.000 UTC,61NvX5imzEkDNm4VgVsv2qm4fTpUT4EBgdv3UowfshTp,0.0000030937031793864337
2026-08-08 18:20:00.000 UTC,61NvX5imzEkDNm4VgVsv2qm4fTpUT4EBgdv3UowfshTp,0.000003291440095020147
2026-08-08 18:21:00.000 UTC,61NvX5imzEkDNm4VgVsv2qm4fTpUT4EBgdv3UowfshTp,0.0000035820427033286447
2026-08-08 18:24:00.000 UTC,61NvX5imzEkDNm4VgVsv2qm4fTpUT4EBgdv3UowfshTp,0.000003565039560444808
2026-08-08 18:25:00.000 UTC,61NvX5imzEkDNm4VgVsv2qm4fTpUT4EBgdv3UowfshTp,0.000003950621305054012
2026-08-08 18:26:00.000 UTC,61NvX5imzEkDNm4VgVsv2qm4fTpUT4EBgdv3UowfshTp,0.000004266783972307363
2026-08-08 18:27:00.000 UTC,61NvX5imzEkDNm4VgVsv2qm4fTpUT4EBgdv3UowfshTp,0.000004874845504657331
2026-08-08 18:28:00.000 UTC,61NvX5imzEkDNm4VgVsv2qm4fTpUT4EBgdv3UowfshTp,0.00000502278616392224
2026-08-08 18:30:00.000 UTC,61NvX5imzEkDNm4VgVsv2qm4fTpUT4EBgdv3UowfshTp,0.000005226881267887058
2026-08-08 18:31:00.000 UTC,61NvX5imzEkDNm4VgVsv2qm4fTpUT4EBgdv3UowfshTp,0.000004999256062932511
2026-08-08 18:32:00.000 UTC,61NvX5imzEkDNm4VgVsv2qm4fTpUT4EBgdv3UowfshTp,0.000005131626421398879
2026-08-08 18:33:00.000 UTC,61NvX5imzEkDNm4VgVsv2qm4fTpUT4EBgdv3UowfshTp,0.000005437527945921669
2026-08-08 18:34:00.000 UTC,61NvX5imzEkDNm4VgVsv2qm4fTpUT4EBgdv3UowfshTp,0.000005540879852451667
2026-08-08 18:36:00.000 UTC,61NvX5imzEkDNm4VgVsv2qm4fTpUT4EBgdv3UowfshTp,0.000005599152865657683
2026-08-08 18:37:00.000 UTC,61NvX5imzEkDNm4VgVsv2qm4fTpUT4EBgdv3UowfshTp,0.0000048137661276798846
2026-08-08 18:38:00.000 UTC,61NvX5imzEkDNm4VgVsv2qm4fTpUT4EBgdv3UowfshTp,0.000004787993639149427
2026-08-08 18:39:00.000 UTC,61NvX5imzEkDNm4VgVsv2qm4fTpUT4EBgdv3UowfshTp,0.000005633349793476334
2026-08-08 18:40:00.000 UTC,61NvX5imzEkDNm4VgVsv2qm4fTpUT4EBgdv3UowfshTp,0.000006312119216123851
2026-08-08 18:41:00.000 UTC,61NvX5imzEkDNm4VgVsv2qm4fTpUT4EBgdv3UowfshTp,0.000005863692453160845
2026-08-08 18:42:00.000 UTC,61NvX5imzEkDNm4VgVsv2qm4fTpUT4EBgdv3UowfshTp,0.000005978134165607296
2026-08-08 18:43:00.000 UTC,61NvX5imzEkDNm4VgVsv2qm4fTpUT4EBgdv3UowfshTp,0.000005484517916903368
2026-08-08 18:44:00.000 UTC,61NvX5imzEkDNm4VgVsv2qm4fTpUT4EBgdv3UowfshTp,0.0000060884822176128245
2026-08-08 18:45:00.000 UTC,61NvX5imzEkDNm4VgVsv2qm4fTpUT4EBgdv3UowfshTp,0.000005896281878011921
2026-08-08 18:46:00.000 UTC,61NvX5imzEkDNm4VgVsv2qm4fTpUT4EBgdv3UowfshTp,0.000006026935466496269
2026-08-08 18:47:00.000 UTC,61NvX5imzEkDNm4VgVsv2qm4fTpUT4EBgdv3UowfshTp,0.000005925827058705322
2026-08-08 18:48:00.000 UTC,61NvX5imzEkDNm4VgVsv2qm4fTpUT4EBgdv3UowfshTp,0.000006003300792015899
2026-08-08 18:49:00.000 UTC,61NvX5imzEkDNm4VgVsv2qm4fTpUT4EBgdv3UowfshTp,0.0000062022413234219196
2026-08-08 18:50:00.000 UTC,61NvX5imzEkDNm4VgVsv2qm4fTpUT4EBgdv3UowfshTp,0.000006457642524906334
2026-08-08 18:51:00.000 UTC,61NvX5imzEkDNm4VgVsv2qm4fTpUT4EBgdv3UowfshTp,0.0000065527309677776315
2026-08-08 18:52:00.000 UTC,61NvX5imzEkDNm4VgVsv2qm4fTpUT4EBgdv3UowfshTp,0.000008773676343989695
2026-08-08 18:53:00.000 UTC,61NvX5imzEkDNm4VgVsv2qm4fTpUT4EBgdv3UowfshTp,0.000010146793734388943
2026-08-08 18:54:00.000 UTC,61NvX5imzEkDNm4VgVsv2qm4fTpUT4EBgdv3UowfshTp,0.00001055593694340684
2026-08-08 18:55:00.000 UTC,61NvX5imzEkDNm4VgVsv2qm4fTpUT4EBgdv3UowfshTp,0.000009058784730744656
2026-08-08 18:56:00.000 UTC,61NvX5imzEkDNm4VgVsv2qm4fTpUT4EBgdv3UowfshTp,0.00000836874466267534
2026-08-08 18:57:00.000 UTC,61NvX5imzEkDNm4VgVsv2qm4fTpUT4EBgdv3UowfshTp,0.000006917308022756776
2026-08-08 18:58:00.000 UTC,61NvX5imzEkDNm4VgVsv2qm4fTpUT4EBgdv3UowfshTp,0.0000069607445723617996
2026-08-08 18:59:00.000 UTC,61NvX5imzEkDNm4VgVsv2qm4fTpUT4EBgdv3UowfshTp,0.000007670837127220589
2026-08-08 19:00:00.000 UTC,61NvX5imzEkDNm4VgVsv2qm4fTpUT4EBgdv3UowfshTp,0.00000731071725729916
2026-08-08 19:01:00.000 UTC,61NvX5imzEkDNm4VgVsv2qm4fTpUT4EBgdv3UowfshTp,0.000006496743373843116
2026-08-08 19:03:00.000 UTC,61NvX5imzEkDNm4VgVsv2qm4fTpUT4EBgdv3UowfshTp,0.000006594568992358671
2026-08-08 19:04:00.000 UTC,61NvX5imzEkDNm4VgVsv2qm4fTpUT4EBgdv3UowfshTp,0.000008547560471452358
2026-08-08 19:05:00.000 UTC,61NvX5imzEkDNm4VgVsv2qm4fTpUT4EBgdv3UowfshTp,0.00000870842472275712
2026-08-08 19:08:00.000 UTC,61NvX5imzEkDNm4VgVsv2qm4fTpUT4EBgdv3UowfshTp,0.000005277138902901403
2026-08-08 19:09:00.000 UTC,61NvX5imzEkDNm4VgVsv2qm4fTpUT4EBgdv3UowfshTp,0.000005320861066970538
2026-08-08 19:11:00.000 UTC,61NvX5imzEkDNm4VgVsv2qm4fTpUT4EBgdv3UowfshTp,0.0000051263893351991134
2026-08-08 19:12:00.000 UTC,61NvX5imzEkDNm4VgVsv2qm4fTpUT4EBgdv3UowfshTp,0.000005478345023487257
2026-08-08 19:13:00.000 UTC,61NvX5imzEkDNm4VgVsv2qm4fTpUT4EBgdv3UowfshTp,0.000005081977617746362
2026-08-08 19:17:00.000 UTC,61NvX5imzEkDNm4VgVsv2qm4fTpUT4EBgdv3UowfshTp,0.00000509254068248971
2026-08-08 19:18:00.000 UTC,61NvX5imzEkDNm4VgVsv2qm4fTpUT4EBgdv3UowfshTp,0.000005312667339159316
2026-08-08 19:19:00.000 UTC,61NvX5imzEkDNm4VgVsv2qm4fTpUT4EBgdv3UowfshTp,0.000005455568437303041
2026-08-08 19:21:00.000 UTC,61NvX5imzEkDNm4VgVsv2qm4fTpUT4EBgdv3UowfshTp,0.000005458947036222922
2026-08-08 19:22:00.000 UTC,61NvX5imzEkDNm4VgVsv2qm4fTpUT4EBgdv3UowfshTp,0.0000047712340763818735
2026-08-08 19:24:00.000 UTC,61NvX5imzEkDNm4VgVsv2qm4fTpUT4EBgdv3UowfshTp,0.00000425562792410139
2026-08-08 19:27:00.000 UTC,61NvX5imzEkDNm4VgVsv2qm4fTpUT4EBgdv3UowfshTp,0.000003979638740048952
2026-08-08 19:34:00.000 UTC,61NvX5imzEkDNm4VgVsv2qm4fTpUT4EBgdv3UowfshTp,0.000003378744103400536
2026-08-08 19:35:00.000 UTC,61NvX5imzEkDNm4VgVsv2qm4fTpUT4EBgdv3UowfshTp,0.000003604908357983034
2026-08-08 19:50:00.000 UTC,61NvX5imzEkDNm4VgVsv2qm4fTpUT4EBgdv3UowfshTp,0.000003498705137283118
2026-08-08 19:51:00.000 UTC,61NvX5imzEkDNm4VgVsv2qm4fTpUT4EBgdv3UowfshTp,0.000003882631500742653
2026-08-08 23:34:00.000 UTC,61NvX5imzEkDNm4VgVsv2qm4fTpUT4EBgdv3UowfshTp,0.000003472638043402029
2026-08-08 23:40:00.000 UTC,61NvX5imzEkDNm4VgVsv2qm4fTpUT4EBgdv3UowfshTp,0.000003616953186896817
2026-08-09 01:19:00.000 UTC,61NvX5imzEkDNm4VgVsv2qm4fTpUT4EBgdv3UowfshTp,0.000003062489337246381
2026-08-09 08:27:00.000 UTC,61NvX5imzEkDNm4VgVsv2qm4fTpUT4EBgdv3UowfshTp,0.0000031662689364530305
2026-08-09 08:28:00.000 UTC,61NvX5imzEkDNm4VgVsv2qm4fTpUT4EBgdv3UowfshTp,0.0000034315814622097764
2026-08-09 08:31:00.000 UTC,61NvX5imzEkDNm4VgVsv2qm4fTpUT4EBgdv3UowfshTp,0.000003317556916556588
2026-08-09 12:30:00.000 UTC,61NvX5imzEkDNm4VgVsv2qm4fTpUT4EBgdv3UowfshTp,0.0000030610095923150243
2026-08-09 17:42:00.000 UTC,61NvX5imzEkDNm4VgVsv2qm4fTpUT4EBgdv3UowfshTp,0.000003095101459330573
2026-08-09 17:55:00.000 UTC,61NvX5imzEkDNm4VgVsv2qm4fTpUT4EBgdv3UowfshTp,0.0000031936457279132495
2026-08-09 17:56:00.000 UTC,61NvX5imzEkDNm4VgVsv2qm4fTpUT4EBgdv3UowfshTp,0.000003643196946863943
2026-08-09 18:07:00.000 UTC,61NvX5imzEkDNm4VgVsv2qm4fTpUT4EBgdv3UowfshTp,0.000003342970316420073
2026-08-09 18:09:00.000 UTC,61NvX5imzEkDNm4VgVsv2qm4fTpUT4EBgdv3UowfshTp,0.000003504641001521642
2026-08-10 00:55:00.000 UTC,61NvX5imzEkDNm4VgVsv2qm4fTpUT4EBgdv3UowfshTp,0.000002588707873829977
2026-08-15 17:35:00.000 UTC,61NvX5imzEkDNm4VgVsv2qm4fTpUT4EBgdv3UowfshTp,0.000002348994638159893
2026-08-30 17:36:00.000 UTC,61NvX5imzEkDNm4VgVsv2qm4fTpUT4EBgdv3UowfshTp,0.0000033978863709735577
2026-09-12 05:52:00.000 UTC,61ZAT88GN5JhBWqaqe9BrnXDPSGzNSiPEs9ffkq5pump,0.0000028465959911235524
2026-09-12 05:53:00.000 UTC,61ZAT88GN5JhBWqaqe9BrnXDPSGzNSiPEs9ffkq5pump,0.000002860164958821579
2026-09-12 05:58:00.000 UTC,61ZAT88GN5JhBWqaqe9BrnXDPSGzNSiPEs9ffkq5pump,0.000002873197650700639
2026-09-12 05:59:00.000 UTC,61ZAT88GN5JhBWqaqe9BrnXDPSGzNSiPEs9ffkq5pump,0.00000291386636602372
2026-09-12 06:00:00.000 UTC,61ZAT88GN5JhBWqaqe9BrnXDPSGzNSiPEs9ffkq5pump,0.000002925602007675147
2026-08-28 05:49:00.000 UTC,61i5AGGuA3PAVMkvxk6wvDnvhT9AJbtPUJGvVsoppump,0.000001429736725584087
2026-08-28 05:50:00.000 UTC,61i5AGGuA3PAVMkvxk6wvDnvhT9AJbtPUJGvVsoppump,2.5989999255933393e-7
2026-08-28 05:51:00.000 UTC,61i5AGGuA3PAVMkvxk6wvDnvhT9AJbtPUJGvVsoppump,1.0539348604953106e-7
2026-08-28 05:52:00.000 UTC,61i5AGGuA3PAVMkvxk6wvDnvhT9AJbtPUJGvVsoppump,8.913946274488523e-8
2026-08-28 05:53:00.000 UTC,61i5AGGuA3PAVMkvxk6wvDnvhT9AJbtPUJGvVsoppump,1.122952102034501e-7
2026-08-28 05:54:00.000 UTC,61i5AGGuA3PAVMkvxk6wvDnvhT9AJbtPUJGvVsoppump,9.875799931611905e-8
2026-09-02 19:04:00.000 UTC,62SN7h7qC4D4kD6nqcCh2DdTacqJ4oi4SZjZJUG2pump,0.000008719430249427132
2026-09-02 19:05:00.000 UTC,62SN7h7qC4D4kD6nqcCh2DdTacqJ4oi4SZjZJUG2pump,0.000008999084476269766
2026-09-02 19:06:00.000 UTC,62SN7h7qC4D4kD6nqcCh2DdTacqJ4oi4SZjZJUG2pump,0.000006263362550301833
2026-09-02 19:07:00.000 UTC,62SN7h7qC4D4kD6nqcCh2DdTacqJ4oi4SZjZJUG2pump,0.000004802593046944928
2026-09-02 19:08:00.000 UTC,62SN7h7qC4D4kD6nqcCh2DdTacqJ4oi4SZjZJUG2pump,0.000004875709441185846
2026-09-02 19:09:00.000 UTC,62SN7h7qC4D4kD6nqcCh2DdTacqJ4oi4SZjZJUG2pump,0.000005350197796619505
2026-09-02 19:10:00.000 UTC,62SN7h7qC4D4kD6nqcCh2DdTacqJ4oi4SZjZJUG2pump,0.0000071662161623318566
2026-09-02 19:11:00.000 UTC,62SN7h7qC4D4kD6nqcCh2DdTacqJ4oi4SZjZJUG2pump,0.000005835075174483373
2026-09-02 19:12:00.000 UTC,62SN7h7qC4D4kD6nqcCh2DdTacqJ4oi4SZjZJUG2pump,0.000006664243867003217
2026-09-02 19:13:00.000 UTC,62SN7h7qC4D4kD6nqcCh2DdTacqJ4oi4SZjZJUG2pump,0.000006827337365117541
2026-09-02 19:14:00.000 UTC,62SN7h7qC4D4kD6nqcCh2DdTacqJ4oi4SZjZJUG2pump,0.000003945150341586346
2026-09-02 19:15:00.000 UTC,62SN7h7qC4D4kD6nqcCh2DdTacqJ4oi4SZjZJUG2pump,0.000003903475779709598
2026-09-02 23:16:00.000 UTC,62SN7h7qC4D4kD6nqcCh2DdTacqJ4oi4SZjZJUG2pump,0.00000282056685285744
2026-09-07 01:42:00.000 UTC,62ZbWEpn6toPRw5iYwkwiCJZ3GvDEXcxDAJZyr15pump,0.000002957884747441883
2026-09-07 01:43:00.000 UTC,62ZbWEpn6toPRw5iYwkwiCJZ3GvDEXcxDAJZyr15pump,0.0000015458624355297862
2026-09-02 00:24:00.000 UTC,636zvveex3jTat6y8PTocdQU4q8MKtBEx9EQyqzupump,0.000002799459376096838
2026-08-17 20:06:00.000 UTC,63CmiQ6BtUzvaK2jJLo4iuU8Uf22DF2UuAX2D6iXpump,0.000003247575865147368
2026-08-24 18:22:00.000 UTC,63adwmSPzFZAcwtqHfYk2n4ARoNUC9qHH5d9wGLkpump,0.000002707364835993157
2026-08-24 18:23:00.000 UTC,63adwmSPzFZAcwtqHfYk2n4ARoNUC9qHH5d9wGLkpump,0.0000027371911425998125
2026-08-27 15:10:00.000 UTC,64Ptk14uaMDac6CU7dFyWitX8X3onrqMihkJv4Dqpump,0.000003271466902502287
2026-08-20 01:09:00.000 UTC,64tZf5r25FhVTer4FLU1s6jREW3vwHpnyxAXQdXrpump,0.000003369782272748247
2026-08-27 13:54:00.000 UTC,65kJ3m9EXnncPv6ZYMesrqaAPhQRjfwMonACtju8pump,0.0000029457908158168486
2026-09-13 13:42:00.000 UTC,67wwhbY8oEXyGd6s9Lp2VGHkKBJ7xCrkj5gq7S6fpump,0.000006917954558502919
2026-09-13 13:43:00.000 UTC,67wwhbY8oEXyGd6s9Lp2VGHkKBJ7xCrkj5gq7S6fpump,0.000002870162367379162
2026-09-13 13:44:00.000 UTC,67wwhbY8oEXyGd6s9Lp2VGHkKBJ7xCrkj5gq7S6fpump,0.0000010601443402798393
2026-09-13 13:45:00.000 UTC,67wwhbY8oEXyGd6s9Lp2VGHkKBJ7xCrkj5gq7S6fpump,2.0975486796635774e-8
2026-09-13 19:58:00.000 UTC,681GDvGiiGF89wktx9chjGyNNbJP1Z7prabK5YZ8pump,0.000003286988365577482
2026-09-13 20:00:00.000 UTC,681GDvGiiGF89wktx9chjGyNNbJP1Z7prabK5YZ8pump,0.000003807825477646391
2026-09-13 20:01:00.000 UTC,681GDvGiiGF89wktx9chjGyNNbJP1Z7prabK5YZ8pump,0.000003677855020057034
2026-09-13 20:11:00.000 UTC,681GDvGiiGF89wktx9chjGyNNbJP1Z7prabK5YZ8pump,0.000003120148748987881
2026-09-13 20:13:00.000 UTC,681GDvGiiGF89wktx9chjGyNNbJP1Z7prabK5YZ8pump,0.0000032902501420365603
2026-08-27 15:47:00.000 UTC,6Ah3Bbqtepid6xYEssjwNWBfRLHnKWKhrnVm3jT3pump,0.000002998347457310758
2026-09-08 10:38:00.000 UTC,6BCrH3mvuJ5tQDJEDKE1KdsBShzStT4fkSMChDzSpump,7.87035779288304e-7
2026-09-08 10:39:00.000 UTC,6BCrH3mvuJ5tQDJEDKE1KdsBShzStT4fkSMChDzSpump,1.317589450646472e-7
2026-09-08 10:40:00.000 UTC,6BCrH3mvuJ5tQDJEDKE1KdsBShzStT4fkSMChDzSpump,3.288237802362111e-8
2026-09-08 10:41:00.000 UTC,6BCrH3mvuJ5tQDJEDKE1KdsBShzStT4fkSMChDzSpump,3.2424710700622284e-8
2026-09-07 21:17:00.000 UTC,6CcVmRU7XF92wMizNSeu66eVkrj3cAtu4vgoi18Ppump,0.0000029274909763190043
2026-09-07 21:18:00.000 UTC,6CcVmRU7XF92wMizNSeu66eVkrj3cAtu4vgoi18Ppump,0.000002957742538097186
2026-09-05 13:02:00.000 UTC,6DNeZhLkRjP4z2Ejf3RhvNT2nA2HwnGRL8prrPzupump,0.000002885964802930423
2026-08-16 11:54:00.000 UTC,6DX5gZCoojxeCYqZ3MATpFHyuyPHENiebwUdYnjnpump,0.0000035533411490039794
2026-08-16 11:55:00.000 UTC,6DX5gZCoojxeCYqZ3MATpFHyuyPHENiebwUdYnjnpump,0.000004413301360477711
2026-08-16 11:56:00.000 UTC,6DX5gZCoojxeCYqZ3MATpFHyuyPHENiebwUdYnjnpump,0.0000021217013753657018
2026-08-07 14:22:00.000 UTC,6E9N2k5JAKGjzes4Gvprjz2XEjN4DLj2haHDnH8Qpump,0.000002985672093246993
2026-08-17 13:40:00.000 UTC,6E9N2k5JAKGjzes4Gvprjz2XEjN4DLj2haHDnH8Qpump,0.0000021825908674490533
2026-09-10 01:32:00.000 UTC,6G3r2o5wh4k6KbgCPfbZaTyJkdzFo7uXztLwnRTipump,0.000005585464249477286
2026-09-10 01:33:00.000 UTC,6G3r2o5wh4k6KbgCPfbZaTyJkdzFo7uXztLwnRTipump,0.000003037364673347794
2026-08-23 18:09:00.000 UTC,6HGJvhntUZcaPjUh4PkZmHXfKSU8TD7AdH3Z67Jxpump,0.0000027252796767252054
2026-08-23 18:20:00.000 UTC,6HGJvhntUZcaPjUh4PkZmHXfKSU8TD7AdH3Z67Jxpump,0.000002748168861386055
2026-08-31 11:24:00.000 UTC,6KdsLR36uGTGtMFnfrnkuizPPcFRi424jusxq8Bxpump,0.000006143102697944007
2026-08-31 11:25:00.000 UTC,6KdsLR36uGTGtMFnfrnkuizPPcFRi424jusxq8Bxpump,0.0000029728349932582916
2026-08-31 11:28:00.000 UTC,6KdsLR36uGTGtMFnfrnkuizPPcFRi424jusxq8Bxpump,0.0000029900782159363532
2026-08-18 18:36:00.000 UTC,6LHJPRuQ2wn8CsMjdbFHohVz17VzNauzig7vXgzRpump,0.0000032727140256985735
2026-08-18 18:37:00.000 UTC,6LHJPRuQ2wn8CsMjdbFHohVz17VzNauzig7vXgzRpump,0.000004297787554689738
2026-08-18 18:38:00.000 UTC,6LHJPRuQ2wn8CsMjdbFHohVz17VzNauzig7vXgzRpump,0.000005485933991974487
2026-08-18 18:39:00.000 UTC,6LHJPRuQ2wn8CsMjdbFHohVz17VzNauzig7vXgzRpump,0.0000034299825223285163
2026-08-19 13:29:00.000 UTC,6LHJPRuQ2wn8CsMjdbFHohVz17VzNauzig7vXgzRpump,0.000002191146418589492
2026-08-25 16:47:00.000 UTC,6MsArm2U8QGuWE3fDYc4BCbX355FxhGwxnyZdAD9pump,0.0000027551471930604422
2026-09-03 13:37:00.000 UTC,6NAFWEjXgRe9P58JHQ7MQc2MnQJu1dErkm5WaLCypump,0.0000029822765839225604
2025-02-05 14:10:00.000 UTC,6P1q9KKvwfzMJjomBZd1vNKaoZ48caKXbTR8hNPopump,0.000005767571798841421
2025-02-05 14:13:00.000 UTC,6P1q9KKvwfzMJjomBZd1vNKaoZ48caKXbTR8hNPopump,0.000005781832087681517
2025-02-05 14:14:00.000 UTC,6P1q9KKvwfzMJjomBZd1vNKaoZ48caKXbTR8hNPopump,0.000005810488452568475
2025-02-05 14:16:00.000 UTC,6P1q9KKvwfzMJjomBZd1vNKaoZ48caKXbTR8hNPopump,0.00000574283518151946
2025-02-05 14:17:00.000 UTC,6P1q9KKvwfzMJjomBZd1vNKaoZ48caKXbTR8hNPopump,0.000005931516063247453
2025-02-05 14:24:00.000 UTC,6P1q9KKvwfzMJjomBZd1vNKaoZ48caKXbTR8hNPopump,0.000005815736254838602
2026-09-07 04:29:00.000 UTC,6P1q9KKvwfzMJjomBZd1vNKaoZ48caKXbTR8hNPopump,0.000003038878788302452
2026-09-07 04:30:00.000 UTC,6P1q9KKvwfzMJjomBZd1vNKaoZ48caKXbTR8hNPopump,0.0000031557764362901782
2026-09-07 04:35:00.000 UTC,6P1q9KKvwfzMJjomBZd1vNKaoZ48caKXbTR8hNPopump,0.0000034523272743737618
2026-09-07 04:38:00.000 UTC,6P1q9KKvwfzMJjomBZd1vNKaoZ48caKXbTR8hNPopump,0.0000033521084230803163
2026-09-07 04:49:00.000 UTC,6P1q9KKvwfzMJjomBZd1vNKaoZ48caKXbTR8hNPopump,0.0000031943962910540268
2026-09-07 04:51:00.000 UTC,6P1q9KKvwfzMJjomBZd1vNKaoZ48caKXbTR8hNPopump,0.000003427329500897422
2026-09-07 05:10:00.000 UTC,6P1q9KKvwfzMJjomBZd1vNKaoZ48caKXbTR8hNPopump,0.0000031878465710590092
2024-05-01 16:20:00.000 UTC,6PcL19oeCkMgPcp2NLXUmTXMR23FQczKeqtRzRcFLHFN,0.000003477577842895917
2026-05-20 18:04:00.000 UTC,6PcL19oeCkMgPcp2NLXUmTXMR23FQczKeqtRzRcFLHFN,0.0000024995973874555205
2026-08-18 00:06:00.000 UTC,6PcL19oeCkMgPcp2NLXUmTXMR23FQczKeqtRzRcFLHFN,0.0000022059055252313873
2026-08-18 00:24:00.000 UTC,6PcL19oeCkMgPcp2NLXUmTXMR23FQczKeqtRzRcFLHFN,0.000002322063110960978
2026-08-18 00:25:00.000 UTC,6PcL19oeCkMgPcp2NLXUmTXMR23FQczKeqtRzRcFLHFN,0.000002510769739774382
2026-09-07 16:33:00.000 UTC,6PtBogZVHhmdUNZRiHsLfABkk9DCiEuD6wjaYZEHpump,8.499817668767898e-7
2026-09-07 16:34:00.000 UTC,6PtBogZVHhmdUNZRiHsLfABkk9DCiEuD6wjaYZEHpump,1.2956705389855899e-7
2026-08-18 15:10:00.000 UTC,6RUcauPdNQcJvuYLqhR4bTQPiiEyqZaobRQeLCy8pump,0.0000032667337434322635
2026-08-28 13:09:00.000 UTC,6UPFVgYoSvrCzJEMo7K7P1Se3SuCVx79UdTvDmx5pump,0.0000040229223226275755
2026-09-09 05:51:00.000 UTC,6UPsiPz2ZpMywX2AH4Nab2sna2AQ8sXDrFs3VABpump,0.000005998965530918791
2026-09-09 05:52:00.000 UTC,6UPsiPz2ZpMywX2AH4Nab2sna2AQ8sXDrFs3VABpump,0.000011412142263674038
2026-09-09 05:53:00.000 UTC,6UPsiPz2ZpMywX2AH4Nab2sna2AQ8sXDrFs3VABpump,0.000009453669063157166
2026-09-09 05:54:00.000 UTC,6UPsiPz2ZpMywX2AH4Nab2sna2AQ8sXDrFs3VABpump,0.000007343214007998902
2026-09-09 05:55:00.000 UTC,6UPsiPz2ZpMywX2AH4Nab2sna2AQ8sXDrFs3VABpump,0.000005399401907934554
2026-09-09 05:56:00.000 UTC,6UPsiPz2ZpMywX2AH4Nab2sna2AQ8sXDrFs3VABpump,0.000006094936009750643
2026-09-09 05:57:00.000 UTC,6UPsiPz2ZpMywX2AH4Nab2sna2AQ8sXDrFs3VABpump,0.000006254790419024427
2026-09-09 05:58:00.000 UTC,6UPsiPz2ZpMywX2AH4Nab2sna2AQ8sXDrFs3VABpump,0.00000702803343170406
2026-09-09 05:59:00.000 UTC,6UPsiPz2ZpMywX2AH4Nab2sna2AQ8sXDrFs3VABpump,0.000007241831697098965
2026-09-09 06:00:00.000 UTC,6UPsiPz2ZpMywX2AH4Nab2sna2AQ8sXDrFs3VABpump,0.00001609013719022076
2026-09-09 06:01:00.000 UTC,6UPsiPz2ZpMywX2AH4Nab2sna2AQ8sXDrFs3VABpump,0.00002067471219643585
2026-09-09 06:02:00.000 UTC,6UPsiPz2ZpMywX2AH4Nab2sna2AQ8sXDrFs3VABpump,0.000028142365403128036
2026-09-09 06:03:00.000 UTC,6UPsiPz2ZpMywX2AH4Nab2sna2AQ8sXDrFs3VABpump,0.000033711512141297235
2026-09-09 06:04:00.000 UTC,6UPsiPz2ZpMywX2AH4Nab2sna2AQ8sXDrFs3VABpump,0.00003432492753678959
2026-09-09 06:05:00.000 UTC,6UPsiPz2ZpMywX2AH4Nab2sna2AQ8sXDrFs3VABpump,0.00003342871909325651
2026-09-09 06:06:00.000 UTC,6UPsiPz2ZpMywX2AH4Nab2sna2AQ8sXDrFs3VABpump,0.00003455751810785741
2026-09-09 06:07:00.000 UTC,6UPsiPz2ZpMywX2AH4Nab2sna2AQ8sXDrFs3VABpump,0.000035026360269360277
2026-09-09 06:08:00.000 UTC,6UPsiPz2ZpMywX2AH4Nab2sna2AQ8sXDrFs3VABpump,0.000026656870310504017
2026-09-09 06:09:00.000 UTC,6UPsiPz2ZpMywX2AH4Nab2sna2AQ8sXDrFs3VABpump,0.000021373117071622216
2026-09-09 06:10:00.000 UTC,6UPsiPz2ZpMywX2AH4Nab2sna2AQ8sXDrFs3VABpump,0.000015916307751964417
2026-09-09 06:11:00.000 UTC,6UPsiPz2ZpMywX2AH4Nab2sna2AQ8sXDrFs3VABpump,0.00002166953552768492
2026-09-09 06:12:00.000 UTC,6UPsiPz2ZpMywX2AH4Nab2sna2AQ8sXDrFs3VABpump,0.000023149299376583495
2026-09-09 06:13:00.000 UTC,6UPsiPz2ZpMywX2AH4Nab2sna2AQ8sXDrFs3VABpump,0.000020710984266749315
2026-09-09 06:14:00.000 UTC,6UPsiPz2ZpMywX2AH4Nab2sna2AQ8sXDrFs3VABpump,0.000023148632933241828
2026-09-09 06:15:00.000 UTC,6UPsiPz2ZpMywX2AH4Nab2sna2AQ8sXDrFs3VABpump,0.000023248790940145212
2026-09-09 06:16:00.000 UTC,6UPsiPz2ZpMywX2AH4Nab2sna2AQ8sXDrFs3VABpump,0.0000179686251380812
2026-09-09 06:17:00.000 UTC,6UPsiPz2ZpMywX2AH4Nab2sna2AQ8sXDrFs3VABpump,0.000016114049278980546
2026-09-09 06:18:00.000 UTC,6UPsiPz2ZpMywX2AH4Nab2sna2AQ8sXDrFs3VABpump,0.000015338366944395735
2026-09-09 06:19:00.000 UTC,6UPsiPz2ZpMywX2AH4Nab2sna2AQ8sXDrFs3VABpump,0.000011941804616811338
2026-09-09 06:20:00.000 UTC,6UPsiPz2ZpMywX2AH4Nab2sna2AQ8sXDrFs3VABpump,0.000010273174061065847
2026-09-09 06:21:00.000 UTC,6UPsiPz2ZpMywX2AH4Nab2sna2AQ8sXDrFs3VABpump,0.000008023913919094455
2026-09-09 06:22:00.000 UTC,6UPsiPz2ZpMywX2AH4Nab2sna2AQ8sXDrFs3VABpump,0.00001009277241653733
2026-09-09 06:23:00.000 UTC,6UPsiPz2ZpMywX2AH4Nab2sna2AQ8sXDrFs3VABpump,0.00000761563009597381
2026-09-09 06:24:00.000 UTC,6UPsiPz2ZpMywX2AH4Nab2sna2AQ8sXDrFs3VABpump,0.00000681753950655296
2026-09-09 06:25:00.000 UTC,6UPsiPz2ZpMywX2AH4Nab2sna2AQ8sXDrFs3VABpump,0.000007295264264313712
2026-09-09 06:26:00.000 UTC,6UPsiPz2ZpMywX2AH4Nab2sna2AQ8sXDrFs3VABpump,0.000007056750063963987
2026-09-09 06:27:00.000 UTC,6UPsiPz2ZpMywX2AH4Nab2sna2AQ8sXDrFs3VABpump,0.000006562839799809423
2026-09-09 06:28:00.000 UTC,6UPsiPz2ZpMywX2AH4Nab2sna2AQ8sXDrFs3VABpump,0.00000652479111460163
2026-09-09 06:29:00.000 UTC,6UPsiPz2ZpMywX2AH4Nab2sna2AQ8sXDrFs3VABpump,0.000006686538580144701
2026-09-09 06:30:00.000 UTC,6UPsiPz2ZpMywX2AH4Nab2sna2AQ8sXDrFs3VABpump,0.000006339300625899099
2026-09-09 06:31:00.000 UTC,6UPsiPz2ZpMywX2AH4Nab2sna2AQ8sXDrFs3VABpump,0.000005827916807862728
2026-09-09 06:32:00.000 UTC,6UPsiPz2ZpMywX2AH4Nab2sna2AQ8sXDrFs3VABpump,0.000006412533453259075
2026-09-09 06:33:00.000 UTC,6UPsiPz2ZpMywX2AH4Nab2sna2AQ8sXDrFs3VABpump,0.000008220731744564037
2026-09-09 06:34:00.000 UTC,6UPsiPz2ZpMywX2AH4Nab2sna2AQ8sXDrFs3VABpump,0.000009300475382650671
2026-09-09 06:35:00.000 UTC,6UPsiPz2ZpMywX2AH4Nab2sna2AQ8sXDrFs3VABpump,0.000009868874417504727
2026-09-09 06:37:00.000 UTC,6UPsiPz2ZpMywX2AH4Nab2sna2AQ8sXDrFs3VABpump,0.0000097095619222444
2026-09-09 06:38:00.000 UTC,6UPsiPz2ZpMywX2AH4Nab2sna2AQ8sXDrFs3VABpump,0.00001014121904115789
2026-09-09 06:39:00.000 UTC,6UPsiPz2ZpMywX2AH4Nab2sna2AQ8sXDrFs3VABpump,0.000009782671223780895
2026-09-09 06:41:00.000 UTC,6UPsiPz2ZpMywX2AH4Nab2sna2AQ8sXDrFs3VABpump,0.000009532966162292443
2026-09-09 06:42:00.000 UTC,6UPsiPz2ZpMywX2AH4Nab2sna2AQ8sXDrFs3VABpump,0.00000966851543399253
2026-09-09 06:44:00.000 UTC,6UPsiPz2ZpMywX2AH4Nab2sna2AQ8sXDrFs3VABpump,0.000006798387169940663
2026-09-09 06:45:00.000 UTC,6UPsiPz2ZpMywX2AH4Nab2sna2AQ8sXDrFs3VABpump,0.0000072610749873671064
2026-09-09 06:46:00.000 UTC,6UPsiPz2ZpMywX2AH4Nab2sna2AQ8sXDrFs3VABpump,0.000007311020134752687
2026-09-09 06:48:00.000 UTC,6UPsiPz2ZpMywX2AH4Nab2sna2AQ8sXDrFs3VABpump,0.000006452210968350437
2026-09-09 07:01:00.000 UTC,6UPsiPz2ZpMywX2AH4Nab2sna2AQ8sXDrFs3VABpump,0.000005031026928367126
2026-09-09 07:02:00.000 UTC,6UPsiPz2ZpMywX2AH4Nab2sna2AQ8sXDrFs3VABpump,0.000005019390678005295
2026-09-09 07:07:00.000 UTC,6UPsiPz2ZpMywX2AH4Nab2sna2AQ8sXDrFs3VABpump,0.000004942569386368266
2026-09-09 07:22:00.000 UTC,6UPsiPz2ZpMywX2AH4Nab2sna2AQ8sXDrFs3VABpump,0.0000048349383784661326
2026-09-09 07:32:00.000 UTC,6UPsiPz2ZpMywX2AH4Nab2sna2AQ8sXDrFs3VABpump,0.000004843978224007525
2026-09-09 07:57:00.000 UTC,6UPsiPz2ZpMywX2AH4Nab2sna2AQ8sXDrFs3VABpump,0.0000047332519270806755
2026-09-09 07:59:00.000 UTC,6UPsiPz2ZpMywX2AH4Nab2sna2AQ8sXDrFs3VABpump,0.000004737495440507453
2026-09-09 08:06:00.000 UTC,6UPsiPz2ZpMywX2AH4Nab2sna2AQ8sXDrFs3VABpump,0.000004698415530040415
2026-09-09 08:16:00.000 UTC,6UPsiPz2ZpMywX2AH4Nab2sna2AQ8sXDrFs3VABpump,0.000004687698527482934
2026-09-09 08:22:00.000 UTC,6UPsiPz2ZpMywX2AH4Nab2sna2AQ8sXDrFs3VABpump,0.0000046351834215165825
2026-09-09 08:44:00.000 UTC,6UPsiPz2ZpMywX2AH4Nab2sna2AQ8sXDrFs3VABpump,0.000004599783845714505
2026-09-09 08:45:00.000 UTC,6UPsiPz2ZpMywX2AH4Nab2sna2AQ8sXDrFs3VABpump,0.000004605226861841352
2026-09-09 10:49:00.000 UTC,6UPsiPz2ZpMywX2AH4Nab2sna2AQ8sXDrFs3VABpump,0.0000045988642808202855
2026-09-09 10:51:00.000 UTC,6UPsiPz2ZpMywX2AH4Nab2sna2AQ8sXDrFs3VABpump,0.0000043433108794217095
2026-09-09 17:15:00.000 UTC,6UPsiPz2ZpMywX2AH4Nab2sna2AQ8sXDrFs3VABpump,0.0000037042321438448458
2026-09-09 17:17:00.000 UTC,6UPsiPz2ZpMywX2AH4Nab2sna2AQ8sXDrFs3VABpump,0.0000035403069562760206
2026-09-09 17:19:00.000 UTC,6UPsiPz2ZpMywX2AH4Nab2sna2AQ8sXDrFs3VABpump,0.0000036104555110934926
2026-09-09 19:24:00.000 UTC,6UPsiPz2ZpMywX2AH4Nab2sna2AQ8sXDrFs3VABpump,0.000003522345455292084
2026-09-09 20:59:00.000 UTC,6UPsiPz2ZpMywX2AH4Nab2sna2AQ8sXDrFs3VABpump,0.0000034810383075502986
2026-09-09 21:01:00.000 UTC,6UPsiPz2ZpMywX2AH4Nab2sna2AQ8sXDrFs3VABpump,0.0000035101208099311273
2026-09-10 00:01:00.000 UTC,6UPsiPz2ZpMywX2AH4Nab2sna2AQ8sXDrFs3VABpump,0.000003400811267254883
2026-09-11 05:12:00.000 UTC,6UPsiPz2ZpMywX2AH4Nab2sna2AQ8sXDrFs3VABpump,0.000002945311512151101
2026-09-12 18:17:00.000 UTC,6UPsiPz2ZpMywX2AH4Nab2sna2AQ8sXDrFs3VABpump,0.000003049995653551911
2026-09-12 18:18:00.000 UTC,6UPsiPz2ZpMywX2AH4Nab2sna2AQ8sXDrFs3VABpump,0.0000031579213235786457
2026-09-13 00:18:00.000 UTC,6UPsiPz2ZpMywX2AH4Nab2sna2AQ8sXDrFs3VABpump,0.0000029924589349545685
2026-08-18 06:25:00.000 UTC,6Uin2YVAGEYPG33VzWBwnJxRPntJ52AFopUaaTkxpump,0.000002230099652833619
2026-08-18 06:26:00.000 UTC,6Uin2YVAGEYPG33VzWBwnJxRPntJ52AFopUaaTkxpump,0.000002212996975666543
2026-08-28 06:33:00.000 UTC,6VT8kdgdRBzuoLBdpsoJ9if7Kojp4sz9VRv8hY6Hpump,0.0000034127067611263212
2026-08-28 06:34:00.000 UTC,6VT8kdgdRBzuoLBdpsoJ9if7Kojp4sz9VRv8hY6Hpump,0.000003204635415775119
2026-08-22 00:44:00.000 UTC,6WPX164RYicUEdbYgnKoFzp8zhrEENzv3bjmpbPKpump,0.000002362084872065281
2026-08-22 00:45:00.000 UTC,6WPX164RYicUEdbYgnKoFzp8zhrEENzv3bjmpbPKpump,0.0000025936352471576406
2026-09-08 23:55:00.000 UTC,6WvFWCwkABGnWb6emaW5u7EekrmFMF8bym6Zpvk9pump,0.0000019177213789250207
2026-09-08 23:56:00.000 UTC,6WvFWCwkABGnWb6emaW5u7EekrmFMF8bym6Zpvk9pump,0.0000011306401751937242
2026-09-08 23:57:00.000 UTC,6WvFWCwkABGnWb6emaW5u7EekrmFMF8bym6Zpvk9pump,3.448609608548309e-7
2026-08-30 14:22:00.000 UTC,6aXEvemfoKdX1MvHUQvD8G9sYKhuNRmVGyiQADSvpump,0.0000031853871908824893
2026-08-30 14:23:00.000 UTC,6aXEvemfoKdX1MvHUQvD8G9sYKhuNRmVGyiQADSvpump,0.0000036652229558211193
2026-08-30 14:24:00.000 UTC,6aXEvemfoKdX1MvHUQvD8G9sYKhuNRmVGyiQADSvpump,0.00000349943269111324
2026-08-30 14:25:00.000 UTC,6aXEvemfoKdX1MvHUQvD8G9sYKhuNRmVGyiQADSvpump,0.000003366541588068218
2026-08-30 14:26:00.000 UTC,6aXEvemfoKdX1MvHUQvD8G9sYKhuNRmVGyiQADSvpump,0.0000034552981090632856
2026-08-30 14:27:00.000 UTC,6aXEvemfoKdX1MvHUQvD8G9sYKhuNRmVGyiQADSvpump,0.0000034521476405424543
2026-08-30 14:28:00.000 UTC,6aXEvemfoKdX1MvHUQvD8G9sYKhuNRmVGyiQADSvpump,0.0000034852152152419083
2026-08-30 14:29:00.000 UTC,6aXEvemfoKdX1MvHUQvD8G9sYKhuNRmVGyiQADSvpump,0.0000034999661560118314
2026-08-30 14:30:00.000 UTC,6aXEvemfoKdX1MvHUQvD8G9sYKhuNRmVGyiQADSvpump,0.000003465105769626948
2026-08-30 14:32:00.000 UTC,6aXEvemfoKdX1MvHUQvD8G9sYKhuNRmVGyiQADSvpump,0.0000035409675991560048
2026-08-30 14:37:00.000 UTC,6aXEvemfoKdX1MvHUQvD8G9sYKhuNRmVGyiQADSvpump,0.0000033668491659762445
2026-08-30 14:40:00.000 UTC,6aXEvemfoKdX1MvHUQvD8G9sYKhuNRmVGyiQADSvpump,0.000003327010581293023
2026-08-30 14:42:00.000 UTC,6aXEvemfoKdX1MvHUQvD8G9sYKhuNRmVGyiQADSvpump,0.000003330254738296903
2026-08-30 14:43:00.000 UTC,6aXEvemfoKdX1MvHUQvD8G9sYKhuNRmVGyiQADSvpump,0.0000033406501066293494
2026-08-30 14:54:00.000 UTC,6aXEvemfoKdX1MvHUQvD8G9sYKhuNRmVGyiQADSvpump,0.0000033300477090246656
2026-08-31 16:58:00.000 UTC,6aXEvemfoKdX1MvHUQvD8G9sYKhuNRmVGyiQADSvpump,0.0000028882032992430404
2026-08-30 14:41:00.000 UTC,6ao1MXyoMvBaZhYcN4pfHqmViEwE2bwtAmyNWZd5pump,0.000004895586313479993
2026-08-26 03:39:00.000 UTC,6axaPffExfsXYad3SsuW3Zv7FSAR7bSZRyKP3Y2xpump,0.0000027120182773903794
2026-09-08 11:47:00.000 UTC,6b5P3gRpSkRq3t6iCgnSWAKJy9fSbT3Qr57hEASig9Gr,0.0000033246899017191896
2026-09-08 11:48:00.000 UTC,6b5P3gRpSkRq3t6iCgnSWAKJy9fSbT3Qr57hEASig9Gr,0.000004487379532568615
2026-09-08 11:49:00.000 UTC,6b5P3gRpSkRq3t6iCgnSWAKJy9fSbT3Qr57hEASig9Gr,0.00000467204900879638
2026-09-08 11:50:00.000 UTC,6b5P3gRpSkRq3t6iCgnSWAKJy9fSbT3Qr57hEASig9Gr,0.000004845170027055932
2026-09-08 11:51:00.000 UTC,6b5P3gRpSkRq3t6iCgnSWAKJy9fSbT3Qr57hEASig9Gr,0.000004595447611568396
2026-09-08 11:52:00.000 UTC,6b5P3gRpSkRq3t6iCgnSWAKJy9fSbT3Qr57hEASig9Gr,0.0000030071920570472183
2026-09-08 11:53:00.000 UTC,6b5P3gRpSkRq3t6iCgnSWAKJy9fSbT3Qr57hEASig9Gr,0.000003024614167791344
2026-09-08 11:54:00.000 UTC,6b5P3gRpSkRq3t6iCgnSWAKJy9fSbT3Qr57hEASig9Gr,0.000003021466974356058
2026-08-22 16:48:00.000 UTC,6ctCwyjhnLLMV2USBF65kXF9HxaRUbWjwMxdCVT2pump,0.0000033464107014591876
2026-08-23 09:32:00.000 UTC,6d3mfD1irJdYJNVe8drh7TtNDyV4qHCrwzSuENPspump,0.0000027963763810287045
2026-08-28 13:58:00.000 UTC,6ebvS7Wvdwn5vBgkoF87mazBHqNRDps8E1i95bpTpump,0.0000030251077716296174
2026-08-28 13:59:00.000 UTC,6ebvS7Wvdwn5vBgkoF87mazBHqNRDps8E1i95bpTpump,0.0000029886711896099402
2026-08-26 00:07:00.000 UTC,6fFoKfZGxaq5Erq2UTnZfJjg4yDX2LKi8KhFgq48pump,0.0000027112441752105646
2026-08-28 15:51:00.000 UTC,6fwZb8zecjA8JywhQiFihmTkhEFiJzJeCJ5993eHpump,0.0000031087256216794
2026-08-24 04:29:00.000 UTC,6gfArpE11xvqo4XEzNJLfdHbbcse47DekVvESsPPpump,0.000002956721971813853
2026-08-24 04:30:00.000 UTC,6gfArpE11xvqo4XEzNJLfdHbbcse47DekVvESsPPpump,0.0000030311857196708775
2026-09-09 22:45:00.000 UTC,6h4ue58D2QvcWQysCSPDu5ZhD12GoHxL2JzRC8xpump,0.000010862808145791135
2026-08-18 10:54:00.000 UTC,6hjBDeNgAQ4jNAjtxd3R3zFK55NZGKLjE3oFh4Uipump,0.0000021369524697111683
2026-08-17 21:11:00.000 UTC,6huTw7SpEi6hvagdKh5hVdydw7SiwnyRNqmXfBWepump,0.000003177141814228049
2026-08-17 21:12:00.000 UTC,6huTw7SpEi6hvagdKh5hVdydw7SiwnyRNqmXfBWepump,0.0000021756226121191333
2026-08-20 22:17:00.000 UTC,6iZaDYUb37s2cpjwTBXDZdSVHBLDfrDPDRT5bptCpump,0.0000024416590140568038
2026-08-20 22:18:00.000 UTC,6iZaDYUb37s2cpjwTBXDZdSVHBLDfrDPDRT5bptCpump,0.0000025212390594331333
2026-08-20 22:30:00.000 UTC,6iZaDYUb37s2cpjwTBXDZdSVHBLDfrDPDRT5bptCpump,0.0000024849772322960595
2026-09-01 23:49:00.000 UTC,6kLeyNnEAtCmFWrD4efGCfLqQAdHYrFRrU3CH5o9pump,0.0000028090310999633454
2026-09-01 23:51:00.000 UTC,6kLeyNnEAtCmFWrD4efGCfLqQAdHYrFRrU3CH5o9pump,0.000002802234271372149
2026-09-01 23:52:00.000 UTC,6kLeyNnEAtCmFWrD4efGCfLqQAdHYrFRrU3CH5o9pump,0.0000028033104213297575
2026-09-01 23:53:00.000 UTC,6kLeyNnEAtCmFWrD4efGCfLqQAdHYrFRrU3CH5o9pump,0.0000028025102720107267
2026-08-17 03:46:00.000 UTC,6m3tuQe817JDB5SnwBKVt8RqN9ERroaf6grbcdRNpump,0.0000020646675385627247
2026-08-25 00:27:00.000 UTC,6n9baUf4DUZujCoAAxsoxfRmLLTyhsvBgEVTA7Pxpump,0.0000014064310740622102
2026-08-25 00:28:00.000 UTC,6n9baUf4DUZujCoAAxsoxfRmLLTyhsvBgEVTA7Pxpump,2.6095513682272264e-7
2026-08-25 00:29:00.000 UTC,6n9baUf4DUZujCoAAxsoxfRmLLTyhsvBgEVTA7Pxpump,2.912128504237797e-8
2026-08-25 00:31:00.000 UTC,6n9baUf4DUZujCoAAxsoxfRmLLTyhsvBgEVTA7Pxpump,8.535345665517149e-9
2026-08-17 22:29:00.000 UTC,6o5M5JHoyxrvP6fUwwWbN2Yyup4bDUVDyDwgjgSxpump,0.0000024062458705674347
2025-10-29 10:26:00.000 UTC,6oLrTKh24ps1ZFpDf8kYd4hhNdznxbLJ31jt5QwQpump,0.000008824024522783718
2025-10-29 10:27:00.000 UTC,6oLrTKh24ps1ZFpDf8kYd4hhNdznxbLJ31jt5QwQpump,0.000011030407095417231
2025-10-29 10:28:00.000 UTC,6oLrTKh24ps1ZFpDf8kYd4hhNdznxbLJ31jt5QwQpump,0.00001859079443101036
2025-10-29 10:29:00.000 UTC,6oLrTKh24ps1ZFpDf8kYd4hhNdznxbLJ31jt5QwQpump,0.00001955102504668034
2025-10-29 10:30:00.000 UTC,6oLrTKh24ps1ZFpDf8kYd4hhNdznxbLJ31jt5QwQpump,0.000019850527011433013
2025-10-29 10:31:00.000 UTC,6oLrTKh24ps1ZFpDf8kYd4hhNdznxbLJ31jt5QwQpump,0.000023547867220161978
2025-10-29 10:32:00.000 UTC,6oLrTKh24ps1ZFpDf8kYd4hhNdznxbLJ31jt5QwQpump,0.00002735814530824252
2025-10-29 10:33:00.000 UTC,6oLrTKh24ps1ZFpDf8kYd4hhNdznxbLJ31jt5QwQpump,0.00003207184719737596
2025-10-29 10:34:00.000 UTC,6oLrTKh24ps1ZFpDf8kYd4hhNdznxbLJ31jt5QwQpump,0.000031233443432200664
2025-10-29 10:35:00.000 UTC,6oLrTKh24ps1ZFpDf8kYd4hhNdznxbLJ31jt5QwQpump,0.00003600430623966193
2025-10-29 10:36:00.000 UTC,6oLrTKh24ps1ZFpDf8kYd4hhNdznxbLJ31jt5QwQpump,0.00003553924727826079
2025-10-29 10:37:00.000 UTC,6oLrTKh24ps1ZFpDf8kYd4hhNdznxbLJ31jt5QwQpump,0.000032904600063559336
2025-10-29 10:38:00.000 UTC,6oLrTKh24ps1ZFpDf8kYd4hhNdznxbLJ31jt5QwQpump,0.00003351522119032296
2025-10-29 10:39:00.000 UTC,6oLrTKh24ps1ZFpDf8kYd4hhNdznxbLJ31jt5QwQpump,0.000025167830439372458
2025-10-29 10:40:00.000 UTC,6oLrTKh24ps1ZFpDf8kYd4hhNdznxbLJ31jt5QwQpump,0.0000242419633442675
2025-10-29 10:41:00.000 UTC,6oLrTKh24ps1ZFpDf8kYd4hhNdznxbLJ31jt5QwQpump,0.0000231570227290052
2025-10-29 10:42:00.000 UTC,6oLrTKh24ps1ZFpDf8kYd4hhNdznxbLJ31jt5QwQpump,0.00002180729905563901
2025-10-29 10:43:00.000 UTC,6oLrTKh24ps1ZFpDf8kYd4hhNdznxbLJ31jt5QwQpump,0.00002034789200116981
2025-10-29 10:44:00.000 UTC,6oLrTKh24ps1ZFpDf8kYd4hhNdznxbLJ31jt5QwQpump,0.000019869309073344313
2025-10-29 10:45:00.000 UTC,6oLrTKh24ps1ZFpDf8kYd4hhNdznxbLJ31jt5QwQpump,0.000021308060920370355
2025-10-29 10:46:00.000 UTC,6oLrTKh24ps1ZFpDf8kYd4hhNdznxbLJ31jt5QwQpump,0.0000205355278515458
2025-10-29 10:47:00.000 UTC,6oLrTKh24ps1ZFpDf8kYd4hhNdznxbLJ31jt5QwQpump,0.000024374463921336457
2025-10-29 10:48:00.000 UTC,6oLrTKh24ps1ZFpDf8kYd4hhNdznxbLJ31jt5QwQpump,0.000028815542200552232
2025-10-29 10:49:00.000 UTC,6oLrTKh24ps1ZFpDf8kYd4hhNdznxbLJ31jt5QwQpump,0.000032867165967921774
2025-10-29 10:50:00.000 UTC,6oLrTKh24ps1ZFpDf8kYd4hhNdznxbLJ31jt5QwQpump,0.000030502183416901517
2025-10-29 10:51:00.000 UTC,6oLrTKh24ps1ZFpDf8kYd4hhNdznxbLJ31jt5QwQpump,0.00003117185609792826
2025-10-29 10:52:00.000 UTC,6oLrTKh24ps1ZFpDf8kYd4hhNdznxbLJ31jt5QwQpump,0.00004082328650348306
2025-10-29 10:53:00.000 UTC,6oLrTKh24ps1ZFpDf8kYd4hhNdznxbLJ31jt5QwQpump,0.000049150458835830227
2025-10-29 10:54:00.000 UTC,6oLrTKh24ps1ZFpDf8kYd4hhNdznxbLJ31jt5QwQpump,0.000055776000146157876
2025-10-29 10:55:00.000 UTC,6oLrTKh24ps1ZFpDf8kYd4hhNdznxbLJ31jt5QwQpump,0.00005107421218263793
2025-10-29 10:56:00.000 UTC,6oLrTKh24ps1ZFpDf8kYd4hhNdznxbLJ31jt5QwQpump,0.000046112940803574905
2025-10-29 10:57:00.000 UTC,6oLrTKh24ps1ZFpDf8kYd4hhNdznxbLJ31jt5QwQpump,0.00004721396899053233
2025-10-29 10:58:00.000 UTC,6oLrTKh24ps1ZFpDf8kYd4hhNdznxbLJ31jt5QwQpump,0.00004224457200521476
2025-10-29 10:59:00.000 UTC,6oLrTKh24ps1ZFpDf8kYd4hhNdznxbLJ31jt5QwQpump,0.0000516735154351279
2025-10-29 11:00:00.000 UTC,6oLrTKh24ps1ZFpDf8kYd4hhNdznxbLJ31jt5QwQpump,0.000050435386964864205
2025-10-29 11:01:00.000 UTC,6oLrTKh24ps1ZFpDf8kYd4hhNdznxbLJ31jt5QwQpump,0.00004456656587378204
2025-10-29 11:02:00.000 UTC,6oLrTKh24ps1ZFpDf8kYd4hhNdznxbLJ31jt5QwQpump,0.000044106589312634066
2025-10-29 11:03:00.000 UTC,6oLrTKh24ps1ZFpDf8kYd4hhNdznxbLJ31jt5QwQpump,0.00004571599741944776
2025-10-29 11:04:00.000 UTC,6oLrTKh24ps1ZFpDf8kYd4hhNdznxbLJ31jt5QwQpump,0.00003764401985322371
2025-10-29 11:05:00.000 UTC,6oLrTKh24ps1ZFpDf8kYd4hhNdznxbLJ31jt5QwQpump,0.00003923543323791616
2025-10-29 11:06:00.000 UTC,6oLrTKh24ps1ZFpDf8kYd4hhNdznxbLJ31jt5QwQpump,0.00004085545590443914
2025-10-29 11:07:00.000 UTC,6oLrTKh24ps1ZFpDf8kYd4hhNdznxbLJ31jt5QwQpump,0.00004540090078418986
2025-10-29 11:08:00.000 UTC,6oLrTKh24ps1ZFpDf8kYd4hhNdznxbLJ31jt5QwQpump,0.00004388349075662143
2025-10-29 11:09:00.000 UTC,6oLrTKh24ps1ZFpDf8kYd4hhNdznxbLJ31jt5QwQpump,0.00004773421571504662
2025-10-29 11:10:00.000 UTC,6oLrTKh24ps1ZFpDf8kYd4hhNdznxbLJ31jt5QwQpump,0.00005331620805351702
2025-10-29 11:11:00.000 UTC,6oLrTKh24ps1ZFpDf8kYd4hhNdznxbLJ31jt5QwQpump,0.00005187809316050579
2025-10-29 11:12:00.000 UTC,6oLrTKh24ps1ZFpDf8kYd4hhNdznxbLJ31jt5QwQpump,0.000049776080916292444
2025-10-29 11:13:00.000 UTC,6oLrTKh24ps1ZFpDf8kYd4hhNdznxbLJ31jt5QwQpump,0.000050426800454192446
2025-10-29 11:14:00.000 UTC,6oLrTKh24ps1ZFpDf8kYd4hhNdznxbLJ31jt5QwQpump,0.000048885932506625266
2025-10-29 11:15:00.000 UTC,6oLrTKh24ps1ZFpDf8kYd4hhNdznxbLJ31jt5QwQpump,0.00004730468665069763
2025-10-29 11:16:00.000 UTC,6oLrTKh24ps1ZFpDf8kYd4hhNdznxbLJ31jt5QwQpump,0.00005605171888093007
2025-10-29 11:17:00.000 UTC,6oLrTKh24ps1ZFpDf8kYd4hhNdznxbLJ31jt5QwQpump,0.00006007673055909184
2025-10-29 11:18:00.000 UTC,6oLrTKh24ps1ZFpDf8kYd4hhNdznxbLJ31jt5QwQpump,0.000054235751858497456
2025-10-29 11:19:00.000 UTC,6oLrTKh24ps1ZFpDf8kYd4hhNdznxbLJ31jt5QwQpump,0.00005452942036873618
2025-10-29 11:20:00.000 UTC,6oLrTKh24ps1ZFpDf8kYd4hhNdznxbLJ31jt5QwQpump,0.00005108882514128654
2025-10-29 11:21:00.000 UTC,6oLrTKh24ps1ZFpDf8kYd4hhNdznxbLJ31jt5QwQpump,0.00005337231403778669
2025-10-29 11:22:00.000 UTC,6oLrTKh24ps1ZFpDf8kYd4hhNdznxbLJ31jt5QwQpump,0.000054264588774739244
2025-10-29 11:23:00.000 UTC,6oLrTKh24ps1ZFpDf8kYd4hhNdznxbLJ31jt5QwQpump,0.000047852203814022844
2025-10-29 11:24:00.000 UTC,6oLrTKh24ps1ZFpDf8kYd4hhNdznxbLJ31jt5QwQpump,0.000044257380837178965
2025-10-29 11:25:00.000 UTC,6oLrTKh24ps1ZFpDf8kYd4hhNdznxbLJ31jt5QwQpump,0.0000475722917057087
2025-10-29 11:26:00.000 UTC,6oLrTKh24ps1ZFpDf8kYd4hhNdznxbLJ31jt5QwQpump,0.00004567275472549311
2025-10-29 11:27:00.000 UTC,6oLrTKh24ps1ZFpDf8kYd4hhNdznxbLJ31jt5QwQpump,0.00004972697531430375
2025-10-29 11:28:00.000 UTC,6oLrTKh24ps1ZFpDf8kYd4hhNdznxbLJ31jt5QwQpump,0.00004123373577377014
2025-10-29 11:29:00.000 UTC,6oLrTKh24ps1ZFpDf8kYd4hhNdznxbLJ31jt5QwQpump,0.00004232631872766134
2025-10-29 11:30:00.000 UTC,6oLrTKh24ps1ZFpDf8kYd4hhNdznxbLJ31jt5QwQpump,0.000042189155977306624
2025-10-29 11:31:00.000 UTC,6oLrTKh24ps1ZFpDf8kYd4hhNdznxbLJ31jt5QwQpump,0.00003379268956072183
2025-10-29 11:32:00.000 UTC,6oLrTKh24ps1ZFpDf8kYd4hhNdznxbLJ31jt5QwQpump,0.00003406761812100104
2025-10-29 11:33:00.000 UTC,6oLrTKh24ps1ZFpDf8kYd4hhNdznxbLJ31jt5QwQpump,0.00003417978201618667
2025-10-29 11:34:00.000 UTC,6oLrTKh24ps1ZFpDf8kYd4hhNdznxbLJ31jt5QwQpump,0.000029470514526341852
2025-10-29 11:35:00.000 UTC,6oLrTKh24ps1ZFpDf8kYd4hhNdznxbLJ31jt5QwQpump,0.000029789579664119546
2025-10-29 11:36:00.000 UTC,6oLrTKh24ps1ZFpDf8kYd4hhNdznxbLJ31jt5QwQpump,0.00003110965784725281
2025-10-29 11:37:00.000 UTC,6oLrTKh24ps1ZFpDf8kYd4hhNdznxbLJ31jt5QwQpump,0.000030406274670995116
2025-10-29 11:38:00.000 UTC,6oLrTKh24ps1ZFpDf8kYd4hhNdznxbLJ31jt5QwQpump,0.000030620356826668014
2025-10-29 11:39:00.000 UTC,6oLrTKh24ps1ZFpDf8kYd4hhNdznxbLJ31jt5QwQpump,0.00003163159764131239
2025-10-29 11:40:00.000 UTC,6oLrTKh24ps1ZFpDf8kYd4hhNdznxbLJ31jt5QwQpump,0.00003207020964194371
2025-10-29 11:41:00.000 UTC,6oLrTKh24ps1ZFpDf8kYd4hhNdznxbLJ31jt5QwQpump,0.00002484407963279333
2025-10-29 11:42:00.000 UTC,6oLrTKh24ps1ZFpDf8kYd4hhNdznxbLJ31jt5QwQpump,0.000022465554133277766
2025-10-29 11:43:00.000 UTC,6oLrTKh24ps1ZFpDf8kYd4hhNdznxbLJ31jt5QwQpump,0.000020841736009803677
2025-10-29 11:44:00.000 UTC,6oLrTKh24ps1ZFpDf8kYd4hhNdznxbLJ31jt5QwQpump,0.00002062495545730482
2025-10-29 11:45:00.000 UTC,6oLrTKh24ps1ZFpDf8kYd4hhNdznxbLJ31jt5QwQpump,0.000022013634388473496
2025-10-29 11:46:00.000 UTC,6oLrTKh24ps1ZFpDf8kYd4hhNdznxbLJ31jt5QwQpump,0.000022932578790710153
2025-10-29 11:47:00.000 UTC,6oLrTKh24ps1ZFpDf8kYd4hhNdznxbLJ31jt5QwQpump,0.000026041070762727536
2025-10-29 11:48:00.000 UTC,6oLrTKh24ps1ZFpDf8kYd4hhNdznxbLJ31jt5QwQpump,0.00002797462174838467
2025-10-29 11:49:00.000 UTC,6oLrTKh24ps1ZFpDf8kYd4hhNdznxbLJ31jt5QwQpump,0.000031408457481495464
2025-10-29 11:50:00.000 UTC,6oLrTKh24ps1ZFpDf8kYd4hhNdznxbLJ31jt5QwQpump,0.000034075974214475525
2025-10-29 11:51:00.000 UTC,6oLrTKh24ps1ZFpDf8kYd4hhNdznxbLJ31jt5QwQpump,0.000032634795327690905
2025-10-29 11:52:00.000 UTC,6oLrTKh24ps1ZFpDf8kYd4hhNdznxbLJ31jt5QwQpump,0.000030500158403665916
2025-10-29 11:53:00.000 UTC,6oLrTKh24ps1ZFpDf8kYd4hhNdznxbLJ31jt5QwQpump,0.00003400501736046331
2025-10-29 11:54:00.000 UTC,6oLrTKh24ps1ZFpDf8kYd4hhNdznxbLJ31jt5QwQpump,0.000027178067303170893
2025-10-29 11:55:00.000 UTC,6oLrTKh24ps1ZFpDf8kYd4hhNdznxbLJ31jt5QwQpump,0.000026219541462185626
2025-10-29 11:56:00.000 UTC,6oLrTKh24ps1ZFpDf8kYd4hhNdznxbLJ31jt5QwQpump,0.000019383457295054797
2025-10-29 11:57:00.000 UTC,6oLrTKh24ps1ZFpDf8kYd4hhNdznxbLJ31jt5QwQpump,0.000016404157926468768
2025-10-29 11:58:00.000 UTC,6oLrTKh24ps1ZFpDf8kYd4hhNdznxbLJ31jt5QwQpump,0.00001725822671331413
2025-10-29 11:59:00.000 UTC,6oLrTKh24ps1ZFpDf8kYd4hhNdznxbLJ31jt5QwQpump,0.000018542840354379497
2025-10-29 12:00:00.000 UTC,6oLrTKh24ps1ZFpDf8kYd4hhNdznxbLJ31jt5QwQpump,0.000020567970834866184
2025-10-29 12:01:00.000 UTC,6oLrTKh24ps1ZFpDf8kYd4hhNdznxbLJ31jt5QwQpump,0.0000216699186201861
2025-10-29 12:02:00.000 UTC,6oLrTKh24ps1ZFpDf8kYd4hhNdznxbLJ31jt5QwQpump,0.00002264432199835605
2025-10-29 12:03:00.000 UTC,6oLrTKh24ps1ZFpDf8kYd4hhNdznxbLJ31jt5QwQpump,0.000020877614479141842
2025-10-29 12:04:00.000 UTC,6oLrTKh24ps1ZFpDf8kYd4hhNdznxbLJ31jt5QwQpump,0.000022798300422871927
2025-10-29 12:05:00.000 UTC,6oLrTKh24ps1ZFpDf8kYd4hhNdznxbLJ31jt5QwQpump,0.000023071498595729055
2025-10-29 12:06:00.000 UTC,6oLrTKh24ps1ZFpDf8kYd4hhNdznxbLJ31jt5QwQpump,0.000024301375082257598
2025-10-29 12:07:00.000 UTC,6oLrTKh24ps1ZFpDf8kYd4hhNdznxbLJ31jt5QwQpump,0.000021954415870354423
2025-10-29 12:08:00.000 UTC,6oLrTKh24ps1ZFpDf8kYd4hhNdznxbLJ31jt5QwQpump,0.000022966305686360678
2025-10-29 12:10:00.000 UTC,6oLrTKh24ps1ZFpDf8kYd4hhNdznxbLJ31jt5QwQpump,0.000021513096819998283
2025-10-29 12:11:00.000 UTC,6oLrTKh24ps1ZFpDf8kYd4hhNdznxbLJ31jt5QwQpump,0.000022561940778660747
2025-10-29 12:12:00.000 UTC,6oLrTKh24ps1ZFpDf8kYd4hhNdznxbLJ31jt5QwQpump,0.000022208505762509504
2025-10-29 12:13:00.000 UTC,6oLrTKh24ps1ZFpDf8kYd4hhNdznxbLJ31jt5QwQpump,0.00002244554065158587
2025-10-29 12:14:00.000 UTC,6oLrTKh24ps1ZFpDf8kYd4hhNdznxbLJ31jt5QwQpump,0.000024675776009743884
2025-10-29 12:15:00.000 UTC,6oLrTKh24ps1ZFpDf8kYd4hhNdznxbLJ31jt5QwQpump,0.000023975129559745487
2025-10-29 12:16:00.000 UTC,6oLrTKh24ps1ZFpDf8kYd4hhNdznxbLJ31jt5QwQpump,0.000024030002636485
2025-10-29 12:17:00.000 UTC,6oLrTKh24ps1ZFpDf8kYd4hhNdznxbLJ31jt5QwQpump,0.00002473663577577634
2025-10-29 12:18:00.000 UTC,6oLrTKh24ps1ZFpDf8kYd4hhNdznxbLJ31jt5QwQpump,0.000026951052433532478
2025-10-29 12:19:00.000 UTC,6oLrTKh24ps1ZFpDf8kYd4hhNdznxbLJ31jt5QwQpump,0.000030376863300592643
2025-10-29 12:20:00.000 UTC,6oLrTKh24ps1ZFpDf8kYd4hhNdznxbLJ31jt5QwQpump,0.000029875214697327405
2025-10-29 12:21:00.000 UTC,6oLrTKh24ps1ZFpDf8kYd4hhNdznxbLJ31jt5QwQpump,0.00003200380189952853
2025-10-29 12:22:00.000 UTC,6oLrTKh24ps1ZFpDf8kYd4hhNdznxbLJ31jt5QwQpump,0.00003362482306136019
2025-10-29 12:23:00.000 UTC,6oLrTKh24ps1ZFpDf8kYd4hhNdznxbLJ31jt5QwQpump,0.00003435850433168817
2025-10-29 12:24:00.000 UTC,6oLrTKh24ps1ZFpDf8kYd4hhNdznxbLJ31jt5QwQpump,0.00003824627682848192
2025-10-29 12:25:00.000 UTC,6oLrTKh24ps1ZFpDf8kYd4hhNdznxbLJ31jt5QwQpump,0.000040595133051489944
2025-10-29 12:26:00.000 UTC,6oLrTKh24ps1ZFpDf8kYd4hhNdznxbLJ31jt5QwQpump,0.00004458491925165196
2025-10-29 12:27:00.000 UTC,6oLrTKh24ps1ZFpDf8kYd4hhNdznxbLJ31jt5QwQpump,0.00004880564081802925
2025-10-29 12:28:00.000 UTC,6oLrTKh24ps1ZFpDf8kYd4hhNdznxbLJ31jt5QwQpump,0.00005010183451175481
2025-10-29 12:29:00.000 UTC,6oLrTKh24ps1ZFpDf8kYd4hhNdznxbLJ31jt5QwQpump,0.00004597863634069338
2025-10-29 12:30:00.000 UTC,6oLrTKh24ps1ZFpDf8kYd4hhNdznxbLJ31jt5QwQpump,0.00003882549197225449
2025-10-29 12:31:00.000 UTC,6oLrTKh24ps1ZFpDf8kYd4hhNdznxbLJ31jt5QwQpump,0.000046950809608292844
2025-10-29 12:32:00.000 UTC,6oLrTKh24ps1ZFpDf8kYd4hhNdznxbLJ31jt5QwQpump,0.00003833553161891994
2025-10-29 12:33:00.000 UTC,6oLrTKh24ps1ZFpDf8kYd4hhNdznxbLJ31jt5QwQpump,0.000034126483890053344
2025-10-29 12:34:00.000 UTC,6oLrTKh24ps1ZFpDf8kYd4hhNdznxbLJ31jt5QwQpump,0.000035566401534557575
2025-10-29 12:35:00.000 UTC,6oLrTKh24ps1ZFpDf8kYd4hhNdznxbLJ31jt5QwQpump,0.00003628571947495755
2025-10-29 12:36:00.000 UTC,6oLrTKh24ps1ZFpDf8kYd4hhNdznxbLJ31jt5QwQpump,0.000029716815703264227
2025-10-29 12:37:00.000 UTC,6oLrTKh24ps1ZFpDf8kYd4hhNdznxbLJ31jt5QwQpump,0.000026952510860021016
2025-10-29 12:38:00.000 UTC,6oLrTKh24ps1ZFpDf8kYd4hhNdznxbLJ31jt5QwQpump,0.00002823948208568034
2025-10-29 12:39:00.000 UTC,6oLrTKh24ps1ZFpDf8kYd4hhNdznxbLJ31jt5QwQpump,0.00002910831503047964
2025-10-29 12:40:00.000 UTC,6oLrTKh24ps1ZFpDf8kYd4hhNdznxbLJ31jt5QwQpump,0.000029408712771602937
2025-10-29 12:41:00.000 UTC,6oLrTKh24ps1ZFpDf8kYd4hhNdznxbLJ31jt5QwQpump,0.000021259463295993503
2025-10-29 12:42:00.000 UTC,6oLrTKh24ps1ZFpDf8kYd4hhNdznxbLJ31jt5QwQpump,0.000022965277570382614
2025-10-29 12:43:00.000 UTC,6oLrTKh24ps1ZFpDf8kYd4hhNdznxbLJ31jt5QwQpump,0.000024401209605268826
2025-10-29 12:44:00.000 UTC,6oLrTKh24ps1ZFpDf8kYd4hhNdznxbLJ31jt5QwQpump,0.000026072867536208012
2025-10-29 12:45:00.000 UTC,6oLrTKh24ps1ZFpDf8kYd4hhNdznxbLJ31jt5QwQpump,0.000026704015461751732
2025-10-29 12:46:00.000 UTC,6oLrTKh24ps1ZFpDf8kYd4hhNdznxbLJ31jt5QwQpump,0.00002562418556784559
2025-10-29 12:47:00.000 UTC,6oLrTKh24ps1ZFpDf8kYd4hhNdznxbLJ31jt5QwQpump,0.000026431579957841034
2025-10-29 12:48:00.000 UTC,6oLrTKh24ps1ZFpDf8kYd4hhNdznxbLJ31jt5QwQpump,0.00002656593002624906
2025-10-29 12:49:00.000 UTC,6oLrTKh24ps1ZFpDf8kYd4hhNdznxbLJ31jt5QwQpump,0.000023248909197841775
2025-10-29 12:50:00.000 UTC,6oLrTKh24ps1ZFpDf8kYd4hhNdznxbLJ31jt5QwQpump,0.000025021262106254574
2025-10-29 12:51:00.000 UTC,6oLrTKh24ps1ZFpDf8kYd4hhNdznxbLJ31jt5QwQpump,0.000028363215390815636
2025-10-29 12:52:00.000 UTC,6oLrTKh24ps1ZFpDf8kYd4hhNdznxbLJ31jt5QwQpump,0.00003404267191982384
2025-10-29 12:53:00.000 UTC,6oLrTKh24ps1ZFpDf8kYd4hhNdznxbLJ31jt5QwQpump,0.00003589558249160761
2025-10-29 12:54:00.000 UTC,6oLrTKh24ps1ZFpDf8kYd4hhNdznxbLJ31jt5QwQpump,0.000034144226041255047
2025-10-29 12:55:00.000 UTC,6oLrTKh24ps1ZFpDf8kYd4hhNdznxbLJ31jt5QwQpump,0.00003442013912133006
2025-10-29 12:56:00.000 UTC,6oLrTKh24ps1ZFpDf8kYd4hhNdznxbLJ31jt5QwQpump,0.00003382342819264208
2025-10-29 12:57:00.000 UTC,6oLrTKh24ps1ZFpDf8kYd4hhNdznxbLJ31jt5QwQpump,0.00003609056858198316
2025-10-29 12:58:00.000 UTC,6oLrTKh24ps1ZFpDf8kYd4hhNdznxbLJ31jt5QwQpump,0.00003848649494040948
2025-10-29 12:59:00.000 UTC,6oLrTKh24ps1ZFpDf8kYd4hhNdznxbLJ31jt5QwQpump,0.00003910392163016779
2025-10-29 13:00:00.000 UTC,6oLrTKh24ps1ZFpDf8kYd4hhNdznxbLJ31jt5QwQpump,0.00003894592004669744
2025-10-29 13:02:00.000 UTC,6oLrTKh24ps1ZFpDf8kYd4hhNdznxbLJ31jt5QwQpump,0.000037765255393179636
2025-10-29 13:04:00.000 UTC,6oLrTKh24ps1ZFpDf8kYd4hhNdznxbLJ31jt5QwQpump,0.00003366631821981522
2025-10-29 13:05:00.000 UTC,6oLrTKh24ps1ZFpDf8kYd4hhNdznxbLJ31jt5QwQpump,0.000031571531302791604
2025-10-29 13:06:00.000 UTC,6oLrTKh24ps1ZFpDf8kYd4hhNdznxbLJ31jt5QwQpump,0.000028293815814615964
2025-10-29 13:07:00.000 UTC,6oLrTKh24ps1ZFpDf8kYd4hhNdznxbLJ31jt5QwQpump,0.00002919575514602467
2025-10-29 13:08:00.000 UTC,6oLrTKh24ps1ZFpDf8kYd4hhNdznxbLJ31jt5QwQpump,0.000027775536714730928
2025-10-29 13:09:00.000 UTC,6oLrTKh24ps1ZFpDf8kYd4hhNdznxbLJ31jt5QwQpump,0.000026845425213592037
2025-10-29 13:10:00.000 UTC,6oLrTKh24ps1ZFpDf8kYd4hhNdznxbLJ31jt5QwQpump,0.00002523961998053747
2025-10-29 13:11:00.000 UTC,6oLrTKh24ps1ZFpDf8kYd4hhNdznxbLJ31jt5QwQpump,0.000025473256418638738
2025-10-29 13:12:00.000 UTC,6oLrTKh24ps1ZFpDf8kYd4hhNdznxbLJ31jt5QwQpump,0.000026928330178777965
2025-10-29 13:13:00.000 UTC,6oLrTKh24ps1ZFpDf8kYd4hhNdznxbLJ31jt5QwQpump,0.000028065619856162397
2025-10-29 13:14:00.000 UTC,6oLrTKh24ps1ZFpDf8kYd4hhNdznxbLJ31jt5QwQpump,0.000029511242055453527
2025-10-29 13:15:00.000 UTC,6oLrTKh24ps1ZFpDf8kYd4hhNdznxbLJ31jt5QwQpump,0.000029969272976392874
2025-10-29 13:16:00.000 UTC,6oLrTKh24ps1ZFpDf8kYd4hhNdznxbLJ31jt5QwQpump,0.000031757456021389705
2025-10-29 13:17:00.000 UTC,6oLrTKh24ps1ZFpDf8kYd4hhNdznxbLJ31jt5QwQpump,0.00003486534664908167
2025-10-29 13:18:00.000 UTC,6oLrTKh24ps1ZFpDf8kYd4hhNdznxbLJ31jt5QwQpump,0.00003676876838981265
2025-10-29 13:19:00.000 UTC,6oLrTKh24ps1ZFpDf8kYd4hhNdznxbLJ31jt5QwQpump,0.00003665100260575855
2025-10-29 13:21:00.000 UTC,6oLrTKh24ps1ZFpDf8kYd4hhNdznxbLJ31jt5QwQpump,0.000038419046120122044
2025-10-29 13:22:00.000 UTC,6oLrTKh24ps1ZFpDf8kYd4hhNdznxbLJ31jt5QwQpump,0.000033147241753705596
2025-10-29 13:23:00.000 UTC,6oLrTKh24ps1ZFpDf8kYd4hhNdznxbLJ31jt5QwQpump,0.00003333576006685394
2025-10-29 13:24:00.000 UTC,6oLrTKh24ps1ZFpDf8kYd4hhNdznxbLJ31jt5QwQpump,0.00003359674578055737
2025-10-29 13:25:00.000 UTC,6oLrTKh24ps1ZFpDf8kYd4hhNdznxbLJ31jt5QwQpump,0.00003215317019895226
2025-10-29 13:28:00.000 UTC,6oLrTKh24ps1ZFpDf8kYd4hhNdznxbLJ31jt5QwQpump,0.00003201316579205277
2025-10-29 13:29:00.000 UTC,6oLrTKh24ps1ZFpDf8kYd4hhNdznxbLJ31jt5QwQpump,0.00003268979399422174
2025-10-29 13:30:00.000 UTC,6oLrTKh24ps1ZFpDf8kYd4hhNdznxbLJ31jt5QwQpump,0.000035143285701050476
2025-10-29 13:31:00.000 UTC,6oLrTKh24ps1ZFpDf8kYd4hhNdznxbLJ31jt5QwQpump,0.00003751457608032861
2025-10-29 13:32:00.000 UTC,6oLrTKh24ps1ZFpDf8kYd4hhNdznxbLJ31jt5QwQpump,0.000035689661550360204
2025-10-29 13:36:00.000 UTC,6oLrTKh24ps1ZFpDf8kYd4hhNdznxbLJ31jt5QwQpump,0.00003511390050740596
2025-10-29 13:38:00.000 UTC,6oLrTKh24ps1ZFpDf8kYd4hhNdznxbLJ31jt5QwQpump,0.00003531140892440258
2025-10-29 13:39:00.000 UTC,6oLrTKh24ps1ZFpDf8kYd4hhNdznxbLJ31jt5QwQpump,0.00003703182884446089
2025-10-29 13:40:00.000 UTC,6oLrTKh24ps1ZFpDf8kYd4hhNdznxbLJ31jt5QwQpump,0.0000373281799918233
2025-10-29 13:41:00.000 UTC,6oLrTKh24ps1ZFpDf8kYd4hhNdznxbLJ31jt5QwQpump,0.00003732988950698906
2025-10-29 13:42:00.000 UTC,6oLrTKh24ps1ZFpDf8kYd4hhNdznxbLJ31jt5QwQpump,0.00003723493438078553
2025-10-29 13:43:00.000 UTC,6oLrTKh24ps1ZFpDf8kYd4hhNdznxbLJ31jt5QwQpump,0.000037138866770354895
2025-10-29 13:44:00.000 UTC,6oLrTKh24ps1ZFpDf8kYd4hhNdznxbLJ31jt5QwQpump,0.00003571653806040359
2025-10-29 13:47:00.000 UTC,6oLrTKh24ps1ZFpDf8kYd4hhNdznxbLJ31jt5QwQpump,0.00003316139879931302
2025-10-29 13:48:00.000 UTC,6oLrTKh24ps1ZFpDf8kYd4hhNdznxbLJ31jt5QwQpump,0.00003342676973336002
2025-10-29 13:49:00.000 UTC,6oLrTKh24ps1ZFpDf8kYd4hhNdznxbLJ31jt5QwQpump,0.00003352908737071007
2025-10-29 13:50:00.000 UTC,6oLrTKh24ps1ZFpDf8kYd4hhNdznxbLJ31jt5QwQpump,0.00003380665086132232
2025-10-29 13:51:00.000 UTC,6oLrTKh24ps1ZFpDf8kYd4hhNdznxbLJ31jt5QwQpump,0.00003389675346310188
2025-10-29 13:52:00.000 UTC,6oLrTKh24ps1ZFpDf8kYd4hhNdznxbLJ31jt5QwQpump,0.00003422983702104562
2025-10-29 13:53:00.000 UTC,6oLrTKh24ps1ZFpDf8kYd4hhNdznxbLJ31jt5QwQpump,0.00003464310484214859
2025-10-29 13:54:00.000 UTC,6oLrTKh24ps1ZFpDf8kYd4hhNdznxbLJ31jt5QwQpump,0.0000352246862230196
2025-10-29 13:55:00.000 UTC,6oLrTKh24ps1ZFpDf8kYd4hhNdznxbLJ31jt5QwQpump,0.00003536377345550935
2025-10-29 13:56:00.000 UTC,6oLrTKh24ps1ZFpDf8kYd4hhNdznxbLJ31jt5QwQpump,0.00003677196101750118
2025-10-29 13:57:00.000 UTC,6oLrTKh24ps1ZFpDf8kYd4hhNdznxbLJ31jt5QwQpump,0.00003734075349920756
2025-10-29 13:59:00.000 UTC,6oLrTKh24ps1ZFpDf8kYd4hhNdznxbLJ31jt5QwQpump,0.000036737775605779415
2025-10-29 14:00:00.000 UTC,6oLrTKh24ps1ZFpDf8kYd4hhNdznxbLJ31jt5QwQpump,0.00003284918673710524
2025-10-29 14:02:00.000 UTC,6oLrTKh24ps1ZFpDf8kYd4hhNdznxbLJ31jt5QwQpump,0.00003408787234979286
2025-10-29 14:04:00.000 UTC,6oLrTKh24ps1ZFpDf8kYd4hhNdznxbLJ31jt5QwQpump,0.000028231138218867068
2025-10-29 14:05:00.000 UTC,6oLrTKh24ps1ZFpDf8kYd4hhNdznxbLJ31jt5QwQpump,0.000023975564622229833
2025-10-29 14:06:00.000 UTC,6oLrTKh24ps1ZFpDf8kYd4hhNdznxbLJ31jt5QwQpump,0.00002433447847209624
2025-10-29 14:08:00.000 UTC,6oLrTKh24ps1ZFpDf8kYd4hhNdznxbLJ31jt5QwQpump,0.000024162777004927572
2025-10-29 14:10:00.000 UTC,6oLrTKh24ps1ZFpDf8kYd4hhNdznxbLJ31jt5QwQpump,0.000020072613699477267
2025-10-29 14:11:00.000 UTC,6oLrTKh24ps1ZFpDf8kYd4hhNdznxbLJ31jt5QwQpump,0.000020517767169324087
2025-10-29 14:12:00.000 UTC,6oLrTKh24ps1ZFpDf8kYd4hhNdznxbLJ31jt5QwQpump,0.000021542332000826128
2025-10-29 14:14:00.000 UTC,6oLrTKh24ps1ZFpDf8kYd4hhNdznxbLJ31jt5QwQpump,0.000022649976427718437
2025-10-29 14:15:00.000 UTC,6oLrTKh24ps1ZFpDf8kYd4hhNdznxbLJ31jt5QwQpump,0.00001528516958419784
2025-10-29 14:16:00.000 UTC,6oLrTKh24ps1ZFpDf8kYd4hhNdznxbLJ31jt5QwQpump,0.000015936204785480214
2025-10-29 14:17:00.000 UTC,6oLrTKh24ps1ZFpDf8kYd4hhNdznxbLJ31jt5QwQpump,0.000015313172554439213
2025-10-29 14:18:00.000 UTC,6oLrTKh24ps1ZFpDf8kYd4hhNdznxbLJ31jt5QwQpump,0.000017089497733554237
2025-10-29 14:21:00.000 UTC,6oLrTKh24ps1ZFpDf8kYd4hhNdznxbLJ31jt5QwQpump,0.00001742426303330341
2025-10-29 14:22:00.000 UTC,6oLrTKh24ps1ZFpDf8kYd4hhNdznxbLJ31jt5QwQpump,0.000015074292606981945
2025-10-29 14:23:00.000 UTC,6oLrTKh24ps1ZFpDf8kYd4hhNdznxbLJ31jt5QwQpump,0.000015100624606697899
2025-10-29 14:24:00.000 UTC,6oLrTKh24ps1ZFpDf8kYd4hhNdznxbLJ31jt5QwQpump,0.000015177496788714042
2025-10-29 14:25:00.000 UTC,6oLrTKh24ps1ZFpDf8kYd4hhNdznxbLJ31jt5QwQpump,0.000015233508244625339
2025-10-29 14:26:00.000 UTC,6oLrTKh24ps1ZFpDf8kYd4hhNdznxbLJ31jt5QwQpump,0.000015576260422205557
2025-10-29 14:28:00.000 UTC,6oLrTKh24ps1ZFpDf8kYd4hhNdznxbLJ31jt5QwQpump,0.000015828882336477334
2025-10-29 14:29:00.000 UTC,6oLrTKh24ps1ZFpDf8kYd4hhNdznxbLJ31jt5QwQpump,0.00001702849754552816
2025-10-29 14:30:00.000 UTC,6oLrTKh24ps1ZFpDf8kYd4hhNdznxbLJ31jt5QwQpump,0.00001742560383049741
2025-10-29 14:31:00.000 UTC,6oLrTKh24ps1ZFpDf8kYd4hhNdznxbLJ31jt5QwQpump,0.000017470202933071084
2025-10-29 14:32:00.000 UTC,6oLrTKh24ps1ZFpDf8kYd4hhNdznxbLJ31jt5QwQpump,0.000017499341629885818
2025-10-29 14:33:00.000 UTC,6oLrTKh24ps1ZFpDf8kYd4hhNdznxbLJ31jt5QwQpump,0.000017506676371892706
2025-10-29 14:36:00.000 UTC,6oLrTKh24ps1ZFpDf8kYd4hhNdznxbLJ31jt5QwQpump,0.000015620506046083458
2025-10-29 14:40:00.000 UTC,6oLrTKh24ps1ZFpDf8kYd4hhNdznxbLJ31jt5QwQpump,0.000014923504391836604
2025-10-29 14:48:00.000 UTC,6oLrTKh24ps1ZFpDf8kYd4hhNdznxbLJ31jt5QwQpump,0.000013034456879701565
2025-10-29 14:54:00.000 UTC,6oLrTKh24ps1ZFpDf8kYd4hhNdznxbLJ31jt5QwQpump,0.000011651935668032678
2025-10-29 14:55:00.000 UTC,6oLrTKh24ps1ZFpDf8kYd4hhNdznxbLJ31jt5QwQpump,0.000011934897490318618
2025-10-29 14:57:00.000 UTC,6oLrTKh24ps1ZFpDf8kYd4hhNdznxbLJ31jt5QwQpump,0.000012225594427823815
2025-10-29 15:01:00.000 UTC,6oLrTKh24ps1ZFpDf8kYd4hhNdznxbLJ31jt5QwQpump,0.000012331039935931787
2025-10-29 15:09:00.000 UTC,6oLrTKh24ps1ZFpDf8kYd4hhNdznxbLJ31jt5QwQpump,0.000010737196341377427
2025-10-29 15:11:00.000 UTC,6oLrTKh24ps1ZFpDf8kYd4hhNdznxbLJ31jt5QwQpump,0.00001067459038733839
2025-10-29 15:19:00.000 UTC,6oLrTKh24ps1ZFpDf8kYd4hhNdznxbLJ31jt5QwQpump,0.000009981299871862706
2025-10-29 15:27:00.000 UTC,6oLrTKh24ps1ZFpDf8kYd4hhNdznxbLJ31jt5QwQpump,0.000009978077998282031
2025-10-29 15:31:00.000 UTC,6oLrTKh24ps1ZFpDf8kYd4hhNdznxbLJ31jt5QwQpump,0.000010032522788625083
2025-10-29 15:43:00.000 UTC,6oLrTKh24ps1ZFpDf8kYd4hhNdznxbLJ31jt5QwQpump,0.000010105756191238051
2025-10-29 18:08:00.000 UTC,6oLrTKh24ps1ZFpDf8kYd4hhNdznxbLJ31jt5QwQpump,0.000007084753431972807
2025-10-29 21:08:00.000 UTC,6oLrTKh24ps1ZFpDf8kYd4hhNdznxbLJ31jt5QwQpump,0.000007581320315039564
2025-10-29 21:10:00.000 UTC,6oLrTKh24ps1ZFpDf8kYd4hhNdznxbLJ31jt5QwQpump,0.000007960393805954531
2025-10-29 21:19:00.000 UTC,6oLrTKh24ps1ZFpDf8kYd4hhNdznxbLJ31jt5QwQpump,0.000007004873805075845
2025-10-29 22:03:00.000 UTC,6oLrTKh24ps1ZFpDf8kYd4hhNdznxbLJ31jt5QwQpump,0.000006719044390390506
2025-10-29 22:14:00.000 UTC,6oLrTKh24ps1ZFpDf8kYd4hhNdznxbLJ31jt5QwQpump,0.000006736766460690714
2025-10-29 22:45:00.000 UTC,6oLrTKh24ps1ZFpDf8kYd4hhNdznxbLJ31jt5QwQpump,0.0000066779472818729
2025-10-29 23:43:00.000 UTC,6oLrTKh24ps1ZFpDf8kYd4hhNdznxbLJ31jt5QwQpump,0.000007095473805489743
2025-10-29 23:44:00.000 UTC,6oLrTKh24ps1ZFpDf8kYd4hhNdznxbLJ31jt5QwQpump,0.000006587316435461829
2026-05-25 11:47:00.000 UTC,6oLrTKh24ps1ZFpDf8kYd4hhNdznxbLJ31jt5QwQpump,0.0000028160047378824884
2026-05-25 11:48:00.000 UTC,6oLrTKh24ps1ZFpDf8kYd4hhNdznxbLJ31jt5QwQpump,0.000003726938481847219
2026-05-25 11:49:00.000 UTC,6oLrTKh24ps1ZFpDf8kYd4hhNdznxbLJ31jt5QwQpump,0.000002974839495345523
2026-05-25 11:57:00.000 UTC,6oLrTKh24ps1ZFpDf8kYd4hhNdznxbLJ31jt5QwQpump,0.0000027762253963278386
2026-05-25 12:06:00.000 UTC,6oLrTKh24ps1ZFpDf8kYd4hhNdznxbLJ31jt5QwQpump,0.0000026469849891272543
2026-08-18 14:13:00.000 UTC,6oLrTKh24ps1ZFpDf8kYd4hhNdznxbLJ31jt5QwQpump,0.000002367801759783982
2026-08-18 14:14:00.000 UTC,6oLrTKh24ps1ZFpDf8kYd4hhNdznxbLJ31jt5QwQpump,0.000002325555841886715
2026-08-16 09:20:00.000 UTC,6ogT2QgJvnPhtquRGaZ7ZuuNG5UvyVzLzadNjDG2pump,0.000002218730929422382
2026-09-02 01:12:00.000 UTC,6sCmtYvRBvAPNhJicScVdmSTFHeG8vNDpa6qwDcnpump,0.000002786304738559807
2026-09-02 01:13:00.000 UTC,6sCmtYvRBvAPNhJicScVdmSTFHeG8vNDpa6qwDcnpump,0.000002786300833983453
2026-09-02 00:57:00.000 UTC,6shPaKiDuA2cgtYuQ2RfGLXg6JbRtcw5haKWRnaKpump,0.000003012376254709685
2026-09-02 00:58:00.000 UTC,6shPaKiDuA2cgtYuQ2RfGLXg6JbRtcw5haKWRnaKpump,0.0000030910758263684544
2026-09-02 00:59:00.000 UTC,6shPaKiDuA2cgtYuQ2RfGLXg6JbRtcw5haKWRnaKpump,0.00000309223942657666
2026-09-08 00:41:00.000 UTC,6th5d5VEpSjg6sHR65fuXmr9gKbB5FL6oSSj4pukpump,0.000005457699772786911
2026-09-08 00:42:00.000 UTC,6th5d5VEpSjg6sHR65fuXmr9gKbB5FL6oSSj4pukpump,0.0000032548066651483312
2026-09-11 16:54:00.000 UTC,6trnmYSgQdJSX6q6fdBVKtWxh3v5VJAvAZkknt79pump,0.0000028618085210305768
2026-09-11 16:55:00.000 UTC,6trnmYSgQdJSX6q6fdBVKtWxh3v5VJAvAZkknt79pump,0.0000028657283444279014
2026-08-22 17:51:00.000 UTC,6unf5bWkFw6E4Xb1b8BJ4ZjwtV2JEUMbVoWxMfXjpump,0.000003095511129390644
2026-08-22 17:52:00.000 UTC,6unf5bWkFw6E4Xb1b8BJ4ZjwtV2JEUMbVoWxMfXjpump,9.658607104526161e-8
2026-08-15 14:06:00.000 UTC,6wHrk7gdp25CfUR7vihkH1biL93KpgC93LxgjeP2pump,0.000002981394072773408
2026-09-09 23:16:00.000 UTC,6wX9UUVhxP5d7bB4S1sL4t8jtoWdG4bzzEu6A1Vspump,0.0000028448285578444398
2026-09-09 23:17:00.000 UTC,6wX9UUVhxP5d7bB4S1sL4t8jtoWdG4bzzEu6A1Vspump,0.000002905956177827086
2026-08-29 10:02:00.000 UTC,6xkjJay7X2JhcdidNzfvDdSdk2yrXGAzFTvQ5SYJpump,0.00000320704681693433
2026-08-29 10:03:00.000 UTC,6xkjJay7X2JhcdidNzfvDdSdk2yrXGAzFTvQ5SYJpump,0.0000033959641632782303
2026-08-29 10:08:00.000 UTC,6xkjJay7X2JhcdidNzfvDdSdk2yrXGAzFTvQ5SYJpump,0.0000032530500996608604
2026-08-29 10:13:00.000 UTC,6xkjJay7X2JhcdidNzfvDdSdk2yrXGAzFTvQ5SYJpump,0.000003432890548545966
2026-08-29 10:14:00.000 UTC,6xkjJay7X2JhcdidNzfvDdSdk2yrXGAzFTvQ5SYJpump,0.000004774405897831068
2026-08-29 10:15:00.000 UTC,6xkjJay7X2JhcdidNzfvDdSdk2yrXGAzFTvQ5SYJpump,0.000004068553578567017
2026-08-29 10:16:00.000 UTC,6xkjJay7X2JhcdidNzfvDdSdk2yrXGAzFTvQ5SYJpump,0.000004433121869373246
2026-08-29 10:17:00.000 UTC,6xkjJay7X2JhcdidNzfvDdSdk2yrXGAzFTvQ5SYJpump,0.000004336726879217127
2026-08-29 10:18:00.000 UTC,6xkjJay7X2JhcdidNzfvDdSdk2yrXGAzFTvQ5SYJpump,0.000004342374650412523
2026-08-29 10:20:00.000 UTC,6xkjJay7X2JhcdidNzfvDdSdk2yrXGAzFTvQ5SYJpump,0.0000047203213037668674
2026-08-29 10:26:00.000 UTC,6xkjJay7X2JhcdidNzfvDdSdk2yrXGAzFTvQ5SYJpump,0.000004327428528870711
2026-08-29 10:27:00.000 UTC,6xkjJay7X2JhcdidNzfvDdSdk2yrXGAzFTvQ5SYJpump,0.000004340427630593544
2026-08-29 11:34:00.000 UTC,6xkjJay7X2JhcdidNzfvDdSdk2yrXGAzFTvQ5SYJpump,0.00000355833534049142
2026-08-29 11:37:00.000 UTC,6xkjJay7X2JhcdidNzfvDdSdk2yrXGAzFTvQ5SYJpump,0.0000035968439651672045
2026-08-29 11:51:00.000 UTC,6xkjJay7X2JhcdidNzfvDdSdk2yrXGAzFTvQ5SYJpump,0.0000036398517990628586
2026-08-29 12:28:00.000 UTC,6xkjJay7X2JhcdidNzfvDdSdk2yrXGAzFTvQ5SYJpump,0.000003695887329198166
2026-08-29 13:10:00.000 UTC,6xkjJay7X2JhcdidNzfvDdSdk2yrXGAzFTvQ5SYJpump,0.0000037507369800689805
2026-08-30 08:53:00.000 UTC,6xkjJay7X2JhcdidNzfvDdSdk2yrXGAzFTvQ5SYJpump,0.0000031710535587161336
2026-08-30 09:04:00.000 UTC,6xkjJay7X2JhcdidNzfvDdSdk2yrXGAzFTvQ5SYJpump,0.000003205893837504298
2026-08-31 13:02:00.000 UTC,6xkjJay7X2JhcdidNzfvDdSdk2yrXGAzFTvQ5SYJpump,0.0000030686616736942563
2026-08-31 15:52:00.000 UTC,6xkjJay7X2JhcdidNzfvDdSdk2yrXGAzFTvQ5SYJpump,0.0000031119464879417943
2026-08-31 16:46:00.000 UTC,6xkjJay7X2JhcdidNzfvDdSdk2yrXGAzFTvQ5SYJpump,0.0000029463067998728004
2026-09-02 15:25:00.000 UTC,6xkjJay7X2JhcdidNzfvDdSdk2yrXGAzFTvQ5SYJpump,0.0000027728134111305917
2026-09-08 11:48:00.000 UTC,6yS2xm3RemGykd3UaG7Y1P4YJp7G6rcqMM259ccR2ku,0.000003141104021265045
2026-09-08 11:49:00.000 UTC,6yS2xm3RemGykd3UaG7Y1P4YJp7G6rcqMM259ccR2ku,0.00000289817979629659
2026-08-20 07:51:00.000 UTC,6yahk4FpbpF2stsoMjcc4KqGqefxKXR5f4hkmaTiT1pi,0.000003481104766218735
2026-08-25 19:26:00.000 UTC,71teCUzvjfY7AucfURPdLaVgipnMSyrpKq18iVf1Yxho,0.0000035783848865683675
2026-08-29 17:34:00.000 UTC,74NuZJghiHnTkjFESpNNEFyWBgQFLqMto8415Ess1EPi,0.000005116799516482759
2026-08-29 17:36:00.000 UTC,74NuZJghiHnTkjFESpNNEFyWBgQFLqMto8415Ess1EPi,0.0000035459892477907994
2026-08-29 17:40:00.000 UTC,74NuZJghiHnTkjFESpNNEFyWBgQFLqMto8415Ess1EPi,0.000002967997908855972
2026-09-01 08:40:00.000 UTC,74zs8u4goicYThHkd26SygmU11XTsCQFUSfqmxUpump,0.000004439495514656243
2026-09-01 08:41:00.000 UTC,74zs8u4goicYThHkd26SygmU11XTsCQFUSfqmxUpump,0.000004958885624472099
2026-09-01 08:42:00.000 UTC,74zs8u4goicYThHkd26SygmU11XTsCQFUSfqmxUpump,0.00000565304761246282
2026-09-01 08:43:00.000 UTC,74zs8u4goicYThHkd26SygmU11XTsCQFUSfqmxUpump,0.000005082478011875045
2026-09-01 08:44:00.000 UTC,74zs8u4goicYThHkd26SygmU11XTsCQFUSfqmxUpump,0.000005455355942868729
2026-09-01 08:45:00.000 UTC,74zs8u4goicYThHkd26SygmU11XTsCQFUSfqmxUpump,0.000004539115492944105
2026-09-01 08:58:00.000 UTC,74zs8u4goicYThHkd26SygmU11XTsCQFUSfqmxUpump,0.00000293723448746693
2026-09-01 09:00:00.000 UTC,74zs8u4goicYThHkd26SygmU11XTsCQFUSfqmxUpump,0.0000030086415519611397
2026-09-01 16:08:00.000 UTC,74zs8u4goicYThHkd26SygmU11XTsCQFUSfqmxUpump,0.0000028510018601803916
2026-09-01 19:34:00.000 UTC,74zs8u4goicYThHkd26SygmU11XTsCQFUSfqmxUpump,0.0000027992312300437897
2026-08-18 18:40:00.000 UTC,75tXMjs4Rr7j8dM1VNS3zisoADTzZBHDh7nyYauCpump,0.000002425202752227129
2026-08-26 22:00:00.000 UTC,762qHkh2HzCL8aQvKAhCg5GrVpkz3QNWvKVkxjDmpump,0.0000037962860775430084
2026-08-26 22:01:00.000 UTC,762qHkh2HzCL8aQvKAhCg5GrVpkz3QNWvKVkxjDmpump,0.000004965274395374444
2026-08-26 22:02:00.000 UTC,762qHkh2HzCL8aQvKAhCg5GrVpkz3QNWvKVkxjDmpump,0.000006143201859554891
2026-08-26 22:03:00.000 UTC,762qHkh2HzCL8aQvKAhCg5GrVpkz3QNWvKVkxjDmpump,0.0000064293818972631914
2026-08-26 22:04:00.000 UTC,762qHkh2HzCL8aQvKAhCg5GrVpkz3QNWvKVkxjDmpump,0.000006583371055859022
2026-08-26 22:05:00.000 UTC,762qHkh2HzCL8aQvKAhCg5GrVpkz3QNWvKVkxjDmpump,0.000006357343113048773
2026-08-26 22:07:00.000 UTC,762qHkh2HzCL8aQvKAhCg5GrVpkz3QNWvKVkxjDmpump,0.000006395267249715053
2026-08-26 22:08:00.000 UTC,762qHkh2HzCL8aQvKAhCg5GrVpkz3QNWvKVkxjDmpump,0.000006583878472752824
2026-08-26 22:09:00.000 UTC,762qHkh2HzCL8aQvKAhCg5GrVpkz3QNWvKVkxjDmpump,0.000006998706597199476
2026-08-26 22:10:00.000 UTC,762qHkh2HzCL8aQvKAhCg5GrVpkz3QNWvKVkxjDmpump,0.000007206874911343719
2026-08-26 22:11:00.000 UTC,762qHkh2HzCL8aQvKAhCg5GrVpkz3QNWvKVkxjDmpump,0.000007251275314480461
2026-08-26 22:12:00.000 UTC,762qHkh2HzCL8aQvKAhCg5GrVpkz3QNWvKVkxjDmpump,0.000007272721636599653
2026-08-26 22:13:00.000 UTC,762qHkh2HzCL8aQvKAhCg5GrVpkz3QNWvKVkxjDmpump,0.0000073196421875865254
2026-08-26 22:14:00.000 UTC,762qHkh2HzCL8aQvKAhCg5GrVpkz3QNWvKVkxjDmpump,0.0000069669768199408624
2026-08-26 22:15:00.000 UTC,762qHkh2HzCL8aQvKAhCg5GrVpkz3QNWvKVkxjDmpump,0.000007182179661484354
2026-08-26 22:16:00.000 UTC,762qHkh2HzCL8aQvKAhCg5GrVpkz3QNWvKVkxjDmpump,0.0000073866307536683
2026-08-26 22:18:00.000 UTC,762qHkh2HzCL8aQvKAhCg5GrVpkz3QNWvKVkxjDmpump,0.000007722807839975036
2026-08-26 22:19:00.000 UTC,762qHkh2HzCL8aQvKAhCg5GrVpkz3QNWvKVkxjDmpump,0.000008305290153049105
2026-08-26 22:20:00.000 UTC,762qHkh2HzCL8aQvKAhCg5GrVpkz3QNWvKVkxjDmpump,0.0000066962753764856
2026-08-26 22:21:00.000 UTC,762qHkh2HzCL8aQvKAhCg5GrVpkz3QNWvKVkxjDmpump,0.00000706139756302204
2026-08-26 22:22:00.000 UTC,762qHkh2HzCL8aQvKAhCg5GrVpkz3QNWvKVkxjDmpump,0.0000068690697524937384
2026-08-26 22:24:00.000 UTC,762qHkh2HzCL8aQvKAhCg5GrVpkz3QNWvKVkxjDmpump,0.000006894545723338224
2026-08-26 22:26:00.000 UTC,762qHkh2HzCL8aQvKAhCg5GrVpkz3QNWvKVkxjDmpump,0.000006817427295190091
2026-08-26 22:30:00.000 UTC,762qHkh2HzCL8aQvKAhCg5GrVpkz3QNWvKVkxjDmpump,0.0000067906659400553356
2026-08-26 22:32:00.000 UTC,762qHkh2HzCL8aQvKAhCg5GrVpkz3QNWvKVkxjDmpump,0.000007004777765115355
2026-08-26 22:33:00.000 UTC,762qHkh2HzCL8aQvKAhCg5GrVpkz3QNWvKVkxjDmpump,0.000007149893405830515
2026-08-26 22:36:00.000 UTC,762qHkh2HzCL8aQvKAhCg5GrVpkz3QNWvKVkxjDmpump,0.000007322932418895412
2026-08-26 22:38:00.000 UTC,762qHkh2HzCL8aQvKAhCg5GrVpkz3QNWvKVkxjDmpump,0.000007454483838063453
2026-08-26 22:39:00.000 UTC,762qHkh2HzCL8aQvKAhCg5GrVpkz3QNWvKVkxjDmpump,0.000007897450300321701
2026-08-26 22:40:00.000 UTC,762qHkh2HzCL8aQvKAhCg5GrVpkz3QNWvKVkxjDmpump,0.000007296905964371892
2026-08-26 22:41:00.000 UTC,762qHkh2HzCL8aQvKAhCg5GrVpkz3QNWvKVkxjDmpump,0.000007329968716063268
2026-08-26 22:42:00.000 UTC,762qHkh2HzCL8aQvKAhCg5GrVpkz3QNWvKVkxjDmpump,0.0000073554181624819714
2026-08-26 22:43:00.000 UTC,762qHkh2HzCL8aQvKAhCg5GrVpkz3QNWvKVkxjDmpump,0.000007542509334642486
2026-08-26 22:44:00.000 UTC,762qHkh2HzCL8aQvKAhCg5GrVpkz3QNWvKVkxjDmpump,0.000007359005918814632
2026-08-26 22:45:00.000 UTC,762qHkh2HzCL8aQvKAhCg5GrVpkz3QNWvKVkxjDmpump,0.000007724754565184672
2026-08-26 22:46:00.000 UTC,762qHkh2HzCL8aQvKAhCg5GrVpkz3QNWvKVkxjDmpump,0.000007729020244204164
2026-08-26 22:47:00.000 UTC,762qHkh2HzCL8aQvKAhCg5GrVpkz3QNWvKVkxjDmpump,0.000007624285347394968
2026-08-26 22:48:00.000 UTC,762qHkh2HzCL8aQvKAhCg5GrVpkz3QNWvKVkxjDmpump,0.000006947722950136869
2026-08-26 22:49:00.000 UTC,762qHkh2HzCL8aQvKAhCg5GrVpkz3QNWvKVkxjDmpump,0.0000069982081070423085
2026-08-26 22:52:00.000 UTC,762qHkh2HzCL8aQvKAhCg5GrVpkz3QNWvKVkxjDmpump,0.000007036990270894265
2026-08-26 22:54:00.000 UTC,762qHkh2HzCL8aQvKAhCg5GrVpkz3QNWvKVkxjDmpump,0.0000068327137715631404
2026-08-26 23:26:00.000 UTC,762qHkh2HzCL8aQvKAhCg5GrVpkz3QNWvKVkxjDmpump,0.000005965192341150271
2026-08-26 23:27:00.000 UTC,762qHkh2HzCL8aQvKAhCg5GrVpkz3QNWvKVkxjDmpump,0.000006185491543970043
2026-08-26 23:29:00.000 UTC,762qHkh2HzCL8aQvKAhCg5GrVpkz3QNWvKVkxjDmpump,0.000006235978147578281
2026-08-26 23:30:00.000 UTC,762qHkh2HzCL8aQvKAhCg5GrVpkz3QNWvKVkxjDmpump,0.000006357953461740993
2026-08-26 23:31:00.000 UTC,762qHkh2HzCL8aQvKAhCg5GrVpkz3QNWvKVkxjDmpump,0.000006487584328685275
2026-08-26 23:32:00.000 UTC,762qHkh2HzCL8aQvKAhCg5GrVpkz3QNWvKVkxjDmpump,0.000006117956320880723
2026-08-26 23:33:00.000 UTC,762qHkh2HzCL8aQvKAhCg5GrVpkz3QNWvKVkxjDmpump,0.0000055632588961591725
2026-08-26 23:34:00.000 UTC,762qHkh2HzCL8aQvKAhCg5GrVpkz3QNWvKVkxjDmpump,0.000005322838473096284
2026-08-26 23:39:00.000 UTC,762qHkh2HzCL8aQvKAhCg5GrVpkz3QNWvKVkxjDmpump,0.000005146785949738069
2026-08-26 23:40:00.000 UTC,762qHkh2HzCL8aQvKAhCg5GrVpkz3QNWvKVkxjDmpump,0.000005162203958146523
2025-09-14 12:10:00.000 UTC,768hhmSBqTJbQVtgY6apNhM8bG6MNW89QLR5FAqXHXg3,0.0000068812783678044
2025-09-14 12:16:00.000 UTC,768hhmSBqTJbQVtgY6apNhM8bG6MNW89QLR5FAqXHXg3,0.0000068827156700546985
2025-09-14 12:17:00.000 UTC,768hhmSBqTJbQVtgY6apNhM8bG6MNW89QLR5FAqXHXg3,0.000006883384292974392
2026-08-20 21:19:00.000 UTC,768hhmSBqTJbQVtgY6apNhM8bG6MNW89QLR5FAqXHXg3,0.000002459220324749246
2026-08-28 07:07:00.000 UTC,76nk2RTxjxSqRFsqxNcwe6HMXnV4KAyjznXs7iQJpump,0.000002891199782130195
2026-08-28 07:08:00.000 UTC,76nk2RTxjxSqRFsqxNcwe6HMXnV4KAyjznXs7iQJpump,0.000001416475719275558
2026-08-18 18:48:00.000 UTC,789r43q6SCyMrUEasMkMZqqMtQHsciGhjP4S5TQ5pump,0.000003211278068284954
2026-09-09 21:35:00.000 UTC,78R7ho5CJQ4pywjPUCAW8t2Zibjdz2A9P66nz6Qxpump,0.000003761631559327511
2026-09-09 21:36:00.000 UTC,78R7ho5CJQ4pywjPUCAW8t2Zibjdz2A9P66nz6Qxpump,0.000003779768467756313
2026-09-09 02:16:00.000 UTC,79GDSUJY4U2APGjtjPkfmaxFYHiLzDdUQ2kcjFoor13G,0.0000034761625727245757
2026-09-09 02:20:00.000 UTC,79GDSUJY4U2APGjtjPkfmaxFYHiLzDdUQ2kcjFoor13G,0.00000314569561963862
2026-09-09 02:41:00.000 UTC,79GDSUJY4U2APGjtjPkfmaxFYHiLzDdUQ2kcjFoor13G,0.0000029052554052516114
2026-08-24 21:15:00.000 UTC,79aeSvFBkQDm32P3cwQ6VCuppKRcKsF6wr758AeWpump,0.000004059899422195891
2026-08-19 19:14:00.000 UTC,7AaqVU2A48AX7JrZEnRRsLDQTeCEgqNneiBwDdTBpump,0.000002355049074741625
2026-08-25 04:27:00.000 UTC,7AaqVU2A48AX7JrZEnRRsLDQTeCEgqNneiBwDdTBpump,0.000002838136115002222
2025-09-13 12:05:00.000 UTC,7BB6V4oBAJf2DetvCmwdfjrBQFqpx4RHxJeCz694pump,0.000008280047577713117
2025-09-13 12:06:00.000 UTC,7BB6V4oBAJf2DetvCmwdfjrBQFqpx4RHxJeCz694pump,0.000010257641861586881
2025-09-13 12:07:00.000 UTC,7BB6V4oBAJf2DetvCmwdfjrBQFqpx4RHxJeCz694pump,0.00001298251461412244
2025-09-13 12:08:00.000 UTC,7BB6V4oBAJf2DetvCmwdfjrBQFqpx4RHxJeCz694pump,0.000012868831841235997
2026-08-18 00:24:00.000 UTC,7BB6V4oBAJf2DetvCmwdfjrBQFqpx4RHxJeCz694pump,0.0000021428786239100945
2026-08-24 01:52:00.000 UTC,7BB6V4oBAJf2DetvCmwdfjrBQFqpx4RHxJeCz694pump,0.000002776890680231917
2026-08-24 15:15:00.000 UTC,7Bqt7v9PVLbMiLpJ6AZUHumqwT88AENUKbggyckWpump,0.0000026936608359262374
2025-01-06 08:04:00.000 UTC,7CfURBM4SZnCRqTVPwnC3PYeAg7fvmqE5fa2WjvbaJJX,0.000006190586493098389
2025-04-14 02:36:00.000 UTC,7CfURBM4SZnCRqTVPwnC3PYeAg7fvmqE5fa2WjvbaJJX,0.0000049195999865355984
2025-04-14 02:37:00.000 UTC,7CfURBM4SZnCRqTVPwnC3PYeAg7fvmqE5fa2WjvbaJJX,0.000006330022048741091
2025-04-14 02:38:00.000 UTC,7CfURBM4SZnCRqTVPwnC3PYeAg7fvmqE5fa2WjvbaJJX,0.000010554624897488975
2025-04-14 02:39:00.000 UTC,7CfURBM4SZnCRqTVPwnC3PYeAg7fvmqE5fa2WjvbaJJX,0.000012282210883296631
2025-04-14 02:40:00.000 UTC,7CfURBM4SZnCRqTVPwnC3PYeAg7fvmqE5fa2WjvbaJJX,0.000013679198322736069
2025-04-14 02:41:00.000 UTC,7CfURBM4SZnCRqTVPwnC3PYeAg7fvmqE5fa2WjvbaJJX,0.000014730078615484898
2025-04-14 02:42:00.000 UTC,7CfURBM4SZnCRqTVPwnC3PYeAg7fvmqE5fa2WjvbaJJX,0.00001356302664237702
2025-04-14 02:43:00.000 UTC,7CfURBM4SZnCRqTVPwnC3PYeAg7fvmqE5fa2WjvbaJJX,0.00001298230658714706
2025-04-14 02:44:00.000 UTC,7CfURBM4SZnCRqTVPwnC3PYeAg7fvmqE5fa2WjvbaJJX,0.00001348342494695971
2025-04-14 02:45:00.000 UTC,7CfURBM4SZnCRqTVPwnC3PYeAg7fvmqE5fa2WjvbaJJX,0.000013592376465118232
2025-04-14 02:52:00.000 UTC,7CfURBM4SZnCRqTVPwnC3PYeAg7fvmqE5fa2WjvbaJJX,0.000004099431516480973
2025-04-14 14:24:00.000 UTC,7CfURBM4SZnCRqTVPwnC3PYeAg7fvmqE5fa2WjvbaJJX,0.13182
2026-06-18 03:55:00.000 UTC,7CfURBM4SZnCRqTVPwnC3PYeAg7fvmqE5fa2WjvbaJJX,0.0000022373355572029638
2026-06-18 03:56:00.000 UTC,7CfURBM4SZnCRqTVPwnC3PYeAg7fvmqE5fa2WjvbaJJX,0.000002419306191133094
2026-06-18 03:57:00.000 UTC,7CfURBM4SZnCRqTVPwnC3PYeAg7fvmqE5fa2WjvbaJJX,0.0000026940133184823473
2026-06-18 04:00:00.000 UTC,7CfURBM4SZnCRqTVPwnC3PYeAg7fvmqE5fa2WjvbaJJX,0.000002501787580883894
2026-06-18 04:01:00.000 UTC,7CfURBM4SZnCRqTVPwnC3PYeAg7fvmqE5fa2WjvbaJJX,0.0000031035982545970376
2026-06-18 04:02:00.000 UTC,7CfURBM4SZnCRqTVPwnC3PYeAg7fvmqE5fa2WjvbaJJX,0.0000032463981271109986
2026-06-18 04:03:00.000 UTC,7CfURBM4SZnCRqTVPwnC3PYeAg7fvmqE5fa2WjvbaJJX,0.0000032289988988023176
2026-06-18 04:04:00.000 UTC,7CfURBM4SZnCRqTVPwnC3PYeAg7fvmqE5fa2WjvbaJJX,0.0000035535253117048114
2026-06-18 04:05:00.000 UTC,7CfURBM4SZnCRqTVPwnC3PYeAg7fvmqE5fa2WjvbaJJX,0.0000029064571839287867
2026-06-18 04:06:00.000 UTC,7CfURBM4SZnCRqTVPwnC3PYeAg7fvmqE5fa2WjvbaJJX,0.000003411531056174849
2026-06-18 04:07:00.000 UTC,7CfURBM4SZnCRqTVPwnC3PYeAg7fvmqE5fa2WjvbaJJX,0.000003903629576217376
2026-06-18 04:08:00.000 UTC,7CfURBM4SZnCRqTVPwnC3PYeAg7fvmqE5fa2WjvbaJJX,0.000003785538979959208
2026-06-18 04:09:00.000 UTC,7CfURBM4SZnCRqTVPwnC3PYeAg7fvmqE5fa2WjvbaJJX,0.000004166122973882498
2026-06-18 04:11:00.000 UTC,7CfURBM4SZnCRqTVPwnC3PYeAg7fvmqE5fa2WjvbaJJX,0.000003900462600940231
2026-06-18 04:12:00.000 UTC,7CfURBM4SZnCRqTVPwnC3PYeAg7fvmqE5fa2WjvbaJJX,0.000004048671985682954
2026-06-18 04:13:00.000 UTC,7CfURBM4SZnCRqTVPwnC3PYeAg7fvmqE5fa2WjvbaJJX,0.000003995091810756244
2026-06-18 04:14:00.000 UTC,7CfURBM4SZnCRqTVPwnC3PYeAg7fvmqE5fa2WjvbaJJX,0.000004140633512098192
2026-06-18 04:15:00.000 UTC,7CfURBM4SZnCRqTVPwnC3PYeAg7fvmqE5fa2WjvbaJJX,0.0000046777378843361585
2026-06-18 04:16:00.000 UTC,7CfURBM4SZnCRqTVPwnC3PYeAg7fvmqE5fa2WjvbaJJX,0.000004341311749129821
2026-06-18 04:17:00.000 UTC,7CfURBM4SZnCRqTVPwnC3PYeAg7fvmqE5fa2WjvbaJJX,0.000004045445612534487
2026-06-18 04:18:00.000 UTC,7CfURBM4SZnCRqTVPwnC3PYeAg7fvmqE5fa2WjvbaJJX,0.000004112372491507388
2026-06-18 04:19:00.000 UTC,7CfURBM4SZnCRqTVPwnC3PYeAg7fvmqE5fa2WjvbaJJX,0.0000031956191485288725
2026-06-18 04:20:00.000 UTC,7CfURBM4SZnCRqTVPwnC3PYeAg7fvmqE5fa2WjvbaJJX,0.0000030980263783169534
2026-06-18 04:21:00.000 UTC,7CfURBM4SZnCRqTVPwnC3PYeAg7fvmqE5fa2WjvbaJJX,0.000003149568049581366
2026-06-18 04:23:00.000 UTC,7CfURBM4SZnCRqTVPwnC3PYeAg7fvmqE5fa2WjvbaJJX,0.00000293222821145602
2026-06-18 04:24:00.000 UTC,7CfURBM4SZnCRqTVPwnC3PYeAg7fvmqE5fa2WjvbaJJX,0.0000029146196271360764
2026-06-18 04:30:00.000 UTC,7CfURBM4SZnCRqTVPwnC3PYeAg7fvmqE5fa2WjvbaJJX,0.0000029967189930264747
2026-06-18 04:43:00.000 UTC,7CfURBM4SZnCRqTVPwnC3PYeAg7fvmqE5fa2WjvbaJJX,0.0000028113931144414754
2026-06-18 04:47:00.000 UTC,7CfURBM4SZnCRqTVPwnC3PYeAg7fvmqE5fa2WjvbaJJX,0.00000284748852047373
2026-06-18 04:54:00.000 UTC,7CfURBM4SZnCRqTVPwnC3PYeAg7fvmqE5fa2WjvbaJJX,0.000002868777251489245
2026-06-18 05:04:00.000 UTC,7CfURBM4SZnCRqTVPwnC3PYeAg7fvmqE5fa2WjvbaJJX,0.0000029335220954431017
2026-06-18 05:05:00.000 UTC,7CfURBM4SZnCRqTVPwnC3PYeAg7fvmqE5fa2WjvbaJJX,0.0000029700009775580507
2026-06-18 05:08:00.000 UTC,7CfURBM4SZnCRqTVPwnC3PYeAg7fvmqE5fa2WjvbaJJX,0.0000036569025281573405
2026-06-18 05:09:00.000 UTC,7CfURBM4SZnCRqTVPwnC3PYeAg7fvmqE5fa2WjvbaJJX,0.0000038168176404423495
2026-06-18 05:10:00.000 UTC,7CfURBM4SZnCRqTVPwnC3PYeAg7fvmqE5fa2WjvbaJJX,0.00000392099261001053
2026-06-18 05:11:00.000 UTC,7CfURBM4SZnCRqTVPwnC3PYeAg7fvmqE5fa2WjvbaJJX,0.000003902854509172406
2026-06-18 05:12:00.000 UTC,7CfURBM4SZnCRqTVPwnC3PYeAg7fvmqE5fa2WjvbaJJX,0.0000037261749395089074
2026-06-18 05:13:00.000 UTC,7CfURBM4SZnCRqTVPwnC3PYeAg7fvmqE5fa2WjvbaJJX,0.0000037992481389631462
2026-06-18 05:14:00.000 UTC,7CfURBM4SZnCRqTVPwnC3PYeAg7fvmqE5fa2WjvbaJJX,0.0000036216856459897685
2026-06-18 05:18:00.000 UTC,7CfURBM4SZnCRqTVPwnC3PYeAg7fvmqE5fa2WjvbaJJX,0.000003727956682658539
2026-06-18 05:19:00.000 UTC,7CfURBM4SZnCRqTVPwnC3PYeAg7fvmqE5fa2WjvbaJJX,0.000003859585631016817
2026-06-18 05:20:00.000 UTC,7CfURBM4SZnCRqTVPwnC3PYeAg7fvmqE5fa2WjvbaJJX,0.000003986702689886405
2026-06-18 05:22:00.000 UTC,7CfURBM4SZnCRqTVPwnC3PYeAg7fvmqE5fa2WjvbaJJX,0.0000041879485912311815
2026-06-18 05:23:00.000 UTC,7CfURBM4SZnCRqTVPwnC3PYeAg7fvmqE5fa2WjvbaJJX,0.00000398607943031918
2026-06-18 05:25:00.000 UTC,7CfURBM4SZnCRqTVPwnC3PYeAg7fvmqE5fa2WjvbaJJX,0.0000032188046495839727
2026-06-18 05:26:00.000 UTC,7CfURBM4SZnCRqTVPwnC3PYeAg7fvmqE5fa2WjvbaJJX,0.000003155346552062514
2026-06-18 05:29:00.000 UTC,7CfURBM4SZnCRqTVPwnC3PYeAg7fvmqE5fa2WjvbaJJX,0.0000031686275443275997
2026-06-18 05:30:00.000 UTC,7CfURBM4SZnCRqTVPwnC3PYeAg7fvmqE5fa2WjvbaJJX,0.0000031768714503996437
2026-06-18 05:41:00.000 UTC,7CfURBM4SZnCRqTVPwnC3PYeAg7fvmqE5fa2WjvbaJJX,0.00000310991941334938
2026-08-28 23:29:00.000 UTC,7CfURBM4SZnCRqTVPwnC3PYeAg7fvmqE5fa2WjvbaJJX,0.0000034444349449075184
2026-08-26 23:25:00.000 UTC,7DoS1xpEDXhrcdwYUhCDj2vk8tHvEXAPR25fcz44pump,0.000002817802979496016
2026-08-29 16:11:00.000 UTC,7E2tKpdyYokt3FnvtsQV1q58L1F8d1PgbcJsXF3Qpump,0.000001311329043085083
2026-08-29 16:12:00.000 UTC,7E2tKpdyYokt3FnvtsQV1q58L1F8d1PgbcJsXF3Qpump,8.882684178139801e-7
2026-08-29 16:13:00.000 UTC,7E2tKpdyYokt3FnvtsQV1q58L1F8d1PgbcJsXF3Qpump,3.9499274487170555e-7
2026-08-26 23:18:00.000 UTC,7FEhFbTLd7mWJJrm4cnGNGM8MHLapBedsiTxc8LBpump,0.0000028062496578915195
2026-08-25 18:39:00.000 UTC,7HjmECTkSPv2wvz8GkU2xidgU55ETdCS2ZwBWTHdpump,0.0000027590526709917435
2024-10-16 17:46:00.000 UTC,7HthLTHoPC6VwhoAm6h5iDXvfYeeKHAT7NTY2KWodaLq,0.0000055164847855850285
2024-10-16 17:48:00.000 UTC,7HthLTHoPC6VwhoAm6h5iDXvfYeeKHAT7NTY2KWodaLq,0.000006169387707806109
2024-10-16 17:49:00.000 UTC,7HthLTHoPC6VwhoAm6h5iDXvfYeeKHAT7NTY2KWodaLq,0.000006382439074030726
2024-10-16 18:22:00.000 UTC,7HthLTHoPC6VwhoAm6h5iDXvfYeeKHAT7NTY2KWodaLq,0.000004603198272099211
2024-10-16 18:26:00.000 UTC,7HthLTHoPC6VwhoAm6h5iDXvfYeeKHAT7NTY2KWodaLq,0.000004759379126745253
2024-10-16 18:27:00.000 UTC,7HthLTHoPC6VwhoAm6h5iDXvfYeeKHAT7NTY2KWodaLq,0.000004760736488424717
2024-10-16 18:28:00.000 UTC,7HthLTHoPC6VwhoAm6h5iDXvfYeeKHAT7NTY2KWodaLq,0.0000047609135631860124
2024-10-16 18:29:00.000 UTC,7HthLTHoPC6VwhoAm6h5iDXvfYeeKHAT7NTY2KWodaLq,0.00000476091354062502
2024-10-16 18:30:00.000 UTC,7HthLTHoPC6VwhoAm6h5iDXvfYeeKHAT7NTY2KWodaLq,0.0000047590690539527394
2024-10-16 18:31:00.000 UTC,7HthLTHoPC6VwhoAm6h5iDXvfYeeKHAT7NTY2KWodaLq,0.0000055218096323493516
2024-10-16 18:32:00.000 UTC,7HthLTHoPC6VwhoAm6h5iDXvfYeeKHAT7NTY2KWodaLq,0.000008173235118178739
2024-10-16 18:33:00.000 UTC,7HthLTHoPC6VwhoAm6h5iDXvfYeeKHAT7NTY2KWodaLq,0.000007656765381190285
2024-10-16 18:34:00.000 UTC,7HthLTHoPC6VwhoAm6h5iDXvfYeeKHAT7NTY2KWodaLq,0.000007539583625032312
2024-10-16 18:35:00.000 UTC,7HthLTHoPC6VwhoAm6h5iDXvfYeeKHAT7NTY2KWodaLq,0.000008812814046931392
2024-10-16 18:36:00.000 UTC,7HthLTHoPC6VwhoAm6h5iDXvfYeeKHAT7NTY2KWodaLq,0.000010534292983386642
2024-10-16 18:37:00.000 UTC,7HthLTHoPC6VwhoAm6h5iDXvfYeeKHAT7NTY2KWodaLq,0.000011553333041976087
2024-10-16 18:38:00.000 UTC,7HthLTHoPC6VwhoAm6h5iDXvfYeeKHAT7NTY2KWodaLq,0.00001249283864578165
2024-10-16 18:39:00.000 UTC,7HthLTHoPC6VwhoAm6h5iDXvfYeeKHAT7NTY2KWodaLq,0.000011808860310933224
2024-10-16 18:40:00.000 UTC,7HthLTHoPC6VwhoAm6h5iDXvfYeeKHAT7NTY2KWodaLq,0.000012897135276514371
2024-10-16 18:41:00.000 UTC,7HthLTHoPC6VwhoAm6h5iDXvfYeeKHAT7NTY2KWodaLq,0.000019736681861829503
2024-10-16 18:42:00.000 UTC,7HthLTHoPC6VwhoAm6h5iDXvfYeeKHAT7NTY2KWodaLq,0.00002332244591707293
2024-10-16 18:43:00.000 UTC,7HthLTHoPC6VwhoAm6h5iDXvfYeeKHAT7NTY2KWodaLq,0.000023912962006460617
2024-10-16 18:44:00.000 UTC,7HthLTHoPC6VwhoAm6h5iDXvfYeeKHAT7NTY2KWodaLq,0.00001522976359621156
2024-10-16 18:45:00.000 UTC,7HthLTHoPC6VwhoAm6h5iDXvfYeeKHAT7NTY2KWodaLq,0.000012892974591060657
2024-10-16 18:46:00.000 UTC,7HthLTHoPC6VwhoAm6h5iDXvfYeeKHAT7NTY2KWodaLq,0.000012277978165104363
2024-10-16 18:47:00.000 UTC,7HthLTHoPC6VwhoAm6h5iDXvfYeeKHAT7NTY2KWodaLq,0.000011511094552932352
2024-10-16 18:48:00.000 UTC,7HthLTHoPC6VwhoAm6h5iDXvfYeeKHAT7NTY2KWodaLq,0.000013103643000322606
2024-10-16 18:49:00.000 UTC,7HthLTHoPC6VwhoAm6h5iDXvfYeeKHAT7NTY2KWodaLq,0.00001575069114468653
2024-10-16 18:50:00.000 UTC,7HthLTHoPC6VwhoAm6h5iDXvfYeeKHAT7NTY2KWodaLq,0.000012229834695759023
2024-10-16 18:51:00.000 UTC,7HthLTHoPC6VwhoAm6h5iDXvfYeeKHAT7NTY2KWodaLq,0.000012760102345782145
2024-10-16 18:52:00.000 UTC,7HthLTHoPC6VwhoAm6h5iDXvfYeeKHAT7NTY2KWodaLq,0.00000991052305937554
2024-10-16 18:53:00.000 UTC,7HthLTHoPC6VwhoAm6h5iDXvfYeeKHAT7NTY2KWodaLq,0.000009819900607076324
2024-10-16 18:54:00.000 UTC,7HthLTHoPC6VwhoAm6h5iDXvfYeeKHAT7NTY2KWodaLq,0.000009315684673497796
2024-10-16 18:55:00.000 UTC,7HthLTHoPC6VwhoAm6h5iDXvfYeeKHAT7NTY2KWodaLq,0.000009926820605727714
2024-10-16 18:56:00.000 UTC,7HthLTHoPC6VwhoAm6h5iDXvfYeeKHAT7NTY2KWodaLq,0.000008582304842519402
2024-10-16 18:57:00.000 UTC,7HthLTHoPC6VwhoAm6h5iDXvfYeeKHAT7NTY2KWodaLq,0.000007839373863454347
2024-10-16 18:58:00.000 UTC,7HthLTHoPC6VwhoAm6h5iDXvfYeeKHAT7NTY2KWodaLq,0.000007762926343506972
2024-10-16 18:59:00.000 UTC,7HthLTHoPC6VwhoAm6h5iDXvfYeeKHAT7NTY2KWodaLq,0.000007367568472349375
2024-10-16 19:00:00.000 UTC,7HthLTHoPC6VwhoAm6h5iDXvfYeeKHAT7NTY2KWodaLq,0.000007298728488734018
2024-10-16 19:05:00.000 UTC,7HthLTHoPC6VwhoAm6h5iDXvfYeeKHAT7NTY2KWodaLq,0.00000596998477408196
2024-10-16 19:11:00.000 UTC,7HthLTHoPC6VwhoAm6h5iDXvfYeeKHAT7NTY2KWodaLq,0.000006061830285956613
2024-10-16 19:16:00.000 UTC,7HthLTHoPC6VwhoAm6h5iDXvfYeeKHAT7NTY2KWodaLq,0.0000061269612849034366
2024-10-16 19:18:00.000 UTC,7HthLTHoPC6VwhoAm6h5iDXvfYeeKHAT7NTY2KWodaLq,0.000006516633862002491
2024-10-16 19:19:00.000 UTC,7HthLTHoPC6VwhoAm6h5iDXvfYeeKHAT7NTY2KWodaLq,0.0000076203414173470975
2024-10-16 19:20:00.000 UTC,7HthLTHoPC6VwhoAm6h5iDXvfYeeKHAT7NTY2KWodaLq,0.000007343015450836991
2024-10-16 19:26:00.000 UTC,7HthLTHoPC6VwhoAm6h5iDXvfYeeKHAT7NTY2KWodaLq,0.000007837270105433443
2024-10-16 19:27:00.000 UTC,7HthLTHoPC6VwhoAm6h5iDXvfYeeKHAT7NTY2KWodaLq,0.000009221485580977393
2024-10-16 19:28:00.000 UTC,7HthLTHoPC6VwhoAm6h5iDXvfYeeKHAT7NTY2KWodaLq,0.000009562694809692443
2024-10-16 19:29:00.000 UTC,7HthLTHoPC6VwhoAm6h5iDXvfYeeKHAT7NTY2KWodaLq,0.00000875181117936396
2024-10-16 19:31:00.000 UTC,7HthLTHoPC6VwhoAm6h5iDXvfYeeKHAT7NTY2KWodaLq,0.00000840757874009772
2024-10-16 19:32:00.000 UTC,7HthLTHoPC6VwhoAm6h5iDXvfYeeKHAT7NTY2KWodaLq,0.000008614886887594624
2024-10-16 19:33:00.000 UTC,7HthLTHoPC6VwhoAm6h5iDXvfYeeKHAT7NTY2KWodaLq,0.000008877143619317266
2024-10-16 19:35:00.000 UTC,7HthLTHoPC6VwhoAm6h5iDXvfYeeKHAT7NTY2KWodaLq,0.000008959286044525382
2024-10-16 19:36:00.000 UTC,7HthLTHoPC6VwhoAm6h5iDXvfYeeKHAT7NTY2KWodaLq,0.000009491286531639318
2024-10-16 19:37:00.000 UTC,7HthLTHoPC6VwhoAm6h5iDXvfYeeKHAT7NTY2KWodaLq,0.000009951503853568151
2024-10-16 19:38:00.000 UTC,7HthLTHoPC6VwhoAm6h5iDXvfYeeKHAT7NTY2KWodaLq,0.000010588187604064754
2024-10-16 19:39:00.000 UTC,7HthLTHoPC6VwhoAm6h5iDXvfYeeKHAT7NTY2KWodaLq,0.000011288926839354948
2024-10-16 19:40:00.000 UTC,7HthLTHoPC6VwhoAm6h5iDXvfYeeKHAT7NTY2KWodaLq,0.000011844861142287685
2024-10-16 19:41:00.000 UTC,7HthLTHoPC6VwhoAm6h5iDXvfYeeKHAT7NTY2KWodaLq,0.00001217222180231923
2024-10-16 19:53:00.000 UTC,7HthLTHoPC6VwhoAm6h5iDXvfYeeKHAT7NTY2KWodaLq,0.000009346856407999779
2024-10-16 19:58:00.000 UTC,7HthLTHoPC6VwhoAm6h5iDXvfYeeKHAT7NTY2KWodaLq,0.000008540500236276965
2024-10-16 19:59:00.000 UTC,7HthLTHoPC6VwhoAm6h5iDXvfYeeKHAT7NTY2KWodaLq,0.000008916114766729959
2024-10-16 20:08:00.000 UTC,7HthLTHoPC6VwhoAm6h5iDXvfYeeKHAT7NTY2KWodaLq,0.00000830116820450096
2024-10-16 20:09:00.000 UTC,7HthLTHoPC6VwhoAm6h5iDXvfYeeKHAT7NTY2KWodaLq,0.000007560766533584331
2024-10-16 20:15:00.000 UTC,7HthLTHoPC6VwhoAm6h5iDXvfYeeKHAT7NTY2KWodaLq,0.000007798102517171724
2024-10-16 20:16:00.000 UTC,7HthLTHoPC6VwhoAm6h5iDXvfYeeKHAT7NTY2KWodaLq,0.000008000840327927778
2024-10-16 20:18:00.000 UTC,7HthLTHoPC6VwhoAm6h5iDXvfYeeKHAT7NTY2KWodaLq,0.000008283222519043112
2024-10-16 20:23:00.000 UTC,7HthLTHoPC6VwhoAm6h5iDXvfYeeKHAT7NTY2KWodaLq,0.000008588553555944172
2024-10-16 20:25:00.000 UTC,7HthLTHoPC6VwhoAm6h5iDXvfYeeKHAT7NTY2KWodaLq,0.00000897356756439685
2024-10-16 20:26:00.000 UTC,7HthLTHoPC6VwhoAm6h5iDXvfYeeKHAT7NTY2KWodaLq,0.000010083506149807637
2024-10-16 20:27:00.000 UTC,7HthLTHoPC6VwhoAm6h5iDXvfYeeKHAT7NTY2KWodaLq,0.000010244078044203618
2024-10-16 20:28:00.000 UTC,7HthLTHoPC6VwhoAm6h5iDXvfYeeKHAT7NTY2KWodaLq,0.000011386864898622064
2024-10-16 20:29:00.000 UTC,7HthLTHoPC6VwhoAm6h5iDXvfYeeKHAT7NTY2KWodaLq,0.000012520398461576626
2024-10-16 20:30:00.000 UTC,7HthLTHoPC6VwhoAm6h5iDXvfYeeKHAT7NTY2KWodaLq,0.000013855078132077833
2024-10-16 20:31:00.000 UTC,7HthLTHoPC6VwhoAm6h5iDXvfYeeKHAT7NTY2KWodaLq,0.000014544148106684462
2024-10-16 20:32:00.000 UTC,7HthLTHoPC6VwhoAm6h5iDXvfYeeKHAT7NTY2KWodaLq,0.000012953639332857752
2024-10-16 20:33:00.000 UTC,7HthLTHoPC6VwhoAm6h5iDXvfYeeKHAT7NTY2KWodaLq,0.000012135161939615532
2024-10-16 20:34:00.000 UTC,7HthLTHoPC6VwhoAm6h5iDXvfYeeKHAT7NTY2KWodaLq,0.000012546830777172946
2024-10-16 20:35:00.000 UTC,7HthLTHoPC6VwhoAm6h5iDXvfYeeKHAT7NTY2KWodaLq,0.000012818097953353236
2024-10-16 20:36:00.000 UTC,7HthLTHoPC6VwhoAm6h5iDXvfYeeKHAT7NTY2KWodaLq,0.000012819293785989096
2024-10-16 20:37:00.000 UTC,7HthLTHoPC6VwhoAm6h5iDXvfYeeKHAT7NTY2KWodaLq,0.000012824777067988016
2024-10-16 20:38:00.000 UTC,7HthLTHoPC6VwhoAm6h5iDXvfYeeKHAT7NTY2KWodaLq,0.000013646171663801317
2024-10-16 20:39:00.000 UTC,7HthLTHoPC6VwhoAm6h5iDXvfYeeKHAT7NTY2KWodaLq,0.000014526515656754553
2024-10-16 20:40:00.000 UTC,7HthLTHoPC6VwhoAm6h5iDXvfYeeKHAT7NTY2KWodaLq,0.000014128531391602309
2024-10-16 20:41:00.000 UTC,7HthLTHoPC6VwhoAm6h5iDXvfYeeKHAT7NTY2KWodaLq,0.00001256892999539078
2024-10-16 20:42:00.000 UTC,7HthLTHoPC6VwhoAm6h5iDXvfYeeKHAT7NTY2KWodaLq,0.00001233333270000527
2024-10-16 20:43:00.000 UTC,7HthLTHoPC6VwhoAm6h5iDXvfYeeKHAT7NTY2KWodaLq,0.000012374239871205281
2024-10-16 20:44:00.000 UTC,7HthLTHoPC6VwhoAm6h5iDXvfYeeKHAT7NTY2KWodaLq,0.000012222374846848688
2024-10-16 20:45:00.000 UTC,7HthLTHoPC6VwhoAm6h5iDXvfYeeKHAT7NTY2KWodaLq,0.00001200072995923165
2024-10-16 20:46:00.000 UTC,7HthLTHoPC6VwhoAm6h5iDXvfYeeKHAT7NTY2KWodaLq,0.000012000509009158441
2024-10-16 20:47:00.000 UTC,7HthLTHoPC6VwhoAm6h5iDXvfYeeKHAT7NTY2KWodaLq,0.000009268592004781436
2024-10-16 20:49:00.000 UTC,7HthLTHoPC6VwhoAm6h5iDXvfYeeKHAT7NTY2KWodaLq,0.000008477784250788405
2024-10-16 20:50:00.000 UTC,7HthLTHoPC6VwhoAm6h5iDXvfYeeKHAT7NTY2KWodaLq,0.000008452836645691193
2024-10-16 20:51:00.000 UTC,7HthLTHoPC6VwhoAm6h5iDXvfYeeKHAT7NTY2KWodaLq,0.000008452548056246998
2024-10-16 20:52:00.000 UTC,7HthLTHoPC6VwhoAm6h5iDXvfYeeKHAT7NTY2KWodaLq,0.000008453031381439451
2024-10-16 20:53:00.000 UTC,7HthLTHoPC6VwhoAm6h5iDXvfYeeKHAT7NTY2KWodaLq,0.000008323835572401924
2024-10-16 20:54:00.000 UTC,7HthLTHoPC6VwhoAm6h5iDXvfYeeKHAT7NTY2KWodaLq,0.000007869737798056204
2024-10-16 21:00:00.000 UTC,7HthLTHoPC6VwhoAm6h5iDXvfYeeKHAT7NTY2KWodaLq,0.00000780394438540283
2024-10-16 21:03:00.000 UTC,7HthLTHoPC6VwhoAm6h5iDXvfYeeKHAT7NTY2KWodaLq,0.000007922408536828442
2024-10-16 21:08:00.000 UTC,7HthLTHoPC6VwhoAm6h5iDXvfYeeKHAT7NTY2KWodaLq,0.000007674265340980558
2024-10-16 21:09:00.000 UTC,7HthLTHoPC6VwhoAm6h5iDXvfYeeKHAT7NTY2KWodaLq,0.000008237853240015013
2024-10-16 21:10:00.000 UTC,7HthLTHoPC6VwhoAm6h5iDXvfYeeKHAT7NTY2KWodaLq,0.00000878676813467783
2024-10-16 21:12:00.000 UTC,7HthLTHoPC6VwhoAm6h5iDXvfYeeKHAT7NTY2KWodaLq,0.000008671963077900243
2024-10-16 21:15:00.000 UTC,7HthLTHoPC6VwhoAm6h5iDXvfYeeKHAT7NTY2KWodaLq,0.000008070241684034396
2024-10-16 21:22:00.000 UTC,7HthLTHoPC6VwhoAm6h5iDXvfYeeKHAT7NTY2KWodaLq,0.000006847537063243227
2024-10-16 21:23:00.000 UTC,7HthLTHoPC6VwhoAm6h5iDXvfYeeKHAT7NTY2KWodaLq,0.0000069299535005844206
2024-10-16 21:31:00.000 UTC,7HthLTHoPC6VwhoAm6h5iDXvfYeeKHAT7NTY2KWodaLq,0.000006765916659451985
2024-10-16 21:34:00.000 UTC,7HthLTHoPC6VwhoAm6h5iDXvfYeeKHAT7NTY2KWodaLq,0.000006448848781000777
2024-10-16 21:35:00.000 UTC,7HthLTHoPC6VwhoAm6h5iDXvfYeeKHAT7NTY2KWodaLq,0.000006450337472567122
2024-10-16 21:36:00.000 UTC,7HthLTHoPC6VwhoAm6h5iDXvfYeeKHAT7NTY2KWodaLq,0.0000064503507521301925
2024-10-16 21:37:00.000 UTC,7HthLTHoPC6VwhoAm6h5iDXvfYeeKHAT7NTY2KWodaLq,0.00000645045745426595
2024-10-16 21:38:00.000 UTC,7HthLTHoPC6VwhoAm6h5iDXvfYeeKHAT7NTY2KWodaLq,0.000006570057699466692
2024-10-16 21:39:00.000 UTC,7HthLTHoPC6VwhoAm6h5iDXvfYeeKHAT7NTY2KWodaLq,0.000006782515039096291
2024-10-16 21:40:00.000 UTC,7HthLTHoPC6VwhoAm6h5iDXvfYeeKHAT7NTY2KWodaLq,0.000006788748646225442
2024-10-16 21:41:00.000 UTC,7HthLTHoPC6VwhoAm6h5iDXvfYeeKHAT7NTY2KWodaLq,0.0000067192190463825606
2024-10-16 21:42:00.000 UTC,7HthLTHoPC6VwhoAm6h5iDXvfYeeKHAT7NTY2KWodaLq,0.000006545384386164819
2024-10-16 21:43:00.000 UTC,7HthLTHoPC6VwhoAm6h5iDXvfYeeKHAT7NTY2KWodaLq,0.000006545471144158853
2024-10-16 21:44:00.000 UTC,7HthLTHoPC6VwhoAm6h5iDXvfYeeKHAT7NTY2KWodaLq,0.000006545654876251255
2024-10-16 21:45:00.000 UTC,7HthLTHoPC6VwhoAm6h5iDXvfYeeKHAT7NTY2KWodaLq,0.000006329465641010621
2024-10-16 21:46:00.000 UTC,7HthLTHoPC6VwhoAm6h5iDXvfYeeKHAT7NTY2KWodaLq,0.000006203264312332874
2024-10-16 21:47:00.000 UTC,7HthLTHoPC6VwhoAm6h5iDXvfYeeKHAT7NTY2KWodaLq,0.000006203719494678705
2024-10-16 21:48:00.000 UTC,7HthLTHoPC6VwhoAm6h5iDXvfYeeKHAT7NTY2KWodaLq,0.000006203132560071624
2024-10-16 21:49:00.000 UTC,7HthLTHoPC6VwhoAm6h5iDXvfYeeKHAT7NTY2KWodaLq,0.000006203185766583631
2024-10-16 21:50:00.000 UTC,7HthLTHoPC6VwhoAm6h5iDXvfYeeKHAT7NTY2KWodaLq,0.000006198835419190552
2024-10-16 21:51:00.000 UTC,7HthLTHoPC6VwhoAm6h5iDXvfYeeKHAT7NTY2KWodaLq,0.000006155965134877134
2024-10-16 21:52:00.000 UTC,7HthLTHoPC6VwhoAm6h5iDXvfYeeKHAT7NTY2KWodaLq,0.000006155812099966981
2024-10-16 21:53:00.000 UTC,7HthLTHoPC6VwhoAm6h5iDXvfYeeKHAT7NTY2KWodaLq,0.00000615585812833413
2024-10-16 21:54:00.000 UTC,7HthLTHoPC6VwhoAm6h5iDXvfYeeKHAT7NTY2KWodaLq,0.000006163767606484397
2024-10-17 00:15:00.000 UTC,7HthLTHoPC6VwhoAm6h5iDXvfYeeKHAT7NTY2KWodaLq,0.000005858550858224515
2024-10-17 12:10:00.000 UTC,7HthLTHoPC6VwhoAm6h5iDXvfYeeKHAT7NTY2KWodaLq,0.000005067188266630599
2024-10-17 12:11:00.000 UTC,7HthLTHoPC6VwhoAm6h5iDXvfYeeKHAT7NTY2KWodaLq,0.00000560090457296895
2024-10-17 12:15:00.000 UTC,7HthLTHoPC6VwhoAm6h5iDXvfYeeKHAT7NTY2KWodaLq,0.000006270757000799905
2024-10-17 12:16:00.000 UTC,7HthLTHoPC6VwhoAm6h5iDXvfYeeKHAT7NTY2KWodaLq,0.000006627533469390439
2024-10-17 12:17:00.000 UTC,7HthLTHoPC6VwhoAm6h5iDXvfYeeKHAT7NTY2KWodaLq,0.000006675018415457681
2024-10-17 12:18:00.000 UTC,7HthLTHoPC6VwhoAm6h5iDXvfYeeKHAT7NTY2KWodaLq,0.000006694253897226458
2024-10-17 12:19:00.000 UTC,7HthLTHoPC6VwhoAm6h5iDXvfYeeKHAT7NTY2KWodaLq,0.000006765147503404128
2024-10-17 12:21:00.000 UTC,7HthLTHoPC6VwhoAm6h5iDXvfYeeKHAT7NTY2KWodaLq,0.0000058095836437411
2024-10-17 12:22:00.000 UTC,7HthLTHoPC6VwhoAm6h5iDXvfYeeKHAT7NTY2KWodaLq,0.000005809971392798341
2024-10-17 12:23:00.000 UTC,7HthLTHoPC6VwhoAm6h5iDXvfYeeKHAT7NTY2KWodaLq,0.000005809492179021512
2024-10-17 18:13:00.000 UTC,7HthLTHoPC6VwhoAm6h5iDXvfYeeKHAT7NTY2KWodaLq,0.0000048484822290998746
2024-10-17 18:16:00.000 UTC,7HthLTHoPC6VwhoAm6h5iDXvfYeeKHAT7NTY2KWodaLq,0.00000483979565195356
2024-10-17 18:18:00.000 UTC,7HthLTHoPC6VwhoAm6h5iDXvfYeeKHAT7NTY2KWodaLq,0.000004840008940032763
2024-10-17 18:19:00.000 UTC,7HthLTHoPC6VwhoAm6h5iDXvfYeeKHAT7NTY2KWodaLq,0.000004839912924373516
2024-10-17 18:20:00.000 UTC,7HthLTHoPC6VwhoAm6h5iDXvfYeeKHAT7NTY2KWodaLq,0.000004848421215367465
2024-10-17 18:21:00.000 UTC,7HthLTHoPC6VwhoAm6h5iDXvfYeeKHAT7NTY2KWodaLq,0.000004848951340130599
2024-10-17 18:22:00.000 UTC,7HthLTHoPC6VwhoAm6h5iDXvfYeeKHAT7NTY2KWodaLq,0.000004849050621993557
2024-10-17 18:23:00.000 UTC,7HthLTHoPC6VwhoAm6h5iDXvfYeeKHAT7NTY2KWodaLq,0.000004848718537098167
2024-10-17 18:24:00.000 UTC,7HthLTHoPC6VwhoAm6h5iDXvfYeeKHAT7NTY2KWodaLq,0.000004849039000998402
2024-10-17 18:25:00.000 UTC,7HthLTHoPC6VwhoAm6h5iDXvfYeeKHAT7NTY2KWodaLq,0.000004852561000394148
2024-10-17 18:26:00.000 UTC,7HthLTHoPC6VwhoAm6h5iDXvfYeeKHAT7NTY2KWodaLq,0.000004852100667770409
2024-10-17 18:27:00.000 UTC,7HthLTHoPC6VwhoAm6h5iDXvfYeeKHAT7NTY2KWodaLq,0.000004852310835820666
2024-10-17 18:28:00.000 UTC,7HthLTHoPC6VwhoAm6h5iDXvfYeeKHAT7NTY2KWodaLq,0.000004852685323924333
2024-10-17 18:29:00.000 UTC,7HthLTHoPC6VwhoAm6h5iDXvfYeeKHAT7NTY2KWodaLq,0.000004852724304621905
2024-10-17 18:30:00.000 UTC,7HthLTHoPC6VwhoAm6h5iDXvfYeeKHAT7NTY2KWodaLq,0.000004845606432365726
2024-10-17 18:31:00.000 UTC,7HthLTHoPC6VwhoAm6h5iDXvfYeeKHAT7NTY2KWodaLq,0.0000048444211828519785
2024-10-17 18:32:00.000 UTC,7HthLTHoPC6VwhoAm6h5iDXvfYeeKHAT7NTY2KWodaLq,0.0000048451432045451
2024-10-17 18:33:00.000 UTC,7HthLTHoPC6VwhoAm6h5iDXvfYeeKHAT7NTY2KWodaLq,0.000004845597544331248
2024-10-17 18:35:00.000 UTC,7HthLTHoPC6VwhoAm6h5iDXvfYeeKHAT7NTY2KWodaLq,0.000004833879510572376
2024-10-17 18:36:00.000 UTC,7HthLTHoPC6VwhoAm6h5iDXvfYeeKHAT7NTY2KWodaLq,0.000004833277298875125
2024-10-17 18:37:00.000 UTC,7HthLTHoPC6VwhoAm6h5iDXvfYeeKHAT7NTY2KWodaLq,0.000004833466435633133
2024-10-17 18:38:00.000 UTC,7HthLTHoPC6VwhoAm6h5iDXvfYeeKHAT7NTY2KWodaLq,0.000004834173097638838
2024-10-17 18:39:00.000 UTC,7HthLTHoPC6VwhoAm6h5iDXvfYeeKHAT7NTY2KWodaLq,0.000004833377172635267
2024-10-17 18:40:00.000 UTC,7HthLTHoPC6VwhoAm6h5iDXvfYeeKHAT7NTY2KWodaLq,0.000004844216547887272
2024-10-17 18:41:00.000 UTC,7HthLTHoPC6VwhoAm6h5iDXvfYeeKHAT7NTY2KWodaLq,0.000004844386124872488
2024-10-17 18:42:00.000 UTC,7HthLTHoPC6VwhoAm6h5iDXvfYeeKHAT7NTY2KWodaLq,0.000004844313903314629
2024-10-17 18:43:00.000 UTC,7HthLTHoPC6VwhoAm6h5iDXvfYeeKHAT7NTY2KWodaLq,0.000004844321598240842
2024-10-17 18:44:00.000 UTC,7HthLTHoPC6VwhoAm6h5iDXvfYeeKHAT7NTY2KWodaLq,0.000004844247540875902
2024-10-17 18:45:00.000 UTC,7HthLTHoPC6VwhoAm6h5iDXvfYeeKHAT7NTY2KWodaLq,0.000004859092787536581
2024-10-17 18:46:00.000 UTC,7HthLTHoPC6VwhoAm6h5iDXvfYeeKHAT7NTY2KWodaLq,0.000004859491607979386
2024-10-17 18:47:00.000 UTC,7HthLTHoPC6VwhoAm6h5iDXvfYeeKHAT7NTY2KWodaLq,0.000004858461301325734
2024-10-17 18:49:00.000 UTC,7HthLTHoPC6VwhoAm6h5iDXvfYeeKHAT7NTY2KWodaLq,0.000004859951550145834
2024-10-17 18:52:00.000 UTC,7HthLTHoPC6VwhoAm6h5iDXvfYeeKHAT7NTY2KWodaLq,0.000004858254516980307
2024-10-17 18:53:00.000 UTC,7HthLTHoPC6VwhoAm6h5iDXvfYeeKHAT7NTY2KWodaLq,0.000004858215353448553
2024-10-17 18:54:00.000 UTC,7HthLTHoPC6VwhoAm6h5iDXvfYeeKHAT7NTY2KWodaLq,0.0000048582397490702356
2024-10-17 18:55:00.000 UTC,7HthLTHoPC6VwhoAm6h5iDXvfYeeKHAT7NTY2KWodaLq,0.000004850475452067171
2024-10-17 18:56:00.000 UTC,7HthLTHoPC6VwhoAm6h5iDXvfYeeKHAT7NTY2KWodaLq,0.0000048501047423373995
2024-10-17 18:57:00.000 UTC,7HthLTHoPC6VwhoAm6h5iDXvfYeeKHAT7NTY2KWodaLq,0.0000048499611977953494
2024-10-17 18:58:00.000 UTC,7HthLTHoPC6VwhoAm6h5iDXvfYeeKHAT7NTY2KWodaLq,0.000004849850813618644
2024-10-17 18:59:00.000 UTC,7HthLTHoPC6VwhoAm6h5iDXvfYeeKHAT7NTY2KWodaLq,0.0000048505891505931336
2024-10-17 19:01:00.000 UTC,7HthLTHoPC6VwhoAm6h5iDXvfYeeKHAT7NTY2KWodaLq,0.000004844501166608542
2024-10-17 19:02:00.000 UTC,7HthLTHoPC6VwhoAm6h5iDXvfYeeKHAT7NTY2KWodaLq,0.000004844156283412896
2024-10-17 19:05:00.000 UTC,7HthLTHoPC6VwhoAm6h5iDXvfYeeKHAT7NTY2KWodaLq,0.000004843066575783614
2024-10-17 19:06:00.000 UTC,7HthLTHoPC6VwhoAm6h5iDXvfYeeKHAT7NTY2KWodaLq,0.0000048434990714567684
2024-10-17 19:09:00.000 UTC,7HthLTHoPC6VwhoAm6h5iDXvfYeeKHAT7NTY2KWodaLq,0.000004707214364154992
2024-10-17 19:10:00.000 UTC,7HthLTHoPC6VwhoAm6h5iDXvfYeeKHAT7NTY2KWodaLq,0.000004672115279352979
2024-10-20 05:11:00.000 UTC,7HthLTHoPC6VwhoAm6h5iDXvfYeeKHAT7NTY2KWodaLq,0.000005029642441030226
2024-10-20 05:13:00.000 UTC,7HthLTHoPC6VwhoAm6h5iDXvfYeeKHAT7NTY2KWodaLq,0.000005490740317875535
2024-10-20 17:59:00.000 UTC,7HthLTHoPC6VwhoAm6h5iDXvfYeeKHAT7NTY2KWodaLq,0.000005136071734560903
2024-10-20 18:00:00.000 UTC,7HthLTHoPC6VwhoAm6h5iDXvfYeeKHAT7NTY2KWodaLq,0.000005152616322709127
2024-10-23 08:20:00.000 UTC,7HthLTHoPC6VwhoAm6h5iDXvfYeeKHAT7NTY2KWodaLq,0.000004971363019680806
2024-10-23 08:21:00.000 UTC,7HthLTHoPC6VwhoAm6h5iDXvfYeeKHAT7NTY2KWodaLq,0.000005144442611268702
2024-10-23 08:30:00.000 UTC,7HthLTHoPC6VwhoAm6h5iDXvfYeeKHAT7NTY2KWodaLq,0.0000053221547042517616
2024-10-23 08:33:00.000 UTC,7HthLTHoPC6VwhoAm6h5iDXvfYeeKHAT7NTY2KWodaLq,0.000005496097282095246
2024-10-23 08:36:00.000 UTC,7HthLTHoPC6VwhoAm6h5iDXvfYeeKHAT7NTY2KWodaLq,0.000005513509452897995
2024-10-23 08:45:00.000 UTC,7HthLTHoPC6VwhoAm6h5iDXvfYeeKHAT7NTY2KWodaLq,0.000005535285830155736
2024-10-23 09:13:00.000 UTC,7HthLTHoPC6VwhoAm6h5iDXvfYeeKHAT7NTY2KWodaLq,0.000005665485110890859
2024-10-23 09:50:00.000 UTC,7HthLTHoPC6VwhoAm6h5iDXvfYeeKHAT7NTY2KWodaLq,0.000005704374663821832
2024-10-23 09:55:00.000 UTC,7HthLTHoPC6VwhoAm6h5iDXvfYeeKHAT7NTY2KWodaLq,0.000005887954681233689
2024-10-23 09:56:00.000 UTC,7HthLTHoPC6VwhoAm6h5iDXvfYeeKHAT7NTY2KWodaLq,0.000005887954683829533
2024-10-23 09:57:00.000 UTC,7HthLTHoPC6VwhoAm6h5iDXvfYeeKHAT7NTY2KWodaLq,0.000005887954685160511
2024-10-23 09:58:00.000 UTC,7HthLTHoPC6VwhoAm6h5iDXvfYeeKHAT7NTY2KWodaLq,0.000005887954686238343
2024-10-23 09:59:00.000 UTC,7HthLTHoPC6VwhoAm6h5iDXvfYeeKHAT7NTY2KWodaLq,0.000005887954687075032
2024-10-23 10:00:00.000 UTC,7HthLTHoPC6VwhoAm6h5iDXvfYeeKHAT7NTY2KWodaLq,0.000005882277840986335
2024-10-23 10:01:00.000 UTC,7HthLTHoPC6VwhoAm6h5iDXvfYeeKHAT7NTY2KWodaLq,0.0000058822778421541315
2024-10-23 10:02:00.000 UTC,7HthLTHoPC6VwhoAm6h5iDXvfYeeKHAT7NTY2KWodaLq,0.0000058822778433102595
2024-10-23 10:03:00.000 UTC,7HthLTHoPC6VwhoAm6h5iDXvfYeeKHAT7NTY2KWodaLq,0.000005882277844108076
2024-10-23 10:04:00.000 UTC,7HthLTHoPC6VwhoAm6h5iDXvfYeeKHAT7NTY2KWodaLq,0.000005882277844639954
2024-10-23 10:05:00.000 UTC,7HthLTHoPC6VwhoAm6h5iDXvfYeeKHAT7NTY2KWodaLq,0.000005891857524245735
2024-10-23 10:06:00.000 UTC,7HthLTHoPC6VwhoAm6h5iDXvfYeeKHAT7NTY2KWodaLq,0.000005891857524827227
2024-10-23 10:07:00.000 UTC,7HthLTHoPC6VwhoAm6h5iDXvfYeeKHAT7NTY2KWodaLq,0.000005891857525404365
2024-10-23 10:08:00.000 UTC,7HthLTHoPC6VwhoAm6h5iDXvfYeeKHAT7NTY2KWodaLq,0.000005922905263311069
2024-10-23 10:09:00.000 UTC,7HthLTHoPC6VwhoAm6h5iDXvfYeeKHAT7NTY2KWodaLq,0.0000061501622665140644
2024-10-23 10:10:00.000 UTC,7HthLTHoPC6VwhoAm6h5iDXvfYeeKHAT7NTY2KWodaLq,0.000006149421551286556
2024-10-23 10:11:00.000 UTC,7HthLTHoPC6VwhoAm6h5iDXvfYeeKHAT7NTY2KWodaLq,0.000006150752814160265
2024-10-23 10:12:00.000 UTC,7HthLTHoPC6VwhoAm6h5iDXvfYeeKHAT7NTY2KWodaLq,0.000006168133924873493
2024-10-23 10:13:00.000 UTC,7HthLTHoPC6VwhoAm6h5iDXvfYeeKHAT7NTY2KWodaLq,0.000006151617367694028
2024-10-23 10:14:00.000 UTC,7HthLTHoPC6VwhoAm6h5iDXvfYeeKHAT7NTY2KWodaLq,0.0000064075936973438655
2024-10-23 10:15:00.000 UTC,7HthLTHoPC6VwhoAm6h5iDXvfYeeKHAT7NTY2KWodaLq,0.000006406895897771182
2024-10-23 10:16:00.000 UTC,7HthLTHoPC6VwhoAm6h5iDXvfYeeKHAT7NTY2KWodaLq,0.00000640752154919365
2024-10-23 10:17:00.000 UTC,7HthLTHoPC6VwhoAm6h5iDXvfYeeKHAT7NTY2KWodaLq,0.000006331639362964141
2024-10-23 10:18:00.000 UTC,7HthLTHoPC6VwhoAm6h5iDXvfYeeKHAT7NTY2KWodaLq,0.0000063312734100957915
2024-10-23 10:19:00.000 UTC,7HthLTHoPC6VwhoAm6h5iDXvfYeeKHAT7NTY2KWodaLq,0.0000063311910937453105
2024-10-23 10:20:00.000 UTC,7HthLTHoPC6VwhoAm6h5iDXvfYeeKHAT7NTY2KWodaLq,0.000006332222431821013
2024-10-23 10:21:00.000 UTC,7HthLTHoPC6VwhoAm6h5iDXvfYeeKHAT7NTY2KWodaLq,0.000006332275600374458
2024-10-23 10:22:00.000 UTC,7HthLTHoPC6VwhoAm6h5iDXvfYeeKHAT7NTY2KWodaLq,0.000006331487697450874
2024-10-23 10:23:00.000 UTC,7HthLTHoPC6VwhoAm6h5iDXvfYeeKHAT7NTY2KWodaLq,0.000006331136515029694
2024-10-23 10:36:00.000 UTC,7HthLTHoPC6VwhoAm6h5iDXvfYeeKHAT7NTY2KWodaLq,0.000006020633816855282
2024-10-29 19:47:00.000 UTC,7HthLTHoPC6VwhoAm6h5iDXvfYeeKHAT7NTY2KWodaLq,0.000005219148443771029
2024-11-13 12:10:00.000 UTC,7HthLTHoPC6VwhoAm6h5iDXvfYeeKHAT7NTY2KWodaLq,0.000006133765451428135
2024-11-13 12:12:00.000 UTC,7HthLTHoPC6VwhoAm6h5iDXvfYeeKHAT7NTY2KWodaLq,0.000007264719072402362
2024-11-13 12:13:00.000 UTC,7HthLTHoPC6VwhoAm6h5iDXvfYeeKHAT7NTY2KWodaLq,0.000007906475951807722
2024-11-13 13:17:00.000 UTC,7HthLTHoPC6VwhoAm6h5iDXvfYeeKHAT7NTY2KWodaLq,0.000007656963577021685
2024-11-13 13:35:00.000 UTC,7HthLTHoPC6VwhoAm6h5iDXvfYeeKHAT7NTY2KWodaLq,0.000007590054179512007
2024-11-13 13:36:00.000 UTC,7HthLTHoPC6VwhoAm6h5iDXvfYeeKHAT7NTY2KWodaLq,0.000007697949717717195
2024-11-13 13:39:00.000 UTC,7HthLTHoPC6VwhoAm6h5iDXvfYeeKHAT7NTY2KWodaLq,0.000007697949640967097
2024-11-13 15:31:00.000 UTC,7HthLTHoPC6VwhoAm6h5iDXvfYeeKHAT7NTY2KWodaLq,0.000007337111324513835
2024-11-16 15:49:00.000 UTC,7HthLTHoPC6VwhoAm6h5iDXvfYeeKHAT7NTY2KWodaLq,0.000006332072614619291
2024-11-16 15:51:00.000 UTC,7HthLTHoPC6VwhoAm6h5iDXvfYeeKHAT7NTY2KWodaLq,0.000008067390901456172
2024-11-16 15:52:00.000 UTC,7HthLTHoPC6VwhoAm6h5iDXvfYeeKHAT7NTY2KWodaLq,0.000008567464184228093
2024-11-16 15:54:00.000 UTC,7HthLTHoPC6VwhoAm6h5iDXvfYeeKHAT7NTY2KWodaLq,0.000008589158797495588
2024-11-16 15:58:00.000 UTC,7HthLTHoPC6VwhoAm6h5iDXvfYeeKHAT7NTY2KWodaLq,0.000008385148014596328
2024-11-16 15:59:00.000 UTC,7HthLTHoPC6VwhoAm6h5iDXvfYeeKHAT7NTY2KWodaLq,0.000008392262142262977
2024-11-16 16:00:00.000 UTC,7HthLTHoPC6VwhoAm6h5iDXvfYeeKHAT7NTY2KWodaLq,0.000008635704138553813
2024-11-16 16:01:00.000 UTC,7HthLTHoPC6VwhoAm6h5iDXvfYeeKHAT7NTY2KWodaLq,0.000008960339117605156
2024-11-16 16:02:00.000 UTC,7HthLTHoPC6VwhoAm6h5iDXvfYeeKHAT7NTY2KWodaLq,0.000009366343006999367
2024-11-16 16:03:00.000 UTC,7HthLTHoPC6VwhoAm6h5iDXvfYeeKHAT7NTY2KWodaLq,0.000010214665391546369
2024-11-16 16:04:00.000 UTC,7HthLTHoPC6VwhoAm6h5iDXvfYeeKHAT7NTY2KWodaLq,0.000010695518721343919
2024-11-16 16:05:00.000 UTC,7HthLTHoPC6VwhoAm6h5iDXvfYeeKHAT7NTY2KWodaLq,0.000010281382251238345
2024-11-16 16:06:00.000 UTC,7HthLTHoPC6VwhoAm6h5iDXvfYeeKHAT7NTY2KWodaLq,0.000010044541398073832
2024-11-16 16:07:00.000 UTC,7HthLTHoPC6VwhoAm6h5iDXvfYeeKHAT7NTY2KWodaLq,0.000010506921327277446
2024-11-16 16:08:00.000 UTC,7HthLTHoPC6VwhoAm6h5iDXvfYeeKHAT7NTY2KWodaLq,0.000010990702289406462
2024-11-16 16:09:00.000 UTC,7HthLTHoPC6VwhoAm6h5iDXvfYeeKHAT7NTY2KWodaLq,0.000010075434379730567
2024-11-16 16:19:00.000 UTC,7HthLTHoPC6VwhoAm6h5iDXvfYeeKHAT7NTY2KWodaLq,0.000008362631892020348
2024-11-16 16:21:00.000 UTC,7HthLTHoPC6VwhoAm6h5iDXvfYeeKHAT7NTY2KWodaLq,0.000008253530011165668
2024-11-16 16:59:00.000 UTC,7HthLTHoPC6VwhoAm6h5iDXvfYeeKHAT7NTY2KWodaLq,0.000007752254467740346
2024-11-16 17:01:00.000 UTC,7HthLTHoPC6VwhoAm6h5iDXvfYeeKHAT7NTY2KWodaLq,0.000007730932680273819
2024-11-16 17:18:00.000 UTC,7HthLTHoPC6VwhoAm6h5iDXvfYeeKHAT7NTY2KWodaLq,0.0000073332233557166005
2024-11-16 17:59:00.000 UTC,7HthLTHoPC6VwhoAm6h5iDXvfYeeKHAT7NTY2KWodaLq,0.000007571380520931609
2024-11-17 02:07:00.000 UTC,7HthLTHoPC6VwhoAm6h5iDXvfYeeKHAT7NTY2KWodaLq,0.00000688168413107352
2024-11-17 02:12:00.000 UTC,7HthLTHoPC6VwhoAm6h5iDXvfYeeKHAT7NTY2KWodaLq,0.000007170127298798095
2024-11-17 02:13:00.000 UTC,7HthLTHoPC6VwhoAm6h5iDXvfYeeKHAT7NTY2KWodaLq,0.000008248691801114859
2024-11-17 02:15:00.000 UTC,7HthLTHoPC6VwhoAm6h5iDXvfYeeKHAT7NTY2KWodaLq,0.000009496913917839334
2024-11-17 02:16:00.000 UTC,7HthLTHoPC6VwhoAm6h5iDXvfYeeKHAT7NTY2KWodaLq,0.000009888480633098926
2024-11-17 02:17:00.000 UTC,7HthLTHoPC6VwhoAm6h5iDXvfYeeKHAT7NTY2KWodaLq,0.000009888480589507073
2024-11-17 02:18:00.000 UTC,7HthLTHoPC6VwhoAm6h5iDXvfYeeKHAT7NTY2KWodaLq,0.000009888480562408717
2024-11-17 02:19:00.000 UTC,7HthLTHoPC6VwhoAm6h5iDXvfYeeKHAT7NTY2KWodaLq,0.000010012756310112641
2024-11-17 02:20:00.000 UTC,7HthLTHoPC6VwhoAm6h5iDXvfYeeKHAT7NTY2KWodaLq,0.000010455531855500173
2024-11-17 02:21:00.000 UTC,7HthLTHoPC6VwhoAm6h5iDXvfYeeKHAT7NTY2KWodaLq,0.000010477303973439506
2024-11-17 02:22:00.000 UTC,7HthLTHoPC6VwhoAm6h5iDXvfYeeKHAT7NTY2KWodaLq,0.000010482269405874275
2024-11-17 02:23:00.000 UTC,7HthLTHoPC6VwhoAm6h5iDXvfYeeKHAT7NTY2KWodaLq,0.000010429245676891345
2024-11-17 02:24:00.000 UTC,7HthLTHoPC6VwhoAm6h5iDXvfYeeKHAT7NTY2KWodaLq,0.000008841869029013031
2024-11-17 02:25:00.000 UTC,7HthLTHoPC6VwhoAm6h5iDXvfYeeKHAT7NTY2KWodaLq,0.0000083628521233207
2024-11-17 02:26:00.000 UTC,7HthLTHoPC6VwhoAm6h5iDXvfYeeKHAT7NTY2KWodaLq,0.00000791357682570507
2024-11-17 02:27:00.000 UTC,7HthLTHoPC6VwhoAm6h5iDXvfYeeKHAT7NTY2KWodaLq,0.000008214143553173388
2024-11-17 02:33:00.000 UTC,7HthLTHoPC6VwhoAm6h5iDXvfYeeKHAT7NTY2KWodaLq,0.000008635260621630862
2024-11-17 04:11:00.000 UTC,7HthLTHoPC6VwhoAm6h5iDXvfYeeKHAT7NTY2KWodaLq,0.000007963968739903015
2024-11-18 02:51:00.000 UTC,7HthLTHoPC6VwhoAm6h5iDXvfYeeKHAT7NTY2KWodaLq,0.00000840711444029815
2024-11-18 17:39:00.000 UTC,7HthLTHoPC6VwhoAm6h5iDXvfYeeKHAT7NTY2KWodaLq,0.000007735988980659302
2025-02-04 18:41:00.000 UTC,7HthLTHoPC6VwhoAm6h5iDXvfYeeKHAT7NTY2KWodaLq,0.00000624881412883867
2025-10-02 13:53:00.000 UTC,7HthLTHoPC6VwhoAm6h5iDXvfYeeKHAT7NTY2KWodaLq,0.000007123250598388684
2025-10-02 13:54:00.000 UTC,7HthLTHoPC6VwhoAm6h5iDXvfYeeKHAT7NTY2KWodaLq,0.000007928824957410966
2025-10-02 23:22:00.000 UTC,7HthLTHoPC6VwhoAm6h5iDXvfYeeKHAT7NTY2KWodaLq,0.0000072475802668507566
2025-11-15 02:42:00.000 UTC,7HthLTHoPC6VwhoAm6h5iDXvfYeeKHAT7NTY2KWodaLq,0.000004261160856223592
2026-01-29 07:21:00.000 UTC,7HthLTHoPC6VwhoAm6h5iDXvfYeeKHAT7NTY2KWodaLq,0.0000036271248302301423
2026-01-29 07:53:00.000 UTC,7HthLTHoPC6VwhoAm6h5iDXvfYeeKHAT7NTY2KWodaLq,0.000004064520181458699
2026-01-29 07:54:00.000 UTC,7HthLTHoPC6VwhoAm6h5iDXvfYeeKHAT7NTY2KWodaLq,0.000003942585367603143
2026-01-29 07:55:00.000 UTC,7HthLTHoPC6VwhoAm6h5iDXvfYeeKHAT7NTY2KWodaLq,0.000004308071171622617
2026-01-29 07:56:00.000 UTC,7HthLTHoPC6VwhoAm6h5iDXvfYeeKHAT7NTY2KWodaLq,0.000004451953547925984
2026-01-29 08:36:00.000 UTC,7HthLTHoPC6VwhoAm6h5iDXvfYeeKHAT7NTY2KWodaLq,0.000004272385849171585
2026-01-29 08:39:00.000 UTC,7HthLTHoPC6VwhoAm6h5iDXvfYeeKHAT7NTY2KWodaLq,0.0000044604778157147116
2026-01-29 08:41:00.000 UTC,7HthLTHoPC6VwhoAm6h5iDXvfYeeKHAT7NTY2KWodaLq,0.0000045218354450823665
2026-01-29 08:45:00.000 UTC,7HthLTHoPC6VwhoAm6h5iDXvfYeeKHAT7NTY2KWodaLq,0.000004557743141286988
2026-01-29 08:48:00.000 UTC,7HthLTHoPC6VwhoAm6h5iDXvfYeeKHAT7NTY2KWodaLq,0.000003831539560829617
2026-01-29 09:04:00.000 UTC,7HthLTHoPC6VwhoAm6h5iDXvfYeeKHAT7NTY2KWodaLq,0.00000382851193789586
2026-01-29 09:55:00.000 UTC,7HthLTHoPC6VwhoAm6h5iDXvfYeeKHAT7NTY2KWodaLq,0.000003863873967323152
2026-01-29 12:51:00.000 UTC,7HthLTHoPC6VwhoAm6h5iDXvfYeeKHAT7NTY2KWodaLq,0.0000040079403608033795
2026-08-12 03:01:00.000 UTC,7HthLTHoPC6VwhoAm6h5iDXvfYeeKHAT7NTY2KWodaLq,0.0000023541831346253524
2026-08-24 18:43:00.000 UTC,7HthLTHoPC6VwhoAm6h5iDXvfYeeKHAT7NTY2KWodaLq,0.000002856208707533937
2026-08-24 18:45:00.000 UTC,7HthLTHoPC6VwhoAm6h5iDXvfYeeKHAT7NTY2KWodaLq,0.0000030112644094320125
2026-08-24 18:46:00.000 UTC,7HthLTHoPC6VwhoAm6h5iDXvfYeeKHAT7NTY2KWodaLq,0.000003006716434499124
2026-08-20 22:56:00.000 UTC,7L578VU2itRBUcaUM4KhaGLXve1abtzpgzkDGVX8pump,0.0000057328990880094544
2026-08-27 06:40:00.000 UTC,7NgrnhFFExdKskC4mJiqACnJmHEB7ZvDUu2KMZbPpump,0.000002875925260785512
2026-09-03 22:57:00.000 UTC,7SvJ67syK7KVsNXNUXar4pa7KYjagYWrj6kuo7aXpump,0.0000029116591664658934
2026-09-03 22:59:00.000 UTC,7SvJ67syK7KVsNXNUXar4pa7KYjagYWrj6kuo7aXpump,0.0000029159652926513683
2026-08-19 14:22:00.000 UTC,7TV7K6z99DorHfQUJzH8Stw7KZnLWY38F4WBisBkQ8Xq,0.0000028579197099168967
2026-08-28 16:17:00.000 UTC,7TkQX7qYg7d2vW9tQdX9XoQtkYDzoBwWoqFKrZsPpump,0.000002952335571359474
2026-08-28 16:18:00.000 UTC,7TkQX7qYg7d2vW9tQdX9XoQtkYDzoBwWoqFKrZsPpump,0.0000029816655513906243
2026-08-28 16:20:00.000 UTC,7TkQX7qYg7d2vW9tQdX9XoQtkYDzoBwWoqFKrZsPpump,0.000002983846828963626
2026-08-28 16:23:00.000 UTC,7TkQX7qYg7d2vW9tQdX9XoQtkYDzoBwWoqFKrZsPpump,0.000003003300950104295
2026-09-09 12:55:00.000 UTC,7V4vE1oKXaqhmzPxeGWt51tVDLeqgUdbFezpkT7rpump,0.0000029292647265666703
2026-09-07 18:27:00.000 UTC,7VvaJuCxoyNdfpeZc2LeA2hcyyAx5mzwRfK6D1J4pump,0.000003331805201354187
2026-09-03 06:12:00.000 UTC,7Wbw1UGznk7FN6Bp4XQsRR7sNtv6Mu9eMXQYq85vpump,0.0000028244823306901115
2026-08-28 22:21:00.000 UTC,7WwnKUQw6ExM5aEoPxMAypWSf4hcKvcLXUbBwbfdpump,0.000003005025675858546
2026-08-28 22:50:00.000 UTC,7WwnKUQw6ExM5aEoPxMAypWSf4hcKvcLXUbBwbfdpump,0.000002962493969732438
2026-08-28 22:52:00.000 UTC,7WwnKUQw6ExM5aEoPxMAypWSf4hcKvcLXUbBwbfdpump,0.0000029786064576028196
2026-08-28 22:55:00.000 UTC,7WwnKUQw6ExM5aEoPxMAypWSf4hcKvcLXUbBwbfdpump,0.0000031461646870361687
2026-08-28 23:04:00.000 UTC,7WwnKUQw6ExM5aEoPxMAypWSf4hcKvcLXUbBwbfdpump,0.0000030837826301194498
2026-08-28 23:14:00.000 UTC,7WwnKUQw6ExM5aEoPxMAypWSf4hcKvcLXUbBwbfdpump,0.000003135641540585102
2026-08-28 23:28:00.000 UTC,7WwnKUQw6ExM5aEoPxMAypWSf4hcKvcLXUbBwbfdpump,0.0000030772889398358097
2026-08-28 23:35:00.000 UTC,7WwnKUQw6ExM5aEoPxMAypWSf4hcKvcLXUbBwbfdpump,0.0000030803954757807056
2026-08-28 23:38:00.000 UTC,7WwnKUQw6ExM5aEoPxMAypWSf4hcKvcLXUbBwbfdpump,0.000003097932622745391
2026-08-28 23:39:00.000 UTC,7WwnKUQw6ExM5aEoPxMAypWSf4hcKvcLXUbBwbfdpump,0.00000310427875422678
2026-08-28 23:54:00.000 UTC,7WwnKUQw6ExM5aEoPxMAypWSf4hcKvcLXUbBwbfdpump,0.0000031066525484833154
2026-08-28 23:55:00.000 UTC,7WwnKUQw6ExM5aEoPxMAypWSf4hcKvcLXUbBwbfdpump,0.0000031214953497700157
2026-08-28 23:59:00.000 UTC,7WwnKUQw6ExM5aEoPxMAypWSf4hcKvcLXUbBwbfdpump,0.0000031283393368270554
2026-08-29 00:03:00.000 UTC,7WwnKUQw6ExM5aEoPxMAypWSf4hcKvcLXUbBwbfdpump,0.0000031531755834424313
2026-08-29 00:13:00.000 UTC,7WwnKUQw6ExM5aEoPxMAypWSf4hcKvcLXUbBwbfdpump,0.0000031928228160576524
2026-08-29 00:14:00.000 UTC,7WwnKUQw6ExM5aEoPxMAypWSf4hcKvcLXUbBwbfdpump,0.000003205412611886834
2026-08-29 00:38:00.000 UTC,7WwnKUQw6ExM5aEoPxMAypWSf4hcKvcLXUbBwbfdpump,0.000003185190537743725
2026-08-29 02:58:00.000 UTC,7WwnKUQw6ExM5aEoPxMAypWSf4hcKvcLXUbBwbfdpump,0.0000031544394523951813
2026-08-29 03:04:00.000 UTC,7WwnKUQw6ExM5aEoPxMAypWSf4hcKvcLXUbBwbfdpump,0.0000031529916131013167
2026-08-29 03:43:00.000 UTC,7WwnKUQw6ExM5aEoPxMAypWSf4hcKvcLXUbBwbfdpump,0.000003176736208574679
2026-08-29 05:18:00.000 UTC,7WwnKUQw6ExM5aEoPxMAypWSf4hcKvcLXUbBwbfdpump,0.000003159118268956837
2026-08-30 22:40:00.000 UTC,7WwnKUQw6ExM5aEoPxMAypWSf4hcKvcLXUbBwbfdpump,0.000002958650657341453
2026-09-13 18:03:00.000 UTC,7WwnKUQw6ExM5aEoPxMAypWSf4hcKvcLXUbBwbfdpump,0.0000029451439265926036
2026-09-13 18:31:00.000 UTC,7WwnKUQw6ExM5aEoPxMAypWSf4hcKvcLXUbBwbfdpump,0.0000028915809689502193
2026-08-21 00:12:00.000 UTC,7XAgPmWghELpsyRiBS8rJwBxXAHTu8iHTBmXB8rRpump,0.000004553806566681368
2026-08-21 00:13:00.000 UTC,7XAgPmWghELpsyRiBS8rJwBxXAHTu8iHTBmXB8rRpump,0.000002539708422853055
2026-08-20 12:43:00.000 UTC,7XrDAysbWvpV5Hg9o2KXsU2z9VGfAhrQM9ShrcE3pump,0.0000037620072663396713
2026-08-20 12:44:00.000 UTC,7XrDAysbWvpV5Hg9o2KXsU2z9VGfAhrQM9ShrcE3pump,0.000002629336387258014
2026-08-24 21:15:00.000 UTC,7YJc1usg2bWPBocuvWFfvygaK3c4sm1e3N9BPHNGpump,0.000003919736324914327
2026-08-24 21:16:00.000 UTC,7YJc1usg2bWPBocuvWFfvygaK3c4sm1e3N9BPHNGpump,0.000002796338871559862
2026-08-19 07:56:00.000 UTC,7YLKLYAX5GyecmtxwbSX5XDevrEix7rAHmkPBu28pump,0.0000033724959043181327
2026-08-19 07:57:00.000 UTC,7YLKLYAX5GyecmtxwbSX5XDevrEix7rAHmkPBu28pump,0.0000024073773631693534
2026-08-26 03:16:00.000 UTC,7ZUTJBCjdbMoZmZ2hvmqoH36KZPcgGFUGb8y5ERupump,0.000003610112945882378
2026-08-29 11:53:00.000 UTC,7ZUTJBCjdbMoZmZ2hvmqoH36KZPcgGFUGb8y5ERupump,0.0000029278260062501337
2026-09-09 08:08:00.000 UTC,7ZZjewxpfJoeqGFC33JW1QKZgsUd47n5U1riJtYzpump,0.0000029365786216821993
2026-09-02 22:21:00.000 UTC,7Zux4V9TmmyAGSMYYKQ68JEyFQFoAmBBN4nJxvibpump,0.0000028034628838206594
2026-09-11 00:38:00.000 UTC,7bKHyTjRACu3XND8XSZnH7dUG4MARrfPZFzWR9iRpump,0.0000022024644838261927
2026-09-11 00:39:00.000 UTC,7bKHyTjRACu3XND8XSZnH7dUG4MARrfPZFzWR9iRpump,3.5905015897370013e-7
2026-08-26 21:11:00.000 UTC,7f2duDPvNEuNfe6snyWjmL2F834mnntSP1c1zgZppump,0.0000027207819799043193
2026-09-06 05:33:00.000 UTC,7gyo4iHJ7VNSf2n7UrPxS3uP4cHFfFjVgMfLvhaXpump,0.0000030656197576887635
2026-08-30 03:42:00.000 UTC,7hN7uDggqQiQJR3DFaTw3fLxqLqR9rCD9KXqAaddpump,0.0000031216818433309985
2026-08-30 03:43:00.000 UTC,7hN7uDggqQiQJR3DFaTw3fLxqLqR9rCD9KXqAaddpump,0.0000018066024871902373
2026-09-02 14:05:00.000 UTC,7hVVpmdWkHMSZtxc6JsnPZTm8oQVU8GXXDtmmg6xpump,0.000003793096762292187
2025-11-06 11:27:00.000 UTC,7i1yMGdCBxe8ogfUfNvYELwiAQYPcnU9q4NLtGrGpump,0.000005401980977636307
2025-11-06 11:28:00.000 UTC,7i1yMGdCBxe8ogfUfNvYELwiAQYPcnU9q4NLtGrGpump,0.0000057914910894068
2026-08-26 22:20:00.000 UTC,7i1yMGdCBxe8ogfUfNvYELwiAQYPcnU9q4NLtGrGpump,0.00000460554612404414
2026-08-26 22:21:00.000 UTC,7i1yMGdCBxe8ogfUfNvYELwiAQYPcnU9q4NLtGrGpump,0.0000036170464418668388
2026-08-26 22:22:00.000 UTC,7i1yMGdCBxe8ogfUfNvYELwiAQYPcnU9q4NLtGrGpump,0.0000032578614245155953
2026-08-30 14:10:00.000 UTC,7iNkPLjCQ5VuuyCvTFRr2XkrLqCbuQsHKFe1XfRMrxvq,0.000003287080184545552
2026-09-04 06:52:00.000 UTC,7jFa7X21uQmhZegejVCbRo9B2quY2R63WjmhGKiBpump,0.0000031868219944082196
2026-08-23 17:27:00.000 UTC,7jzqBSYC1s9upTZLNoFe3t6bx2kHRypH1m8Ldm8ipump,0.0000032259623904855136
2026-08-29 14:47:00.000 UTC,7qbSeLbjGnRtsyXeqBHs315AV7ETK76bw18r5ktpump,0.0000011173486955900078
2026-08-29 14:48:00.000 UTC,7qbSeLbjGnRtsyXeqBHs315AV7ETK76bw18r5ktpump,3.149189094520667e-7
2026-08-29 14:49:00.000 UTC,7qbSeLbjGnRtsyXeqBHs315AV7ETK76bw18r5ktpump,1.1699842411198439e-7
2024-10-05 18:38:00.000 UTC,7uGEGsgRcVqK4e4s5BW5CkmKDaUbpyjo6q86eDN8pump,0.000005384140949867061
2024-10-05 18:39:00.000 UTC,7uGEGsgRcVqK4e4s5BW5CkmKDaUbpyjo6q86eDN8pump,0.000003996951419112155
2026-08-01 10:14:00.000 UTC,7uGEGsgRcVqK4e4s5BW5CkmKDaUbpyjo6q86eDN8pump,0.000002037550223038594
2026-08-01 10:15:00.000 UTC,7uGEGsgRcVqK4e4s5BW5CkmKDaUbpyjo6q86eDN8pump,0.000002044254693410262
2026-08-01 10:21:00.000 UTC,7uGEGsgRcVqK4e4s5BW5CkmKDaUbpyjo6q86eDN8pump,0.0000020517091933723527
2026-08-01 11:15:00.000 UTC,7uGEGsgRcVqK4e4s5BW5CkmKDaUbpyjo6q86eDN8pump,0.000002139743021335656
2026-08-01 11:16:00.000 UTC,7uGEGsgRcVqK4e4s5BW5CkmKDaUbpyjo6q86eDN8pump,0.0000022953472228441326
2026-08-01 11:23:00.000 UTC,7uGEGsgRcVqK4e4s5BW5CkmKDaUbpyjo6q86eDN8pump,0.0000025843329193884638
2026-08-01 11:27:00.000 UTC,7uGEGsgRcVqK4e4s5BW5CkmKDaUbpyjo6q86eDN8pump,0.0000023292910215328623
2026-08-01 11:54:00.000 UTC,7uGEGsgRcVqK4e4s5BW5CkmKDaUbpyjo6q86eDN8pump,0.0000027224415307982655
2026-08-01 11:57:00.000 UTC,7uGEGsgRcVqK4e4s5BW5CkmKDaUbpyjo6q86eDN8pump,0.0000031826805021658586
2026-08-01 12:06:00.000 UTC,7uGEGsgRcVqK4e4s5BW5CkmKDaUbpyjo6q86eDN8pump,0.0000032049298020597865
2026-08-01 12:32:00.000 UTC,7uGEGsgRcVqK4e4s5BW5CkmKDaUbpyjo6q86eDN8pump,0.000003207615155270628
2026-08-01 12:43:00.000 UTC,7uGEGsgRcVqK4e4s5BW5CkmKDaUbpyjo6q86eDN8pump,0.0000021965959454082714
2026-08-01 14:42:00.000 UTC,7uGEGsgRcVqK4e4s5BW5CkmKDaUbpyjo6q86eDN8pump,0.0000022497184709208727
2026-09-11 02:12:00.000 UTC,7uGEGsgRcVqK4e4s5BW5CkmKDaUbpyjo6q86eDN8pump,0.0000028960605171366293
2026-09-06 20:28:00.000 UTC,7xuZfLZop339BiT3Wz2uiTS567YbJ6n1r8VFvdUapump,0.0000029634611494421826
2026-09-03 13:44:00.000 UTC,81TF2c8EEp1UuwKFQmgACEqxrSeg9Hs1cQ7FWg7rpump,0.00000754964847967948
2026-09-03 13:45:00.000 UTC,81TF2c8EEp1UuwKFQmgACEqxrSeg9Hs1cQ7FWg7rpump,0.0000029094726004412122
2026-09-03 13:59:00.000 UTC,81TF2c8EEp1UuwKFQmgACEqxrSeg9Hs1cQ7FWg7rpump,0.0000028622293351807976
2026-09-03 14:03:00.000 UTC,81TF2c8EEp1UuwKFQmgACEqxrSeg9Hs1cQ7FWg7rpump,0.0000028641061906932342
2026-09-01 18:58:00.000 UTC,83jGdrms2HzJerxvHFReYgK5Ev8WN4rNuVVoUUyRpump,0.0000027927778469285998
2026-09-01 19:08:00.000 UTC,83jGdrms2HzJerxvHFReYgK5Ev8WN4rNuVVoUUyRpump,0.000002793636098120556
2026-08-15 01:01:00.000 UTC,84aVnNekGtsAQD2aXytCMXgmGnLSYqKDcnda5Weppump,7.985195618864035e-7
2026-08-15 01:02:00.000 UTC,84aVnNekGtsAQD2aXytCMXgmGnLSYqKDcnda5Weppump,3.138315176521688e-7
2026-08-15 01:03:00.000 UTC,84aVnNekGtsAQD2aXytCMXgmGnLSYqKDcnda5Weppump,9.991832316072771e-8
2026-07-16 20:42:00.000 UTC,84rSjHaT6U81HHRBzHbA2h6tPRzSkHD69syraeD6pump,0.000004684136354391225
2026-07-16 20:43:00.000 UTC,84rSjHaT6U81HHRBzHbA2h6tPRzSkHD69syraeD6pump,0.0000023606947776848263
2026-07-16 20:44:00.000 UTC,84rSjHaT6U81HHRBzHbA2h6tPRzSkHD69syraeD6pump,0.0000021856422718874995
2026-07-16 20:50:00.000 UTC,84rSjHaT6U81HHRBzHbA2h6tPRzSkHD69syraeD6pump,0.0000021921348123410792
2026-07-16 21:27:00.000 UTC,84rSjHaT6U81HHRBzHbA2h6tPRzSkHD69syraeD6pump,0.0000021477583133090343
2026-08-16 02:12:00.000 UTC,84rSjHaT6U81HHRBzHbA2h6tPRzSkHD69syraeD6pump,0.0000021128043280130654
2026-08-28 07:44:00.000 UTC,86eszXjZ1coeT9qxouiARazsybbrX1DxpNkeu7nbpump,0.0000031540351589584314
2026-08-28 07:50:00.000 UTC,86eszXjZ1coeT9qxouiARazsybbrX1DxpNkeu7nbpump,0.000003248466491009093
2026-08-28 07:55:00.000 UTC,86eszXjZ1coeT9qxouiARazsybbrX1DxpNkeu7nbpump,0.000003423220492952791
2026-08-28 07:59:00.000 UTC,86eszXjZ1coeT9qxouiARazsybbrX1DxpNkeu7nbpump,0.0000036094080645757467
2026-08-28 08:04:00.000 UTC,86eszXjZ1coeT9qxouiARazsybbrX1DxpNkeu7nbpump,0.000003776164212390943
2026-08-28 09:03:00.000 UTC,86eszXjZ1coeT9qxouiARazsybbrX1DxpNkeu7nbpump,0.000003894740004228954
2026-08-28 09:06:00.000 UTC,86eszXjZ1coeT9qxouiARazsybbrX1DxpNkeu7nbpump,0.0000043564963225526065
2026-08-18 15:01:00.000 UTC,88agLHBwi1bYA5XtDRKLdTQJCoM26KeXbpAJrQu6pump,0.0000021500358482955867
2026-01-02 18:48:00.000 UTC,8ARxY7YrVBNhSGkSjQjgzbU9uCRyX67vBfM6mAuMpump,0.0000058911575078739895
2026-01-02 18:49:00.000 UTC,8ARxY7YrVBNhSGkSjQjgzbU9uCRyX67vBfM6mAuMpump,0.000008456644308094159
2026-01-02 18:50:00.000 UTC,8ARxY7YrVBNhSGkSjQjgzbU9uCRyX67vBfM6mAuMpump,0.000008643210412814298
2026-01-02 18:51:00.000 UTC,8ARxY7YrVBNhSGkSjQjgzbU9uCRyX67vBfM6mAuMpump,0.000009182127594010027
2026-01-02 18:52:00.000 UTC,8ARxY7YrVBNhSGkSjQjgzbU9uCRyX67vBfM6mAuMpump,0.000009049410461403703
2026-01-02 18:53:00.000 UTC,8ARxY7YrVBNhSGkSjQjgzbU9uCRyX67vBfM6mAuMpump,0.000009914354654756255
2026-01-02 18:54:00.000 UTC,8ARxY7YrVBNhSGkSjQjgzbU9uCRyX67vBfM6mAuMpump,0.000010261277581762193
2026-01-02 18:56:00.000 UTC,8ARxY7YrVBNhSGkSjQjgzbU9uCRyX67vBfM6mAuMpump,0.00000921288971347389
2026-01-02 18:58:00.000 UTC,8ARxY7YrVBNhSGkSjQjgzbU9uCRyX67vBfM6mAuMpump,0.000008899873731152391
2026-01-02 19:03:00.000 UTC,8ARxY7YrVBNhSGkSjQjgzbU9uCRyX67vBfM6mAuMpump,0.000007306341036938705
2026-01-02 19:05:00.000 UTC,8ARxY7YrVBNhSGkSjQjgzbU9uCRyX67vBfM6mAuMpump,0.000006157945807756106
2026-01-02 19:09:00.000 UTC,8ARxY7YrVBNhSGkSjQjgzbU9uCRyX67vBfM6mAuMpump,0.000006618566302740226
2026-01-02 19:10:00.000 UTC,8ARxY7YrVBNhSGkSjQjgzbU9uCRyX67vBfM6mAuMpump,0.000008334284758405571
2026-01-02 19:11:00.000 UTC,8ARxY7YrVBNhSGkSjQjgzbU9uCRyX67vBfM6mAuMpump,0.000009978788888047544
2026-01-02 19:12:00.000 UTC,8ARxY7YrVBNhSGkSjQjgzbU9uCRyX67vBfM6mAuMpump,0.000012515326541437395
2026-01-02 19:13:00.000 UTC,8ARxY7YrVBNhSGkSjQjgzbU9uCRyX67vBfM6mAuMpump,0.000013542570528380741
2026-01-02 19:14:00.000 UTC,8ARxY7YrVBNhSGkSjQjgzbU9uCRyX67vBfM6mAuMpump,0.00001547908459785194
2026-01-02 19:15:00.000 UTC,8ARxY7YrVBNhSGkSjQjgzbU9uCRyX67vBfM6mAuMpump,0.000015599053734622194
2026-01-02 19:17:00.000 UTC,8ARxY7YrVBNhSGkSjQjgzbU9uCRyX67vBfM6mAuMpump,0.000014464617697710742
2026-01-02 19:18:00.000 UTC,8ARxY7YrVBNhSGkSjQjgzbU9uCRyX67vBfM6mAuMpump,0.000013948159477359925
2026-01-02 19:20:00.000 UTC,8ARxY7YrVBNhSGkSjQjgzbU9uCRyX67vBfM6mAuMpump,0.00001309333847947064
2026-01-02 19:21:00.000 UTC,8ARxY7YrVBNhSGkSjQjgzbU9uCRyX67vBfM6mAuMpump,0.000013891072209672472
2026-01-02 19:22:00.000 UTC,8ARxY7YrVBNhSGkSjQjgzbU9uCRyX67vBfM6mAuMpump,0.00001641598970795881
2026-01-02 19:23:00.000 UTC,8ARxY7YrVBNhSGkSjQjgzbU9uCRyX67vBfM6mAuMpump,0.000016490458565522834
2026-01-02 19:24:00.000 UTC,8ARxY7YrVBNhSGkSjQjgzbU9uCRyX67vBfM6mAuMpump,0.00001793362533497537
2026-01-02 19:25:00.000 UTC,8ARxY7YrVBNhSGkSjQjgzbU9uCRyX67vBfM6mAuMpump,0.000019382841524348044
2026-01-02 19:26:00.000 UTC,8ARxY7YrVBNhSGkSjQjgzbU9uCRyX67vBfM6mAuMpump,0.000017960329885832136
2026-01-02 19:27:00.000 UTC,8ARxY7YrVBNhSGkSjQjgzbU9uCRyX67vBfM6mAuMpump,0.000018442110173942815
2026-01-02 19:28:00.000 UTC,8ARxY7YrVBNhSGkSjQjgzbU9uCRyX67vBfM6mAuMpump,0.000017944728804777744
2026-01-02 19:29:00.000 UTC,8ARxY7YrVBNhSGkSjQjgzbU9uCRyX67vBfM6mAuMpump,0.000017132347514053522
2026-01-02 19:30:00.000 UTC,8ARxY7YrVBNhSGkSjQjgzbU9uCRyX67vBfM6mAuMpump,0.000017941029018105108
2026-01-02 19:31:00.000 UTC,8ARxY7YrVBNhSGkSjQjgzbU9uCRyX67vBfM6mAuMpump,0.00001713548198854301
2026-01-02 19:32:00.000 UTC,8ARxY7YrVBNhSGkSjQjgzbU9uCRyX67vBfM6mAuMpump,0.000018645523621165414
2026-01-02 19:33:00.000 UTC,8ARxY7YrVBNhSGkSjQjgzbU9uCRyX67vBfM6mAuMpump,0.00001999984120055967
2026-01-02 19:34:00.000 UTC,8ARxY7YrVBNhSGkSjQjgzbU9uCRyX67vBfM6mAuMpump,0.000019960159813410276
2026-01-02 19:35:00.000 UTC,8ARxY7YrVBNhSGkSjQjgzbU9uCRyX67vBfM6mAuMpump,0.00001630333849704395
2026-01-02 19:36:00.000 UTC,8ARxY7YrVBNhSGkSjQjgzbU9uCRyX67vBfM6mAuMpump,0.000017367825123373684
2026-01-02 19:37:00.000 UTC,8ARxY7YrVBNhSGkSjQjgzbU9uCRyX67vBfM6mAuMpump,0.00001647960454962158
2026-01-02 19:38:00.000 UTC,8ARxY7YrVBNhSGkSjQjgzbU9uCRyX67vBfM6mAuMpump,0.00001671004053045973
2026-01-02 19:39:00.000 UTC,8ARxY7YrVBNhSGkSjQjgzbU9uCRyX67vBfM6mAuMpump,0.000017307533752555228
2026-01-02 19:40:00.000 UTC,8ARxY7YrVBNhSGkSjQjgzbU9uCRyX67vBfM6mAuMpump,0.000018427420830280395
2026-01-02 19:41:00.000 UTC,8ARxY7YrVBNhSGkSjQjgzbU9uCRyX67vBfM6mAuMpump,0.000018363955540064483
2026-01-02 19:42:00.000 UTC,8ARxY7YrVBNhSGkSjQjgzbU9uCRyX67vBfM6mAuMpump,0.000018895892488348177
2026-01-02 19:43:00.000 UTC,8ARxY7YrVBNhSGkSjQjgzbU9uCRyX67vBfM6mAuMpump,0.0000189918465848796
2026-01-02 19:44:00.000 UTC,8ARxY7YrVBNhSGkSjQjgzbU9uCRyX67vBfM6mAuMpump,0.000018705228279816472
2026-01-02 19:45:00.000 UTC,8ARxY7YrVBNhSGkSjQjgzbU9uCRyX67vBfM6mAuMpump,0.000015962333107463807
2026-01-02 19:46:00.000 UTC,8ARxY7YrVBNhSGkSjQjgzbU9uCRyX67vBfM6mAuMpump,0.000015608913085299943
2026-01-02 19:47:00.000 UTC,8ARxY7YrVBNhSGkSjQjgzbU9uCRyX67vBfM6mAuMpump,0.000015229887453815643
2026-01-02 19:48:00.000 UTC,8ARxY7YrVBNhSGkSjQjgzbU9uCRyX67vBfM6mAuMpump,0.000016410443416151172
2026-01-02 19:49:00.000 UTC,8ARxY7YrVBNhSGkSjQjgzbU9uCRyX67vBfM6mAuMpump,0.0000167450504004485
2026-01-02 19:51:00.000 UTC,8ARxY7YrVBNhSGkSjQjgzbU9uCRyX67vBfM6mAuMpump,0.000015278582473839223
2026-01-02 19:52:00.000 UTC,8ARxY7YrVBNhSGkSjQjgzbU9uCRyX67vBfM6mAuMpump,0.000015176715259651478
2026-01-02 19:53:00.000 UTC,8ARxY7YrVBNhSGkSjQjgzbU9uCRyX67vBfM6mAuMpump,0.000014824104376880873
2026-01-02 19:55:00.000 UTC,8ARxY7YrVBNhSGkSjQjgzbU9uCRyX67vBfM6mAuMpump,0.000014359692073567257
2026-01-02 19:56:00.000 UTC,8ARxY7YrVBNhSGkSjQjgzbU9uCRyX67vBfM6mAuMpump,0.00001443952735700918
2026-01-02 19:58:00.000 UTC,8ARxY7YrVBNhSGkSjQjgzbU9uCRyX67vBfM6mAuMpump,0.000014980579629958314
2026-01-02 20:00:00.000 UTC,8ARxY7YrVBNhSGkSjQjgzbU9uCRyX67vBfM6mAuMpump,0.000015236244272444377
2026-01-02 20:05:00.000 UTC,8ARxY7YrVBNhSGkSjQjgzbU9uCRyX67vBfM6mAuMpump,0.000009126474782021893
2026-01-02 20:06:00.000 UTC,8ARxY7YrVBNhSGkSjQjgzbU9uCRyX67vBfM6mAuMpump,0.000009767980542202424
2026-01-02 20:07:00.000 UTC,8ARxY7YrVBNhSGkSjQjgzbU9uCRyX67vBfM6mAuMpump,0.000011432518868467365
2026-01-02 20:08:00.000 UTC,8ARxY7YrVBNhSGkSjQjgzbU9uCRyX67vBfM6mAuMpump,0.000012540113097209293
2026-01-02 20:09:00.000 UTC,8ARxY7YrVBNhSGkSjQjgzbU9uCRyX67vBfM6mAuMpump,0.000011620977982933192
2026-01-02 20:13:00.000 UTC,8ARxY7YrVBNhSGkSjQjgzbU9uCRyX67vBfM6mAuMpump,0.000010978708401418496
2026-01-02 20:16:00.000 UTC,8ARxY7YrVBNhSGkSjQjgzbU9uCRyX67vBfM6mAuMpump,0.000010965770512469979
2026-01-02 20:17:00.000 UTC,8ARxY7YrVBNhSGkSjQjgzbU9uCRyX67vBfM6mAuMpump,0.000010649374403037813
2026-01-02 20:19:00.000 UTC,8ARxY7YrVBNhSGkSjQjgzbU9uCRyX67vBfM6mAuMpump,0.000010655443800793011
2026-01-02 20:20:00.000 UTC,8ARxY7YrVBNhSGkSjQjgzbU9uCRyX67vBfM6mAuMpump,0.000011164927656353103
2026-01-02 20:21:00.000 UTC,8ARxY7YrVBNhSGkSjQjgzbU9uCRyX67vBfM6mAuMpump,0.000011943321589226329
2026-01-02 20:25:00.000 UTC,8ARxY7YrVBNhSGkSjQjgzbU9uCRyX67vBfM6mAuMpump,0.000010720111610879277
2026-01-02 20:32:00.000 UTC,8ARxY7YrVBNhSGkSjQjgzbU9uCRyX67vBfM6mAuMpump,0.000010555325517077468
2026-01-02 20:33:00.000 UTC,8ARxY7YrVBNhSGkSjQjgzbU9uCRyX67vBfM6mAuMpump,0.000009790386593158591
2026-01-02 20:35:00.000 UTC,8ARxY7YrVBNhSGkSjQjgzbU9uCRyX67vBfM6mAuMpump,0.000010000330830592987
2026-01-02 20:40:00.000 UTC,8ARxY7YrVBNhSGkSjQjgzbU9uCRyX67vBfM6mAuMpump,0.000009350453960575411
2026-01-02 20:41:00.000 UTC,8ARxY7YrVBNhSGkSjQjgzbU9uCRyX67vBfM6mAuMpump,0.00001011002903905778
2026-01-02 20:44:00.000 UTC,8ARxY7YrVBNhSGkSjQjgzbU9uCRyX67vBfM6mAuMpump,0.000010725186384490822
2026-01-02 20:45:00.000 UTC,8ARxY7YrVBNhSGkSjQjgzbU9uCRyX67vBfM6mAuMpump,0.000010778255161287277
2026-01-02 20:47:00.000 UTC,8ARxY7YrVBNhSGkSjQjgzbU9uCRyX67vBfM6mAuMpump,0.000010339963190666383
2026-01-02 20:58:00.000 UTC,8ARxY7YrVBNhSGkSjQjgzbU9uCRyX67vBfM6mAuMpump,0.000010224988494948903
2026-01-02 21:04:00.000 UTC,8ARxY7YrVBNhSGkSjQjgzbU9uCRyX67vBfM6mAuMpump,0.000010354593231184302
2026-01-02 21:06:00.000 UTC,8ARxY7YrVBNhSGkSjQjgzbU9uCRyX67vBfM6mAuMpump,0.000010488075008703776
2026-01-02 21:07:00.000 UTC,8ARxY7YrVBNhSGkSjQjgzbU9uCRyX67vBfM6mAuMpump,0.000010930618253754582
2026-01-02 21:08:00.000 UTC,8ARxY7YrVBNhSGkSjQjgzbU9uCRyX67vBfM6mAuMpump,0.00001130346279967688
2026-01-02 21:09:00.000 UTC,8ARxY7YrVBNhSGkSjQjgzbU9uCRyX67vBfM6mAuMpump,0.000011389693555348857
2026-01-02 21:11:00.000 UTC,8ARxY7YrVBNhSGkSjQjgzbU9uCRyX67vBfM6mAuMpump,0.000011470629075762407
2026-01-02 21:12:00.000 UTC,8ARxY7YrVBNhSGkSjQjgzbU9uCRyX67vBfM6mAuMpump,0.000011495604130605462
2026-01-02 21:15:00.000 UTC,8ARxY7YrVBNhSGkSjQjgzbU9uCRyX67vBfM6mAuMpump,0.000011566864718512636
2026-01-02 21:17:00.000 UTC,8ARxY7YrVBNhSGkSjQjgzbU9uCRyX67vBfM6mAuMpump,0.000012529670346192502
2026-01-02 21:18:00.000 UTC,8ARxY7YrVBNhSGkSjQjgzbU9uCRyX67vBfM6mAuMpump,0.000013433601005944187
2026-01-02 21:30:00.000 UTC,8ARxY7YrVBNhSGkSjQjgzbU9uCRyX67vBfM6mAuMpump,0.000012618346873002381
2026-01-02 21:36:00.000 UTC,8ARxY7YrVBNhSGkSjQjgzbU9uCRyX67vBfM6mAuMpump,0.000012889789116685033
2026-01-02 21:37:00.000 UTC,8ARxY7YrVBNhSGkSjQjgzbU9uCRyX67vBfM6mAuMpump,0.000013746316499789747
2026-01-02 21:38:00.000 UTC,8ARxY7YrVBNhSGkSjQjgzbU9uCRyX67vBfM6mAuMpump,0.000013764954697567243
2026-01-02 21:39:00.000 UTC,8ARxY7YrVBNhSGkSjQjgzbU9uCRyX67vBfM6mAuMpump,0.000014049774986707241
2026-01-02 21:40:00.000 UTC,8ARxY7YrVBNhSGkSjQjgzbU9uCRyX67vBfM6mAuMpump,0.000015762359114413485
2026-01-02 21:41:00.000 UTC,8ARxY7YrVBNhSGkSjQjgzbU9uCRyX67vBfM6mAuMpump,0.000017367724543816737
2026-01-02 21:42:00.000 UTC,8ARxY7YrVBNhSGkSjQjgzbU9uCRyX67vBfM6mAuMpump,0.00001843887578383594
2026-01-02 21:43:00.000 UTC,8ARxY7YrVBNhSGkSjQjgzbU9uCRyX67vBfM6mAuMpump,0.000017714197926304585
2026-01-02 21:45:00.000 UTC,8ARxY7YrVBNhSGkSjQjgzbU9uCRyX67vBfM6mAuMpump,0.000017947029916373208
2026-01-02 21:46:00.000 UTC,8ARxY7YrVBNhSGkSjQjgzbU9uCRyX67vBfM6mAuMpump,0.00001849389875954062
2026-01-02 21:47:00.000 UTC,8ARxY7YrVBNhSGkSjQjgzbU9uCRyX67vBfM6mAuMpump,0.000019383393337480358
2026-01-02 21:48:00.000 UTC,8ARxY7YrVBNhSGkSjQjgzbU9uCRyX67vBfM6mAuMpump,0.000020047556881069303
2026-01-02 21:49:00.000 UTC,8ARxY7YrVBNhSGkSjQjgzbU9uCRyX67vBfM6mAuMpump,0.00001785926261868344
2026-01-02 21:51:00.000 UTC,8ARxY7YrVBNhSGkSjQjgzbU9uCRyX67vBfM6mAuMpump,0.000017689845966565814
2026-01-02 21:53:00.000 UTC,8ARxY7YrVBNhSGkSjQjgzbU9uCRyX67vBfM6mAuMpump,0.000018319505664257498
2026-01-02 21:54:00.000 UTC,8ARxY7YrVBNhSGkSjQjgzbU9uCRyX67vBfM6mAuMpump,0.000018753930585783096
2026-01-02 21:55:00.000 UTC,8ARxY7YrVBNhSGkSjQjgzbU9uCRyX67vBfM6mAuMpump,0.000020919796402851504
2026-01-02 21:56:00.000 UTC,8ARxY7YrVBNhSGkSjQjgzbU9uCRyX67vBfM6mAuMpump,0.00002043526885522617
2026-01-02 21:57:00.000 UTC,8ARxY7YrVBNhSGkSjQjgzbU9uCRyX67vBfM6mAuMpump,0.000021747462278037255
2026-01-02 21:58:00.000 UTC,8ARxY7YrVBNhSGkSjQjgzbU9uCRyX67vBfM6mAuMpump,0.00002292485072722503
2026-01-02 21:59:00.000 UTC,8ARxY7YrVBNhSGkSjQjgzbU9uCRyX67vBfM6mAuMpump,0.00002517476179816894
2026-01-02 22:00:00.000 UTC,8ARxY7YrVBNhSGkSjQjgzbU9uCRyX67vBfM6mAuMpump,0.000024892300616415887
2026-01-02 22:01:00.000 UTC,8ARxY7YrVBNhSGkSjQjgzbU9uCRyX67vBfM6mAuMpump,0.000024852403012386492
2026-01-02 22:02:00.000 UTC,8ARxY7YrVBNhSGkSjQjgzbU9uCRyX67vBfM6mAuMpump,0.000023036785139777738
2026-01-02 22:03:00.000 UTC,8ARxY7YrVBNhSGkSjQjgzbU9uCRyX67vBfM6mAuMpump,0.000021878194006628375
2026-01-02 22:04:00.000 UTC,8ARxY7YrVBNhSGkSjQjgzbU9uCRyX67vBfM6mAuMpump,0.000020963609186842934
2026-01-02 22:05:00.000 UTC,8ARxY7YrVBNhSGkSjQjgzbU9uCRyX67vBfM6mAuMpump,0.000021173201418893593
2026-01-02 22:06:00.000 UTC,8ARxY7YrVBNhSGkSjQjgzbU9uCRyX67vBfM6mAuMpump,0.000020320006271742205
2026-01-02 22:08:00.000 UTC,8ARxY7YrVBNhSGkSjQjgzbU9uCRyX67vBfM6mAuMpump,0.000018790043261186176
2026-01-02 22:09:00.000 UTC,8ARxY7YrVBNhSGkSjQjgzbU9uCRyX67vBfM6mAuMpump,0.000019701818025873452
2026-01-02 22:10:00.000 UTC,8ARxY7YrVBNhSGkSjQjgzbU9uCRyX67vBfM6mAuMpump,0.00002027605623332678
2026-01-02 22:11:00.000 UTC,8ARxY7YrVBNhSGkSjQjgzbU9uCRyX67vBfM6mAuMpump,0.000021931768416068016
2026-01-02 22:12:00.000 UTC,8ARxY7YrVBNhSGkSjQjgzbU9uCRyX67vBfM6mAuMpump,0.000026000127799957928
2026-01-02 22:14:00.000 UTC,8ARxY7YrVBNhSGkSjQjgzbU9uCRyX67vBfM6mAuMpump,0.000024713322227525948
2026-01-02 22:15:00.000 UTC,8ARxY7YrVBNhSGkSjQjgzbU9uCRyX67vBfM6mAuMpump,0.000023488072086039543
2026-01-02 22:16:00.000 UTC,8ARxY7YrVBNhSGkSjQjgzbU9uCRyX67vBfM6mAuMpump,0.0000232868067949481
2026-01-02 22:17:00.000 UTC,8ARxY7YrVBNhSGkSjQjgzbU9uCRyX67vBfM6mAuMpump,0.000024057661321371004
2026-01-02 22:19:00.000 UTC,8ARxY7YrVBNhSGkSjQjgzbU9uCRyX67vBfM6mAuMpump,0.00002513817220364847
2026-01-02 22:21:00.000 UTC,8ARxY7YrVBNhSGkSjQjgzbU9uCRyX67vBfM6mAuMpump,0.000025120178191979062
2026-01-02 22:23:00.000 UTC,8ARxY7YrVBNhSGkSjQjgzbU9uCRyX67vBfM6mAuMpump,0.00002441324164206352
2026-01-02 22:24:00.000 UTC,8ARxY7YrVBNhSGkSjQjgzbU9uCRyX67vBfM6mAuMpump,0.00002571073736644779
2026-01-02 22:25:00.000 UTC,8ARxY7YrVBNhSGkSjQjgzbU9uCRyX67vBfM6mAuMpump,0.000026855377998188224
2026-01-02 22:27:00.000 UTC,8ARxY7YrVBNhSGkSjQjgzbU9uCRyX67vBfM6mAuMpump,0.00002614594701458606
2026-01-02 22:28:00.000 UTC,8ARxY7YrVBNhSGkSjQjgzbU9uCRyX67vBfM6mAuMpump,0.0000266193996139782
2026-01-02 22:32:00.000 UTC,8ARxY7YrVBNhSGkSjQjgzbU9uCRyX67vBfM6mAuMpump,0.000023162908765184198
2026-01-02 22:33:00.000 UTC,8ARxY7YrVBNhSGkSjQjgzbU9uCRyX67vBfM6mAuMpump,0.000022301373938732327
2026-01-02 22:36:00.000 UTC,8ARxY7YrVBNhSGkSjQjgzbU9uCRyX67vBfM6mAuMpump,0.000021722516810874796
2026-01-02 22:38:00.000 UTC,8ARxY7YrVBNhSGkSjQjgzbU9uCRyX67vBfM6mAuMpump,0.0000215151991100822
2026-01-02 22:39:00.000 UTC,8ARxY7YrVBNhSGkSjQjgzbU9uCRyX67vBfM6mAuMpump,0.000021559264553899988
2026-01-02 22:40:00.000 UTC,8ARxY7YrVBNhSGkSjQjgzbU9uCRyX67vBfM6mAuMpump,0.000021234940351115755
2026-01-02 22:41:00.000 UTC,8ARxY7YrVBNhSGkSjQjgzbU9uCRyX67vBfM6mAuMpump,0.00002154872396065745
2026-01-02 22:46:00.000 UTC,8ARxY7YrVBNhSGkSjQjgzbU9uCRyX67vBfM6mAuMpump,0.000021251796534548847
2026-01-02 22:47:00.000 UTC,8ARxY7YrVBNhSGkSjQjgzbU9uCRyX67vBfM6mAuMpump,0.000021616722745782016
2026-01-02 22:48:00.000 UTC,8ARxY7YrVBNhSGkSjQjgzbU9uCRyX67vBfM6mAuMpump,0.000022375008210546594
2026-01-02 22:49:00.000 UTC,8ARxY7YrVBNhSGkSjQjgzbU9uCRyX67vBfM6mAuMpump,0.000022532274618962292
2026-01-02 22:50:00.000 UTC,8ARxY7YrVBNhSGkSjQjgzbU9uCRyX67vBfM6mAuMpump,0.000023304729193254904
2026-01-02 22:51:00.000 UTC,8ARxY7YrVBNhSGkSjQjgzbU9uCRyX67vBfM6mAuMpump,0.000022648929068327944
2026-01-02 22:56:00.000 UTC,8ARxY7YrVBNhSGkSjQjgzbU9uCRyX67vBfM6mAuMpump,0.00002261528754408431
2026-01-02 22:58:00.000 UTC,8ARxY7YrVBNhSGkSjQjgzbU9uCRyX67vBfM6mAuMpump,0.00001932017337204826
2026-01-02 23:00:00.000 UTC,8ARxY7YrVBNhSGkSjQjgzbU9uCRyX67vBfM6mAuMpump,0.000019450474246428253
2026-01-02 23:02:00.000 UTC,8ARxY7YrVBNhSGkSjQjgzbU9uCRyX67vBfM6mAuMpump,0.00001787698042513504
2026-01-02 23:03:00.000 UTC,8ARxY7YrVBNhSGkSjQjgzbU9uCRyX67vBfM6mAuMpump,0.000018441588515111422
2026-01-02 23:08:00.000 UTC,8ARxY7YrVBNhSGkSjQjgzbU9uCRyX67vBfM6mAuMpump,0.000016475748910352265
2026-01-02 23:09:00.000 UTC,8ARxY7YrVBNhSGkSjQjgzbU9uCRyX67vBfM6mAuMpump,0.00001714228709091682
2026-01-02 23:10:00.000 UTC,8ARxY7YrVBNhSGkSjQjgzbU9uCRyX67vBfM6mAuMpump,0.000017647894196823546
2026-01-02 23:11:00.000 UTC,8ARxY7YrVBNhSGkSjQjgzbU9uCRyX67vBfM6mAuMpump,0.0000179819355253944
2026-01-02 23:12:00.000 UTC,8ARxY7YrVBNhSGkSjQjgzbU9uCRyX67vBfM6mAuMpump,0.0000180733824388768
2026-01-02 23:15:00.000 UTC,8ARxY7YrVBNhSGkSjQjgzbU9uCRyX67vBfM6mAuMpump,0.000017854063357803835
2026-01-02 23:18:00.000 UTC,8ARxY7YrVBNhSGkSjQjgzbU9uCRyX67vBfM6mAuMpump,0.000017209486172508048
2026-01-02 23:21:00.000 UTC,8ARxY7YrVBNhSGkSjQjgzbU9uCRyX67vBfM6mAuMpump,0.000017305175001132845
2026-01-02 23:22:00.000 UTC,8ARxY7YrVBNhSGkSjQjgzbU9uCRyX67vBfM6mAuMpump,0.00001724533540088189
2026-01-02 23:23:00.000 UTC,8ARxY7YrVBNhSGkSjQjgzbU9uCRyX67vBfM6mAuMpump,0.000015786134537206436
2026-01-02 23:24:00.000 UTC,8ARxY7YrVBNhSGkSjQjgzbU9uCRyX67vBfM6mAuMpump,0.000015171348356778036
2026-01-02 23:27:00.000 UTC,8ARxY7YrVBNhSGkSjQjgzbU9uCRyX67vBfM6mAuMpump,0.000015163169906970258
2026-01-02 23:28:00.000 UTC,8ARxY7YrVBNhSGkSjQjgzbU9uCRyX67vBfM6mAuMpump,0.000014474035276996336
2026-01-02 23:29:00.000 UTC,8ARxY7YrVBNhSGkSjQjgzbU9uCRyX67vBfM6mAuMpump,0.000014541101453877084
2026-01-02 23:32:00.000 UTC,8ARxY7YrVBNhSGkSjQjgzbU9uCRyX67vBfM6mAuMpump,0.000014896561997095793
2026-01-02 23:33:00.000 UTC,8ARxY7YrVBNhSGkSjQjgzbU9uCRyX67vBfM6mAuMpump,0.00001563207712953449
2026-01-02 23:34:00.000 UTC,8ARxY7YrVBNhSGkSjQjgzbU9uCRyX67vBfM6mAuMpump,0.000016109650994252592
2026-01-02 23:38:00.000 UTC,8ARxY7YrVBNhSGkSjQjgzbU9uCRyX67vBfM6mAuMpump,0.00001505466102930363
2026-01-02 23:45:00.000 UTC,8ARxY7YrVBNhSGkSjQjgzbU9uCRyX67vBfM6mAuMpump,0.000014636060449072522
2026-01-02 23:56:00.000 UTC,8ARxY7YrVBNhSGkSjQjgzbU9uCRyX67vBfM6mAuMpump,0.000014546455081997178
2026-01-02 23:57:00.000 UTC,8ARxY7YrVBNhSGkSjQjgzbU9uCRyX67vBfM6mAuMpump,0.000014429622824509452
2026-01-02 23:59:00.000 UTC,8ARxY7YrVBNhSGkSjQjgzbU9uCRyX67vBfM6mAuMpump,0.000014489552846553321
2026-01-03 00:01:00.000 UTC,8ARxY7YrVBNhSGkSjQjgzbU9uCRyX67vBfM6mAuMpump,0.000014151695796398939
2026-01-03 00:02:00.000 UTC,8ARxY7YrVBNhSGkSjQjgzbU9uCRyX67vBfM6mAuMpump,0.00001531148216943471
2026-01-03 00:04:00.000 UTC,8ARxY7YrVBNhSGkSjQjgzbU9uCRyX67vBfM6mAuMpump,0.0000158515778108221
2026-01-03 00:07:00.000 UTC,8ARxY7YrVBNhSGkSjQjgzbU9uCRyX67vBfM6mAuMpump,0.000016521800169563485
2026-01-03 00:12:00.000 UTC,8ARxY7YrVBNhSGkSjQjgzbU9uCRyX67vBfM6mAuMpump,0.00001579441239670952
2026-01-03 00:13:00.000 UTC,8ARxY7YrVBNhSGkSjQjgzbU9uCRyX67vBfM6mAuMpump,0.000016447437619605444
2026-01-03 00:14:00.000 UTC,8ARxY7YrVBNhSGkSjQjgzbU9uCRyX67vBfM6mAuMpump,0.000016562396213727573
2026-01-03 00:15:00.000 UTC,8ARxY7YrVBNhSGkSjQjgzbU9uCRyX67vBfM6mAuMpump,0.000016715665132477766
2026-01-03 00:16:00.000 UTC,8ARxY7YrVBNhSGkSjQjgzbU9uCRyX67vBfM6mAuMpump,0.000016796958130428502
2026-01-03 00:18:00.000 UTC,8ARxY7YrVBNhSGkSjQjgzbU9uCRyX67vBfM6mAuMpump,0.000017091666174499644
2026-01-03 00:28:00.000 UTC,8ARxY7YrVBNhSGkSjQjgzbU9uCRyX67vBfM6mAuMpump,0.00001545559939475552
2026-01-03 00:29:00.000 UTC,8ARxY7YrVBNhSGkSjQjgzbU9uCRyX67vBfM6mAuMpump,0.000015513885844449815
2026-01-03 00:30:00.000 UTC,8ARxY7YrVBNhSGkSjQjgzbU9uCRyX67vBfM6mAuMpump,0.00001722214158211186
2026-01-03 00:31:00.000 UTC,8ARxY7YrVBNhSGkSjQjgzbU9uCRyX67vBfM6mAuMpump,0.000019270412779960834
2026-01-03 00:32:00.000 UTC,8ARxY7YrVBNhSGkSjQjgzbU9uCRyX67vBfM6mAuMpump,0.000021902269450335055
2026-01-03 00:34:00.000 UTC,8ARxY7YrVBNhSGkSjQjgzbU9uCRyX67vBfM6mAuMpump,0.00002263170179144334
2026-01-03 00:35:00.000 UTC,8ARxY7YrVBNhSGkSjQjgzbU9uCRyX67vBfM6mAuMpump,0.000023270288441198585
2026-01-03 00:36:00.000 UTC,8ARxY7YrVBNhSGkSjQjgzbU9uCRyX67vBfM6mAuMpump,0.000023740052095550987
2026-01-03 00:37:00.000 UTC,8ARxY7YrVBNhSGkSjQjgzbU9uCRyX67vBfM6mAuMpump,0.00002373963487771578
2026-01-03 00:38:00.000 UTC,8ARxY7YrVBNhSGkSjQjgzbU9uCRyX67vBfM6mAuMpump,0.00002525927899995172
2026-01-03 00:39:00.000 UTC,8ARxY7YrVBNhSGkSjQjgzbU9uCRyX67vBfM6mAuMpump,0.000025325671045647488
2026-01-03 00:41:00.000 UTC,8ARxY7YrVBNhSGkSjQjgzbU9uCRyX67vBfM6mAuMpump,0.00002353342583685912
2026-01-03 00:46:00.000 UTC,8ARxY7YrVBNhSGkSjQjgzbU9uCRyX67vBfM6mAuMpump,0.000022360491741215722
2026-01-03 00:49:00.000 UTC,8ARxY7YrVBNhSGkSjQjgzbU9uCRyX67vBfM6mAuMpump,0.000022739673481111646
2026-01-03 00:51:00.000 UTC,8ARxY7YrVBNhSGkSjQjgzbU9uCRyX67vBfM6mAuMpump,0.00002313393578823757
2026-01-03 00:52:00.000 UTC,8ARxY7YrVBNhSGkSjQjgzbU9uCRyX67vBfM6mAuMpump,0.000024076619069395866
2026-01-03 00:53:00.000 UTC,8ARxY7YrVBNhSGkSjQjgzbU9uCRyX67vBfM6mAuMpump,0.00002528494317447221
2026-01-03 00:55:00.000 UTC,8ARxY7YrVBNhSGkSjQjgzbU9uCRyX67vBfM6mAuMpump,0.000027112665478479737
2026-01-03 01:00:00.000 UTC,8ARxY7YrVBNhSGkSjQjgzbU9uCRyX67vBfM6mAuMpump,0.000029242825272135585
2026-01-03 01:03:00.000 UTC,8ARxY7YrVBNhSGkSjQjgzbU9uCRyX67vBfM6mAuMpump,0.000028776971075426363
2026-01-03 01:04:00.000 UTC,8ARxY7YrVBNhSGkSjQjgzbU9uCRyX67vBfM6mAuMpump,0.000028882417396667108
2026-01-03 01:10:00.000 UTC,8ARxY7YrVBNhSGkSjQjgzbU9uCRyX67vBfM6mAuMpump,0.000023942137983867966
2026-01-03 01:16:00.000 UTC,8ARxY7YrVBNhSGkSjQjgzbU9uCRyX67vBfM6mAuMpump,0.0000228947935385403
2026-01-03 01:17:00.000 UTC,8ARxY7YrVBNhSGkSjQjgzbU9uCRyX67vBfM6mAuMpump,0.000023268174890107643
2026-01-03 01:22:00.000 UTC,8ARxY7YrVBNhSGkSjQjgzbU9uCRyX67vBfM6mAuMpump,0.000023534429236285108
2026-01-03 01:24:00.000 UTC,8ARxY7YrVBNhSGkSjQjgzbU9uCRyX67vBfM6mAuMpump,0.000023743363506609273
2026-01-03 01:28:00.000 UTC,8ARxY7YrVBNhSGkSjQjgzbU9uCRyX67vBfM6mAuMpump,0.00002420510744624081
2026-01-03 01:29:00.000 UTC,8ARxY7YrVBNhSGkSjQjgzbU9uCRyX67vBfM6mAuMpump,0.00002455366196054392
2026-01-03 02:14:00.000 UTC,8ARxY7YrVBNhSGkSjQjgzbU9uCRyX67vBfM6mAuMpump,0.000018342371805189685
2026-01-03 02:15:00.000 UTC,8ARxY7YrVBNhSGkSjQjgzbU9uCRyX67vBfM6mAuMpump,0.000018932108047978494
2026-01-03 02:17:00.000 UTC,8ARxY7YrVBNhSGkSjQjgzbU9uCRyX67vBfM6mAuMpump,0.000019277338622388964
2026-01-03 02:23:00.000 UTC,8ARxY7YrVBNhSGkSjQjgzbU9uCRyX67vBfM6mAuMpump,0.000018995747041862446
2026-01-03 02:25:00.000 UTC,8ARxY7YrVBNhSGkSjQjgzbU9uCRyX67vBfM6mAuMpump,0.000019191856647563076
2026-01-03 02:27:00.000 UTC,8ARxY7YrVBNhSGkSjQjgzbU9uCRyX67vBfM6mAuMpump,0.000019451675107386912
2026-01-03 02:28:00.000 UTC,8ARxY7YrVBNhSGkSjQjgzbU9uCRyX67vBfM6mAuMpump,0.00001942744841384863
2026-01-03 02:32:00.000 UTC,8ARxY7YrVBNhSGkSjQjgzbU9uCRyX67vBfM6mAuMpump,0.00001933230703434491
2026-01-03 02:33:00.000 UTC,8ARxY7YrVBNhSGkSjQjgzbU9uCRyX67vBfM6mAuMpump,0.00001974371558524871
2026-01-03 02:34:00.000 UTC,8ARxY7YrVBNhSGkSjQjgzbU9uCRyX67vBfM6mAuMpump,0.000019793192377251148
2026-01-03 02:35:00.000 UTC,8ARxY7YrVBNhSGkSjQjgzbU9uCRyX67vBfM6mAuMpump,0.000020926016119517927
2026-01-03 02:37:00.000 UTC,8ARxY7YrVBNhSGkSjQjgzbU9uCRyX67vBfM6mAuMpump,0.000021702312724736735
2026-01-03 02:38:00.000 UTC,8ARxY7YrVBNhSGkSjQjgzbU9uCRyX67vBfM6mAuMpump,0.000021695498357677847
2026-01-03 02:40:00.000 UTC,8ARxY7YrVBNhSGkSjQjgzbU9uCRyX67vBfM6mAuMpump,0.00002133971167578514
2026-01-03 02:44:00.000 UTC,8ARxY7YrVBNhSGkSjQjgzbU9uCRyX67vBfM6mAuMpump,0.000020572582600596163
2026-01-03 02:45:00.000 UTC,8ARxY7YrVBNhSGkSjQjgzbU9uCRyX67vBfM6mAuMpump,0.00002130311773599995
2026-01-03 02:47:00.000 UTC,8ARxY7YrVBNhSGkSjQjgzbU9uCRyX67vBfM6mAuMpump,0.000022032884233741246
2026-01-03 02:48:00.000 UTC,8ARxY7YrVBNhSGkSjQjgzbU9uCRyX67vBfM6mAuMpump,0.00002271582506522847
2026-01-03 02:50:00.000 UTC,8ARxY7YrVBNhSGkSjQjgzbU9uCRyX67vBfM6mAuMpump,0.000022594917073804484
2026-01-03 02:52:00.000 UTC,8ARxY7YrVBNhSGkSjQjgzbU9uCRyX67vBfM6mAuMpump,0.00002276113685949695
2026-01-03 02:57:00.000 UTC,8ARxY7YrVBNhSGkSjQjgzbU9uCRyX67vBfM6mAuMpump,0.0000228209664822935
2026-01-03 02:58:00.000 UTC,8ARxY7YrVBNhSGkSjQjgzbU9uCRyX67vBfM6mAuMpump,0.000023129752399483556
2026-01-03 02:59:00.000 UTC,8ARxY7YrVBNhSGkSjQjgzbU9uCRyX67vBfM6mAuMpump,0.000023517181453369073
2026-01-03 03:01:00.000 UTC,8ARxY7YrVBNhSGkSjQjgzbU9uCRyX67vBfM6mAuMpump,0.00002452007773428302
2026-01-03 03:04:00.000 UTC,8ARxY7YrVBNhSGkSjQjgzbU9uCRyX67vBfM6mAuMpump,0.000023421208203328813
2026-01-03 03:05:00.000 UTC,8ARxY7YrVBNhSGkSjQjgzbU9uCRyX67vBfM6mAuMpump,0.000025165432002577788
2026-01-03 03:06:00.000 UTC,8ARxY7YrVBNhSGkSjQjgzbU9uCRyX67vBfM6mAuMpump,0.00002706995775988748
2026-01-03 03:07:00.000 UTC,8ARxY7YrVBNhSGkSjQjgzbU9uCRyX67vBfM6mAuMpump,0.000028869235043903266
2026-01-03 03:08:00.000 UTC,8ARxY7YrVBNhSGkSjQjgzbU9uCRyX67vBfM6mAuMpump,0.000030448349308507626
2026-01-03 03:09:00.000 UTC,8ARxY7YrVBNhSGkSjQjgzbU9uCRyX67vBfM6mAuMpump,0.00003008792756092116
2026-01-03 03:10:00.000 UTC,8ARxY7YrVBNhSGkSjQjgzbU9uCRyX67vBfM6mAuMpump,0.000029745591235433306
2026-01-03 03:11:00.000 UTC,8ARxY7YrVBNhSGkSjQjgzbU9uCRyX67vBfM6mAuMpump,0.0000326775315190213
2026-01-03 03:12:00.000 UTC,8ARxY7YrVBNhSGkSjQjgzbU9uCRyX67vBfM6mAuMpump,0.000035115316556681806
2026-01-03 03:13:00.000 UTC,8ARxY7YrVBNhSGkSjQjgzbU9uCRyX67vBfM6mAuMpump,0.000032505225557224856
2026-01-03 03:18:00.000 UTC,8ARxY7YrVBNhSGkSjQjgzbU9uCRyX67vBfM6mAuMpump,0.000029283530028697016
2026-01-03 03:21:00.000 UTC,8ARxY7YrVBNhSGkSjQjgzbU9uCRyX67vBfM6mAuMpump,0.00002931206893252867
2026-01-03 03:22:00.000 UTC,8ARxY7YrVBNhSGkSjQjgzbU9uCRyX67vBfM6mAuMpump,0.00002944578229289529
2026-01-03 03:23:00.000 UTC,8ARxY7YrVBNhSGkSjQjgzbU9uCRyX67vBfM6mAuMpump,0.00002956741810689254
2026-01-03 03:25:00.000 UTC,8ARxY7YrVBNhSGkSjQjgzbU9uCRyX67vBfM6mAuMpump,0.000027466575819849445
2026-01-03 03:27:00.000 UTC,8ARxY7YrVBNhSGkSjQjgzbU9uCRyX67vBfM6mAuMpump,0.000027684995148627123
2026-01-03 03:29:00.000 UTC,8ARxY7YrVBNhSGkSjQjgzbU9uCRyX67vBfM6mAuMpump,0.000027688037200384706
2026-01-03 03:32:00.000 UTC,8ARxY7YrVBNhSGkSjQjgzbU9uCRyX67vBfM6mAuMpump,0.00002478360919060816
2026-01-03 03:33:00.000 UTC,8ARxY7YrVBNhSGkSjQjgzbU9uCRyX67vBfM6mAuMpump,0.000024887261574341737
2026-01-03 03:41:00.000 UTC,8ARxY7YrVBNhSGkSjQjgzbU9uCRyX67vBfM6mAuMpump,0.000024458684230598916
2026-01-03 03:42:00.000 UTC,8ARxY7YrVBNhSGkSjQjgzbU9uCRyX67vBfM6mAuMpump,0.00002573633228102473
2026-01-03 03:43:00.000 UTC,8ARxY7YrVBNhSGkSjQjgzbU9uCRyX67vBfM6mAuMpump,0.000026458997276415752
2026-01-03 03:44:00.000 UTC,8ARxY7YrVBNhSGkSjQjgzbU9uCRyX67vBfM6mAuMpump,0.000026749714936424218
2026-01-03 03:45:00.000 UTC,8ARxY7YrVBNhSGkSjQjgzbU9uCRyX67vBfM6mAuMpump,0.000027082114272997314
2026-01-03 03:47:00.000 UTC,8ARxY7YrVBNhSGkSjQjgzbU9uCRyX67vBfM6mAuMpump,0.0000281334048453582
2026-01-03 03:48:00.000 UTC,8ARxY7YrVBNhSGkSjQjgzbU9uCRyX67vBfM6mAuMpump,0.00002756224802168251
2026-01-03 03:50:00.000 UTC,8ARxY7YrVBNhSGkSjQjgzbU9uCRyX67vBfM6mAuMpump,0.000027727765176181508
2026-01-03 03:51:00.000 UTC,8ARxY7YrVBNhSGkSjQjgzbU9uCRyX67vBfM6mAuMpump,0.000027851633950778234
2026-01-03 04:00:00.000 UTC,8ARxY7YrVBNhSGkSjQjgzbU9uCRyX67vBfM6mAuMpump,0.000021782123642197123
2026-01-03 04:01:00.000 UTC,8ARxY7YrVBNhSGkSjQjgzbU9uCRyX67vBfM6mAuMpump,0.000022285790281975962
2026-01-03 04:04:00.000 UTC,8ARxY7YrVBNhSGkSjQjgzbU9uCRyX67vBfM6mAuMpump,0.00002317930071173555
2026-01-03 04:05:00.000 UTC,8ARxY7YrVBNhSGkSjQjgzbU9uCRyX67vBfM6mAuMpump,0.00002430907032064296
2026-01-03 04:06:00.000 UTC,8ARxY7YrVBNhSGkSjQjgzbU9uCRyX67vBfM6mAuMpump,0.00002440959272367228
2026-01-03 04:07:00.000 UTC,8ARxY7YrVBNhSGkSjQjgzbU9uCRyX67vBfM6mAuMpump,0.000024497629459534957
2026-01-03 04:08:00.000 UTC,8ARxY7YrVBNhSGkSjQjgzbU9uCRyX67vBfM6mAuMpump,0.00002531857384807814
2026-01-03 04:10:00.000 UTC,8ARxY7YrVBNhSGkSjQjgzbU9uCRyX67vBfM6mAuMpump,0.000022514561492094476
2026-01-03 04:11:00.000 UTC,8ARxY7YrVBNhSGkSjQjgzbU9uCRyX67vBfM6mAuMpump,0.000022129295053482634
2026-01-03 04:12:00.000 UTC,8ARxY7YrVBNhSGkSjQjgzbU9uCRyX67vBfM6mAuMpump,0.00002232429731021444
2026-01-03 04:14:00.000 UTC,8ARxY7YrVBNhSGkSjQjgzbU9uCRyX67vBfM6mAuMpump,0.00002212290493658936
2026-01-03 04:18:00.000 UTC,8ARxY7YrVBNhSGkSjQjgzbU9uCRyX67vBfM6mAuMpump,0.000022728510336873865
2026-01-03 04:23:00.000 UTC,8ARxY7YrVBNhSGkSjQjgzbU9uCRyX67vBfM6mAuMpump,0.00002102335365204866
2026-01-03 04:24:00.000 UTC,8ARxY7YrVBNhSGkSjQjgzbU9uCRyX67vBfM6mAuMpump,0.00002113936396899678
2026-01-03 04:25:00.000 UTC,8ARxY7YrVBNhSGkSjQjgzbU9uCRyX67vBfM6mAuMpump,0.00002122301763939067
2026-01-03 04:27:00.000 UTC,8ARxY7YrVBNhSGkSjQjgzbU9uCRyX67vBfM6mAuMpump,0.00002037989092678399
2026-01-03 04:28:00.000 UTC,8ARxY7YrVBNhSGkSjQjgzbU9uCRyX67vBfM6mAuMpump,0.000021959449122388085
2026-01-03 04:32:00.000 UTC,8ARxY7YrVBNhSGkSjQjgzbU9uCRyX67vBfM6mAuMpump,0.00002138560372516408
2026-01-03 04:43:00.000 UTC,8ARxY7YrVBNhSGkSjQjgzbU9uCRyX67vBfM6mAuMpump,0.000020581558622815362
2026-01-03 04:48:00.000 UTC,8ARxY7YrVBNhSGkSjQjgzbU9uCRyX67vBfM6mAuMpump,0.000020618902321371543
2026-01-03 04:58:00.000 UTC,8ARxY7YrVBNhSGkSjQjgzbU9uCRyX67vBfM6mAuMpump,0.00001826397623340817
2026-01-03 04:59:00.000 UTC,8ARxY7YrVBNhSGkSjQjgzbU9uCRyX67vBfM6mAuMpump,0.000018388795627560296
2026-01-03 05:03:00.000 UTC,8ARxY7YrVBNhSGkSjQjgzbU9uCRyX67vBfM6mAuMpump,0.000018478178009443687
2026-01-03 05:10:00.000 UTC,8ARxY7YrVBNhSGkSjQjgzbU9uCRyX67vBfM6mAuMpump,0.00001897183898262304
2026-01-03 05:13:00.000 UTC,8ARxY7YrVBNhSGkSjQjgzbU9uCRyX67vBfM6mAuMpump,0.000018617127961835645
2026-01-03 05:15:00.000 UTC,8ARxY7YrVBNhSGkSjQjgzbU9uCRyX67vBfM6mAuMpump,0.000018825736704561067
2026-01-03 05:18:00.000 UTC,8ARxY7YrVBNhSGkSjQjgzbU9uCRyX67vBfM6mAuMpump,0.00001892104611731061
2026-01-03 05:20:00.000 UTC,8ARxY7YrVBNhSGkSjQjgzbU9uCRyX67vBfM6mAuMpump,0.000021180383755336896
2026-01-03 05:23:00.000 UTC,8ARxY7YrVBNhSGkSjQjgzbU9uCRyX67vBfM6mAuMpump,0.00002176429945543746
2026-01-03 05:32:00.000 UTC,8ARxY7YrVBNhSGkSjQjgzbU9uCRyX67vBfM6mAuMpump,0.000019275355895708697
2026-01-03 05:35:00.000 UTC,8ARxY7YrVBNhSGkSjQjgzbU9uCRyX67vBfM6mAuMpump,0.000019126215261931726
2026-01-03 05:54:00.000 UTC,8ARxY7YrVBNhSGkSjQjgzbU9uCRyX67vBfM6mAuMpump,0.0000187340480989005
2026-01-03 05:55:00.000 UTC,8ARxY7YrVBNhSGkSjQjgzbU9uCRyX67vBfM6mAuMpump,0.000018924952165269695
2026-01-03 06:20:00.000 UTC,8ARxY7YrVBNhSGkSjQjgzbU9uCRyX67vBfM6mAuMpump,0.00001851302978693996
2026-01-03 06:22:00.000 UTC,8ARxY7YrVBNhSGkSjQjgzbU9uCRyX67vBfM6mAuMpump,0.000018729976262934185
2026-01-03 06:40:00.000 UTC,8ARxY7YrVBNhSGkSjQjgzbU9uCRyX67vBfM6mAuMpump,0.000017037751610417936
2026-01-03 06:45:00.000 UTC,8ARxY7YrVBNhSGkSjQjgzbU9uCRyX67vBfM6mAuMpump,0.00001684629034334781
2026-01-03 06:51:00.000 UTC,8ARxY7YrVBNhSGkSjQjgzbU9uCRyX67vBfM6mAuMpump,0.000016878114220931206
2026-01-03 06:55:00.000 UTC,8ARxY7YrVBNhSGkSjQjgzbU9uCRyX67vBfM6mAuMpump,0.000017275493004048992
2026-01-03 06:57:00.000 UTC,8ARxY7YrVBNhSGkSjQjgzbU9uCRyX67vBfM6mAuMpump,0.000019270398899108196
2026-01-03 06:58:00.000 UTC,8ARxY7YrVBNhSGkSjQjgzbU9uCRyX67vBfM6mAuMpump,0.000020444936204980808
2026-01-03 07:00:00.000 UTC,8ARxY7YrVBNhSGkSjQjgzbU9uCRyX67vBfM6mAuMpump,0.00002096421935927776
2026-01-03 07:06:00.000 UTC,8ARxY7YrVBNhSGkSjQjgzbU9uCRyX67vBfM6mAuMpump,0.000020598377944912916
2026-01-03 07:10:00.000 UTC,8ARxY7YrVBNhSGkSjQjgzbU9uCRyX67vBfM6mAuMpump,0.000019696499849109622
2026-01-03 07:25:00.000 UTC,8ARxY7YrVBNhSGkSjQjgzbU9uCRyX67vBfM6mAuMpump,0.000019555874874737127
2026-01-03 07:30:00.000 UTC,8ARxY7YrVBNhSGkSjQjgzbU9uCRyX67vBfM6mAuMpump,0.000020326707739007558
2026-01-03 07:31:00.000 UTC,8ARxY7YrVBNhSGkSjQjgzbU9uCRyX67vBfM6mAuMpump,0.00002061432680741393
2026-01-03 07:32:00.000 UTC,8ARxY7YrVBNhSGkSjQjgzbU9uCRyX67vBfM6mAuMpump,0.000020577727279753893
2026-01-03 07:33:00.000 UTC,8ARxY7YrVBNhSGkSjQjgzbU9uCRyX67vBfM6mAuMpump,0.000021494269064897036
2026-01-03 07:44:00.000 UTC,8ARxY7YrVBNhSGkSjQjgzbU9uCRyX67vBfM6mAuMpump,0.000021727743316949252
2026-01-03 07:45:00.000 UTC,8ARxY7YrVBNhSGkSjQjgzbU9uCRyX67vBfM6mAuMpump,0.000021916260117482985
2026-01-03 07:47:00.000 UTC,8ARxY7YrVBNhSGkSjQjgzbU9uCRyX67vBfM6mAuMpump,0.000022124110385034403
2026-01-03 07:48:00.000 UTC,8ARxY7YrVBNhSGkSjQjgzbU9uCRyX67vBfM6mAuMpump,0.000022203917324776206
2026-01-03 07:50:00.000 UTC,8ARxY7YrVBNhSGkSjQjgzbU9uCRyX67vBfM6mAuMpump,0.000022309631856875913
2026-01-03 08:01:00.000 UTC,8ARxY7YrVBNhSGkSjQjgzbU9uCRyX67vBfM6mAuMpump,0.000022428194993668394
2026-01-03 08:02:00.000 UTC,8ARxY7YrVBNhSGkSjQjgzbU9uCRyX67vBfM6mAuMpump,0.000022512256488500564
2026-01-03 08:03:00.000 UTC,8ARxY7YrVBNhSGkSjQjgzbU9uCRyX67vBfM6mAuMpump,0.000022388940548767636
2026-01-03 08:08:00.000 UTC,8ARxY7YrVBNhSGkSjQjgzbU9uCRyX67vBfM6mAuMpump,0.00002208645892545292
2026-01-03 08:09:00.000 UTC,8ARxY7YrVBNhSGkSjQjgzbU9uCRyX67vBfM6mAuMpump,0.000021106620175336057
2026-01-03 08:10:00.000 UTC,8ARxY7YrVBNhSGkSjQjgzbU9uCRyX67vBfM6mAuMpump,0.00002109330218254704
2026-01-03 08:31:00.000 UTC,8ARxY7YrVBNhSGkSjQjgzbU9uCRyX67vBfM6mAuMpump,0.000021126056667072416
2026-01-03 08:33:00.000 UTC,8ARxY7YrVBNhSGkSjQjgzbU9uCRyX67vBfM6mAuMpump,0.000021121337644434916
2026-01-03 08:41:00.000 UTC,8ARxY7YrVBNhSGkSjQjgzbU9uCRyX67vBfM6mAuMpump,0.000021477759855019317
2026-01-03 08:46:00.000 UTC,8ARxY7YrVBNhSGkSjQjgzbU9uCRyX67vBfM6mAuMpump,0.000020853745397493175
2026-01-03 08:48:00.000 UTC,8ARxY7YrVBNhSGkSjQjgzbU9uCRyX67vBfM6mAuMpump,0.000020781360365831288
2026-01-03 09:03:00.000 UTC,8ARxY7YrVBNhSGkSjQjgzbU9uCRyX67vBfM6mAuMpump,0.00001992261660606109
2026-01-03 09:09:00.000 UTC,8ARxY7YrVBNhSGkSjQjgzbU9uCRyX67vBfM6mAuMpump,0.000019885880290470736
2026-01-03 09:13:00.000 UTC,8ARxY7YrVBNhSGkSjQjgzbU9uCRyX67vBfM6mAuMpump,0.00001987193215137776
2026-01-03 09:32:00.000 UTC,8ARxY7YrVBNhSGkSjQjgzbU9uCRyX67vBfM6mAuMpump,0.000019967932626015207
2026-01-03 09:41:00.000 UTC,8ARxY7YrVBNhSGkSjQjgzbU9uCRyX67vBfM6mAuMpump,0.00002004863253312202
2026-01-03 09:53:00.000 UTC,8ARxY7YrVBNhSGkSjQjgzbU9uCRyX67vBfM6mAuMpump,0.00001988652199465274
2026-01-03 10:00:00.000 UTC,8ARxY7YrVBNhSGkSjQjgzbU9uCRyX67vBfM6mAuMpump,0.000019968426282691586
2026-01-03 10:12:00.000 UTC,8ARxY7YrVBNhSGkSjQjgzbU9uCRyX67vBfM6mAuMpump,0.00002046384332757163
2026-01-03 10:18:00.000 UTC,8ARxY7YrVBNhSGkSjQjgzbU9uCRyX67vBfM6mAuMpump,0.000020676858552732668
2026-01-03 10:22:00.000 UTC,8ARxY7YrVBNhSGkSjQjgzbU9uCRyX67vBfM6mAuMpump,0.000021159096342865376
2026-01-03 10:23:00.000 UTC,8ARxY7YrVBNhSGkSjQjgzbU9uCRyX67vBfM6mAuMpump,0.000021760951394062963
2026-01-03 10:24:00.000 UTC,8ARxY7YrVBNhSGkSjQjgzbU9uCRyX67vBfM6mAuMpump,0.00002237762309595942
2026-01-03 10:25:00.000 UTC,8ARxY7YrVBNhSGkSjQjgzbU9uCRyX67vBfM6mAuMpump,0.00002310588453655653
2026-01-03 10:26:00.000 UTC,8ARxY7YrVBNhSGkSjQjgzbU9uCRyX67vBfM6mAuMpump,0.0000224968052937401
2026-01-03 10:27:00.000 UTC,8ARxY7YrVBNhSGkSjQjgzbU9uCRyX67vBfM6mAuMpump,0.00002258637502772306
2026-01-03 10:36:00.000 UTC,8ARxY7YrVBNhSGkSjQjgzbU9uCRyX67vBfM6mAuMpump,0.00002276041882744009
2026-01-03 10:37:00.000 UTC,8ARxY7YrVBNhSGkSjQjgzbU9uCRyX67vBfM6mAuMpump,0.000023120788125125453
2026-01-03 10:42:00.000 UTC,8ARxY7YrVBNhSGkSjQjgzbU9uCRyX67vBfM6mAuMpump,0.000023535186724473056
2026-01-03 10:43:00.000 UTC,8ARxY7YrVBNhSGkSjQjgzbU9uCRyX67vBfM6mAuMpump,0.00002473762229644792
2026-01-03 10:51:00.000 UTC,8ARxY7YrVBNhSGkSjQjgzbU9uCRyX67vBfM6mAuMpump,0.000021782012018058348
2026-01-03 10:53:00.000 UTC,8ARxY7YrVBNhSGkSjQjgzbU9uCRyX67vBfM6mAuMpump,0.000022750316080407203
2026-01-03 10:54:00.000 UTC,8ARxY7YrVBNhSGkSjQjgzbU9uCRyX67vBfM6mAuMpump,0.000023465785521532928
2026-01-03 11:00:00.000 UTC,8ARxY7YrVBNhSGkSjQjgzbU9uCRyX67vBfM6mAuMpump,0.000023336238795419563
2026-01-03 11:01:00.000 UTC,8ARxY7YrVBNhSGkSjQjgzbU9uCRyX67vBfM6mAuMpump,0.00002416299669982698
2026-01-03 11:02:00.000 UTC,8ARxY7YrVBNhSGkSjQjgzbU9uCRyX67vBfM6mAuMpump,0.00002548325472271034
2026-01-03 11:04:00.000 UTC,8ARxY7YrVBNhSGkSjQjgzbU9uCRyX67vBfM6mAuMpump,0.00002863721077233692
2026-01-03 11:05:00.000 UTC,8ARxY7YrVBNhSGkSjQjgzbU9uCRyX67vBfM6mAuMpump,0.00002590910178661291
2026-01-03 11:08:00.000 UTC,8ARxY7YrVBNhSGkSjQjgzbU9uCRyX67vBfM6mAuMpump,0.00002440032589841142
2026-01-03 11:11:00.000 UTC,8ARxY7YrVBNhSGkSjQjgzbU9uCRyX67vBfM6mAuMpump,0.000023690407017061373
2026-01-03 11:13:00.000 UTC,8ARxY7YrVBNhSGkSjQjgzbU9uCRyX67vBfM6mAuMpump,0.000023703025508186702
2026-01-03 11:15:00.000 UTC,8ARxY7YrVBNhSGkSjQjgzbU9uCRyX67vBfM6mAuMpump,0.000023765847757603955
2026-01-03 11:22:00.000 UTC,8ARxY7YrVBNhSGkSjQjgzbU9uCRyX67vBfM6mAuMpump,0.000023775325106250055
2026-01-03 11:33:00.000 UTC,8ARxY7YrVBNhSGkSjQjgzbU9uCRyX67vBfM6mAuMpump,0.000022770820454884635
2026-01-03 11:36:00.000 UTC,8ARxY7YrVBNhSGkSjQjgzbU9uCRyX67vBfM6mAuMpump,0.000023124948294003307
2026-01-03 11:41:00.000 UTC,8ARxY7YrVBNhSGkSjQjgzbU9uCRyX67vBfM6mAuMpump,0.000023365919931188576
2026-01-03 12:06:00.000 UTC,8ARxY7YrVBNhSGkSjQjgzbU9uCRyX67vBfM6mAuMpump,0.00002303155645425475
2026-01-03 12:12:00.000 UTC,8ARxY7YrVBNhSGkSjQjgzbU9uCRyX67vBfM6mAuMpump,0.000022905079921604963
2026-01-03 12:13:00.000 UTC,8ARxY7YrVBNhSGkSjQjgzbU9uCRyX67vBfM6mAuMpump,0.000023867054661832373
2026-01-03 12:42:00.000 UTC,8ARxY7YrVBNhSGkSjQjgzbU9uCRyX67vBfM6mAuMpump,0.000023277249825747384
2026-01-03 12:51:00.000 UTC,8ARxY7YrVBNhSGkSjQjgzbU9uCRyX67vBfM6mAuMpump,0.00002155575812323801
2026-01-03 12:54:00.000 UTC,8ARxY7YrVBNhSGkSjQjgzbU9uCRyX67vBfM6mAuMpump,0.00002241107520287783
2026-01-03 12:55:00.000 UTC,8ARxY7YrVBNhSGkSjQjgzbU9uCRyX67vBfM6mAuMpump,0.000024043633463540317
2026-01-03 13:00:00.000 UTC,8ARxY7YrVBNhSGkSjQjgzbU9uCRyX67vBfM6mAuMpump,0.000023959218935436606
2026-01-03 13:02:00.000 UTC,8ARxY7YrVBNhSGkSjQjgzbU9uCRyX67vBfM6mAuMpump,0.00002401995509824516
2026-01-03 13:04:00.000 UTC,8ARxY7YrVBNhSGkSjQjgzbU9uCRyX67vBfM6mAuMpump,0.000024078968487209065
2026-01-03 13:30:00.000 UTC,8ARxY7YrVBNhSGkSjQjgzbU9uCRyX67vBfM6mAuMpump,0.000023007868363088587
2026-01-03 13:35:00.000 UTC,8ARxY7YrVBNhSGkSjQjgzbU9uCRyX67vBfM6mAuMpump,0.000023097733424945653
2026-01-03 13:36:00.000 UTC,8ARxY7YrVBNhSGkSjQjgzbU9uCRyX67vBfM6mAuMpump,0.000023826636334431266
2026-01-03 13:50:00.000 UTC,8ARxY7YrVBNhSGkSjQjgzbU9uCRyX67vBfM6mAuMpump,0.000023700590865102014
2026-01-03 13:54:00.000 UTC,8ARxY7YrVBNhSGkSjQjgzbU9uCRyX67vBfM6mAuMpump,0.00002455746964241108
2026-01-03 14:08:00.000 UTC,8ARxY7YrVBNhSGkSjQjgzbU9uCRyX67vBfM6mAuMpump,0.000022834984033708645
2026-01-03 14:14:00.000 UTC,8ARxY7YrVBNhSGkSjQjgzbU9uCRyX67vBfM6mAuMpump,0.000022941849097838165
2026-01-03 14:33:00.000 UTC,8ARxY7YrVBNhSGkSjQjgzbU9uCRyX67vBfM6mAuMpump,0.000023211250155794085
2026-01-03 14:37:00.000 UTC,8ARxY7YrVBNhSGkSjQjgzbU9uCRyX67vBfM6mAuMpump,0.000022886907092079473
2026-01-03 15:08:00.000 UTC,8ARxY7YrVBNhSGkSjQjgzbU9uCRyX67vBfM6mAuMpump,0.00002250897102731332
2026-01-03 15:10:00.000 UTC,8ARxY7YrVBNhSGkSjQjgzbU9uCRyX67vBfM6mAuMpump,0.00002290075020569397
2026-01-03 15:11:00.000 UTC,8ARxY7YrVBNhSGkSjQjgzbU9uCRyX67vBfM6mAuMpump,0.0000234739311835541
2026-01-03 15:23:00.000 UTC,8ARxY7YrVBNhSGkSjQjgzbU9uCRyX67vBfM6mAuMpump,0.0000231024349249369
2026-01-03 15:34:00.000 UTC,8ARxY7YrVBNhSGkSjQjgzbU9uCRyX67vBfM6mAuMpump,0.000023432007949886045
2026-01-03 16:14:00.000 UTC,8ARxY7YrVBNhSGkSjQjgzbU9uCRyX67vBfM6mAuMpump,0.000020748062840847684
2026-01-03 16:16:00.000 UTC,8ARxY7YrVBNhSGkSjQjgzbU9uCRyX67vBfM6mAuMpump,0.000020765396227176668
2026-01-03 16:28:00.000 UTC,8ARxY7YrVBNhSGkSjQjgzbU9uCRyX67vBfM6mAuMpump,0.000020725532573410322
2026-01-03 16:36:00.000 UTC,8ARxY7YrVBNhSGkSjQjgzbU9uCRyX67vBfM6mAuMpump,0.000020805828564684414
2026-01-03 16:41:00.000 UTC,8ARxY7YrVBNhSGkSjQjgzbU9uCRyX67vBfM6mAuMpump,0.000021853369932689837
2026-01-03 16:43:00.000 UTC,8ARxY7YrVBNhSGkSjQjgzbU9uCRyX67vBfM6mAuMpump,0.00002235736194839607
2026-01-03 16:44:00.000 UTC,8ARxY7YrVBNhSGkSjQjgzbU9uCRyX67vBfM6mAuMpump,0.00002243492043813261
2026-01-03 16:47:00.000 UTC,8ARxY7YrVBNhSGkSjQjgzbU9uCRyX67vBfM6mAuMpump,0.000022368190160903646
2026-01-03 16:48:00.000 UTC,8ARxY7YrVBNhSGkSjQjgzbU9uCRyX67vBfM6mAuMpump,0.00002286499478285238
2026-01-03 16:51:00.000 UTC,8ARxY7YrVBNhSGkSjQjgzbU9uCRyX67vBfM6mAuMpump,0.000023627432377303882
2026-01-03 17:33:00.000 UTC,8ARxY7YrVBNhSGkSjQjgzbU9uCRyX67vBfM6mAuMpump,0.000021602191477911747
2026-01-03 17:43:00.000 UTC,8ARxY7YrVBNhSGkSjQjgzbU9uCRyX67vBfM6mAuMpump,0.000017334339725936063
2026-01-03 17:44:00.000 UTC,8ARxY7YrVBNhSGkSjQjgzbU9uCRyX67vBfM6mAuMpump,0.000017539100944128825
2026-01-03 17:49:00.000 UTC,8ARxY7YrVBNhSGkSjQjgzbU9uCRyX67vBfM6mAuMpump,0.000017129893988573353
2026-01-03 17:50:00.000 UTC,8ARxY7YrVBNhSGkSjQjgzbU9uCRyX67vBfM6mAuMpump,0.00001722785162678537
2026-01-03 17:52:00.000 UTC,8ARxY7YrVBNhSGkSjQjgzbU9uCRyX67vBfM6mAuMpump,0.000017641730482729074
2026-01-03 17:55:00.000 UTC,8ARxY7YrVBNhSGkSjQjgzbU9uCRyX67vBfM6mAuMpump,0.000018240570504952892
2026-01-03 18:00:00.000 UTC,8ARxY7YrVBNhSGkSjQjgzbU9uCRyX67vBfM6mAuMpump,0.000018278078355080874
2026-01-03 18:01:00.000 UTC,8ARxY7YrVBNhSGkSjQjgzbU9uCRyX67vBfM6mAuMpump,0.000019155896742671285
2026-01-03 18:02:00.000 UTC,8ARxY7YrVBNhSGkSjQjgzbU9uCRyX67vBfM6mAuMpump,0.000019688876812179918
2026-01-03 18:03:00.000 UTC,8ARxY7YrVBNhSGkSjQjgzbU9uCRyX67vBfM6mAuMpump,0.000019846039413294944
2026-01-03 18:04:00.000 UTC,8ARxY7YrVBNhSGkSjQjgzbU9uCRyX67vBfM6mAuMpump,0.000019889151201317267
2026-01-03 18:05:00.000 UTC,8ARxY7YrVBNhSGkSjQjgzbU9uCRyX67vBfM6mAuMpump,0.00001993351734629218
2026-01-03 18:11:00.000 UTC,8ARxY7YrVBNhSGkSjQjgzbU9uCRyX67vBfM6mAuMpump,0.00001928742641230846
2026-01-03 18:15:00.000 UTC,8ARxY7YrVBNhSGkSjQjgzbU9uCRyX67vBfM6mAuMpump,0.000019289861418942926
2026-01-03 18:21:00.000 UTC,8ARxY7YrVBNhSGkSjQjgzbU9uCRyX67vBfM6mAuMpump,0.00001921741356859657
2026-01-03 18:28:00.000 UTC,8ARxY7YrVBNhSGkSjQjgzbU9uCRyX67vBfM6mAuMpump,0.0000192623520005862
2026-01-03 18:38:00.000 UTC,8ARxY7YrVBNhSGkSjQjgzbU9uCRyX67vBfM6mAuMpump,0.000019369458173201673
2026-01-03 18:41:00.000 UTC,8ARxY7YrVBNhSGkSjQjgzbU9uCRyX67vBfM6mAuMpump,0.00001953588750816039
2026-01-03 18:48:00.000 UTC,8ARxY7YrVBNhSGkSjQjgzbU9uCRyX67vBfM6mAuMpump,0.0000179415247120963
2026-01-03 18:49:00.000 UTC,8ARxY7YrVBNhSGkSjQjgzbU9uCRyX67vBfM6mAuMpump,0.000018110832843896422
2026-01-03 18:52:00.000 UTC,8ARxY7YrVBNhSGkSjQjgzbU9uCRyX67vBfM6mAuMpump,0.000016507959840947015
2026-01-03 18:54:00.000 UTC,8ARxY7YrVBNhSGkSjQjgzbU9uCRyX67vBfM6mAuMpump,0.000016523935234825626
2026-01-03 19:04:00.000 UTC,8ARxY7YrVBNhSGkSjQjgzbU9uCRyX67vBfM6mAuMpump,0.00001675208769722074
2026-01-03 19:14:00.000 UTC,8ARxY7YrVBNhSGkSjQjgzbU9uCRyX67vBfM6mAuMpump,0.000016760347107043648
2026-01-03 19:30:00.000 UTC,8ARxY7YrVBNhSGkSjQjgzbU9uCRyX67vBfM6mAuMpump,0.0000156363036852125
2026-01-03 19:32:00.000 UTC,8ARxY7YrVBNhSGkSjQjgzbU9uCRyX67vBfM6mAuMpump,0.000016227518758623137
2026-01-03 19:33:00.000 UTC,8ARxY7YrVBNhSGkSjQjgzbU9uCRyX67vBfM6mAuMpump,0.000016514343662395536
2026-01-03 19:37:00.000 UTC,8ARxY7YrVBNhSGkSjQjgzbU9uCRyX67vBfM6mAuMpump,0.000016522395114081114
2026-01-03 19:38:00.000 UTC,8ARxY7YrVBNhSGkSjQjgzbU9uCRyX67vBfM6mAuMpump,0.000016522395114500636
2026-01-03 19:40:00.000 UTC,8ARxY7YrVBNhSGkSjQjgzbU9uCRyX67vBfM6mAuMpump,0.000016644464146088448
2026-01-03 19:41:00.000 UTC,8ARxY7YrVBNhSGkSjQjgzbU9uCRyX67vBfM6mAuMpump,0.000015402018968743804
2026-01-03 19:43:00.000 UTC,8ARxY7YrVBNhSGkSjQjgzbU9uCRyX67vBfM6mAuMpump,0.000015400593630312633
2026-01-03 19:45:00.000 UTC,8ARxY7YrVBNhSGkSjQjgzbU9uCRyX67vBfM6mAuMpump,0.000015404100140975543
2026-01-03 19:48:00.000 UTC,8ARxY7YrVBNhSGkSjQjgzbU9uCRyX67vBfM6mAuMpump,0.000015417233774237644
2026-01-03 19:49:00.000 UTC,8ARxY7YrVBNhSGkSjQjgzbU9uCRyX67vBfM6mAuMpump,0.000015419819302332134
2026-01-03 19:51:00.000 UTC,8ARxY7YrVBNhSGkSjQjgzbU9uCRyX67vBfM6mAuMpump,0.000015419819302514835
2026-01-03 19:59:00.000 UTC,8ARxY7YrVBNhSGkSjQjgzbU9uCRyX67vBfM6mAuMpump,0.000015608212083301215
2026-01-03 20:01:00.000 UTC,8ARxY7YrVBNhSGkSjQjgzbU9uCRyX67vBfM6mAuMpump,0.000015871917483804348
2026-01-03 20:07:00.000 UTC,8ARxY7YrVBNhSGkSjQjgzbU9uCRyX67vBfM6mAuMpump,0.00001595761274432978
2026-01-03 20:14:00.000 UTC,8ARxY7YrVBNhSGkSjQjgzbU9uCRyX67vBfM6mAuMpump,0.00001623048788231474
2026-01-03 20:15:00.000 UTC,8ARxY7YrVBNhSGkSjQjgzbU9uCRyX67vBfM6mAuMpump,0.000016638092448505525
2026-01-03 20:18:00.000 UTC,8ARxY7YrVBNhSGkSjQjgzbU9uCRyX67vBfM6mAuMpump,0.000016754935208917834
2026-01-03 20:19:00.000 UTC,8ARxY7YrVBNhSGkSjQjgzbU9uCRyX67vBfM6mAuMpump,0.000016793111788044662
2026-01-03 20:22:00.000 UTC,8ARxY7YrVBNhSGkSjQjgzbU9uCRyX67vBfM6mAuMpump,0.00001690882201111942
2026-01-03 20:27:00.000 UTC,8ARxY7YrVBNhSGkSjQjgzbU9uCRyX67vBfM6mAuMpump,0.000017213408565769686
2026-01-03 21:04:00.000 UTC,8ARxY7YrVBNhSGkSjQjgzbU9uCRyX67vBfM6mAuMpump,0.00001733052778552308
2026-01-03 21:19:00.000 UTC,8ARxY7YrVBNhSGkSjQjgzbU9uCRyX67vBfM6mAuMpump,0.00001733059491533924
2026-01-03 21:27:00.000 UTC,8ARxY7YrVBNhSGkSjQjgzbU9uCRyX67vBfM6mAuMpump,0.000017941981398926674
2026-01-03 21:46:00.000 UTC,8ARxY7YrVBNhSGkSjQjgzbU9uCRyX67vBfM6mAuMpump,0.000018395970010992522
2026-01-03 23:16:00.000 UTC,8ARxY7YrVBNhSGkSjQjgzbU9uCRyX67vBfM6mAuMpump,0.000016976907663339537
2026-01-03 23:47:00.000 UTC,8ARxY7YrVBNhSGkSjQjgzbU9uCRyX67vBfM6mAuMpump,0.000016669359098011288
2026-01-03 23:59:00.000 UTC,8ARxY7YrVBNhSGkSjQjgzbU9uCRyX67vBfM6mAuMpump,0.00001702520721408148
2026-01-04 00:32:00.000 UTC,8ARxY7YrVBNhSGkSjQjgzbU9uCRyX67vBfM6mAuMpump,0.00001560114829466075
2026-01-04 00:33:00.000 UTC,8ARxY7YrVBNhSGkSjQjgzbU9uCRyX67vBfM6mAuMpump,0.000015601148295304115
2026-01-04 00:34:00.000 UTC,8ARxY7YrVBNhSGkSjQjgzbU9uCRyX67vBfM6mAuMpump,0.00001560114829556146
2026-01-04 00:35:00.000 UTC,8ARxY7YrVBNhSGkSjQjgzbU9uCRyX67vBfM6mAuMpump,0.000015593084534024957
2026-01-04 00:42:00.000 UTC,8ARxY7YrVBNhSGkSjQjgzbU9uCRyX67vBfM6mAuMpump,0.000015612200505699174
2026-01-04 00:55:00.000 UTC,8ARxY7YrVBNhSGkSjQjgzbU9uCRyX67vBfM6mAuMpump,0.000015817480940515146
2026-01-04 00:58:00.000 UTC,8ARxY7YrVBNhSGkSjQjgzbU9uCRyX67vBfM6mAuMpump,0.00001609845257348388
2026-01-04 01:05:00.000 UTC,8ARxY7YrVBNhSGkSjQjgzbU9uCRyX67vBfM6mAuMpump,0.000016402385677631175
2026-01-04 01:28:00.000 UTC,8ARxY7YrVBNhSGkSjQjgzbU9uCRyX67vBfM6mAuMpump,0.000016138970922706095
2026-01-04 01:31:00.000 UTC,8ARxY7YrVBNhSGkSjQjgzbU9uCRyX67vBfM6mAuMpump,0.000016136705224751486
2026-01-04 01:36:00.000 UTC,8ARxY7YrVBNhSGkSjQjgzbU9uCRyX67vBfM6mAuMpump,0.000015729833313782464
2026-01-04 01:40:00.000 UTC,8ARxY7YrVBNhSGkSjQjgzbU9uCRyX67vBfM6mAuMpump,0.000014770146343612849
2026-01-04 02:03:00.000 UTC,8ARxY7YrVBNhSGkSjQjgzbU9uCRyX67vBfM6mAuMpump,0.00001425760981109961
2026-01-04 02:04:00.000 UTC,8ARxY7YrVBNhSGkSjQjgzbU9uCRyX67vBfM6mAuMpump,0.000014365033018191458
2026-01-04 02:10:00.000 UTC,8ARxY7YrVBNhSGkSjQjgzbU9uCRyX67vBfM6mAuMpump,0.000014502958079831654
2026-01-04 02:11:00.000 UTC,8ARxY7YrVBNhSGkSjQjgzbU9uCRyX67vBfM6mAuMpump,0.00001462444505762068
2026-01-04 02:15:00.000 UTC,8ARxY7YrVBNhSGkSjQjgzbU9uCRyX67vBfM6mAuMpump,0.000014738722134871408
2026-01-04 02:16:00.000 UTC,8ARxY7YrVBNhSGkSjQjgzbU9uCRyX67vBfM6mAuMpump,0.000014875774870093637
2026-01-04 03:03:00.000 UTC,8ARxY7YrVBNhSGkSjQjgzbU9uCRyX67vBfM6mAuMpump,0.000015006947054059276
2026-01-04 03:08:00.000 UTC,8ARxY7YrVBNhSGkSjQjgzbU9uCRyX67vBfM6mAuMpump,0.000015082983817202049
2026-01-04 03:35:00.000 UTC,8ARxY7YrVBNhSGkSjQjgzbU9uCRyX67vBfM6mAuMpump,0.00001536491828228191
2026-01-04 03:39:00.000 UTC,8ARxY7YrVBNhSGkSjQjgzbU9uCRyX67vBfM6mAuMpump,0.000015639052030083452
2026-01-04 03:47:00.000 UTC,8ARxY7YrVBNhSGkSjQjgzbU9uCRyX67vBfM6mAuMpump,0.000015849297628713535
2026-01-04 03:56:00.000 UTC,8ARxY7YrVBNhSGkSjQjgzbU9uCRyX67vBfM6mAuMpump,0.000016050796510056442
2026-01-04 03:58:00.000 UTC,8ARxY7YrVBNhSGkSjQjgzbU9uCRyX67vBfM6mAuMpump,0.000016058437250792872
2026-01-04 03:59:00.000 UTC,8ARxY7YrVBNhSGkSjQjgzbU9uCRyX67vBfM6mAuMpump,0.000016070628458077476
2026-01-04 04:30:00.000 UTC,8ARxY7YrVBNhSGkSjQjgzbU9uCRyX67vBfM6mAuMpump,0.00001626874596415413
2026-01-04 06:01:00.000 UTC,8ARxY7YrVBNhSGkSjQjgzbU9uCRyX67vBfM6mAuMpump,0.00001587215121425767
2026-01-04 07:09:00.000 UTC,8ARxY7YrVBNhSGkSjQjgzbU9uCRyX67vBfM6mAuMpump,0.000015707287866256325
2026-01-04 08:28:00.000 UTC,8ARxY7YrVBNhSGkSjQjgzbU9uCRyX67vBfM6mAuMpump,0.000015165294815982805
2026-01-04 08:50:00.000 UTC,8ARxY7YrVBNhSGkSjQjgzbU9uCRyX67vBfM6mAuMpump,0.00001526559580168126
2026-01-04 09:19:00.000 UTC,8ARxY7YrVBNhSGkSjQjgzbU9uCRyX67vBfM6mAuMpump,0.000015333014476945935
2026-01-04 09:34:00.000 UTC,8ARxY7YrVBNhSGkSjQjgzbU9uCRyX67vBfM6mAuMpump,0.000015584254970930032
2026-01-04 10:08:00.000 UTC,8ARxY7YrVBNhSGkSjQjgzbU9uCRyX67vBfM6mAuMpump,0.000015529096628615597
2026-01-04 10:24:00.000 UTC,8ARxY7YrVBNhSGkSjQjgzbU9uCRyX67vBfM6mAuMpump,0.000015648195276444357
2026-01-04 10:33:00.000 UTC,8ARxY7YrVBNhSGkSjQjgzbU9uCRyX67vBfM6mAuMpump,0.00001570162634231019
2026-01-04 10:45:00.000 UTC,8ARxY7YrVBNhSGkSjQjgzbU9uCRyX67vBfM6mAuMpump,0.00001598436966588986
2026-01-04 10:52:00.000 UTC,8ARxY7YrVBNhSGkSjQjgzbU9uCRyX67vBfM6mAuMpump,0.000016339692300321535
2026-01-04 10:57:00.000 UTC,8ARxY7YrVBNhSGkSjQjgzbU9uCRyX67vBfM6mAuMpump,0.00001647631310214536
2026-01-04 11:19:00.000 UTC,8ARxY7YrVBNhSGkSjQjgzbU9uCRyX67vBfM6mAuMpump,0.000016559745771160777
2026-01-04 11:20:00.000 UTC,8ARxY7YrVBNhSGkSjQjgzbU9uCRyX67vBfM6mAuMpump,0.000016726364876769917
2026-01-04 11:21:00.000 UTC,8ARxY7YrVBNhSGkSjQjgzbU9uCRyX67vBfM6mAuMpump,0.00001728327312842133
2026-01-04 11:22:00.000 UTC,8ARxY7YrVBNhSGkSjQjgzbU9uCRyX67vBfM6mAuMpump,0.00001788409496930308
2026-01-04 11:23:00.000 UTC,8ARxY7YrVBNhSGkSjQjgzbU9uCRyX67vBfM6mAuMpump,0.000018162350207554423
2026-01-04 11:34:00.000 UTC,8ARxY7YrVBNhSGkSjQjgzbU9uCRyX67vBfM6mAuMpump,0.00001817875573669107
2026-01-04 12:19:00.000 UTC,8ARxY7YrVBNhSGkSjQjgzbU9uCRyX67vBfM6mAuMpump,0.00001754114990811613
2026-01-04 12:30:00.000 UTC,8ARxY7YrVBNhSGkSjQjgzbU9uCRyX67vBfM6mAuMpump,0.000017674251499639
2026-01-04 12:31:00.000 UTC,8ARxY7YrVBNhSGkSjQjgzbU9uCRyX67vBfM6mAuMpump,0.000017793073630909072
2026-01-04 12:38:00.000 UTC,8ARxY7YrVBNhSGkSjQjgzbU9uCRyX67vBfM6mAuMpump,0.000018003776306803373
2026-01-04 12:39:00.000 UTC,8ARxY7YrVBNhSGkSjQjgzbU9uCRyX67vBfM6mAuMpump,0.000018246722222097388
2026-01-04 12:41:00.000 UTC,8ARxY7YrVBNhSGkSjQjgzbU9uCRyX67vBfM6mAuMpump,0.000019912459019357926
2026-01-04 13:07:00.000 UTC,8ARxY7YrVBNhSGkSjQjgzbU9uCRyX67vBfM6mAuMpump,0.00002005151888828202
2026-01-04 13:11:00.000 UTC,8ARxY7YrVBNhSGkSjQjgzbU9uCRyX67vBfM6mAuMpump,0.000020158460683306013
2026-01-04 13:16:00.000 UTC,8ARxY7YrVBNhSGkSjQjgzbU9uCRyX67vBfM6mAuMpump,0.000020257405045831283
2026-01-04 13:20:00.000 UTC,8ARxY7YrVBNhSGkSjQjgzbU9uCRyX67vBfM6mAuMpump,0.000020539367049683878
2026-01-04 13:21:00.000 UTC,8ARxY7YrVBNhSGkSjQjgzbU9uCRyX67vBfM6mAuMpump,0.00002086662940554512
2026-01-04 13:22:00.000 UTC,8ARxY7YrVBNhSGkSjQjgzbU9uCRyX67vBfM6mAuMpump,0.00002153695008873018
2026-01-04 13:23:00.000 UTC,8ARxY7YrVBNhSGkSjQjgzbU9uCRyX67vBfM6mAuMpump,0.000022575399702972915
2026-01-04 13:25:00.000 UTC,8ARxY7YrVBNhSGkSjQjgzbU9uCRyX67vBfM6mAuMpump,0.000023009972033360445
2026-01-04 13:41:00.000 UTC,8ARxY7YrVBNhSGkSjQjgzbU9uCRyX67vBfM6mAuMpump,0.00002342050976629732
2026-01-04 14:14:00.000 UTC,8ARxY7YrVBNhSGkSjQjgzbU9uCRyX67vBfM6mAuMpump,0.000021481486616447183
2026-01-04 14:18:00.000 UTC,8ARxY7YrVBNhSGkSjQjgzbU9uCRyX67vBfM6mAuMpump,0.000020305098739428237
2026-01-04 14:45:00.000 UTC,8ARxY7YrVBNhSGkSjQjgzbU9uCRyX67vBfM6mAuMpump,0.000019611015580982867
2026-01-04 15:27:00.000 UTC,8ARxY7YrVBNhSGkSjQjgzbU9uCRyX67vBfM6mAuMpump,0.000019799578107046553
2026-01-04 15:37:00.000 UTC,8ARxY7YrVBNhSGkSjQjgzbU9uCRyX67vBfM6mAuMpump,0.000020256730594911687
2026-01-04 15:40:00.000 UTC,8ARxY7YrVBNhSGkSjQjgzbU9uCRyX67vBfM6mAuMpump,0.000020253043970499023
2026-01-04 15:53:00.000 UTC,8ARxY7YrVBNhSGkSjQjgzbU9uCRyX67vBfM6mAuMpump,0.000021619542121415732
2026-01-04 15:58:00.000 UTC,8ARxY7YrVBNhSGkSjQjgzbU9uCRyX67vBfM6mAuMpump,0.000022822845380537023
2026-01-04 15:59:00.000 UTC,8ARxY7YrVBNhSGkSjQjgzbU9uCRyX67vBfM6mAuMpump,0.00002310963018500738
2026-01-04 16:00:00.000 UTC,8ARxY7YrVBNhSGkSjQjgzbU9uCRyX67vBfM6mAuMpump,0.00002338923757458438
2026-01-04 16:05:00.000 UTC,8ARxY7YrVBNhSGkSjQjgzbU9uCRyX67vBfM6mAuMpump,0.000023993567885103575
2026-01-04 16:06:00.000 UTC,8ARxY7YrVBNhSGkSjQjgzbU9uCRyX67vBfM6mAuMpump,0.000024420377147186694
2026-01-04 16:10:00.000 UTC,8ARxY7YrVBNhSGkSjQjgzbU9uCRyX67vBfM6mAuMpump,0.000024657710537171866
2026-01-04 16:11:00.000 UTC,8ARxY7YrVBNhSGkSjQjgzbU9uCRyX67vBfM6mAuMpump,0.00002545232381888909
2026-01-04 16:13:00.000 UTC,8ARxY7YrVBNhSGkSjQjgzbU9uCRyX67vBfM6mAuMpump,0.000025136204862550123
2026-01-04 16:25:00.000 UTC,8ARxY7YrVBNhSGkSjQjgzbU9uCRyX67vBfM6mAuMpump,0.000025025769817086113
2026-01-04 16:33:00.000 UTC,8ARxY7YrVBNhSGkSjQjgzbU9uCRyX67vBfM6mAuMpump,0.000029167823016536734
2026-01-04 16:48:00.000 UTC,8ARxY7YrVBNhSGkSjQjgzbU9uCRyX67vBfM6mAuMpump,0.00002271759875851486
2026-01-04 16:49:00.000 UTC,8ARxY7YrVBNhSGkSjQjgzbU9uCRyX67vBfM6mAuMpump,0.00002380212435350549
2026-01-04 16:50:00.000 UTC,8ARxY7YrVBNhSGkSjQjgzbU9uCRyX67vBfM6mAuMpump,0.00002371393408564707
2026-01-04 16:51:00.000 UTC,8ARxY7YrVBNhSGkSjQjgzbU9uCRyX67vBfM6mAuMpump,0.00002512343778075449
2026-01-04 16:53:00.000 UTC,8ARxY7YrVBNhSGkSjQjgzbU9uCRyX67vBfM6mAuMpump,0.00002403767655756883
2026-01-04 16:54:00.000 UTC,8ARxY7YrVBNhSGkSjQjgzbU9uCRyX67vBfM6mAuMpump,0.000024067814014745358
2026-01-04 16:55:00.000 UTC,8ARxY7YrVBNhSGkSjQjgzbU9uCRyX67vBfM6mAuMpump,0.000024103482142867585
2026-01-04 16:57:00.000 UTC,8ARxY7YrVBNhSGkSjQjgzbU9uCRyX67vBfM6mAuMpump,0.000023989890413911704
2026-01-04 17:02:00.000 UTC,8ARxY7YrVBNhSGkSjQjgzbU9uCRyX67vBfM6mAuMpump,0.00002396180149124937
2026-01-04 17:03:00.000 UTC,8ARxY7YrVBNhSGkSjQjgzbU9uCRyX67vBfM6mAuMpump,0.0000253197217583648
2026-01-04 17:05:00.000 UTC,8ARxY7YrVBNhSGkSjQjgzbU9uCRyX67vBfM6mAuMpump,0.00002620868600662893
2026-01-04 17:07:00.000 UTC,8ARxY7YrVBNhSGkSjQjgzbU9uCRyX67vBfM6mAuMpump,0.000026707923426322414
2026-01-04 17:12:00.000 UTC,8ARxY7YrVBNhSGkSjQjgzbU9uCRyX67vBfM6mAuMpump,0.000027292028926302467
2026-01-04 17:14:00.000 UTC,8ARxY7YrVBNhSGkSjQjgzbU9uCRyX67vBfM6mAuMpump,0.000027788768903946632
2026-01-04 17:18:00.000 UTC,8ARxY7YrVBNhSGkSjQjgzbU9uCRyX67vBfM6mAuMpump,0.000027851330619187343
2026-01-04 17:19:00.000 UTC,8ARxY7YrVBNhSGkSjQjgzbU9uCRyX67vBfM6mAuMpump,0.000028326290643479484
2026-01-04 17:20:00.000 UTC,8ARxY7YrVBNhSGkSjQjgzbU9uCRyX67vBfM6mAuMpump,0.000028747382396267145
2026-01-04 17:22:00.000 UTC,8ARxY7YrVBNhSGkSjQjgzbU9uCRyX67vBfM6mAuMpump,0.000028884957712713377
2026-01-04 17:23:00.000 UTC,8ARxY7YrVBNhSGkSjQjgzbU9uCRyX67vBfM6mAuMpump,0.000029783895090899406
2026-01-04 17:24:00.000 UTC,8ARxY7YrVBNhSGkSjQjgzbU9uCRyX67vBfM6mAuMpump,0.000029212517070197386
2026-01-04 17:34:00.000 UTC,8ARxY7YrVBNhSGkSjQjgzbU9uCRyX67vBfM6mAuMpump,0.00002804409618425063
2026-01-04 17:41:00.000 UTC,8ARxY7YrVBNhSGkSjQjgzbU9uCRyX67vBfM6mAuMpump,0.000026757841733410086
2026-01-04 17:42:00.000 UTC,8ARxY7YrVBNhSGkSjQjgzbU9uCRyX67vBfM6mAuMpump,0.000027913968838366492
2026-01-04 17:43:00.000 UTC,8ARxY7YrVBNhSGkSjQjgzbU9uCRyX67vBfM6mAuMpump,0.00002862952009779422
2026-01-04 17:44:00.000 UTC,8ARxY7YrVBNhSGkSjQjgzbU9uCRyX67vBfM6mAuMpump,0.000028904605217566716
2026-01-04 17:47:00.000 UTC,8ARxY7YrVBNhSGkSjQjgzbU9uCRyX67vBfM6mAuMpump,0.000029491764703493754
2026-01-04 17:50:00.000 UTC,8ARxY7YrVBNhSGkSjQjgzbU9uCRyX67vBfM6mAuMpump,0.00002898522793242467
2026-01-04 17:53:00.000 UTC,8ARxY7YrVBNhSGkSjQjgzbU9uCRyX67vBfM6mAuMpump,0.000029035610286752282
2026-01-04 18:03:00.000 UTC,8ARxY7YrVBNhSGkSjQjgzbU9uCRyX67vBfM6mAuMpump,0.000027804974095634605
2026-01-04 18:10:00.000 UTC,8ARxY7YrVBNhSGkSjQjgzbU9uCRyX67vBfM6mAuMpump,0.00002779707813887485
2026-01-04 18:11:00.000 UTC,8ARxY7YrVBNhSGkSjQjgzbU9uCRyX67vBfM6mAuMpump,0.000027870560541332256
2026-01-04 18:12:00.000 UTC,8ARxY7YrVBNhSGkSjQjgzbU9uCRyX67vBfM6mAuMpump,0.00002844064004649686
2026-01-04 18:13:00.000 UTC,8ARxY7YrVBNhSGkSjQjgzbU9uCRyX67vBfM6mAuMpump,0.00002900335075722406
2026-01-04 18:14:00.000 UTC,8ARxY7YrVBNhSGkSjQjgzbU9uCRyX67vBfM6mAuMpump,0.000029124758973999474
2026-01-04 18:15:00.000 UTC,8ARxY7YrVBNhSGkSjQjgzbU9uCRyX67vBfM6mAuMpump,0.000029145091198087195
2026-01-04 18:16:00.000 UTC,8ARxY7YrVBNhSGkSjQjgzbU9uCRyX67vBfM6mAuMpump,0.00002936394763965771
2026-01-04 18:17:00.000 UTC,8ARxY7YrVBNhSGkSjQjgzbU9uCRyX67vBfM6mAuMpump,0.000029701186822207494
2026-01-04 18:18:00.000 UTC,8ARxY7YrVBNhSGkSjQjgzbU9uCRyX67vBfM6mAuMpump,0.000030075072620156727
2026-01-04 18:28:00.000 UTC,8ARxY7YrVBNhSGkSjQjgzbU9uCRyX67vBfM6mAuMpump,0.00002863605186824214
2026-01-04 18:35:00.000 UTC,8ARxY7YrVBNhSGkSjQjgzbU9uCRyX67vBfM6mAuMpump,0.000026505450523665487
2026-01-04 18:36:00.000 UTC,8ARxY7YrVBNhSGkSjQjgzbU9uCRyX67vBfM6mAuMpump,0.000026843789083490695
2026-01-04 18:38:00.000 UTC,8ARxY7YrVBNhSGkSjQjgzbU9uCRyX67vBfM6mAuMpump,0.000026936476324453822
2026-01-04 18:41:00.000 UTC,8ARxY7YrVBNhSGkSjQjgzbU9uCRyX67vBfM6mAuMpump,0.000026770517021690224
2026-01-04 18:45:00.000 UTC,8ARxY7YrVBNhSGkSjQjgzbU9uCRyX67vBfM6mAuMpump,0.000027391713357267045
2026-01-04 19:00:00.000 UTC,8ARxY7YrVBNhSGkSjQjgzbU9uCRyX67vBfM6mAuMpump,0.000026654498640726846
2026-01-04 19:07:00.000 UTC,8ARxY7YrVBNhSGkSjQjgzbU9uCRyX67vBfM6mAuMpump,0.000025962010812294656
2026-01-04 19:19:00.000 UTC,8ARxY7YrVBNhSGkSjQjgzbU9uCRyX67vBfM6mAuMpump,0.0000256696779654848
2026-01-04 19:20:00.000 UTC,8ARxY7YrVBNhSGkSjQjgzbU9uCRyX67vBfM6mAuMpump,0.000025839278483564365
2026-01-04 19:45:00.000 UTC,8ARxY7YrVBNhSGkSjQjgzbU9uCRyX67vBfM6mAuMpump,0.000024276623927798908
2026-01-04 20:08:00.000 UTC,8ARxY7YrVBNhSGkSjQjgzbU9uCRyX67vBfM6mAuMpump,0.00002316606092586258
2026-01-04 20:21:00.000 UTC,8ARxY7YrVBNhSGkSjQjgzbU9uCRyX67vBfM6mAuMpump,0.000025227442709631067
2026-01-04 20:25:00.000 UTC,8ARxY7YrVBNhSGkSjQjgzbU9uCRyX67vBfM6mAuMpump,0.00002585755066234107
2026-01-04 20:26:00.000 UTC,8ARxY7YrVBNhSGkSjQjgzbU9uCRyX67vBfM6mAuMpump,0.000025958671143377907
2026-01-04 20:27:00.000 UTC,8ARxY7YrVBNhSGkSjQjgzbU9uCRyX67vBfM6mAuMpump,0.00002639700157495671
2026-01-04 20:47:00.000 UTC,8ARxY7YrVBNhSGkSjQjgzbU9uCRyX67vBfM6mAuMpump,0.00002599852520374747
2026-01-04 20:57:00.000 UTC,8ARxY7YrVBNhSGkSjQjgzbU9uCRyX67vBfM6mAuMpump,0.000026189313986633913
2026-01-04 21:34:00.000 UTC,8ARxY7YrVBNhSGkSjQjgzbU9uCRyX67vBfM6mAuMpump,0.000022580226908881564
2026-01-04 21:36:00.000 UTC,8ARxY7YrVBNhSGkSjQjgzbU9uCRyX67vBfM6mAuMpump,0.00002171261387498953
2026-01-04 21:54:00.000 UTC,8ARxY7YrVBNhSGkSjQjgzbU9uCRyX67vBfM6mAuMpump,0.00002082049159204089
2026-01-04 21:55:00.000 UTC,8ARxY7YrVBNhSGkSjQjgzbU9uCRyX67vBfM6mAuMpump,0.000021359521039326075
2026-01-04 21:58:00.000 UTC,8ARxY7YrVBNhSGkSjQjgzbU9uCRyX67vBfM6mAuMpump,0.00002124599641453877
2026-01-04 22:19:00.000 UTC,8ARxY7YrVBNhSGkSjQjgzbU9uCRyX67vBfM6mAuMpump,0.00002149385867430255
2026-01-04 22:31:00.000 UTC,8ARxY7YrVBNhSGkSjQjgzbU9uCRyX67vBfM6mAuMpump,0.000021742466863546845
2026-01-04 22:49:00.000 UTC,8ARxY7YrVBNhSGkSjQjgzbU9uCRyX67vBfM6mAuMpump,0.00002175419140432057
2026-01-04 23:14:00.000 UTC,8ARxY7YrVBNhSGkSjQjgzbU9uCRyX67vBfM6mAuMpump,0.000018730286993217225
2026-01-04 23:21:00.000 UTC,8ARxY7YrVBNhSGkSjQjgzbU9uCRyX67vBfM6mAuMpump,0.000018703467466649503
2026-01-05 00:01:00.000 UTC,8ARxY7YrVBNhSGkSjQjgzbU9uCRyX67vBfM6mAuMpump,0.000018940437939607482
2026-01-05 00:02:00.000 UTC,8ARxY7YrVBNhSGkSjQjgzbU9uCRyX67vBfM6mAuMpump,0.000019312313826363565
2026-01-05 00:16:00.000 UTC,8ARxY7YrVBNhSGkSjQjgzbU9uCRyX67vBfM6mAuMpump,0.00002172947706726301
2026-01-05 00:17:00.000 UTC,8ARxY7YrVBNhSGkSjQjgzbU9uCRyX67vBfM6mAuMpump,0.000028451669400910265
2026-01-05 00:18:00.000 UTC,8ARxY7YrVBNhSGkSjQjgzbU9uCRyX67vBfM6mAuMpump,0.000029246272819977646
2026-01-05 00:19:00.000 UTC,8ARxY7YrVBNhSGkSjQjgzbU9uCRyX67vBfM6mAuMpump,0.00002963895201262777
2026-01-05 00:21:00.000 UTC,8ARxY7YrVBNhSGkSjQjgzbU9uCRyX67vBfM6mAuMpump,0.000028205498613300545
2026-01-05 00:22:00.000 UTC,8ARxY7YrVBNhSGkSjQjgzbU9uCRyX67vBfM6mAuMpump,0.000029997758902575853
2026-01-05 00:23:00.000 UTC,8ARxY7YrVBNhSGkSjQjgzbU9uCRyX67vBfM6mAuMpump,0.00003185138364992114
2026-01-05 00:24:00.000 UTC,8ARxY7YrVBNhSGkSjQjgzbU9uCRyX67vBfM6mAuMpump,0.00003377621192591687
2026-01-05 00:25:00.000 UTC,8ARxY7YrVBNhSGkSjQjgzbU9uCRyX67vBfM6mAuMpump,0.00003189569473607827
2026-01-05 00:26:00.000 UTC,8ARxY7YrVBNhSGkSjQjgzbU9uCRyX67vBfM6mAuMpump,0.00003296248062141664
2026-01-05 00:28:00.000 UTC,8ARxY7YrVBNhSGkSjQjgzbU9uCRyX67vBfM6mAuMpump,0.00002753998102007087
2026-01-05 00:29:00.000 UTC,8ARxY7YrVBNhSGkSjQjgzbU9uCRyX67vBfM6mAuMpump,0.000027872668606501524
2026-01-05 00:30:00.000 UTC,8ARxY7YrVBNhSGkSjQjgzbU9uCRyX67vBfM6mAuMpump,0.00002825870975547955
2026-01-05 00:31:00.000 UTC,8ARxY7YrVBNhSGkSjQjgzbU9uCRyX67vBfM6mAuMpump,0.000023673055971955517
2026-01-05 00:32:00.000 UTC,8ARxY7YrVBNhSGkSjQjgzbU9uCRyX67vBfM6mAuMpump,0.00002652382356378173
2026-01-05 00:33:00.000 UTC,8ARxY7YrVBNhSGkSjQjgzbU9uCRyX67vBfM6mAuMpump,0.000029854502677280618
2026-01-05 00:34:00.000 UTC,8ARxY7YrVBNhSGkSjQjgzbU9uCRyX67vBfM6mAuMpump,0.00003272601494354124
2026-01-05 00:35:00.000 UTC,8ARxY7YrVBNhSGkSjQjgzbU9uCRyX67vBfM6mAuMpump,0.000031526506939106235
2026-01-05 00:36:00.000 UTC,8ARxY7YrVBNhSGkSjQjgzbU9uCRyX67vBfM6mAuMpump,0.000030787941316223125
2026-01-05 00:38:00.000 UTC,8ARxY7YrVBNhSGkSjQjgzbU9uCRyX67vBfM6mAuMpump,0.00003118076876203762
2026-01-05 00:39:00.000 UTC,8ARxY7YrVBNhSGkSjQjgzbU9uCRyX67vBfM6mAuMpump,0.00003157935419290042
2026-01-05 00:42:00.000 UTC,8ARxY7YrVBNhSGkSjQjgzbU9uCRyX67vBfM6mAuMpump,0.00003178335825955284
2026-01-05 00:43:00.000 UTC,8ARxY7YrVBNhSGkSjQjgzbU9uCRyX67vBfM6mAuMpump,0.00003272515220993989
2026-01-05 00:46:00.000 UTC,8ARxY7YrVBNhSGkSjQjgzbU9uCRyX67vBfM6mAuMpump,0.00003306307122706144
2026-01-05 00:47:00.000 UTC,8ARxY7YrVBNhSGkSjQjgzbU9uCRyX67vBfM6mAuMpump,0.00003328159325369722
2026-01-05 00:49:00.000 UTC,8ARxY7YrVBNhSGkSjQjgzbU9uCRyX67vBfM6mAuMpump,0.00003357795494019891
2026-01-05 00:56:00.000 UTC,8ARxY7YrVBNhSGkSjQjgzbU9uCRyX67vBfM6mAuMpump,0.00002696863234492079
2026-01-05 01:02:00.000 UTC,8ARxY7YrVBNhSGkSjQjgzbU9uCRyX67vBfM6mAuMpump,0.000026505211909026054
2026-01-05 01:05:00.000 UTC,8ARxY7YrVBNhSGkSjQjgzbU9uCRyX67vBfM6mAuMpump,0.000025448160660235472
2026-01-05 01:06:00.000 UTC,8ARxY7YrVBNhSGkSjQjgzbU9uCRyX67vBfM6mAuMpump,0.0000255557625629285
2026-01-05 01:09:00.000 UTC,8ARxY7YrVBNhSGkSjQjgzbU9uCRyX67vBfM6mAuMpump,0.00002478353722524584
2026-01-05 01:12:00.000 UTC,8ARxY7YrVBNhSGkSjQjgzbU9uCRyX67vBfM6mAuMpump,0.000025085353106068915
2026-01-05 01:29:00.000 UTC,8ARxY7YrVBNhSGkSjQjgzbU9uCRyX67vBfM6mAuMpump,0.000023996364977119703
2026-01-05 01:30:00.000 UTC,8ARxY7YrVBNhSGkSjQjgzbU9uCRyX67vBfM6mAuMpump,0.000024017525793010616
2026-01-05 01:33:00.000 UTC,8ARxY7YrVBNhSGkSjQjgzbU9uCRyX67vBfM6mAuMpump,0.00002416705803490108
2026-01-05 01:34:00.000 UTC,8ARxY7YrVBNhSGkSjQjgzbU9uCRyX67vBfM6mAuMpump,0.00002437408586981576
2026-01-05 01:45:00.000 UTC,8ARxY7YrVBNhSGkSjQjgzbU9uCRyX67vBfM6mAuMpump,0.000024503286550862783
2026-01-05 01:46:00.000 UTC,8ARxY7YrVBNhSGkSjQjgzbU9uCRyX67vBfM6mAuMpump,0.00002450328655186149
2026-01-05 01:57:00.000 UTC,8ARxY7YrVBNhSGkSjQjgzbU9uCRyX67vBfM6mAuMpump,0.000025114982650937566
2026-01-05 02:06:00.000 UTC,8ARxY7YrVBNhSGkSjQjgzbU9uCRyX67vBfM6mAuMpump,0.00002301221383232197
2026-01-05 02:23:00.000 UTC,8ARxY7YrVBNhSGkSjQjgzbU9uCRyX67vBfM6mAuMpump,0.000022183554766329393
2026-01-05 02:30:00.000 UTC,8ARxY7YrVBNhSGkSjQjgzbU9uCRyX67vBfM6mAuMpump,0.000019958973206993354
2026-01-05 02:31:00.000 UTC,8ARxY7YrVBNhSGkSjQjgzbU9uCRyX67vBfM6mAuMpump,0.000020102471572492347
2026-01-05 02:34:00.000 UTC,8ARxY7YrVBNhSGkSjQjgzbU9uCRyX67vBfM6mAuMpump,0.000020173754727821053
2026-01-05 02:37:00.000 UTC,8ARxY7YrVBNhSGkSjQjgzbU9uCRyX67vBfM6mAuMpump,0.000020238909264826035
2026-01-05 02:41:00.000 UTC,8ARxY7YrVBNhSGkSjQjgzbU9uCRyX67vBfM6mAuMpump,0.000020399781293667694
2026-01-05 02:43:00.000 UTC,8ARxY7YrVBNhSGkSjQjgzbU9uCRyX67vBfM6mAuMpump,0.000020649510351930162
2026-01-05 02:49:00.000 UTC,8ARxY7YrVBNhSGkSjQjgzbU9uCRyX67vBfM6mAuMpump,0.000021314422698162144
2026-01-05 02:54:00.000 UTC,8ARxY7YrVBNhSGkSjQjgzbU9uCRyX67vBfM6mAuMpump,0.000021872142203241004
2026-01-05 03:00:00.000 UTC,8ARxY7YrVBNhSGkSjQjgzbU9uCRyX67vBfM6mAuMpump,0.000021990863175803042
2026-01-05 03:12:00.000 UTC,8ARxY7YrVBNhSGkSjQjgzbU9uCRyX67vBfM6mAuMpump,0.000022354001054108728
2026-01-05 03:14:00.000 UTC,8ARxY7YrVBNhSGkSjQjgzbU9uCRyX67vBfM6mAuMpump,0.000022759805844944854
2026-01-05 03:16:00.000 UTC,8ARxY7YrVBNhSGkSjQjgzbU9uCRyX67vBfM6mAuMpump,0.000029675589520589303
2026-01-05 03:17:00.000 UTC,8ARxY7YrVBNhSGkSjQjgzbU9uCRyX67vBfM6mAuMpump,0.000028722500489476605
2026-01-05 03:18:00.000 UTC,8ARxY7YrVBNhSGkSjQjgzbU9uCRyX67vBfM6mAuMpump,0.0000302352475703324
2026-01-05 03:19:00.000 UTC,8ARxY7YrVBNhSGkSjQjgzbU9uCRyX67vBfM6mAuMpump,0.0000306386207069884
2026-01-05 03:20:00.000 UTC,8ARxY7YrVBNhSGkSjQjgzbU9uCRyX67vBfM6mAuMpump,0.000028666893894089262
2026-01-05 03:21:00.000 UTC,8ARxY7YrVBNhSGkSjQjgzbU9uCRyX67vBfM6mAuMpump,0.00002428722583087948
2026-01-05 03:23:00.000 UTC,8ARxY7YrVBNhSGkSjQjgzbU9uCRyX67vBfM6mAuMpump,0.00002876306564823706
2026-01-05 03:24:00.000 UTC,8ARxY7YrVBNhSGkSjQjgzbU9uCRyX67vBfM6mAuMpump,0.00003383363167601808
2026-01-05 03:25:00.000 UTC,8ARxY7YrVBNhSGkSjQjgzbU9uCRyX67vBfM6mAuMpump,0.000033513717358540357
2026-01-05 03:26:00.000 UTC,8ARxY7YrVBNhSGkSjQjgzbU9uCRyX67vBfM6mAuMpump,0.00003401936480681408
2026-01-05 03:34:00.000 UTC,8ARxY7YrVBNhSGkSjQjgzbU9uCRyX67vBfM6mAuMpump,0.00003259451102882132
2026-01-05 03:35:00.000 UTC,8ARxY7YrVBNhSGkSjQjgzbU9uCRyX67vBfM6mAuMpump,0.000033889026731326734
2026-01-05 03:39:00.000 UTC,8ARxY7YrVBNhSGkSjQjgzbU9uCRyX67vBfM6mAuMpump,0.000033351167601107566
2026-01-05 03:41:00.000 UTC,8ARxY7YrVBNhSGkSjQjgzbU9uCRyX67vBfM6mAuMpump,0.000033631110555627726
2026-01-05 03:54:00.000 UTC,8ARxY7YrVBNhSGkSjQjgzbU9uCRyX67vBfM6mAuMpump,0.00003272693974396004
2026-01-05 03:58:00.000 UTC,8ARxY7YrVBNhSGkSjQjgzbU9uCRyX67vBfM6mAuMpump,0.000033067521708465986
2026-01-05 04:17:00.000 UTC,8ARxY7YrVBNhSGkSjQjgzbU9uCRyX67vBfM6mAuMpump,0.000029443792553231606
2026-01-05 04:21:00.000 UTC,8ARxY7YrVBNhSGkSjQjgzbU9uCRyX67vBfM6mAuMpump,0.00002697893460168078
2026-01-05 04:22:00.000 UTC,8ARxY7YrVBNhSGkSjQjgzbU9uCRyX67vBfM6mAuMpump,0.00002799100548316289
2026-01-05 04:23:00.000 UTC,8ARxY7YrVBNhSGkSjQjgzbU9uCRyX67vBfM6mAuMpump,0.00002849448286129263
2026-01-05 04:43:00.000 UTC,8ARxY7YrVBNhSGkSjQjgzbU9uCRyX67vBfM6mAuMpump,0.000027266353865816325
2026-01-05 04:57:00.000 UTC,8ARxY7YrVBNhSGkSjQjgzbU9uCRyX67vBfM6mAuMpump,0.000026542396317977436
2026-01-05 05:06:00.000 UTC,8ARxY7YrVBNhSGkSjQjgzbU9uCRyX67vBfM6mAuMpump,0.00002557047281678663
2026-01-05 05:08:00.000 UTC,8ARxY7YrVBNhSGkSjQjgzbU9uCRyX67vBfM6mAuMpump,0.000026215234835364275
2026-01-05 05:14:00.000 UTC,8ARxY7YrVBNhSGkSjQjgzbU9uCRyX67vBfM6mAuMpump,0.000026414304383274927
2026-01-05 05:16:00.000 UTC,8ARxY7YrVBNhSGkSjQjgzbU9uCRyX67vBfM6mAuMpump,0.00002654272300150989
2026-01-05 06:03:00.000 UTC,8ARxY7YrVBNhSGkSjQjgzbU9uCRyX67vBfM6mAuMpump,0.00002434192989472957
2026-01-05 06:05:00.000 UTC,8ARxY7YrVBNhSGkSjQjgzbU9uCRyX67vBfM6mAuMpump,0.000024738519911889334
2026-01-05 06:55:00.000 UTC,8ARxY7YrVBNhSGkSjQjgzbU9uCRyX67vBfM6mAuMpump,0.000023974267424471413
2026-01-05 06:56:00.000 UTC,8ARxY7YrVBNhSGkSjQjgzbU9uCRyX67vBfM6mAuMpump,0.00002417135484249272
2026-01-05 06:57:00.000 UTC,8ARxY7YrVBNhSGkSjQjgzbU9uCRyX67vBfM6mAuMpump,0.00002554378783639621
2026-01-05 07:02:00.000 UTC,8ARxY7YrVBNhSGkSjQjgzbU9uCRyX67vBfM6mAuMpump,0.00002695762711835286
2026-01-05 07:11:00.000 UTC,8ARxY7YrVBNhSGkSjQjgzbU9uCRyX67vBfM6mAuMpump,0.000027062590656891415
2026-01-05 07:25:00.000 UTC,8ARxY7YrVBNhSGkSjQjgzbU9uCRyX67vBfM6mAuMpump,0.000027254612089319754
2026-01-05 07:28:00.000 UTC,8ARxY7YrVBNhSGkSjQjgzbU9uCRyX67vBfM6mAuMpump,0.000027490866282449877
2026-01-05 07:32:00.000 UTC,8ARxY7YrVBNhSGkSjQjgzbU9uCRyX67vBfM6mAuMpump,0.000028202629345150614
2026-01-05 07:42:00.000 UTC,8ARxY7YrVBNhSGkSjQjgzbU9uCRyX67vBfM6mAuMpump,0.00002878134811908552
2026-01-05 07:49:00.000 UTC,8ARxY7YrVBNhSGkSjQjgzbU9uCRyX67vBfM6mAuMpump,0.000028289754381898037
2026-01-05 07:50:00.000 UTC,8ARxY7YrVBNhSGkSjQjgzbU9uCRyX67vBfM6mAuMpump,0.000029026792064607424
2026-01-05 07:51:00.000 UTC,8ARxY7YrVBNhSGkSjQjgzbU9uCRyX67vBfM6mAuMpump,0.000029268944694440362
2026-01-05 08:25:00.000 UTC,8ARxY7YrVBNhSGkSjQjgzbU9uCRyX67vBfM6mAuMpump,0.00002779500537824505
2026-01-05 08:28:00.000 UTC,8ARxY7YrVBNhSGkSjQjgzbU9uCRyX67vBfM6mAuMpump,0.000027998065764714206
2026-01-05 08:32:00.000 UTC,8ARxY7YrVBNhSGkSjQjgzbU9uCRyX67vBfM6mAuMpump,0.000028222064744647505
2026-01-05 08:33:00.000 UTC,8ARxY7YrVBNhSGkSjQjgzbU9uCRyX67vBfM6mAuMpump,0.000030712510869051
2026-01-05 08:35:00.000 UTC,8ARxY7YrVBNhSGkSjQjgzbU9uCRyX67vBfM6mAuMpump,0.00003383803003736979
2026-01-05 08:36:00.000 UTC,8ARxY7YrVBNhSGkSjQjgzbU9uCRyX67vBfM6mAuMpump,0.00003574925159944463
2026-01-05 08:37:00.000 UTC,8ARxY7YrVBNhSGkSjQjgzbU9uCRyX67vBfM6mAuMpump,0.000036463963054837266
2026-01-05 08:38:00.000 UTC,8ARxY7YrVBNhSGkSjQjgzbU9uCRyX67vBfM6mAuMpump,0.000036738437881244325
2026-01-05 08:39:00.000 UTC,8ARxY7YrVBNhSGkSjQjgzbU9uCRyX67vBfM6mAuMpump,0.000036778410363235654
2026-01-05 08:43:00.000 UTC,8ARxY7YrVBNhSGkSjQjgzbU9uCRyX67vBfM6mAuMpump,0.00003376484169520856
2026-01-05 08:45:00.000 UTC,8ARxY7YrVBNhSGkSjQjgzbU9uCRyX67vBfM6mAuMpump,0.00003397340650060735
2026-01-05 08:46:00.000 UTC,8ARxY7YrVBNhSGkSjQjgzbU9uCRyX67vBfM6mAuMpump,0.00003287209119837352
2026-01-05 08:47:00.000 UTC,8ARxY7YrVBNhSGkSjQjgzbU9uCRyX67vBfM6mAuMpump,0.000033262281243334164
2026-01-05 08:54:00.000 UTC,8ARxY7YrVBNhSGkSjQjgzbU9uCRyX67vBfM6mAuMpump,0.000032385303087811626
2026-01-05 09:32:00.000 UTC,8ARxY7YrVBNhSGkSjQjgzbU9uCRyX67vBfM6mAuMpump,0.000029639709307964447
2026-01-05 09:40:00.000 UTC,8ARxY7YrVBNhSGkSjQjgzbU9uCRyX67vBfM6mAuMpump,0.00002972105893995065
2026-01-05 09:44:00.000 UTC,8ARxY7YrVBNhSGkSjQjgzbU9uCRyX67vBfM6mAuMpump,0.00003094771046867064
2026-01-05 09:45:00.000 UTC,8ARxY7YrVBNhSGkSjQjgzbU9uCRyX67vBfM6mAuMpump,0.000031911751929173514
2026-01-05 09:56:00.000 UTC,8ARxY7YrVBNhSGkSjQjgzbU9uCRyX67vBfM6mAuMpump,0.00003245415983137416
2026-01-05 09:58:00.000 UTC,8ARxY7YrVBNhSGkSjQjgzbU9uCRyX67vBfM6mAuMpump,0.0000334185375313737
2026-01-05 10:00:00.000 UTC,8ARxY7YrVBNhSGkSjQjgzbU9uCRyX67vBfM6mAuMpump,0.000033553154318766975
2026-01-05 10:04:00.000 UTC,8ARxY7YrVBNhSGkSjQjgzbU9uCRyX67vBfM6mAuMpump,0.00003429780395198309
2026-01-05 10:05:00.000 UTC,8ARxY7YrVBNhSGkSjQjgzbU9uCRyX67vBfM6mAuMpump,0.00003527183545498735
2026-01-05 10:07:00.000 UTC,8ARxY7YrVBNhSGkSjQjgzbU9uCRyX67vBfM6mAuMpump,0.00003550357293057078
2026-01-05 10:09:00.000 UTC,8ARxY7YrVBNhSGkSjQjgzbU9uCRyX67vBfM6mAuMpump,0.000035583057219412315
2026-01-05 10:11:00.000 UTC,8ARxY7YrVBNhSGkSjQjgzbU9uCRyX67vBfM6mAuMpump,0.00003763903504518118
2026-01-05 10:19:00.000 UTC,8ARxY7YrVBNhSGkSjQjgzbU9uCRyX67vBfM6mAuMpump,0.00003349344174861414
2026-01-05 10:39:00.000 UTC,8ARxY7YrVBNhSGkSjQjgzbU9uCRyX67vBfM6mAuMpump,0.00003378119899385126
2026-01-05 10:53:00.000 UTC,8ARxY7YrVBNhSGkSjQjgzbU9uCRyX67vBfM6mAuMpump,0.000032203940320191364
2026-01-05 11:34:00.000 UTC,8ARxY7YrVBNhSGkSjQjgzbU9uCRyX67vBfM6mAuMpump,0.00003083462266409623
2026-01-05 11:35:00.000 UTC,8ARxY7YrVBNhSGkSjQjgzbU9uCRyX67vBfM6mAuMpump,0.00003237998996656563
2026-01-05 11:36:00.000 UTC,8ARxY7YrVBNhSGkSjQjgzbU9uCRyX67vBfM6mAuMpump,0.00003238408778741131
2026-01-05 11:37:00.000 UTC,8ARxY7YrVBNhSGkSjQjgzbU9uCRyX67vBfM6mAuMpump,0.00003257030637641765
2026-01-05 11:44:00.000 UTC,8ARxY7YrVBNhSGkSjQjgzbU9uCRyX67vBfM6mAuMpump,0.00003280866909064797
2026-01-05 12:18:00.000 UTC,8ARxY7YrVBNhSGkSjQjgzbU9uCRyX67vBfM6mAuMpump,0.000025724552445108204
2026-01-05 12:20:00.000 UTC,8ARxY7YrVBNhSGkSjQjgzbU9uCRyX67vBfM6mAuMpump,0.00002603915361938245
2026-01-05 12:21:00.000 UTC,8ARxY7YrVBNhSGkSjQjgzbU9uCRyX67vBfM6mAuMpump,0.0000263748473818371
2026-01-05 12:25:00.000 UTC,8ARxY7YrVBNhSGkSjQjgzbU9uCRyX67vBfM6mAuMpump,0.000026505162538453004
2026-01-05 12:31:00.000 UTC,8ARxY7YrVBNhSGkSjQjgzbU9uCRyX67vBfM6mAuMpump,0.000026916822651222308
2026-01-05 12:36:00.000 UTC,8ARxY7YrVBNhSGkSjQjgzbU9uCRyX67vBfM6mAuMpump,0.00002759081577502111
2026-01-05 13:06:00.000 UTC,8ARxY7YrVBNhSGkSjQjgzbU9uCRyX67vBfM6mAuMpump,0.000024591502554956555
2026-01-05 13:11:00.000 UTC,8ARxY7YrVBNhSGkSjQjgzbU9uCRyX67vBfM6mAuMpump,0.000024500995200641144
2026-01-05 13:12:00.000 UTC,8ARxY7YrVBNhSGkSjQjgzbU9uCRyX67vBfM6mAuMpump,0.000025666436707434657
2026-01-05 13:15:00.000 UTC,8ARxY7YrVBNhSGkSjQjgzbU9uCRyX67vBfM6mAuMpump,0.000026286896026632626
2026-01-05 13:37:00.000 UTC,8ARxY7YrVBNhSGkSjQjgzbU9uCRyX67vBfM6mAuMpump,0.000026121867515841
2026-01-05 13:56:00.000 UTC,8ARxY7YrVBNhSGkSjQjgzbU9uCRyX67vBfM6mAuMpump,0.000026472343666248193
2026-01-05 13:59:00.000 UTC,8ARxY7YrVBNhSGkSjQjgzbU9uCRyX67vBfM6mAuMpump,0.00002805631078733551
2026-01-05 14:00:00.000 UTC,8ARxY7YrVBNhSGkSjQjgzbU9uCRyX67vBfM6mAuMpump,0.000030481927449969385
2026-01-05 14:53:00.000 UTC,8ARxY7YrVBNhSGkSjQjgzbU9uCRyX67vBfM6mAuMpump,0.00002915034535960072
2026-01-05 15:02:00.000 UTC,8ARxY7YrVBNhSGkSjQjgzbU9uCRyX67vBfM6mAuMpump,0.00002956857786554687
2026-01-05 15:06:00.000 UTC,8ARxY7YrVBNhSGkSjQjgzbU9uCRyX67vBfM6mAuMpump,0.00003011882975256015
2026-01-05 15:50:00.000 UTC,8ARxY7YrVBNhSGkSjQjgzbU9uCRyX67vBfM6mAuMpump,0.000028414272324623253
2026-01-05 16:15:00.000 UTC,8ARxY7YrVBNhSGkSjQjgzbU9uCRyX67vBfM6mAuMpump,0.000025986829365330568
2026-01-05 16:44:00.000 UTC,8ARxY7YrVBNhSGkSjQjgzbU9uCRyX67vBfM6mAuMpump,0.000028789223219856338
2026-01-05 16:45:00.000 UTC,8ARxY7YrVBNhSGkSjQjgzbU9uCRyX67vBfM6mAuMpump,0.00003089368699303385
2026-01-05 16:47:00.000 UTC,8ARxY7YrVBNhSGkSjQjgzbU9uCRyX67vBfM6mAuMpump,0.0000304529149349692
2026-01-05 16:48:00.000 UTC,8ARxY7YrVBNhSGkSjQjgzbU9uCRyX67vBfM6mAuMpump,0.00003081197056893685
2026-01-05 17:12:00.000 UTC,8ARxY7YrVBNhSGkSjQjgzbU9uCRyX67vBfM6mAuMpump,0.000025595312182678364
2026-01-05 17:31:00.000 UTC,8ARxY7YrVBNhSGkSjQjgzbU9uCRyX67vBfM6mAuMpump,0.000021735134543248688
2026-01-05 17:32:00.000 UTC,8ARxY7YrVBNhSGkSjQjgzbU9uCRyX67vBfM6mAuMpump,0.000021858498804165723
2026-01-05 17:33:00.000 UTC,8ARxY7YrVBNhSGkSjQjgzbU9uCRyX67vBfM6mAuMpump,0.000021496765811970044
2026-01-05 17:34:00.000 UTC,8ARxY7YrVBNhSGkSjQjgzbU9uCRyX67vBfM6mAuMpump,0.000021490944410906177
2026-01-05 17:35:00.000 UTC,8ARxY7YrVBNhSGkSjQjgzbU9uCRyX67vBfM6mAuMpump,0.000016460070279303483
2026-01-05 17:36:00.000 UTC,8ARxY7YrVBNhSGkSjQjgzbU9uCRyX67vBfM6mAuMpump,0.00001904720981893103
2026-01-05 17:37:00.000 UTC,8ARxY7YrVBNhSGkSjQjgzbU9uCRyX67vBfM6mAuMpump,0.00002097128317350063
2026-01-05 17:39:00.000 UTC,8ARxY7YrVBNhSGkSjQjgzbU9uCRyX67vBfM6mAuMpump,0.00002242861778713541
2026-01-05 17:40:00.000 UTC,8ARxY7YrVBNhSGkSjQjgzbU9uCRyX67vBfM6mAuMpump,0.00002250367658498003
2026-01-05 17:41:00.000 UTC,8ARxY7YrVBNhSGkSjQjgzbU9uCRyX67vBfM6mAuMpump,0.00002253877025241308
2026-01-05 17:42:00.000 UTC,8ARxY7YrVBNhSGkSjQjgzbU9uCRyX67vBfM6mAuMpump,0.000022538770255454552
2026-01-05 17:47:00.000 UTC,8ARxY7YrVBNhSGkSjQjgzbU9uCRyX67vBfM6mAuMpump,0.000022151035725271396
2026-01-05 17:49:00.000 UTC,8ARxY7YrVBNhSGkSjQjgzbU9uCRyX67vBfM6mAuMpump,0.00002218152695877669
2026-01-05 17:50:00.000 UTC,8ARxY7YrVBNhSGkSjQjgzbU9uCRyX67vBfM6mAuMpump,0.000022212607269412145
2026-01-05 17:51:00.000 UTC,8ARxY7YrVBNhSGkSjQjgzbU9uCRyX67vBfM6mAuMpump,0.000022212607269412145
2026-01-05 18:30:00.000 UTC,8ARxY7YrVBNhSGkSjQjgzbU9uCRyX67vBfM6mAuMpump,0.0000216763915934149
2026-01-05 18:32:00.000 UTC,8ARxY7YrVBNhSGkSjQjgzbU9uCRyX67vBfM6mAuMpump,0.00002220945304973069
2026-01-05 18:38:00.000 UTC,8ARxY7YrVBNhSGkSjQjgzbU9uCRyX67vBfM6mAuMpump,0.000022403937890714215
2026-01-05 18:42:00.000 UTC,8ARxY7YrVBNhSGkSjQjgzbU9uCRyX67vBfM6mAuMpump,0.000022462333970794243
2026-01-05 18:43:00.000 UTC,8ARxY7YrVBNhSGkSjQjgzbU9uCRyX67vBfM6mAuMpump,0.00002374222957019812
2026-01-05 18:44:00.000 UTC,8ARxY7YrVBNhSGkSjQjgzbU9uCRyX67vBfM6mAuMpump,0.000025185198848464042
2026-01-05 19:18:00.000 UTC,8ARxY7YrVBNhSGkSjQjgzbU9uCRyX67vBfM6mAuMpump,0.000025627461314624213
2026-01-05 19:37:00.000 UTC,8ARxY7YrVBNhSGkSjQjgzbU9uCRyX67vBfM6mAuMpump,0.000025148086151507044
2026-01-05 19:38:00.000 UTC,8ARxY7YrVBNhSGkSjQjgzbU9uCRyX67vBfM6mAuMpump,0.000029832079165465414
2026-01-05 19:39:00.000 UTC,8ARxY7YrVBNhSGkSjQjgzbU9uCRyX67vBfM6mAuMpump,0.00003216189354209507
2026-01-05 19:40:00.000 UTC,8ARxY7YrVBNhSGkSjQjgzbU9uCRyX67vBfM6mAuMpump,0.00003129535312835913
2026-01-05 19:41:00.000 UTC,8ARxY7YrVBNhSGkSjQjgzbU9uCRyX67vBfM6mAuMpump,0.00003330907758076606
2026-01-05 19:46:00.000 UTC,8ARxY7YrVBNhSGkSjQjgzbU9uCRyX67vBfM6mAuMpump,0.000031829213381761055
2026-01-05 20:01:00.000 UTC,8ARxY7YrVBNhSGkSjQjgzbU9uCRyX67vBfM6mAuMpump,0.0000305487423218818
2026-01-05 20:11:00.000 UTC,8ARxY7YrVBNhSGkSjQjgzbU9uCRyX67vBfM6mAuMpump,0.000031802688161901166
2026-01-05 20:12:00.000 UTC,8ARxY7YrVBNhSGkSjQjgzbU9uCRyX67vBfM6mAuMpump,0.00003833471276212297
2026-01-05 20:13:00.000 UTC,8ARxY7YrVBNhSGkSjQjgzbU9uCRyX67vBfM6mAuMpump,0.00004001710844934228
2026-01-05 20:14:00.000 UTC,8ARxY7YrVBNhSGkSjQjgzbU9uCRyX67vBfM6mAuMpump,0.00004021944479500191
2026-01-05 20:15:00.000 UTC,8ARxY7YrVBNhSGkSjQjgzbU9uCRyX67vBfM6mAuMpump,0.000036424491470650075
2026-01-05 20:16:00.000 UTC,8ARxY7YrVBNhSGkSjQjgzbU9uCRyX67vBfM6mAuMpump,0.000039263522483209604
2026-01-05 20:17:00.000 UTC,8ARxY7YrVBNhSGkSjQjgzbU9uCRyX67vBfM6mAuMpump,0.000036330665994771436
2026-01-05 20:18:00.000 UTC,8ARxY7YrVBNhSGkSjQjgzbU9uCRyX67vBfM6mAuMpump,0.00003682175659239136
2026-01-05 20:19:00.000 UTC,8ARxY7YrVBNhSGkSjQjgzbU9uCRyX67vBfM6mAuMpump,0.000037571755488287384
2026-01-05 20:20:00.000 UTC,8ARxY7YrVBNhSGkSjQjgzbU9uCRyX67vBfM6mAuMpump,0.000037958994923656155
2026-01-05 20:21:00.000 UTC,8ARxY7YrVBNhSGkSjQjgzbU9uCRyX67vBfM6mAuMpump,0.00003843679966241494
2026-01-05 20:22:00.000 UTC,8ARxY7YrVBNhSGkSjQjgzbU9uCRyX67vBfM6mAuMpump,0.00003850676455981782
2026-01-05 20:23:00.000 UTC,8ARxY7YrVBNhSGkSjQjgzbU9uCRyX67vBfM6mAuMpump,0.00003855963718524329
2026-01-05 20:26:00.000 UTC,8ARxY7YrVBNhSGkSjQjgzbU9uCRyX67vBfM6mAuMpump,0.00003785013703823928
2026-01-05 20:28:00.000 UTC,8ARxY7YrVBNhSGkSjQjgzbU9uCRyX67vBfM6mAuMpump,0.00003732143096036738
2026-01-05 20:34:00.000 UTC,8ARxY7YrVBNhSGkSjQjgzbU9uCRyX67vBfM6mAuMpump,0.0000315022166854894
2026-01-05 20:37:00.000 UTC,8ARxY7YrVBNhSGkSjQjgzbU9uCRyX67vBfM6mAuMpump,0.00003069748690120249
2026-01-05 20:39:00.000 UTC,8ARxY7YrVBNhSGkSjQjgzbU9uCRyX67vBfM6mAuMpump,0.00003082533314706431
2026-01-05 20:41:00.000 UTC,8ARxY7YrVBNhSGkSjQjgzbU9uCRyX67vBfM6mAuMpump,0.000031773988559899205
2026-01-05 20:42:00.000 UTC,8ARxY7YrVBNhSGkSjQjgzbU9uCRyX67vBfM6mAuMpump,0.00003573777226187685
2026-01-05 20:45:00.000 UTC,8ARxY7YrVBNhSGkSjQjgzbU9uCRyX67vBfM6mAuMpump,0.00003523982057665781
2026-01-05 20:46:00.000 UTC,8ARxY7YrVBNhSGkSjQjgzbU9uCRyX67vBfM6mAuMpump,0.0000357767194993125
2026-01-05 20:47:00.000 UTC,8ARxY7YrVBNhSGkSjQjgzbU9uCRyX67vBfM6mAuMpump,0.00003702311360318221
2026-01-05 20:48:00.000 UTC,8ARxY7YrVBNhSGkSjQjgzbU9uCRyX67vBfM6mAuMpump,0.00003862246745428708
2026-01-05 20:49:00.000 UTC,8ARxY7YrVBNhSGkSjQjgzbU9uCRyX67vBfM6mAuMpump,0.000039470294146297814
2026-01-05 20:50:00.000 UTC,8ARxY7YrVBNhSGkSjQjgzbU9uCRyX67vBfM6mAuMpump,0.00003970294074892877
2026-01-05 20:53:00.000 UTC,8ARxY7YrVBNhSGkSjQjgzbU9uCRyX67vBfM6mAuMpump,0.000037675097371338844
2026-01-05 20:55:00.000 UTC,8ARxY7YrVBNhSGkSjQjgzbU9uCRyX67vBfM6mAuMpump,0.000036622456080155876
2026-01-05 21:01:00.000 UTC,8ARxY7YrVBNhSGkSjQjgzbU9uCRyX67vBfM6mAuMpump,0.000033889351295679815
2026-01-05 21:18:00.000 UTC,8ARxY7YrVBNhSGkSjQjgzbU9uCRyX67vBfM6mAuMpump,0.000033627938911534467
2026-01-05 21:19:00.000 UTC,8ARxY7YrVBNhSGkSjQjgzbU9uCRyX67vBfM6mAuMpump,0.00003365427024644177
2026-01-05 21:20:00.000 UTC,8ARxY7YrVBNhSGkSjQjgzbU9uCRyX67vBfM6mAuMpump,0.00003363895411320232
2026-01-05 21:21:00.000 UTC,8ARxY7YrVBNhSGkSjQjgzbU9uCRyX67vBfM6mAuMpump,0.000033638957473446427
2026-01-05 21:22:00.000 UTC,8ARxY7YrVBNhSGkSjQjgzbU9uCRyX67vBfM6mAuMpump,0.00003363895736552719
2026-01-05 21:37:00.000 UTC,8ARxY7YrVBNhSGkSjQjgzbU9uCRyX67vBfM6mAuMpump,0.000033521210544461544
2026-01-05 21:41:00.000 UTC,8ARxY7YrVBNhSGkSjQjgzbU9uCRyX67vBfM6mAuMpump,0.000034718345366743825
2026-01-05 21:43:00.000 UTC,8ARxY7YrVBNhSGkSjQjgzbU9uCRyX67vBfM6mAuMpump,0.00003434024494939735
2026-01-05 21:44:00.000 UTC,8ARxY7YrVBNhSGkSjQjgzbU9uCRyX67vBfM6mAuMpump,0.000034489680192627254
2026-01-05 21:49:00.000 UTC,8ARxY7YrVBNhSGkSjQjgzbU9uCRyX67vBfM6mAuMpump,0.000034731781624290685
2026-01-05 21:50:00.000 UTC,8ARxY7YrVBNhSGkSjQjgzbU9uCRyX67vBfM6mAuMpump,0.000034907596015133084
2026-01-05 21:51:00.000 UTC,8ARxY7YrVBNhSGkSjQjgzbU9uCRyX67vBfM6mAuMpump,0.00003511148044300977
2026-01-05 21:53:00.000 UTC,8ARxY7YrVBNhSGkSjQjgzbU9uCRyX67vBfM6mAuMpump,0.000035252210830462674
2026-01-05 21:54:00.000 UTC,8ARxY7YrVBNhSGkSjQjgzbU9uCRyX67vBfM6mAuMpump,0.00003535550905481772
2026-01-05 22:01:00.000 UTC,8ARxY7YrVBNhSGkSjQjgzbU9uCRyX67vBfM6mAuMpump,0.00003031154442738659
2026-01-05 22:08:00.000 UTC,8ARxY7YrVBNhSGkSjQjgzbU9uCRyX67vBfM6mAuMpump,0.00003034310418134442
2026-01-05 22:16:00.000 UTC,8ARxY7YrVBNhSGkSjQjgzbU9uCRyX67vBfM6mAuMpump,0.00003093832015094643
2026-01-05 22:18:00.000 UTC,8ARxY7YrVBNhSGkSjQjgzbU9uCRyX67vBfM6mAuMpump,0.00003162794574410878
2026-01-05 22:19:00.000 UTC,8ARxY7YrVBNhSGkSjQjgzbU9uCRyX67vBfM6mAuMpump,0.00003224716476811858
2026-01-05 22:21:00.000 UTC,8ARxY7YrVBNhSGkSjQjgzbU9uCRyX67vBfM6mAuMpump,0.000032139411973738915
2026-01-05 23:03:00.000 UTC,8ARxY7YrVBNhSGkSjQjgzbU9uCRyX67vBfM6mAuMpump,0.000028025118475656484
2026-01-06 00:06:00.000 UTC,8ARxY7YrVBNhSGkSjQjgzbU9uCRyX67vBfM6mAuMpump,0.000028521302696413203
2026-01-06 00:19:00.000 UTC,8ARxY7YrVBNhSGkSjQjgzbU9uCRyX67vBfM6mAuMpump,0.00002868972911680524
2026-01-06 00:20:00.000 UTC,8ARxY7YrVBNhSGkSjQjgzbU9uCRyX67vBfM6mAuMpump,0.00002935796165768911
2026-01-06 00:23:00.000 UTC,8ARxY7YrVBNhSGkSjQjgzbU9uCRyX67vBfM6mAuMpump,0.000029714645950885087
2026-01-06 00:24:00.000 UTC,8ARxY7YrVBNhSGkSjQjgzbU9uCRyX67vBfM6mAuMpump,0.00003113876451102054
2026-01-06 00:26:00.000 UTC,8ARxY7YrVBNhSGkSjQjgzbU9uCRyX67vBfM6mAuMpump,0.00003186117611857845
2026-01-06 00:27:00.000 UTC,8ARxY7YrVBNhSGkSjQjgzbU9uCRyX67vBfM6mAuMpump,0.00003224330947490036
2026-01-06 00:32:00.000 UTC,8ARxY7YrVBNhSGkSjQjgzbU9uCRyX67vBfM6mAuMpump,0.00003251091547009806
2026-01-06 00:45:00.000 UTC,8ARxY7YrVBNhSGkSjQjgzbU9uCRyX67vBfM6mAuMpump,0.00003533089798326721
2026-01-06 00:46:00.000 UTC,8ARxY7YrVBNhSGkSjQjgzbU9uCRyX67vBfM6mAuMpump,0.00003668742827786074
2026-01-06 00:47:00.000 UTC,8ARxY7YrVBNhSGkSjQjgzbU9uCRyX67vBfM6mAuMpump,0.000036943002446131285
2026-01-06 00:49:00.000 UTC,8ARxY7YrVBNhSGkSjQjgzbU9uCRyX67vBfM6mAuMpump,0.00003811527743037848
2026-01-06 00:50:00.000 UTC,8ARxY7YrVBNhSGkSjQjgzbU9uCRyX67vBfM6mAuMpump,0.000040786645153681575
2026-01-06 00:53:00.000 UTC,8ARxY7YrVBNhSGkSjQjgzbU9uCRyX67vBfM6mAuMpump,0.00004025031886441718
2026-01-06 00:54:00.000 UTC,8ARxY7YrVBNhSGkSjQjgzbU9uCRyX67vBfM6mAuMpump,0.00004015197842725593
2026-01-06 01:10:00.000 UTC,8ARxY7YrVBNhSGkSjQjgzbU9uCRyX67vBfM6mAuMpump,0.00003720600299524569
2026-01-06 01:11:00.000 UTC,8ARxY7YrVBNhSGkSjQjgzbU9uCRyX67vBfM6mAuMpump,0.00003728562561146839
2026-01-06 01:15:00.000 UTC,8ARxY7YrVBNhSGkSjQjgzbU9uCRyX67vBfM6mAuMpump,0.00003754545175817215
2026-01-06 01:16:00.000 UTC,8ARxY7YrVBNhSGkSjQjgzbU9uCRyX67vBfM6mAuMpump,0.00003770920157446468
2026-01-06 01:24:00.000 UTC,8ARxY7YrVBNhSGkSjQjgzbU9uCRyX67vBfM6mAuMpump,0.00003851500020229009
2026-01-06 01:30:00.000 UTC,8ARxY7YrVBNhSGkSjQjgzbU9uCRyX67vBfM6mAuMpump,0.00003652456252830735
2026-01-06 01:44:00.000 UTC,8ARxY7YrVBNhSGkSjQjgzbU9uCRyX67vBfM6mAuMpump,0.000032922383279633394
2026-01-06 01:57:00.000 UTC,8ARxY7YrVBNhSGkSjQjgzbU9uCRyX67vBfM6mAuMpump,0.00003289920593500871
2026-01-06 01:59:00.000 UTC,8ARxY7YrVBNhSGkSjQjgzbU9uCRyX67vBfM6mAuMpump,0.00003297853845898831
2026-01-06 02:05:00.000 UTC,8ARxY7YrVBNhSGkSjQjgzbU9uCRyX67vBfM6mAuMpump,0.00003329556665919209
2026-01-06 02:34:00.000 UTC,8ARxY7YrVBNhSGkSjQjgzbU9uCRyX67vBfM6mAuMpump,0.00003355682381978439
2026-01-06 02:38:00.000 UTC,8ARxY7YrVBNhSGkSjQjgzbU9uCRyX67vBfM6mAuMpump,0.000034467450169860475
2026-01-06 02:48:00.000 UTC,8ARxY7YrVBNhSGkSjQjgzbU9uCRyX67vBfM6mAuMpump,0.00003376476859298074
2026-01-06 02:50:00.000 UTC,8ARxY7YrVBNhSGkSjQjgzbU9uCRyX67vBfM6mAuMpump,0.00003389369596442395
2026-01-06 03:21:00.000 UTC,8ARxY7YrVBNhSGkSjQjgzbU9uCRyX67vBfM6mAuMpump,0.00003272983109300574
2026-01-06 03:30:00.000 UTC,8ARxY7YrVBNhSGkSjQjgzbU9uCRyX67vBfM6mAuMpump,0.000032336341096709014
2026-01-06 03:40:00.000 UTC,8ARxY7YrVBNhSGkSjQjgzbU9uCRyX67vBfM6mAuMpump,0.00003282913395480138
2026-01-06 03:42:00.000 UTC,8ARxY7YrVBNhSGkSjQjgzbU9uCRyX67vBfM6mAuMpump,0.00003325016074025403
2026-01-06 04:08:00.000 UTC,8ARxY7YrVBNhSGkSjQjgzbU9uCRyX67vBfM6mAuMpump,0.00003636615142344504
2026-01-06 04:09:00.000 UTC,8ARxY7YrVBNhSGkSjQjgzbU9uCRyX67vBfM6mAuMpump,0.00004265861567164966
2026-01-06 04:11:00.000 UTC,8ARxY7YrVBNhSGkSjQjgzbU9uCRyX67vBfM6mAuMpump,0.00004213285937804667
2026-01-06 04:12:00.000 UTC,8ARxY7YrVBNhSGkSjQjgzbU9uCRyX67vBfM6mAuMpump,0.00004180017492385969
2026-01-06 04:16:00.000 UTC,8ARxY7YrVBNhSGkSjQjgzbU9uCRyX67vBfM6mAuMpump,0.000034626363324519765
2026-01-06 04:17:00.000 UTC,8ARxY7YrVBNhSGkSjQjgzbU9uCRyX67vBfM6mAuMpump,0.00003515799696081188
2026-01-06 04:18:00.000 UTC,8ARxY7YrVBNhSGkSjQjgzbU9uCRyX67vBfM6mAuMpump,0.000035189219430028704
2026-01-06 04:20:00.000 UTC,8ARxY7YrVBNhSGkSjQjgzbU9uCRyX67vBfM6mAuMpump,0.00003686806996894074
2026-01-06 04:22:00.000 UTC,8ARxY7YrVBNhSGkSjQjgzbU9uCRyX67vBfM6mAuMpump,0.00003385726137112942
2026-01-06 04:23:00.000 UTC,8ARxY7YrVBNhSGkSjQjgzbU9uCRyX67vBfM6mAuMpump,0.00003395766509514453
2026-01-06 04:25:00.000 UTC,8ARxY7YrVBNhSGkSjQjgzbU9uCRyX67vBfM6mAuMpump,0.000034135034764096696
2026-01-06 04:28:00.000 UTC,8ARxY7YrVBNhSGkSjQjgzbU9uCRyX67vBfM6mAuMpump,0.00003461533795467799
2026-01-06 04:48:00.000 UTC,8ARxY7YrVBNhSGkSjQjgzbU9uCRyX67vBfM6mAuMpump,0.000032540097519724037
2026-01-06 05:04:00.000 UTC,8ARxY7YrVBNhSGkSjQjgzbU9uCRyX67vBfM6mAuMpump,0.00003307987344606058
2026-01-06 05:09:00.000 UTC,8ARxY7YrVBNhSGkSjQjgzbU9uCRyX67vBfM6mAuMpump,0.00003081392649078629
2026-01-06 05:12:00.000 UTC,8ARxY7YrVBNhSGkSjQjgzbU9uCRyX67vBfM6mAuMpump,0.00003087152657376771
2026-01-06 05:16:00.000 UTC,8ARxY7YrVBNhSGkSjQjgzbU9uCRyX67vBfM6mAuMpump,0.000030900277505358596
2026-01-06 05:17:00.000 UTC,8ARxY7YrVBNhSGkSjQjgzbU9uCRyX67vBfM6mAuMpump,0.0000309139767047717
2026-01-06 05:25:00.000 UTC,8ARxY7YrVBNhSGkSjQjgzbU9uCRyX67vBfM6mAuMpump,0.00003097752861509531
2026-01-06 05:30:00.000 UTC,8ARxY7YrVBNhSGkSjQjgzbU9uCRyX67vBfM6mAuMpump,0.000030962268942492496
2026-01-06 05:35:00.000 UTC,8ARxY7YrVBNhSGkSjQjgzbU9uCRyX67vBfM6mAuMpump,0.00003108307040321709
2026-01-06 05:46:00.000 UTC,8ARxY7YrVBNhSGkSjQjgzbU9uCRyX67vBfM6mAuMpump,0.00003135035444267492
2026-01-06 06:36:00.000 UTC,8ARxY7YrVBNhSGkSjQjgzbU9uCRyX67vBfM6mAuMpump,0.00003227911436811062
2026-01-06 06:52:00.000 UTC,8ARxY7YrVBNhSGkSjQjgzbU9uCRyX67vBfM6mAuMpump,0.00003285967471392988
2026-01-06 07:01:00.000 UTC,8ARxY7YrVBNhSGkSjQjgzbU9uCRyX67vBfM6mAuMpump,0.00003284677785241934
2026-01-06 07:10:00.000 UTC,8ARxY7YrVBNhSGkSjQjgzbU9uCRyX67vBfM6mAuMpump,0.00003222525594619894
2026-01-06 07:13:00.000 UTC,8ARxY7YrVBNhSGkSjQjgzbU9uCRyX67vBfM6mAuMpump,0.00003230017190143605
2026-01-06 07:38:00.000 UTC,8ARxY7YrVBNhSGkSjQjgzbU9uCRyX67vBfM6mAuMpump,0.00003167557926157752
2026-01-06 07:43:00.000 UTC,8ARxY7YrVBNhSGkSjQjgzbU9uCRyX67vBfM6mAuMpump,0.00003168713530975559
2026-01-06 07:49:00.000 UTC,8ARxY7YrVBNhSGkSjQjgzbU9uCRyX67vBfM6mAuMpump,0.00003178267280971212
2026-01-06 08:24:00.000 UTC,8ARxY7YrVBNhSGkSjQjgzbU9uCRyX67vBfM6mAuMpump,0.00002825519458194245
2026-01-06 08:27:00.000 UTC,8ARxY7YrVBNhSGkSjQjgzbU9uCRyX67vBfM6mAuMpump,0.000028284287428679662
2026-01-06 08:31:00.000 UTC,8ARxY7YrVBNhSGkSjQjgzbU9uCRyX67vBfM6mAuMpump,0.00002831308464361292
2026-01-06 08:32:00.000 UTC,8ARxY7YrVBNhSGkSjQjgzbU9uCRyX67vBfM6mAuMpump,0.00002826221557597853
2026-01-06 08:40:00.000 UTC,8ARxY7YrVBNhSGkSjQjgzbU9uCRyX67vBfM6mAuMpump,0.00002830644644877582
2026-01-06 08:56:00.000 UTC,8ARxY7YrVBNhSGkSjQjgzbU9uCRyX67vBfM6mAuMpump,0.000028319117666785574
2026-01-06 09:03:00.000 UTC,8ARxY7YrVBNhSGkSjQjgzbU9uCRyX67vBfM6mAuMpump,0.00002946609422328509
2026-01-06 09:09:00.000 UTC,8ARxY7YrVBNhSGkSjQjgzbU9uCRyX67vBfM6mAuMpump,0.000030442580951395014
2026-01-06 09:10:00.000 UTC,8ARxY7YrVBNhSGkSjQjgzbU9uCRyX67vBfM6mAuMpump,0.00003084869067378873
2026-01-06 09:11:00.000 UTC,8ARxY7YrVBNhSGkSjQjgzbU9uCRyX67vBfM6mAuMpump,0.000031064205494489195
2026-01-06 09:12:00.000 UTC,8ARxY7YrVBNhSGkSjQjgzbU9uCRyX67vBfM6mAuMpump,0.00003128047050848021
2026-01-06 09:16:00.000 UTC,8ARxY7YrVBNhSGkSjQjgzbU9uCRyX67vBfM6mAuMpump,0.00003152491259536718
2026-01-06 09:17:00.000 UTC,8ARxY7YrVBNhSGkSjQjgzbU9uCRyX67vBfM6mAuMpump,0.000031735438693953275
2026-01-06 09:22:00.000 UTC,8ARxY7YrVBNhSGkSjQjgzbU9uCRyX67vBfM6mAuMpump,0.00003195462592541506
2026-01-06 09:24:00.000 UTC,8ARxY7YrVBNhSGkSjQjgzbU9uCRyX67vBfM6mAuMpump,0.00003245984359437194
2026-01-06 09:26:00.000 UTC,8ARxY7YrVBNhSGkSjQjgzbU9uCRyX67vBfM6mAuMpump,0.00003315548507096918
2026-01-06 09:27:00.000 UTC,8ARxY7YrVBNhSGkSjQjgzbU9uCRyX67vBfM6mAuMpump,0.000033400707603452556
2026-01-06 09:28:00.000 UTC,8ARxY7YrVBNhSGkSjQjgzbU9uCRyX67vBfM6mAuMpump,0.0000334985068242591
2026-01-06 09:34:00.000 UTC,8ARxY7YrVBNhSGkSjQjgzbU9uCRyX67vBfM6mAuMpump,0.00003347738029764542
2026-01-06 09:40:00.000 UTC,8ARxY7YrVBNhSGkSjQjgzbU9uCRyX67vBfM6mAuMpump,0.000033772306136533625
2026-01-06 09:59:00.000 UTC,8ARxY7YrVBNhSGkSjQjgzbU9uCRyX67vBfM6mAuMpump,0.00003348243827144654
2026-01-06 10:18:00.000 UTC,8ARxY7YrVBNhSGkSjQjgzbU9uCRyX67vBfM6mAuMpump,0.00003391903064620182
2026-01-06 10:19:00.000 UTC,8ARxY7YrVBNhSGkSjQjgzbU9uCRyX67vBfM6mAuMpump,0.00003516848589395522
2026-01-06 10:40:00.000 UTC,8ARxY7YrVBNhSGkSjQjgzbU9uCRyX67vBfM6mAuMpump,0.00003537732774697316
2026-01-06 10:51:00.000 UTC,8ARxY7YrVBNhSGkSjQjgzbU9uCRyX67vBfM6mAuMpump,0.000027870433039582358
2026-01-06 10:52:00.000 UTC,8ARxY7YrVBNhSGkSjQjgzbU9uCRyX67vBfM6mAuMpump,0.000028932920534091207
2026-01-06 10:56:00.000 UTC,8ARxY7YrVBNhSGkSjQjgzbU9uCRyX67vBfM6mAuMpump,0.000027881047026983185
2026-01-06 10:57:00.000 UTC,8ARxY7YrVBNhSGkSjQjgzbU9uCRyX67vBfM6mAuMpump,0.00002811625826772208
2026-01-06 11:07:00.000 UTC,8ARxY7YrVBNhSGkSjQjgzbU9uCRyX67vBfM6mAuMpump,0.000028332394355968242
2026-01-06 11:15:00.000 UTC,8ARxY7YrVBNhSGkSjQjgzbU9uCRyX67vBfM6mAuMpump,0.000027465073921947914
2026-01-06 11:22:00.000 UTC,8ARxY7YrVBNhSGkSjQjgzbU9uCRyX67vBfM6mAuMpump,0.000022992494865022718
2026-01-06 11:23:00.000 UTC,8ARxY7YrVBNhSGkSjQjgzbU9uCRyX67vBfM6mAuMpump,0.00002427970655838537
2026-01-06 11:24:00.000 UTC,8ARxY7YrVBNhSGkSjQjgzbU9uCRyX67vBfM6mAuMpump,0.000025024683620149326
2026-01-06 11:26:00.000 UTC,8ARxY7YrVBNhSGkSjQjgzbU9uCRyX67vBfM6mAuMpump,0.000025409965211298034
2026-01-06 11:27:00.000 UTC,8ARxY7YrVBNhSGkSjQjgzbU9uCRyX67vBfM6mAuMpump,0.00002598171242439703
2026-01-06 11:31:00.000 UTC,8ARxY7YrVBNhSGkSjQjgzbU9uCRyX67vBfM6mAuMpump,0.000025992707270388392
2026-01-06 11:40:00.000 UTC,8ARxY7YrVBNhSGkSjQjgzbU9uCRyX67vBfM6mAuMpump,0.000026359633498092694
2026-01-06 11:47:00.000 UTC,8ARxY7YrVBNhSGkSjQjgzbU9uCRyX67vBfM6mAuMpump,0.000026288561175482036
2026-01-06 11:51:00.000 UTC,8ARxY7YrVBNhSGkSjQjgzbU9uCRyX67vBfM6mAuMpump,0.0000263124972379378
2026-01-06 11:53:00.000 UTC,8ARxY7YrVBNhSGkSjQjgzbU9uCRyX67vBfM6mAuMpump,0.00002717657411908598
2026-01-06 11:55:00.000 UTC,8ARxY7YrVBNhSGkSjQjgzbU9uCRyX67vBfM6mAuMpump,0.00002818380082954989
2026-01-06 12:12:00.000 UTC,8ARxY7YrVBNhSGkSjQjgzbU9uCRyX67vBfM6mAuMpump,0.000028097869539970984
2026-01-06 12:13:00.000 UTC,8ARxY7YrVBNhSGkSjQjgzbU9uCRyX67vBfM6mAuMpump,0.000029077767243856965
2026-01-06 12:25:00.000 UTC,8ARxY7YrVBNhSGkSjQjgzbU9uCRyX67vBfM6mAuMpump,0.000028992059096855162
2026-01-06 12:33:00.000 UTC,8ARxY7YrVBNhSGkSjQjgzbU9uCRyX67vBfM6mAuMpump,0.000027913694429940802
2026-01-06 12:36:00.000 UTC,8ARxY7YrVBNhSGkSjQjgzbU9uCRyX67vBfM6mAuMpump,0.00002804075930543373
2026-01-06 12:42:00.000 UTC,8ARxY7YrVBNhSGkSjQjgzbU9uCRyX67vBfM6mAuMpump,0.00002746640985298098
2026-01-06 12:54:00.000 UTC,8ARxY7YrVBNhSGkSjQjgzbU9uCRyX67vBfM6mAuMpump,0.00002693110597299004
2026-01-06 13:11:00.000 UTC,8ARxY7YrVBNhSGkSjQjgzbU9uCRyX67vBfM6mAuMpump,0.000025477250292889957
2026-01-06 13:16:00.000 UTC,8ARxY7YrVBNhSGkSjQjgzbU9uCRyX67vBfM6mAuMpump,0.000025034879625461643
2026-01-06 13:17:00.000 UTC,8ARxY7YrVBNhSGkSjQjgzbU9uCRyX67vBfM6mAuMpump,0.00002610135509921891
2026-01-06 13:21:00.000 UTC,8ARxY7YrVBNhSGkSjQjgzbU9uCRyX67vBfM6mAuMpump,0.00002644813103061271
2026-01-06 13:25:00.000 UTC,8ARxY7YrVBNhSGkSjQjgzbU9uCRyX67vBfM6mAuMpump,0.000026506701585124205
2026-01-06 13:29:00.000 UTC,8ARxY7YrVBNhSGkSjQjgzbU9uCRyX67vBfM6mAuMpump,0.00002666977678381811
2026-01-06 13:44:00.000 UTC,8ARxY7YrVBNhSGkSjQjgzbU9uCRyX67vBfM6mAuMpump,0.000026573957678084954
2026-01-06 13:57:00.000 UTC,8ARxY7YrVBNhSGkSjQjgzbU9uCRyX67vBfM6mAuMpump,0.000026767993960271768
2026-01-06 14:06:00.000 UTC,8ARxY7YrVBNhSGkSjQjgzbU9uCRyX67vBfM6mAuMpump,0.000026855457798626478
2026-01-06 14:19:00.000 UTC,8ARxY7YrVBNhSGkSjQjgzbU9uCRyX67vBfM6mAuMpump,0.000025494486600649735
2026-01-06 14:22:00.000 UTC,8ARxY7YrVBNhSGkSjQjgzbU9uCRyX67vBfM6mAuMpump,0.000025711004186515143
2026-01-06 14:32:00.000 UTC,8ARxY7YrVBNhSGkSjQjgzbU9uCRyX67vBfM6mAuMpump,0.00002585811197318351
2026-01-06 14:38:00.000 UTC,8ARxY7YrVBNhSGkSjQjgzbU9uCRyX67vBfM6mAuMpump,0.00002582569339444129
2026-01-06 15:21:00.000 UTC,8ARxY7YrVBNhSGkSjQjgzbU9uCRyX67vBfM6mAuMpump,0.00002561415696448526
2026-01-06 15:37:00.000 UTC,8ARxY7YrVBNhSGkSjQjgzbU9uCRyX67vBfM6mAuMpump,0.000026088322451238228
2026-01-06 15:40:00.000 UTC,8ARxY7YrVBNhSGkSjQjgzbU9uCRyX67vBfM6mAuMpump,0.00002651937628652634
2026-01-06 15:42:00.000 UTC,8ARxY7YrVBNhSGkSjQjgzbU9uCRyX67vBfM6mAuMpump,0.00002709632085711619
2026-01-06 15:46:00.000 UTC,8ARxY7YrVBNhSGkSjQjgzbU9uCRyX67vBfM6mAuMpump,0.000027381147453691544
2026-01-06 15:54:00.000 UTC,8ARxY7YrVBNhSGkSjQjgzbU9uCRyX67vBfM6mAuMpump,0.000027823355016954156
2026-01-06 15:55:00.000 UTC,8ARxY7YrVBNhSGkSjQjgzbU9uCRyX67vBfM6mAuMpump,0.000028578813924014497
2026-01-06 15:56:00.000 UTC,8ARxY7YrVBNhSGkSjQjgzbU9uCRyX67vBfM6mAuMpump,0.00003253805437886427
2026-01-06 15:57:00.000 UTC,8ARxY7YrVBNhSGkSjQjgzbU9uCRyX67vBfM6mAuMpump,0.00003371992696415081
2026-01-06 15:58:00.000 UTC,8ARxY7YrVBNhSGkSjQjgzbU9uCRyX67vBfM6mAuMpump,0.000032274980222804194
2026-01-06 15:59:00.000 UTC,8ARxY7YrVBNhSGkSjQjgzbU9uCRyX67vBfM6mAuMpump,0.00003133265682776481
2026-01-06 16:00:00.000 UTC,8ARxY7YrVBNhSGkSjQjgzbU9uCRyX67vBfM6mAuMpump,0.00003174043128779118
2026-01-06 16:01:00.000 UTC,8ARxY7YrVBNhSGkSjQjgzbU9uCRyX67vBfM6mAuMpump,0.00003834336936741105
2026-01-06 16:02:00.000 UTC,8ARxY7YrVBNhSGkSjQjgzbU9uCRyX67vBfM6mAuMpump,0.000045499952807296575
2026-01-06 16:04:00.000 UTC,8ARxY7YrVBNhSGkSjQjgzbU9uCRyX67vBfM6mAuMpump,0.00004308401935330851
2026-01-06 16:05:00.000 UTC,8ARxY7YrVBNhSGkSjQjgzbU9uCRyX67vBfM6mAuMpump,0.000044062929284764204
2026-01-06 16:07:00.000 UTC,8ARxY7YrVBNhSGkSjQjgzbU9uCRyX67vBfM6mAuMpump,0.000045533655579953055
2026-01-06 16:08:00.000 UTC,8ARxY7YrVBNhSGkSjQjgzbU9uCRyX67vBfM6mAuMpump,0.000052103926764297864
2026-01-06 16:09:00.000 UTC,8ARxY7YrVBNhSGkSjQjgzbU9uCRyX67vBfM6mAuMpump,0.00005639400106414444
2026-01-06 16:10:00.000 UTC,8ARxY7YrVBNhSGkSjQjgzbU9uCRyX67vBfM6mAuMpump,0.000048465229541378436
2026-01-06 16:11:00.000 UTC,8ARxY7YrVBNhSGkSjQjgzbU9uCRyX67vBfM6mAuMpump,0.000045767729703741005
2026-01-06 16:12:00.000 UTC,8ARxY7YrVBNhSGkSjQjgzbU9uCRyX67vBfM6mAuMpump,0.00004495420585070674
2026-01-06 16:13:00.000 UTC,8ARxY7YrVBNhSGkSjQjgzbU9uCRyX67vBfM6mAuMpump,0.00004052937921266455
2026-01-06 16:14:00.000 UTC,8ARxY7YrVBNhSGkSjQjgzbU9uCRyX67vBfM6mAuMpump,0.00003978013945271869
2026-01-06 16:15:00.000 UTC,8ARxY7YrVBNhSGkSjQjgzbU9uCRyX67vBfM6mAuMpump,0.0000399461946652363
2026-01-06 16:16:00.000 UTC,8ARxY7YrVBNhSGkSjQjgzbU9uCRyX67vBfM6mAuMpump,0.000037152930347579736
2026-01-06 16:17:00.000 UTC,8ARxY7YrVBNhSGkSjQjgzbU9uCRyX67vBfM6mAuMpump,0.00003776976564459159
2026-01-06 16:18:00.000 UTC,8ARxY7YrVBNhSGkSjQjgzbU9uCRyX67vBfM6mAuMpump,0.0000384202500467788
2026-01-06 16:19:00.000 UTC,8ARxY7YrVBNhSGkSjQjgzbU9uCRyX67vBfM6mAuMpump,0.00003906850661795066
2026-01-06 16:20:00.000 UTC,8ARxY7YrVBNhSGkSjQjgzbU9uCRyX67vBfM6mAuMpump,0.000039085473224570664
2026-01-06 16:21:00.000 UTC,8ARxY7YrVBNhSGkSjQjgzbU9uCRyX67vBfM6mAuMpump,0.00003910512950861797
2026-01-06 16:23:00.000 UTC,8ARxY7YrVBNhSGkSjQjgzbU9uCRyX67vBfM6mAuMpump,0.00003811551824937496
2026-01-06 16:24:00.000 UTC,8ARxY7YrVBNhSGkSjQjgzbU9uCRyX67vBfM6mAuMpump,0.00003813504796110949
2026-01-06 16:27:00.000 UTC,8ARxY7YrVBNhSGkSjQjgzbU9uCRyX67vBfM6mAuMpump,0.000036831430042227265
2026-01-06 16:28:00.000 UTC,8ARxY7YrVBNhSGkSjQjgzbU9uCRyX67vBfM6mAuMpump,0.00003692186897485222
2026-01-06 16:38:00.000 UTC,8ARxY7YrVBNhSGkSjQjgzbU9uCRyX67vBfM6mAuMpump,0.000036400185873362976
2026-01-06 16:40:00.000 UTC,8ARxY7YrVBNhSGkSjQjgzbU9uCRyX67vBfM6mAuMpump,0.000036491242308106624
2026-01-06 16:43:00.000 UTC,8ARxY7YrVBNhSGkSjQjgzbU9uCRyX67vBfM6mAuMpump,0.00003008471388617296
2026-01-06 16:44:00.000 UTC,8ARxY7YrVBNhSGkSjQjgzbU9uCRyX67vBfM6mAuMpump,0.00003090775217312392
2026-01-06 16:45:00.000 UTC,8ARxY7YrVBNhSGkSjQjgzbU9uCRyX67vBfM6mAuMpump,0.00003094943825336748
2026-01-06 16:46:00.000 UTC,8ARxY7YrVBNhSGkSjQjgzbU9uCRyX67vBfM6mAuMpump,0.0000317129507150368
2026-01-06 16:47:00.000 UTC,8ARxY7YrVBNhSGkSjQjgzbU9uCRyX67vBfM6mAuMpump,0.00003156854327514262
2026-01-06 16:50:00.000 UTC,8ARxY7YrVBNhSGkSjQjgzbU9uCRyX67vBfM6mAuMpump,0.000029824135751839658
2026-01-06 16:54:00.000 UTC,8ARxY7YrVBNhSGkSjQjgzbU9uCRyX67vBfM6mAuMpump,0.000029928692074898856
2026-01-06 16:56:00.000 UTC,8ARxY7YrVBNhSGkSjQjgzbU9uCRyX67vBfM6mAuMpump,0.00002834514060044469
2026-01-06 16:58:00.000 UTC,8ARxY7YrVBNhSGkSjQjgzbU9uCRyX67vBfM6mAuMpump,0.000028321797181366
2026-01-06 17:10:00.000 UTC,8ARxY7YrVBNhSGkSjQjgzbU9uCRyX67vBfM6mAuMpump,0.000028676929257798783
2026-01-06 17:25:00.000 UTC,8ARxY7YrVBNhSGkSjQjgzbU9uCRyX67vBfM6mAuMpump,0.000028866726827561598
2026-01-06 17:26:00.000 UTC,8ARxY7YrVBNhSGkSjQjgzbU9uCRyX67vBfM6mAuMpump,0.000029133104757396124
2026-01-06 17:28:00.000 UTC,8ARxY7YrVBNhSGkSjQjgzbU9uCRyX67vBfM6mAuMpump,0.00002741232914537445
2026-01-06 17:29:00.000 UTC,8ARxY7YrVBNhSGkSjQjgzbU9uCRyX67vBfM6mAuMpump,0.000027468931151314168
2026-01-06 17:34:00.000 UTC,8ARxY7YrVBNhSGkSjQjgzbU9uCRyX67vBfM6mAuMpump,0.000027044920322982998
2026-01-06 17:52:00.000 UTC,8ARxY7YrVBNhSGkSjQjgzbU9uCRyX67vBfM6mAuMpump,0.000026746712521043392
2026-01-06 18:01:00.000 UTC,8ARxY7YrVBNhSGkSjQjgzbU9uCRyX67vBfM6mAuMpump,0.00002689989477799375
2026-01-06 18:25:00.000 UTC,8ARxY7YrVBNhSGkSjQjgzbU9uCRyX67vBfM6mAuMpump,0.00002510073665945527
2026-01-06 18:26:00.000 UTC,8ARxY7YrVBNhSGkSjQjgzbU9uCRyX67vBfM6mAuMpump,0.000025175944835705607
2026-01-06 18:27:00.000 UTC,8ARxY7YrVBNhSGkSjQjgzbU9uCRyX67vBfM6mAuMpump,0.00002816605386540194
2026-01-06 18:30:00.000 UTC,8ARxY7YrVBNhSGkSjQjgzbU9uCRyX67vBfM6mAuMpump,0.000031461347852514956
2026-01-06 18:33:00.000 UTC,8ARxY7YrVBNhSGkSjQjgzbU9uCRyX67vBfM6mAuMpump,0.00003146519391520632
2026-01-06 18:35:00.000 UTC,8ARxY7YrVBNhSGkSjQjgzbU9uCRyX67vBfM6mAuMpump,0.00003181317687122929
2026-01-06 18:42:00.000 UTC,8ARxY7YrVBNhSGkSjQjgzbU9uCRyX67vBfM6mAuMpump,0.00003245991624923327
2026-01-06 18:43:00.000 UTC,8ARxY7YrVBNhSGkSjQjgzbU9uCRyX67vBfM6mAuMpump,0.00003317635102060842
2026-01-06 18:46:00.000 UTC,8ARxY7YrVBNhSGkSjQjgzbU9uCRyX67vBfM6mAuMpump,0.000033657896139140155
2026-01-06 18:48:00.000 UTC,8ARxY7YrVBNhSGkSjQjgzbU9uCRyX67vBfM6mAuMpump,0.00003391312952180922
2026-01-06 18:53:00.000 UTC,8ARxY7YrVBNhSGkSjQjgzbU9uCRyX67vBfM6mAuMpump,0.00002938366670044606
2026-01-06 18:56:00.000 UTC,8ARxY7YrVBNhSGkSjQjgzbU9uCRyX67vBfM6mAuMpump,0.000029645663591448743
2026-01-06 19:04:00.000 UTC,8ARxY7YrVBNhSGkSjQjgzbU9uCRyX67vBfM6mAuMpump,0.000029846131898826803
2026-01-06 19:26:00.000 UTC,8ARxY7YrVBNhSGkSjQjgzbU9uCRyX67vBfM6mAuMpump,0.00002992875092591038
2026-01-06 19:36:00.000 UTC,8ARxY7YrVBNhSGkSjQjgzbU9uCRyX67vBfM6mAuMpump,0.00003087237301885387
2026-01-06 19:38:00.000 UTC,8ARxY7YrVBNhSGkSjQjgzbU9uCRyX67vBfM6mAuMpump,0.000036041965545174666
2026-01-06 19:56:00.000 UTC,8ARxY7YrVBNhSGkSjQjgzbU9uCRyX67vBfM6mAuMpump,0.000036181988755292775
2026-01-06 20:02:00.000 UTC,8ARxY7YrVBNhSGkSjQjgzbU9uCRyX67vBfM6mAuMpump,0.00003551500097648875
2026-01-06 20:13:00.000 UTC,8ARxY7YrVBNhSGkSjQjgzbU9uCRyX67vBfM6mAuMpump,0.00003490638766091626
2026-01-06 20:21:00.000 UTC,8ARxY7YrVBNhSGkSjQjgzbU9uCRyX67vBfM6mAuMpump,0.00003539218887344584
2026-01-06 20:22:00.000 UTC,8ARxY7YrVBNhSGkSjQjgzbU9uCRyX67vBfM6mAuMpump,0.000036225856708640416
2026-01-06 20:25:00.000 UTC,8ARxY7YrVBNhSGkSjQjgzbU9uCRyX67vBfM6mAuMpump,0.000036504377211494646
2026-01-06 20:27:00.000 UTC,8ARxY7YrVBNhSGkSjQjgzbU9uCRyX67vBfM6mAuMpump,0.00003681289954896147
2026-01-06 20:29:00.000 UTC,8ARxY7YrVBNhSGkSjQjgzbU9uCRyX67vBfM6mAuMpump,0.00003693566532570632
2026-01-06 20:40:00.000 UTC,8ARxY7YrVBNhSGkSjQjgzbU9uCRyX67vBfM6mAuMpump,0.00003603695255313309
2026-01-06 21:01:00.000 UTC,8ARxY7YrVBNhSGkSjQjgzbU9uCRyX67vBfM6mAuMpump,0.000036430946513634426
2026-01-06 21:10:00.000 UTC,8ARxY7YrVBNhSGkSjQjgzbU9uCRyX67vBfM6mAuMpump,0.00003594247790321746
2026-01-06 21:44:00.000 UTC,8ARxY7YrVBNhSGkSjQjgzbU9uCRyX67vBfM6mAuMpump,0.0000365207137172741
2026-01-06 21:45:00.000 UTC,8ARxY7YrVBNhSGkSjQjgzbU9uCRyX67vBfM6mAuMpump,0.000036940006543496744
2026-01-06 21:46:00.000 UTC,8ARxY7YrVBNhSGkSjQjgzbU9uCRyX67vBfM6mAuMpump,0.00003637162601038662
2026-01-06 21:47:00.000 UTC,8ARxY7YrVBNhSGkSjQjgzbU9uCRyX67vBfM6mAuMpump,0.00003688954308588722
2026-01-06 21:52:00.000 UTC,8ARxY7YrVBNhSGkSjQjgzbU9uCRyX67vBfM6mAuMpump,0.00003729736697574881
2026-01-06 22:11:00.000 UTC,8ARxY7YrVBNhSGkSjQjgzbU9uCRyX67vBfM6mAuMpump,0.00003674055382798348
2026-01-06 22:12:00.000 UTC,8ARxY7YrVBNhSGkSjQjgzbU9uCRyX67vBfM6mAuMpump,0.00003736013389628449
2026-01-06 22:33:00.000 UTC,8ARxY7YrVBNhSGkSjQjgzbU9uCRyX67vBfM6mAuMpump,0.00003732812480136574
2026-01-06 23:23:00.000 UTC,8ARxY7YrVBNhSGkSjQjgzbU9uCRyX67vBfM6mAuMpump,0.00003564999375798229
2026-01-06 23:24:00.000 UTC,8ARxY7YrVBNhSGkSjQjgzbU9uCRyX67vBfM6mAuMpump,0.000035804966784202083
2026-01-07 00:18:00.000 UTC,8ARxY7YrVBNhSGkSjQjgzbU9uCRyX67vBfM6mAuMpump,0.000035687077135465034
2026-01-07 00:30:00.000 UTC,8ARxY7YrVBNhSGkSjQjgzbU9uCRyX67vBfM6mAuMpump,0.00003596658157627959
2026-01-07 00:45:00.000 UTC,8ARxY7YrVBNhSGkSjQjgzbU9uCRyX67vBfM6mAuMpump,0.00003660875016449317
2026-01-07 00:53:00.000 UTC,8ARxY7YrVBNhSGkSjQjgzbU9uCRyX67vBfM6mAuMpump,0.00003860096448645911
2026-01-07 01:06:00.000 UTC,8ARxY7YrVBNhSGkSjQjgzbU9uCRyX67vBfM6mAuMpump,0.000038327205997148275
2026-01-07 01:34:00.000 UTC,8ARxY7YrVBNhSGkSjQjgzbU9uCRyX67vBfM6mAuMpump,0.00003822820093870017
2026-01-07 01:40:00.000 UTC,8ARxY7YrVBNhSGkSjQjgzbU9uCRyX67vBfM6mAuMpump,0.00003847152525592013
2026-01-07 01:47:00.000 UTC,8ARxY7YrVBNhSGkSjQjgzbU9uCRyX67vBfM6mAuMpump,0.00003894729352639241
2026-01-07 01:52:00.000 UTC,8ARxY7YrVBNhSGkSjQjgzbU9uCRyX67vBfM6mAuMpump,0.00003905457923611684
2026-01-07 01:56:00.000 UTC,8ARxY7YrVBNhSGkSjQjgzbU9uCRyX67vBfM6mAuMpump,0.00003951456245139648
2026-01-07 02:07:00.000 UTC,8ARxY7YrVBNhSGkSjQjgzbU9uCRyX67vBfM6mAuMpump,0.00004073325055223029
2026-01-07 02:12:00.000 UTC,8ARxY7YrVBNhSGkSjQjgzbU9uCRyX67vBfM6mAuMpump,0.00004091727737032323
2026-01-07 02:16:00.000 UTC,8ARxY7YrVBNhSGkSjQjgzbU9uCRyX67vBfM6mAuMpump,0.00003663052154305777
2026-01-07 02:19:00.000 UTC,8ARxY7YrVBNhSGkSjQjgzbU9uCRyX67vBfM6mAuMpump,0.000036865562998104896
2026-01-07 02:57:00.000 UTC,8ARxY7YrVBNhSGkSjQjgzbU9uCRyX67vBfM6mAuMpump,0.000036916660507895594
2026-01-07 02:58:00.000 UTC,8ARxY7YrVBNhSGkSjQjgzbU9uCRyX67vBfM6mAuMpump,0.000037123272876298655
2026-01-07 02:59:00.000 UTC,8ARxY7YrVBNhSGkSjQjgzbU9uCRyX67vBfM6mAuMpump,0.00003862981573134115
2026-01-07 03:22:00.000 UTC,8ARxY7YrVBNhSGkSjQjgzbU9uCRyX67vBfM6mAuMpump,0.000030414974476071126
2026-01-07 03:23:00.000 UTC,8ARxY7YrVBNhSGkSjQjgzbU9uCRyX67vBfM6mAuMpump,0.00003151317962979563
2026-01-07 03:24:00.000 UTC,8ARxY7YrVBNhSGkSjQjgzbU9uCRyX67vBfM6mAuMpump,0.0001692512077294686
2026-01-07 03:25:00.000 UTC,8ARxY7YrVBNhSGkSjQjgzbU9uCRyX67vBfM6mAuMpump,0.000033040578165918084
2026-01-07 03:32:00.000 UTC,8ARxY7YrVBNhSGkSjQjgzbU9uCRyX67vBfM6mAuMpump,0.00003333834217204166
2026-01-07 03:34:00.000 UTC,8ARxY7YrVBNhSGkSjQjgzbU9uCRyX67vBfM6mAuMpump,0.00003355049886906337
2026-01-07 03:35:00.000 UTC,8ARxY7YrVBNhSGkSjQjgzbU9uCRyX67vBfM6mAuMpump,0.00003356008635250124
2026-01-07 05:26:00.000 UTC,8ARxY7YrVBNhSGkSjQjgzbU9uCRyX67vBfM6mAuMpump,0.00002926558701665685
2026-01-07 05:37:00.000 UTC,8ARxY7YrVBNhSGkSjQjgzbU9uCRyX67vBfM6mAuMpump,0.000029464025661497745
2026-01-07 05:55:00.000 UTC,8ARxY7YrVBNhSGkSjQjgzbU9uCRyX67vBfM6mAuMpump,0.000029387685297463953
2026-01-07 05:56:00.000 UTC,8ARxY7YrVBNhSGkSjQjgzbU9uCRyX67vBfM6mAuMpump,0.000029654096516060722
2026-01-07 06:06:00.000 UTC,8ARxY7YrVBNhSGkSjQjgzbU9uCRyX67vBfM6mAuMpump,0.0000313841559871453
2026-01-07 06:51:00.000 UTC,8ARxY7YrVBNhSGkSjQjgzbU9uCRyX67vBfM6mAuMpump,0.0000301513564158782
2026-01-07 07:00:00.000 UTC,8ARxY7YrVBNhSGkSjQjgzbU9uCRyX67vBfM6mAuMpump,0.00003136070669574193
2026-01-07 07:05:00.000 UTC,8ARxY7YrVBNhSGkSjQjgzbU9uCRyX67vBfM6mAuMpump,0.0000325644855368617
2026-01-07 07:09:00.000 UTC,8ARxY7YrVBNhSGkSjQjgzbU9uCRyX67vBfM6mAuMpump,0.000032702187169261263
2026-01-07 07:13:00.000 UTC,8ARxY7YrVBNhSGkSjQjgzbU9uCRyX67vBfM6mAuMpump,0.000032812156937069396
2026-01-07 07:34:00.000 UTC,8ARxY7YrVBNhSGkSjQjgzbU9uCRyX67vBfM6mAuMpump,0.00003314556701226285
2026-01-07 08:01:00.000 UTC,8ARxY7YrVBNhSGkSjQjgzbU9uCRyX67vBfM6mAuMpump,0.00003346020262197757
2026-01-07 08:08:00.000 UTC,8ARxY7YrVBNhSGkSjQjgzbU9uCRyX67vBfM6mAuMpump,0.00003414420583361428
2026-01-07 08:09:00.000 UTC,8ARxY7YrVBNhSGkSjQjgzbU9uCRyX67vBfM6mAuMpump,0.00003504617596508377
2026-01-07 08:13:00.000 UTC,8ARxY7YrVBNhSGkSjQjgzbU9uCRyX67vBfM6mAuMpump,0.000035495746568499057
2026-01-07 08:14:00.000 UTC,8ARxY7YrVBNhSGkSjQjgzbU9uCRyX67vBfM6mAuMpump,0.0000355141585915149
2026-01-07 09:17:00.000 UTC,8ARxY7YrVBNhSGkSjQjgzbU9uCRyX67vBfM6mAuMpump,0.00003341916334040231
2026-01-07 09:35:00.000 UTC,8ARxY7YrVBNhSGkSjQjgzbU9uCRyX67vBfM6mAuMpump,0.00003323177537031469
2026-01-07 10:10:00.000 UTC,8ARxY7YrVBNhSGkSjQjgzbU9uCRyX67vBfM6mAuMpump,0.00003347356419454482
2026-01-07 10:22:00.000 UTC,8ARxY7YrVBNhSGkSjQjgzbU9uCRyX67vBfM6mAuMpump,0.000033928190739224665
2026-01-07 10:25:00.000 UTC,8ARxY7YrVBNhSGkSjQjgzbU9uCRyX67vBfM6mAuMpump,0.000034279582723031315
2026-01-07 10:28:00.000 UTC,8ARxY7YrVBNhSGkSjQjgzbU9uCRyX67vBfM6mAuMpump,0.000034722464270106406
2026-01-07 11:05:00.000 UTC,8ARxY7YrVBNhSGkSjQjgzbU9uCRyX67vBfM6mAuMpump,0.00003571809827282173
2026-01-07 12:10:00.000 UTC,8ARxY7YrVBNhSGkSjQjgzbU9uCRyX67vBfM6mAuMpump,0.00003185583683755807
2026-01-07 12:17:00.000 UTC,8ARxY7YrVBNhSGkSjQjgzbU9uCRyX67vBfM6mAuMpump,0.00003186652894941948
2026-01-07 12:48:00.000 UTC,8ARxY7YrVBNhSGkSjQjgzbU9uCRyX67vBfM6mAuMpump,0.000030841342009878234
2026-01-07 13:10:00.000 UTC,8ARxY7YrVBNhSGkSjQjgzbU9uCRyX67vBfM6mAuMpump,0.000025894357081112078
2026-01-07 13:16:00.000 UTC,8ARxY7YrVBNhSGkSjQjgzbU9uCRyX67vBfM6mAuMpump,0.000025143508913633944
2026-01-07 13:40:00.000 UTC,8ARxY7YrVBNhSGkSjQjgzbU9uCRyX67vBfM6mAuMpump,0.00002529574189684698
2026-01-07 13:53:00.000 UTC,8ARxY7YrVBNhSGkSjQjgzbU9uCRyX67vBfM6mAuMpump,0.000025526306782565337
2026-01-07 14:15:00.000 UTC,8ARxY7YrVBNhSGkSjQjgzbU9uCRyX67vBfM6mAuMpump,0.000024589294182756163
2026-01-07 14:24:00.000 UTC,8ARxY7YrVBNhSGkSjQjgzbU9uCRyX67vBfM6mAuMpump,0.000023305533139578113
2026-01-07 14:31:00.000 UTC,8ARxY7YrVBNhSGkSjQjgzbU9uCRyX67vBfM6mAuMpump,0.00002295188267933368
2026-01-07 14:44:00.000 UTC,8ARxY7YrVBNhSGkSjQjgzbU9uCRyX67vBfM6mAuMpump,0.00002302282479438218
2026-01-07 14:45:00.000 UTC,8ARxY7YrVBNhSGkSjQjgzbU9uCRyX67vBfM6mAuMpump,0.000023321488186078655
2026-01-07 14:47:00.000 UTC,8ARxY7YrVBNhSGkSjQjgzbU9uCRyX67vBfM6mAuMpump,0.00002366935295334713
2026-01-07 14:48:00.000 UTC,8ARxY7YrVBNhSGkSjQjgzbU9uCRyX67vBfM6mAuMpump,0.00002389542768803682
2026-01-07 14:49:00.000 UTC,8ARxY7YrVBNhSGkSjQjgzbU9uCRyX67vBfM6mAuMpump,0.000023936050503195788
2026-01-07 14:50:00.000 UTC,8ARxY7YrVBNhSGkSjQjgzbU9uCRyX67vBfM6mAuMpump,0.000024016463168631807
2026-01-07 15:16:00.000 UTC,8ARxY7YrVBNhSGkSjQjgzbU9uCRyX67vBfM6mAuMpump,0.00002388889127891567
2026-01-07 15:32:00.000 UTC,8ARxY7YrVBNhSGkSjQjgzbU9uCRyX67vBfM6mAuMpump,0.000023625978272783966
2026-01-07 15:43:00.000 UTC,8ARxY7YrVBNhSGkSjQjgzbU9uCRyX67vBfM6mAuMpump,0.000023417393411892605
2026-01-07 15:44:00.000 UTC,8ARxY7YrVBNhSGkSjQjgzbU9uCRyX67vBfM6mAuMpump,0.00002345136797720038
2026-01-07 15:45:00.000 UTC,8ARxY7YrVBNhSGkSjQjgzbU9uCRyX67vBfM6mAuMpump,0.000023463969440589157
2026-01-07 15:49:00.000 UTC,8ARxY7YrVBNhSGkSjQjgzbU9uCRyX67vBfM6mAuMpump,0.000023524658575755085
2026-01-07 16:02:00.000 UTC,8ARxY7YrVBNhSGkSjQjgzbU9uCRyX67vBfM6mAuMpump,0.00002372717494600675
2026-01-07 16:07:00.000 UTC,8ARxY7YrVBNhSGkSjQjgzbU9uCRyX67vBfM6mAuMpump,0.000024072575103703642
2026-01-07 16:35:00.000 UTC,8ARxY7YrVBNhSGkSjQjgzbU9uCRyX67vBfM6mAuMpump,0.000024480558348226994
2026-01-07 16:45:00.000 UTC,8ARxY7YrVBNhSGkSjQjgzbU9uCRyX67vBfM6mAuMpump,0.00002483007063744137
2026-01-07 17:24:00.000 UTC,8ARxY7YrVBNhSGkSjQjgzbU9uCRyX67vBfM6mAuMpump,0.00002456516535414672
2026-01-07 17:32:00.000 UTC,8ARxY7YrVBNhSGkSjQjgzbU9uCRyX67vBfM6mAuMpump,0.000024711064689166127
2026-01-07 17:33:00.000 UTC,8ARxY7YrVBNhSGkSjQjgzbU9uCRyX67vBfM6mAuMpump,0.00002493310565950451
2026-01-07 17:35:00.000 UTC,8ARxY7YrVBNhSGkSjQjgzbU9uCRyX67vBfM6mAuMpump,0.00002503074060028526
2026-01-07 17:54:00.000 UTC,8ARxY7YrVBNhSGkSjQjgzbU9uCRyX67vBfM6mAuMpump,0.000025086868464453896
2026-01-07 18:00:00.000 UTC,8ARxY7YrVBNhSGkSjQjgzbU9uCRyX67vBfM6mAuMpump,0.000025243670101384685
2026-01-07 18:16:00.000 UTC,8ARxY7YrVBNhSGkSjQjgzbU9uCRyX67vBfM6mAuMpump,0.000025295864685124864
2026-01-07 18:20:00.000 UTC,8ARxY7YrVBNhSGkSjQjgzbU9uCRyX67vBfM6mAuMpump,0.000025578248413091524
2026-01-07 19:36:00.000 UTC,8ARxY7YrVBNhSGkSjQjgzbU9uCRyX67vBfM6mAuMpump,0.000025575191466735612
2026-01-07 19:54:00.000 UTC,8ARxY7YrVBNhSGkSjQjgzbU9uCRyX67vBfM6mAuMpump,0.000025679194075644108
2026-01-07 20:10:00.000 UTC,8ARxY7YrVBNhSGkSjQjgzbU9uCRyX67vBfM6mAuMpump,0.00002624131406597909
2026-01-07 20:11:00.000 UTC,8ARxY7YrVBNhSGkSjQjgzbU9uCRyX67vBfM6mAuMpump,0.000026901355243757027
2026-01-07 20:17:00.000 UTC,8ARxY7YrVBNhSGkSjQjgzbU9uCRyX67vBfM6mAuMpump,0.000027094837923601603
2026-01-07 20:18:00.000 UTC,8ARxY7YrVBNhSGkSjQjgzbU9uCRyX67vBfM6mAuMpump,0.000027460168932287445
2026-01-07 21:58:00.000 UTC,8ARxY7YrVBNhSGkSjQjgzbU9uCRyX67vBfM6mAuMpump,0.00002607353018672236
2026-01-07 22:03:00.000 UTC,8ARxY7YrVBNhSGkSjQjgzbU9uCRyX67vBfM6mAuMpump,0.000026136926576134723
2026-01-07 22:04:00.000 UTC,8ARxY7YrVBNhSGkSjQjgzbU9uCRyX67vBfM6mAuMpump,0.000026781738914739718
2026-01-07 22:07:00.000 UTC,8ARxY7YrVBNhSGkSjQjgzbU9uCRyX67vBfM6mAuMpump,0.000027595096257390187
2026-01-07 22:10:00.000 UTC,8ARxY7YrVBNhSGkSjQjgzbU9uCRyX67vBfM6mAuMpump,0.000027885343697797383
2026-01-07 22:27:00.000 UTC,8ARxY7YrVBNhSGkSjQjgzbU9uCRyX67vBfM6mAuMpump,0.000027988806669356916
2026-01-07 22:32:00.000 UTC,8ARxY7YrVBNhSGkSjQjgzbU9uCRyX67vBfM6mAuMpump,0.00002809353834316137
2026-01-07 22:56:00.000 UTC,8ARxY7YrVBNhSGkSjQjgzbU9uCRyX67vBfM6mAuMpump,0.00002437912060837194
2026-01-07 22:59:00.000 UTC,8ARxY7YrVBNhSGkSjQjgzbU9uCRyX67vBfM6mAuMpump,0.000024921535040953617
2026-01-07 23:25:00.000 UTC,8ARxY7YrVBNhSGkSjQjgzbU9uCRyX67vBfM6mAuMpump,0.000025211478164191384
2026-01-07 23:26:00.000 UTC,8ARxY7YrVBNhSGkSjQjgzbU9uCRyX67vBfM6mAuMpump,0.000025219305189672545
2026-01-07 23:30:00.000 UTC,8ARxY7YrVBNhSGkSjQjgzbU9uCRyX67vBfM6mAuMpump,0.00002643489490353852
2026-01-07 23:36:00.000 UTC,8ARxY7YrVBNhSGkSjQjgzbU9uCRyX67vBfM6mAuMpump,0.000027097365522479995
2026-01-07 23:37:00.000 UTC,8ARxY7YrVBNhSGkSjQjgzbU9uCRyX67vBfM6mAuMpump,0.000027236399653286774
2026-01-08 01:55:00.000 UTC,8ARxY7YrVBNhSGkSjQjgzbU9uCRyX67vBfM6mAuMpump,0.000027576236827570506
2026-01-08 02:10:00.000 UTC,8ARxY7YrVBNhSGkSjQjgzbU9uCRyX67vBfM6mAuMpump,0.000028331876692101653
2026-01-08 02:11:00.000 UTC,8ARxY7YrVBNhSGkSjQjgzbU9uCRyX67vBfM6mAuMpump,0.000030026578576924614
2026-01-08 02:14:00.000 UTC,8ARxY7YrVBNhSGkSjQjgzbU9uCRyX67vBfM6mAuMpump,0.000030212091598189328
2026-01-08 02:16:00.000 UTC,8ARxY7YrVBNhSGkSjQjgzbU9uCRyX67vBfM6mAuMpump,0.00003058471405782288
2026-01-08 02:21:00.000 UTC,8ARxY7YrVBNhSGkSjQjgzbU9uCRyX67vBfM6mAuMpump,0.00003675331816181026
2026-01-08 02:32:00.000 UTC,8ARxY7YrVBNhSGkSjQjgzbU9uCRyX67vBfM6mAuMpump,0.000034345247663007246
2026-01-08 02:58:00.000 UTC,8ARxY7YrVBNhSGkSjQjgzbU9uCRyX67vBfM6mAuMpump,0.00003427632159533528
2026-01-08 03:06:00.000 UTC,8ARxY7YrVBNhSGkSjQjgzbU9uCRyX67vBfM6mAuMpump,0.000034456764697046906
2026-01-08 03:07:00.000 UTC,8ARxY7YrVBNhSGkSjQjgzbU9uCRyX67vBfM6mAuMpump,0.00003476596849409512
2026-01-08 03:08:00.000 UTC,8ARxY7YrVBNhSGkSjQjgzbU9uCRyX67vBfM6mAuMpump,0.00003490976346824757
2026-01-08 03:09:00.000 UTC,8ARxY7YrVBNhSGkSjQjgzbU9uCRyX67vBfM6mAuMpump,0.00003365432844627239
2026-01-08 03:42:00.000 UTC,8ARxY7YrVBNhSGkSjQjgzbU9uCRyX67vBfM6mAuMpump,0.000031104302773262387
2026-01-08 04:08:00.000 UTC,8ARxY7YrVBNhSGkSjQjgzbU9uCRyX67vBfM6mAuMpump,0.000030864417173284146
2026-01-08 04:14:00.000 UTC,8ARxY7YrVBNhSGkSjQjgzbU9uCRyX67vBfM6mAuMpump,0.00003122334555609651
2026-01-08 04:54:00.000 UTC,8ARxY7YrVBNhSGkSjQjgzbU9uCRyX67vBfM6mAuMpump,0.000031775076771815196
2026-01-08 04:57:00.000 UTC,8ARxY7YrVBNhSGkSjQjgzbU9uCRyX67vBfM6mAuMpump,0.00003181755608464731
2026-01-08 04:58:00.000 UTC,8ARxY7YrVBNhSGkSjQjgzbU9uCRyX67vBfM6mAuMpump,0.000031880469985323825
2026-01-08 05:27:00.000 UTC,8ARxY7YrVBNhSGkSjQjgzbU9uCRyX67vBfM6mAuMpump,0.00003189898310427365
2026-01-08 05:37:00.000 UTC,8ARxY7YrVBNhSGkSjQjgzbU9uCRyX67vBfM6mAuMpump,0.00003181436320930588
2026-01-08 05:42:00.000 UTC,8ARxY7YrVBNhSGkSjQjgzbU9uCRyX67vBfM6mAuMpump,0.0000318807817869805
2026-01-08 05:47:00.000 UTC,8ARxY7YrVBNhSGkSjQjgzbU9uCRyX67vBfM6mAuMpump,0.000031970235740628265
2026-01-08 06:14:00.000 UTC,8ARxY7YrVBNhSGkSjQjgzbU9uCRyX67vBfM6mAuMpump,0.0000320321415994513
2026-01-08 06:25:00.000 UTC,8ARxY7YrVBNhSGkSjQjgzbU9uCRyX67vBfM6mAuMpump,0.00003231729580783891
2026-01-08 06:35:00.000 UTC,8ARxY7YrVBNhSGkSjQjgzbU9uCRyX67vBfM6mAuMpump,0.00003217509115284555
2026-01-08 06:42:00.000 UTC,8ARxY7YrVBNhSGkSjQjgzbU9uCRyX67vBfM6mAuMpump,0.000032254371264880824
2026-01-08 06:46:00.000 UTC,8ARxY7YrVBNhSGkSjQjgzbU9uCRyX67vBfM6mAuMpump,0.00003239048154115807
2026-01-08 07:00:00.000 UTC,8ARxY7YrVBNhSGkSjQjgzbU9uCRyX67vBfM6mAuMpump,0.000032415568477259224
2026-01-08 09:20:00.000 UTC,8ARxY7YrVBNhSGkSjQjgzbU9uCRyX67vBfM6mAuMpump,0.00003106137875116021
2026-01-08 10:14:00.000 UTC,8ARxY7YrVBNhSGkSjQjgzbU9uCRyX67vBfM6mAuMpump,0.000029566345662814704
2026-01-08 10:19:00.000 UTC,8ARxY7YrVBNhSGkSjQjgzbU9uCRyX67vBfM6mAuMpump,0.000029621946873252443
2026-01-08 10:39:00.000 UTC,8ARxY7YrVBNhSGkSjQjgzbU9uCRyX67vBfM6mAuMpump,0.000024164094838834862
2026-01-08 10:45:00.000 UTC,8ARxY7YrVBNhSGkSjQjgzbU9uCRyX67vBfM6mAuMpump,0.000025605496634115678
2026-01-08 10:46:00.000 UTC,8ARxY7YrVBNhSGkSjQjgzbU9uCRyX67vBfM6mAuMpump,0.00002620660992911668
2026-01-08 10:52:00.000 UTC,8ARxY7YrVBNhSGkSjQjgzbU9uCRyX67vBfM6mAuMpump,0.000026249114994535093
2026-01-08 11:15:00.000 UTC,8ARxY7YrVBNhSGkSjQjgzbU9uCRyX67vBfM6mAuMpump,0.000026483048931081152
2026-01-08 11:42:00.000 UTC,8ARxY7YrVBNhSGkSjQjgzbU9uCRyX67vBfM6mAuMpump,0.000025945435508664545
2026-01-08 11:52:00.000 UTC,8ARxY7YrVBNhSGkSjQjgzbU9uCRyX67vBfM6mAuMpump,0.000026282853651356753
2026-01-08 12:08:00.000 UTC,8ARxY7YrVBNhSGkSjQjgzbU9uCRyX67vBfM6mAuMpump,0.000026913971498829227
2026-01-08 12:39:00.000 UTC,8ARxY7YrVBNhSGkSjQjgzbU9uCRyX67vBfM6mAuMpump,0.000027325332437352565
2026-01-08 13:08:00.000 UTC,8ARxY7YrVBNhSGkSjQjgzbU9uCRyX67vBfM6mAuMpump,0.000026550353518355887
2026-01-08 13:55:00.000 UTC,8ARxY7YrVBNhSGkSjQjgzbU9uCRyX67vBfM6mAuMpump,0.00002665601163449121
2026-01-08 14:06:00.000 UTC,8ARxY7YrVBNhSGkSjQjgzbU9uCRyX67vBfM6mAuMpump,0.000027481605993260072
2026-01-08 14:16:00.000 UTC,8ARxY7YrVBNhSGkSjQjgzbU9uCRyX67vBfM6mAuMpump,0.000028375187460989398
2026-01-08 14:27:00.000 UTC,8ARxY7YrVBNhSGkSjQjgzbU9uCRyX67vBfM6mAuMpump,0.00002804218014428251
2026-01-08 14:30:00.000 UTC,8ARxY7YrVBNhSGkSjQjgzbU9uCRyX67vBfM6mAuMpump,0.000028155461255427554
2026-01-08 14:49:00.000 UTC,8ARxY7YrVBNhSGkSjQjgzbU9uCRyX67vBfM6mAuMpump,0.000028213747612120268
2026-01-08 14:58:00.000 UTC,8ARxY7YrVBNhSGkSjQjgzbU9uCRyX67vBfM6mAuMpump,0.00002863215917645338
2026-01-08 15:09:00.000 UTC,8ARxY7YrVBNhSGkSjQjgzbU9uCRyX67vBfM6mAuMpump,0.000029087715710998135
2026-01-08 15:50:00.000 UTC,8ARxY7YrVBNhSGkSjQjgzbU9uCRyX67vBfM6mAuMpump,0.000028880844793388806
2026-01-08 15:56:00.000 UTC,8ARxY7YrVBNhSGkSjQjgzbU9uCRyX67vBfM6mAuMpump,0.00002905137888312076
2026-01-08 17:36:00.000 UTC,8ARxY7YrVBNhSGkSjQjgzbU9uCRyX67vBfM6mAuMpump,0.00002950739113312978
2026-01-08 19:59:00.000 UTC,8ARxY7YrVBNhSGkSjQjgzbU9uCRyX67vBfM6mAuMpump,0.00002727835052960904
2026-01-08 20:34:00.000 UTC,8ARxY7YrVBNhSGkSjQjgzbU9uCRyX67vBfM6mAuMpump,0.00002702053296928636
2026-01-08 21:28:00.000 UTC,8ARxY7YrVBNhSGkSjQjgzbU9uCRyX67vBfM6mAuMpump,0.000026927031657114713
2026-01-08 21:35:00.000 UTC,8ARxY7YrVBNhSGkSjQjgzbU9uCRyX67vBfM6mAuMpump,0.000027163318466081198
2026-01-08 21:36:00.000 UTC,8ARxY7YrVBNhSGkSjQjgzbU9uCRyX67vBfM6mAuMpump,0.000027915335581668376
2026-01-08 21:39:00.000 UTC,8ARxY7YrVBNhSGkSjQjgzbU9uCRyX67vBfM6mAuMpump,0.000027335056813683683
2026-01-08 21:42:00.000 UTC,8ARxY7YrVBNhSGkSjQjgzbU9uCRyX67vBfM6mAuMpump,0.000027946860466200834
2026-01-08 21:44:00.000 UTC,8ARxY7YrVBNhSGkSjQjgzbU9uCRyX67vBfM6mAuMpump,0.000028988271468584612
2026-01-08 22:08:00.000 UTC,8ARxY7YrVBNhSGkSjQjgzbU9uCRyX67vBfM6mAuMpump,0.000028861047397271224
2026-01-08 23:14:00.000 UTC,8ARxY7YrVBNhSGkSjQjgzbU9uCRyX67vBfM6mAuMpump,0.000029710627954408827
2026-01-08 23:16:00.000 UTC,8ARxY7YrVBNhSGkSjQjgzbU9uCRyX67vBfM6mAuMpump,0.000031078130436374825
2026-01-08 23:18:00.000 UTC,8ARxY7YrVBNhSGkSjQjgzbU9uCRyX67vBfM6mAuMpump,0.00003118597513157709
2026-01-08 23:24:00.000 UTC,8ARxY7YrVBNhSGkSjQjgzbU9uCRyX67vBfM6mAuMpump,0.000031244194576448304
2026-01-08 23:58:00.000 UTC,8ARxY7YrVBNhSGkSjQjgzbU9uCRyX67vBfM6mAuMpump,0.00003126540038132913
2026-01-09 00:29:00.000 UTC,8ARxY7YrVBNhSGkSjQjgzbU9uCRyX67vBfM6mAuMpump,0.00003191326467739921
2026-01-09 00:33:00.000 UTC,8ARxY7YrVBNhSGkSjQjgzbU9uCRyX67vBfM6mAuMpump,0.00003242752443376713
2026-01-09 03:32:00.000 UTC,8ARxY7YrVBNhSGkSjQjgzbU9uCRyX67vBfM6mAuMpump,0.000029382638220319646
2026-01-09 03:47:00.000 UTC,8ARxY7YrVBNhSGkSjQjgzbU9uCRyX67vBfM6mAuMpump,0.000030395227308988523
2026-01-09 04:13:00.000 UTC,8ARxY7YrVBNhSGkSjQjgzbU9uCRyX67vBfM6mAuMpump,0.00003052010994874576
2026-01-09 04:14:00.000 UTC,8ARxY7YrVBNhSGkSjQjgzbU9uCRyX67vBfM6mAuMpump,0.00003054520988449543
2026-01-09 04:58:00.000 UTC,8ARxY7YrVBNhSGkSjQjgzbU9uCRyX67vBfM6mAuMpump,0.000030049871870368467
2026-01-09 07:40:00.000 UTC,8ARxY7YrVBNhSGkSjQjgzbU9uCRyX67vBfM6mAuMpump,0.000028444139442378604
2026-01-09 08:27:00.000 UTC,8ARxY7YrVBNhSGkSjQjgzbU9uCRyX67vBfM6mAuMpump,0.00002918486732427569
2026-01-09 10:05:00.000 UTC,8ARxY7YrVBNhSGkSjQjgzbU9uCRyX67vBfM6mAuMpump,0.00002908543426651931
2026-01-09 10:10:00.000 UTC,8ARxY7YrVBNhSGkSjQjgzbU9uCRyX67vBfM6mAuMpump,0.000029318544423822382
2026-01-09 10:14:00.000 UTC,8ARxY7YrVBNhSGkSjQjgzbU9uCRyX67vBfM6mAuMpump,0.000029341296438427996
2026-01-09 10:18:00.000 UTC,8ARxY7YrVBNhSGkSjQjgzbU9uCRyX67vBfM6mAuMpump,0.000030260627005548588
2026-01-09 10:21:00.000 UTC,8ARxY7YrVBNhSGkSjQjgzbU9uCRyX67vBfM6mAuMpump,0.00003065038208866257
2026-01-09 10:24:00.000 UTC,8ARxY7YrVBNhSGkSjQjgzbU9uCRyX67vBfM6mAuMpump,0.000030918777130527055
2026-01-09 10:26:00.000 UTC,8ARxY7YrVBNhSGkSjQjgzbU9uCRyX67vBfM6mAuMpump,0.00003124556193162203
2026-01-09 10:36:00.000 UTC,8ARxY7YrVBNhSGkSjQjgzbU9uCRyX67vBfM6mAuMpump,0.000031750730262052156
2026-01-09 10:52:00.000 UTC,8ARxY7YrVBNhSGkSjQjgzbU9uCRyX67vBfM6mAuMpump,0.00003216598741938647
2026-01-09 10:56:00.000 UTC,8ARxY7YrVBNhSGkSjQjgzbU9uCRyX67vBfM6mAuMpump,0.00003226472723830695
2026-01-09 11:01:00.000 UTC,8ARxY7YrVBNhSGkSjQjgzbU9uCRyX67vBfM6mAuMpump,0.00003234999629123774
2026-01-09 11:08:00.000 UTC,8ARxY7YrVBNhSGkSjQjgzbU9uCRyX67vBfM6mAuMpump,0.000032426409390454667
2026-01-09 11:36:00.000 UTC,8ARxY7YrVBNhSGkSjQjgzbU9uCRyX67vBfM6mAuMpump,0.00003115194205165299
2026-01-09 11:40:00.000 UTC,8ARxY7YrVBNhSGkSjQjgzbU9uCRyX67vBfM6mAuMpump,0.000030059729136509363
2026-01-09 12:06:00.000 UTC,8ARxY7YrVBNhSGkSjQjgzbU9uCRyX67vBfM6mAuMpump,0.000029058864385086127
2026-01-09 12:14:00.000 UTC,8ARxY7YrVBNhSGkSjQjgzbU9uCRyX67vBfM6mAuMpump,0.000029133636803578104
2026-01-09 12:27:00.000 UTC,8ARxY7YrVBNhSGkSjQjgzbU9uCRyX67vBfM6mAuMpump,0.000029097269012645882
2026-01-09 12:30:00.000 UTC,8ARxY7YrVBNhSGkSjQjgzbU9uCRyX67vBfM6mAuMpump,0.000029259041244426764
2026-01-09 12:34:00.000 UTC,8ARxY7YrVBNhSGkSjQjgzbU9uCRyX67vBfM6mAuMpump,0.00002780246216741291
2026-01-09 12:41:00.000 UTC,8ARxY7YrVBNhSGkSjQjgzbU9uCRyX67vBfM6mAuMpump,0.000027947285345509362
2026-01-09 13:32:00.000 UTC,8ARxY7YrVBNhSGkSjQjgzbU9uCRyX67vBfM6mAuMpump,0.00002882216133544521
2026-01-09 13:36:00.000 UTC,8ARxY7YrVBNhSGkSjQjgzbU9uCRyX67vBfM6mAuMpump,0.000030514248822558
2026-01-09 13:38:00.000 UTC,8ARxY7YrVBNhSGkSjQjgzbU9uCRyX67vBfM6mAuMpump,0.00003153629188508051
2026-01-09 13:44:00.000 UTC,8ARxY7YrVBNhSGkSjQjgzbU9uCRyX67vBfM6mAuMpump,0.00003012511955265096
2026-01-09 13:46:00.000 UTC,8ARxY7YrVBNhSGkSjQjgzbU9uCRyX67vBfM6mAuMpump,0.00003083063201449385
2026-01-09 13:57:00.000 UTC,8ARxY7YrVBNhSGkSjQjgzbU9uCRyX67vBfM6mAuMpump,0.000031102641943842804
2026-01-09 14:01:00.000 UTC,8ARxY7YrVBNhSGkSjQjgzbU9uCRyX67vBfM6mAuMpump,0.000030158724018904914
2026-01-09 14:56:00.000 UTC,8ARxY7YrVBNhSGkSjQjgzbU9uCRyX67vBfM6mAuMpump,0.00002749010097277647
2026-01-09 14:57:00.000 UTC,8ARxY7YrVBNhSGkSjQjgzbU9uCRyX67vBfM6mAuMpump,0.00002826163334854268
2026-01-09 15:07:00.000 UTC,8ARxY7YrVBNhSGkSjQjgzbU9uCRyX67vBfM6mAuMpump,0.00002872655581484424
2026-01-09 15:35:00.000 UTC,8ARxY7YrVBNhSGkSjQjgzbU9uCRyX67vBfM6mAuMpump,0.000029530618525984174
2026-01-09 16:40:00.000 UTC,8ARxY7YrVBNhSGkSjQjgzbU9uCRyX67vBfM6mAuMpump,0.00002913263936410565
2026-01-09 17:42:00.000 UTC,8ARxY7YrVBNhSGkSjQjgzbU9uCRyX67vBfM6mAuMpump,0.00002881340719436405
2026-01-09 17:47:00.000 UTC,8ARxY7YrVBNhSGkSjQjgzbU9uCRyX67vBfM6mAuMpump,0.000029368922053238673
2026-01-09 19:27:00.000 UTC,8ARxY7YrVBNhSGkSjQjgzbU9uCRyX67vBfM6mAuMpump,0.000030065998113519367
2026-01-09 19:30:00.000 UTC,8ARxY7YrVBNhSGkSjQjgzbU9uCRyX67vBfM6mAuMpump,0.0000308958589519976
2026-01-09 22:53:00.000 UTC,8ARxY7YrVBNhSGkSjQjgzbU9uCRyX67vBfM6mAuMpump,0.00002803242386675199
2026-01-09 23:27:00.000 UTC,8ARxY7YrVBNhSGkSjQjgzbU9uCRyX67vBfM6mAuMpump,0.000028171055210862136
2026-01-09 23:51:00.000 UTC,8ARxY7YrVBNhSGkSjQjgzbU9uCRyX67vBfM6mAuMpump,0.00002823826956064982
2026-01-09 23:55:00.000 UTC,8ARxY7YrVBNhSGkSjQjgzbU9uCRyX67vBfM6mAuMpump,0.000028222139415119008
2026-01-10 01:40:00.000 UTC,8ARxY7YrVBNhSGkSjQjgzbU9uCRyX67vBfM6mAuMpump,0.000028338808525932964
2026-01-10 02:56:00.000 UTC,8ARxY7YrVBNhSGkSjQjgzbU9uCRyX67vBfM6mAuMpump,0.00002612937534700057
2026-01-10 03:12:00.000 UTC,8ARxY7YrVBNhSGkSjQjgzbU9uCRyX67vBfM6mAuMpump,0.000027360361614625304
2026-01-10 03:50:00.000 UTC,8ARxY7YrVBNhSGkSjQjgzbU9uCRyX67vBfM6mAuMpump,0.000025258063175048147
2026-01-10 03:51:00.000 UTC,8ARxY7YrVBNhSGkSjQjgzbU9uCRyX67vBfM6mAuMpump,0.000026171709608434063
2026-01-10 04:35:00.000 UTC,8ARxY7YrVBNhSGkSjQjgzbU9uCRyX67vBfM6mAuMpump,0.000025431960747187618
2026-01-10 04:36:00.000 UTC,8ARxY7YrVBNhSGkSjQjgzbU9uCRyX67vBfM6mAuMpump,0.000025955171829556912
2026-01-10 05:34:00.000 UTC,8ARxY7YrVBNhSGkSjQjgzbU9uCRyX67vBfM6mAuMpump,0.0000250268241719841
2026-01-10 05:42:00.000 UTC,8ARxY7YrVBNhSGkSjQjgzbU9uCRyX67vBfM6mAuMpump,0.00002546156375004085
2026-01-10 05:49:00.000 UTC,8ARxY7YrVBNhSGkSjQjgzbU9uCRyX67vBfM6mAuMpump,0.000025849623897109257
2026-01-10 06:41:00.000 UTC,8ARxY7YrVBNhSGkSjQjgzbU9uCRyX67vBfM6mAuMpump,0.00002609683731983706
2026-01-10 07:49:00.000 UTC,8ARxY7YrVBNhSGkSjQjgzbU9uCRyX67vBfM6mAuMpump,0.000025643703479975524
2026-01-10 08:25:00.000 UTC,8ARxY7YrVBNhSGkSjQjgzbU9uCRyX67vBfM6mAuMpump,0.000025778782618816635
2026-01-10 08:38:00.000 UTC,8ARxY7YrVBNhSGkSjQjgzbU9uCRyX67vBfM6mAuMpump,0.000029189807957747325
2026-01-10 08:59:00.000 UTC,8ARxY7YrVBNhSGkSjQjgzbU9uCRyX67vBfM6mAuMpump,0.00003070937469976985
2026-01-10 09:11:00.000 UTC,8ARxY7YrVBNhSGkSjQjgzbU9uCRyX67vBfM6mAuMpump,0.00003078821737064397
2026-01-10 10:56:00.000 UTC,8ARxY7YrVBNhSGkSjQjgzbU9uCRyX67vBfM6mAuMpump,0.00002569713478308036
2026-01-10 11:58:00.000 UTC,8ARxY7YrVBNhSGkSjQjgzbU9uCRyX67vBfM6mAuMpump,0.000026520516675325354
2026-01-10 12:02:00.000 UTC,8ARxY7YrVBNhSGkSjQjgzbU9uCRyX67vBfM6mAuMpump,0.000027058882379101956
2026-01-10 13:00:00.000 UTC,8ARxY7YrVBNhSGkSjQjgzbU9uCRyX67vBfM6mAuMpump,0.000027087527050745234
2026-01-10 14:25:00.000 UTC,8ARxY7YrVBNhSGkSjQjgzbU9uCRyX67vBfM6mAuMpump,0.000025382245187026517
2026-01-10 14:40:00.000 UTC,8ARxY7YrVBNhSGkSjQjgzbU9uCRyX67vBfM6mAuMpump,0.000025380577542706497
2026-01-10 15:22:00.000 UTC,8ARxY7YrVBNhSGkSjQjgzbU9uCRyX67vBfM6mAuMpump,0.000026013649015989175
2026-01-10 15:47:00.000 UTC,8ARxY7YrVBNhSGkSjQjgzbU9uCRyX67vBfM6mAuMpump,0.000026057205060393624
2026-01-10 16:53:00.000 UTC,8ARxY7YrVBNhSGkSjQjgzbU9uCRyX67vBfM6mAuMpump,0.0000261088862035193
2026-01-10 17:18:00.000 UTC,8ARxY7YrVBNhSGkSjQjgzbU9uCRyX67vBfM6mAuMpump,0.000026153819594621953
2026-01-10 19:18:00.000 UTC,8ARxY7YrVBNhSGkSjQjgzbU9uCRyX67vBfM6mAuMpump,0.000025915234271048214
2026-01-10 19:25:00.000 UTC,8ARxY7YrVBNhSGkSjQjgzbU9uCRyX67vBfM6mAuMpump,0.000026588047305543167
2026-01-10 21:45:00.000 UTC,8ARxY7YrVBNhSGkSjQjgzbU9uCRyX67vBfM6mAuMpump,0.000026352170775239356
2026-01-10 22:08:00.000 UTC,8ARxY7YrVBNhSGkSjQjgzbU9uCRyX67vBfM6mAuMpump,0.000026156453832891428
2026-01-11 01:00:00.000 UTC,8ARxY7YrVBNhSGkSjQjgzbU9uCRyX67vBfM6mAuMpump,0.000026155398021048635
2026-01-11 01:10:00.000 UTC,8ARxY7YrVBNhSGkSjQjgzbU9uCRyX67vBfM6mAuMpump,0.000026360354802059523
2026-01-11 03:14:00.000 UTC,8ARxY7YrVBNhSGkSjQjgzbU9uCRyX67vBfM6mAuMpump,0.000025003296399055596
2026-01-11 03:43:00.000 UTC,8ARxY7YrVBNhSGkSjQjgzbU9uCRyX67vBfM6mAuMpump,0.000025363391969988254
2026-01-11 03:44:00.000 UTC,8ARxY7YrVBNhSGkSjQjgzbU9uCRyX67vBfM6mAuMpump,0.000026014168123284238
2026-01-11 04:40:00.000 UTC,8ARxY7YrVBNhSGkSjQjgzbU9uCRyX67vBfM6mAuMpump,0.000025810158386235742
2026-01-11 04:55:00.000 UTC,8ARxY7YrVBNhSGkSjQjgzbU9uCRyX67vBfM6mAuMpump,0.000025942648789574548
2026-01-11 05:18:00.000 UTC,8ARxY7YrVBNhSGkSjQjgzbU9uCRyX67vBfM6mAuMpump,0.000024776573803150724
2026-01-11 05:21:00.000 UTC,8ARxY7YrVBNhSGkSjQjgzbU9uCRyX67vBfM6mAuMpump,0.0000248519716630859
2026-01-11 05:48:00.000 UTC,8ARxY7YrVBNhSGkSjQjgzbU9uCRyX67vBfM6mAuMpump,0.000024818868407406262
2026-01-11 07:00:00.000 UTC,8ARxY7YrVBNhSGkSjQjgzbU9uCRyX67vBfM6mAuMpump,0.000025461979815499405
2026-01-11 07:10:00.000 UTC,8ARxY7YrVBNhSGkSjQjgzbU9uCRyX67vBfM6mAuMpump,0.000026371308569277005
2026-01-11 07:23:00.000 UTC,8ARxY7YrVBNhSGkSjQjgzbU9uCRyX67vBfM6mAuMpump,0.000027000203146822903
2026-01-11 07:59:00.000 UTC,8ARxY7YrVBNhSGkSjQjgzbU9uCRyX67vBfM6mAuMpump,0.000027635514274134575
2026-01-11 09:18:00.000 UTC,8ARxY7YrVBNhSGkSjQjgzbU9uCRyX67vBfM6mAuMpump,0.000023287306231393893
2026-01-11 10:04:00.000 UTC,8ARxY7YrVBNhSGkSjQjgzbU9uCRyX67vBfM6mAuMpump,0.00002334197612639939
2026-01-11 10:08:00.000 UTC,8ARxY7YrVBNhSGkSjQjgzbU9uCRyX67vBfM6mAuMpump,0.00002380274558156845
2026-01-11 10:15:00.000 UTC,8ARxY7YrVBNhSGkSjQjgzbU9uCRyX67vBfM6mAuMpump,0.00002418524959751645
2026-01-11 11:35:00.000 UTC,8ARxY7YrVBNhSGkSjQjgzbU9uCRyX67vBfM6mAuMpump,0.000024475408272009674
2026-01-11 12:45:00.000 UTC,8ARxY7YrVBNhSGkSjQjgzbU9uCRyX67vBfM6mAuMpump,0.000023551389838342467
2026-01-11 12:53:00.000 UTC,8ARxY7YrVBNhSGkSjQjgzbU9uCRyX67vBfM6mAuMpump,0.00002361511127494515
2026-01-11 14:22:00.000 UTC,8ARxY7YrVBNhSGkSjQjgzbU9uCRyX67vBfM6mAuMpump,0.0000167565311736515
2026-01-11 14:29:00.000 UTC,8ARxY7YrVBNhSGkSjQjgzbU9uCRyX67vBfM6mAuMpump,0.00001713547258629116
2026-01-11 14:32:00.000 UTC,8ARxY7YrVBNhSGkSjQjgzbU9uCRyX67vBfM6mAuMpump,0.00001736814575893496
2026-01-11 14:35:00.000 UTC,8ARxY7YrVBNhSGkSjQjgzbU9uCRyX67vBfM6mAuMpump,0.000017326560329419033
2026-01-11 14:40:00.000 UTC,8ARxY7YrVBNhSGkSjQjgzbU9uCRyX67vBfM6mAuMpump,0.000017491013402691187
2026-01-11 14:47:00.000 UTC,8ARxY7YrVBNhSGkSjQjgzbU9uCRyX67vBfM6mAuMpump,0.00001765580060176803
2026-01-11 14:49:00.000 UTC,8ARxY7YrVBNhSGkSjQjgzbU9uCRyX67vBfM6mAuMpump,0.000017677909548212714
2026-01-11 14:54:00.000 UTC,8ARxY7YrVBNhSGkSjQjgzbU9uCRyX67vBfM6mAuMpump,0.000017868248489102635
2026-01-11 16:21:00.000 UTC,8ARxY7YrVBNhSGkSjQjgzbU9uCRyX67vBfM6mAuMpump,0.00001732843448433084
2026-01-11 17:42:00.000 UTC,8ARxY7YrVBNhSGkSjQjgzbU9uCRyX67vBfM6mAuMpump,0.000017354727704061208
2026-01-11 17:46:00.000 UTC,8ARxY7YrVBNhSGkSjQjgzbU9uCRyX67vBfM6mAuMpump,0.000017920096250681265
2026-01-11 18:01:00.000 UTC,8ARxY7YrVBNhSGkSjQjgzbU9uCRyX67vBfM6mAuMpump,0.00001825142215761867
2026-01-11 18:42:00.000 UTC,8ARxY7YrVBNhSGkSjQjgzbU9uCRyX67vBfM6mAuMpump,0.000018242879240348147
2026-01-11 19:06:00.000 UTC,8ARxY7YrVBNhSGkSjQjgzbU9uCRyX67vBfM6mAuMpump,0.00001834945534145409
2026-01-11 19:35:00.000 UTC,8ARxY7YrVBNhSGkSjQjgzbU9uCRyX67vBfM6mAuMpump,0.000018221069040416295
2026-01-11 19:55:00.000 UTC,8ARxY7YrVBNhSGkSjQjgzbU9uCRyX67vBfM6mAuMpump,0.00001834331138345359
2026-01-11 20:58:00.000 UTC,8ARxY7YrVBNhSGkSjQjgzbU9uCRyX67vBfM6mAuMpump,0.00001734129407726979
2026-01-11 21:01:00.000 UTC,8ARxY7YrVBNhSGkSjQjgzbU9uCRyX67vBfM6mAuMpump,0.0000176043782441624
2026-01-11 21:04:00.000 UTC,8ARxY7YrVBNhSGkSjQjgzbU9uCRyX67vBfM6mAuMpump,0.0000192091478798164
2026-01-11 23:41:00.000 UTC,8ARxY7YrVBNhSGkSjQjgzbU9uCRyX67vBfM6mAuMpump,0.00001769435339119786
2026-01-11 23:47:00.000 UTC,8ARxY7YrVBNhSGkSjQjgzbU9uCRyX67vBfM6mAuMpump,0.000017756384899115066
2026-01-12 01:11:00.000 UTC,8ARxY7YrVBNhSGkSjQjgzbU9uCRyX67vBfM6mAuMpump,0.000016592475973706588
2026-01-12 01:22:00.000 UTC,8ARxY7YrVBNhSGkSjQjgzbU9uCRyX67vBfM6mAuMpump,0.000017434741018735044
2026-01-12 02:26:00.000 UTC,8ARxY7YrVBNhSGkSjQjgzbU9uCRyX67vBfM6mAuMpump,0.000017882765843252194
2026-01-12 02:38:00.000 UTC,8ARxY7YrVBNhSGkSjQjgzbU9uCRyX67vBfM6mAuMpump,0.000018614450683528906
2026-01-12 03:26:00.000 UTC,8ARxY7YrVBNhSGkSjQjgzbU9uCRyX67vBfM6mAuMpump,0.000020336037433035624
2026-01-12 06:07:00.000 UTC,8ARxY7YrVBNhSGkSjQjgzbU9uCRyX67vBfM6mAuMpump,0.000017566478084907242
2026-01-12 06:48:00.000 UTC,8ARxY7YrVBNhSGkSjQjgzbU9uCRyX67vBfM6mAuMpump,0.000017836092648794215
2026-01-12 07:40:00.000 UTC,8ARxY7YrVBNhSGkSjQjgzbU9uCRyX67vBfM6mAuMpump,0.000018421338532039185
2026-01-12 08:26:00.000 UTC,8ARxY7YrVBNhSGkSjQjgzbU9uCRyX67vBfM6mAuMpump,0.00001978357704220554
2026-01-12 10:05:00.000 UTC,8ARxY7YrVBNhSGkSjQjgzbU9uCRyX67vBfM6mAuMpump,0.000017715628194310632
2026-01-12 10:09:00.000 UTC,8ARxY7YrVBNhSGkSjQjgzbU9uCRyX67vBfM6mAuMpump,0.000018325596893465706
2026-01-12 11:28:00.000 UTC,8ARxY7YrVBNhSGkSjQjgzbU9uCRyX67vBfM6mAuMpump,0.000018626440980062393
2026-01-12 13:24:00.000 UTC,8ARxY7YrVBNhSGkSjQjgzbU9uCRyX67vBfM6mAuMpump,0.000017860944448219
2026-01-12 14:57:00.000 UTC,8ARxY7YrVBNhSGkSjQjgzbU9uCRyX67vBfM6mAuMpump,0.000017938560578247708
2026-01-12 14:58:00.000 UTC,8ARxY7YrVBNhSGkSjQjgzbU9uCRyX67vBfM6mAuMpump,0.000019071841316905256
2026-01-12 15:01:00.000 UTC,8ARxY7YrVBNhSGkSjQjgzbU9uCRyX67vBfM6mAuMpump,0.00001965747210131012
2026-01-12 21:44:00.000 UTC,8ARxY7YrVBNhSGkSjQjgzbU9uCRyX67vBfM6mAuMpump,0.000016809250336113805
2026-01-13 04:16:00.000 UTC,8ARxY7YrVBNhSGkSjQjgzbU9uCRyX67vBfM6mAuMpump,0.000017848548247733537
2026-01-13 07:10:00.000 UTC,8ARxY7YrVBNhSGkSjQjgzbU9uCRyX67vBfM6mAuMpump,0.000018434187525575146
2026-01-13 08:12:00.000 UTC,8ARxY7YrVBNhSGkSjQjgzbU9uCRyX67vBfM6mAuMpump,0.00001871573262964552
2026-01-13 08:52:00.000 UTC,8ARxY7YrVBNhSGkSjQjgzbU9uCRyX67vBfM6mAuMpump,0.000019391389974144836
2026-01-13 09:07:00.000 UTC,8ARxY7YrVBNhSGkSjQjgzbU9uCRyX67vBfM6mAuMpump,0.00001998032081550046
2026-01-13 10:14:00.000 UTC,8ARxY7YrVBNhSGkSjQjgzbU9uCRyX67vBfM6mAuMpump,0.000020494673350611275
2026-01-13 11:34:00.000 UTC,8ARxY7YrVBNhSGkSjQjgzbU9uCRyX67vBfM6mAuMpump,0.000021179092686636813
2026-01-13 13:33:00.000 UTC,8ARxY7YrVBNhSGkSjQjgzbU9uCRyX67vBfM6mAuMpump,0.00001984705619573377
2026-01-13 13:38:00.000 UTC,8ARxY7YrVBNhSGkSjQjgzbU9uCRyX67vBfM6mAuMpump,0.00001992486637374662
2026-01-13 15:05:00.000 UTC,8ARxY7YrVBNhSGkSjQjgzbU9uCRyX67vBfM6mAuMpump,0.00002016971438286815
2026-01-13 15:49:00.000 UTC,8ARxY7YrVBNhSGkSjQjgzbU9uCRyX67vBfM6mAuMpump,0.00002082376493088265
2026-01-13 18:02:00.000 UTC,8ARxY7YrVBNhSGkSjQjgzbU9uCRyX67vBfM6mAuMpump,0.000020001549588243137
2026-01-13 18:11:00.000 UTC,8ARxY7YrVBNhSGkSjQjgzbU9uCRyX67vBfM6mAuMpump,0.000020107754788240683
2026-01-13 18:52:00.000 UTC,8ARxY7YrVBNhSGkSjQjgzbU9uCRyX67vBfM6mAuMpump,0.000019268074652713193
2026-01-13 20:52:00.000 UTC,8ARxY7YrVBNhSGkSjQjgzbU9uCRyX67vBfM6mAuMpump,0.000029546922774516024
2026-01-13 20:53:00.000 UTC,8ARxY7YrVBNhSGkSjQjgzbU9uCRyX67vBfM6mAuMpump,0.000038273967337280316
2026-01-13 20:54:00.000 UTC,8ARxY7YrVBNhSGkSjQjgzbU9uCRyX67vBfM6mAuMpump,0.00004206995944338079
2026-01-13 20:55:00.000 UTC,8ARxY7YrVBNhSGkSjQjgzbU9uCRyX67vBfM6mAuMpump,0.00005015096132429407
2026-01-13 20:56:00.000 UTC,8ARxY7YrVBNhSGkSjQjgzbU9uCRyX67vBfM6mAuMpump,0.000050919440104732515
2026-01-13 20:59:00.000 UTC,8ARxY7YrVBNhSGkSjQjgzbU9uCRyX67vBfM6mAuMpump,0.000048435979863848744
2026-01-13 21:01:00.000 UTC,8ARxY7YrVBNhSGkSjQjgzbU9uCRyX67vBfM6mAuMpump,0.00004623113219065644
2026-01-13 21:02:00.000 UTC,8ARxY7YrVBNhSGkSjQjgzbU9uCRyX67vBfM6mAuMpump,0.00004641606439073761
2026-01-13 21:05:00.000 UTC,8ARxY7YrVBNhSGkSjQjgzbU9uCRyX67vBfM6mAuMpump,0.0000397295400117832
2026-01-13 21:06:00.000 UTC,8ARxY7YrVBNhSGkSjQjgzbU9uCRyX67vBfM6mAuMpump,0.00003515311410787294
2026-01-13 21:08:00.000 UTC,8ARxY7YrVBNhSGkSjQjgzbU9uCRyX67vBfM6mAuMpump,0.000030051538909647733
2026-01-13 21:09:00.000 UTC,8ARxY7YrVBNhSGkSjQjgzbU9uCRyX67vBfM6mAuMpump,0.000030240233928351355
2026-01-13 21:11:00.000 UTC,8ARxY7YrVBNhSGkSjQjgzbU9uCRyX67vBfM6mAuMpump,0.000030792257983982565
2026-01-13 21:27:00.000 UTC,8ARxY7YrVBNhSGkSjQjgzbU9uCRyX67vBfM6mAuMpump,0.000030034227732826043
2026-01-13 21:34:00.000 UTC,8ARxY7YrVBNhSGkSjQjgzbU9uCRyX67vBfM6mAuMpump,0.00002791445001359122
2026-01-13 22:04:00.000 UTC,8ARxY7YrVBNhSGkSjQjgzbU9uCRyX67vBfM6mAuMpump,0.000028034065616568443
2026-01-13 22:09:00.000 UTC,8ARxY7YrVBNhSGkSjQjgzbU9uCRyX67vBfM6mAuMpump,0.000029293782002389187
2026-01-13 22:10:00.000 UTC,8ARxY7YrVBNhSGkSjQjgzbU9uCRyX67vBfM6mAuMpump,0.00003053659760890134
2026-01-13 22:11:00.000 UTC,8ARxY7YrVBNhSGkSjQjgzbU9uCRyX67vBfM6mAuMpump,0.00003109982099032464
2026-01-13 22:13:00.000 UTC,8ARxY7YrVBNhSGkSjQjgzbU9uCRyX67vBfM6mAuMpump,0.000029229158001621766
2026-01-13 22:15:00.000 UTC,8ARxY7YrVBNhSGkSjQjgzbU9uCRyX67vBfM6mAuMpump,0.00002963649026098447
2026-01-13 22:27:00.000 UTC,8ARxY7YrVBNhSGkSjQjgzbU9uCRyX67vBfM6mAuMpump,0.000029775041293182305
2026-01-13 22:33:00.000 UTC,8ARxY7YrVBNhSGkSjQjgzbU9uCRyX67vBfM6mAuMpump,0.000029169649258924867
2026-01-13 22:38:00.000 UTC,8ARxY7YrVBNhSGkSjQjgzbU9uCRyX67vBfM6mAuMpump,0.00002878421295215623
2026-01-13 22:47:00.000 UTC,8ARxY7YrVBNhSGkSjQjgzbU9uCRyX67vBfM6mAuMpump,0.000027547887935145033
2026-01-13 22:48:00.000 UTC,8ARxY7YrVBNhSGkSjQjgzbU9uCRyX67vBfM6mAuMpump,0.000027617277976368747
2026-01-13 22:49:00.000 UTC,8ARxY7YrVBNhSGkSjQjgzbU9uCRyX67vBfM6mAuMpump,0.000027669385969341136
2026-01-13 22:52:00.000 UTC,8ARxY7YrVBNhSGkSjQjgzbU9uCRyX67vBfM6mAuMpump,0.000029513206348367386
2026-01-13 22:53:00.000 UTC,8ARxY7YrVBNhSGkSjQjgzbU9uCRyX67vBfM6mAuMpump,0.000031483960414993394
2026-01-13 22:56:00.000 UTC,8ARxY7YrVBNhSGkSjQjgzbU9uCRyX67vBfM6mAuMpump,0.000032025506890794034
2026-01-13 23:00:00.000 UTC,8ARxY7YrVBNhSGkSjQjgzbU9uCRyX67vBfM6mAuMpump,0.00003327464669702176
2026-01-13 23:05:00.000 UTC,8ARxY7YrVBNhSGkSjQjgzbU9uCRyX67vBfM6mAuMpump,0.00003473479083094033
2026-01-13 23:09:00.000 UTC,8ARxY7YrVBNhSGkSjQjgzbU9uCRyX67vBfM6mAuMpump,0.00003587018748180908
2026-01-13 23:11:00.000 UTC,8ARxY7YrVBNhSGkSjQjgzbU9uCRyX67vBfM6mAuMpump,0.00003794250146438045
2026-01-13 23:12:00.000 UTC,8ARxY7YrVBNhSGkSjQjgzbU9uCRyX67vBfM6mAuMpump,0.0000372791362998971
2026-01-13 23:21:00.000 UTC,8ARxY7YrVBNhSGkSjQjgzbU9uCRyX67vBfM6mAuMpump,0.00003738320746231804
2026-01-13 23:24:00.000 UTC,8ARxY7YrVBNhSGkSjQjgzbU9uCRyX67vBfM6mAuMpump,0.00003779192287187283
2026-01-13 23:52:00.000 UTC,8ARxY7YrVBNhSGkSjQjgzbU9uCRyX67vBfM6mAuMpump,0.00003457616313199973
2026-01-14 00:34:00.000 UTC,8ARxY7YrVBNhSGkSjQjgzbU9uCRyX67vBfM6mAuMpump,0.000030198186213742337
2026-01-14 01:12:00.000 UTC,8ARxY7YrVBNhSGkSjQjgzbU9uCRyX67vBfM6mAuMpump,0.000029526878224131115
2026-01-14 02:09:00.000 UTC,8ARxY7YrVBNhSGkSjQjgzbU9uCRyX67vBfM6mAuMpump,0.000029229758174202193
2026-01-14 02:11:00.000 UTC,8ARxY7YrVBNhSGkSjQjgzbU9uCRyX67vBfM6mAuMpump,0.000029985909851562278
2026-01-14 02:17:00.000 UTC,8ARxY7YrVBNhSGkSjQjgzbU9uCRyX67vBfM6mAuMpump,0.00003120802832763505
2026-01-14 02:52:00.000 UTC,8ARxY7YrVBNhSGkSjQjgzbU9uCRyX67vBfM6mAuMpump,0.00003145800125802783
2026-01-14 02:58:00.000 UTC,8ARxY7YrVBNhSGkSjQjgzbU9uCRyX67vBfM6mAuMpump,0.00003146183962717428
2026-01-14 03:02:00.000 UTC,8ARxY7YrVBNhSGkSjQjgzbU9uCRyX67vBfM6mAuMpump,0.00003211396897660973
2026-01-14 03:06:00.000 UTC,8ARxY7YrVBNhSGkSjQjgzbU9uCRyX67vBfM6mAuMpump,0.000032864594142100084
2026-01-14 04:48:00.000 UTC,8ARxY7YrVBNhSGkSjQjgzbU9uCRyX67vBfM6mAuMpump,0.00003171017031647662
2026-01-14 04:57:00.000 UTC,8ARxY7YrVBNhSGkSjQjgzbU9uCRyX67vBfM6mAuMpump,0.000031928045253834415
2026-01-14 05:03:00.000 UTC,8ARxY7YrVBNhSGkSjQjgzbU9uCRyX67vBfM6mAuMpump,0.00003247772109012233
2026-01-14 06:57:00.000 UTC,8ARxY7YrVBNhSGkSjQjgzbU9uCRyX67vBfM6mAuMpump,0.00003198404072695304
2026-01-14 07:06:00.000 UTC,8ARxY7YrVBNhSGkSjQjgzbU9uCRyX67vBfM6mAuMpump,0.00003215433951537648
2026-01-14 07:26:00.000 UTC,8ARxY7YrVBNhSGkSjQjgzbU9uCRyX67vBfM6mAuMpump,0.00003241186454556614
2026-01-14 07:39:00.000 UTC,8ARxY7YrVBNhSGkSjQjgzbU9uCRyX67vBfM6mAuMpump,0.00003513314302132415
2026-01-14 07:41:00.000 UTC,8ARxY7YrVBNhSGkSjQjgzbU9uCRyX67vBfM6mAuMpump,0.0000371246087636721
2026-01-14 07:42:00.000 UTC,8ARxY7YrVBNhSGkSjQjgzbU9uCRyX67vBfM6mAuMpump,0.000037225528450928324
2026-01-14 07:43:00.000 UTC,8ARxY7YrVBNhSGkSjQjgzbU9uCRyX67vBfM6mAuMpump,0.00003730579420616177
2026-01-14 08:08:00.000 UTC,8ARxY7YrVBNhSGkSjQjgzbU9uCRyX67vBfM6mAuMpump,0.00003698919994544826
2026-01-14 09:16:00.000 UTC,8ARxY7YrVBNhSGkSjQjgzbU9uCRyX67vBfM6mAuMpump,0.000031660235331385914
2026-01-14 13:58:00.000 UTC,8ARxY7YrVBNhSGkSjQjgzbU9uCRyX67vBfM6mAuMpump,0.000027180440310144967
2026-01-14 16:16:00.000 UTC,8ARxY7YrVBNhSGkSjQjgzbU9uCRyX67vBfM6mAuMpump,0.00002771988699479892
2026-01-14 16:58:00.000 UTC,8ARxY7YrVBNhSGkSjQjgzbU9uCRyX67vBfM6mAuMpump,0.000026502609297400512
2026-01-14 17:38:00.000 UTC,8ARxY7YrVBNhSGkSjQjgzbU9uCRyX67vBfM6mAuMpump,0.000026697331496269374
2026-01-14 18:45:00.000 UTC,8ARxY7YrVBNhSGkSjQjgzbU9uCRyX67vBfM6mAuMpump,0.00002660199003818839
2026-01-14 18:46:00.000 UTC,8ARxY7YrVBNhSGkSjQjgzbU9uCRyX67vBfM6mAuMpump,0.000027323604661165975
2026-01-14 20:12:00.000 UTC,8ARxY7YrVBNhSGkSjQjgzbU9uCRyX67vBfM6mAuMpump,0.00002596421146460928
2026-01-14 22:38:00.000 UTC,8ARxY7YrVBNhSGkSjQjgzbU9uCRyX67vBfM6mAuMpump,0.00002599715910571816
2026-01-14 23:04:00.000 UTC,8ARxY7YrVBNhSGkSjQjgzbU9uCRyX67vBfM6mAuMpump,0.000026058405858660383
2026-01-14 23:49:00.000 UTC,8ARxY7YrVBNhSGkSjQjgzbU9uCRyX67vBfM6mAuMpump,0.000026310156426112213
2026-01-15 00:59:00.000 UTC,8ARxY7YrVBNhSGkSjQjgzbU9uCRyX67vBfM6mAuMpump,0.00002642855843565989
2026-01-15 01:02:00.000 UTC,8ARxY7YrVBNhSGkSjQjgzbU9uCRyX67vBfM6mAuMpump,0.000026669977998044618
2026-01-15 01:10:00.000 UTC,8ARxY7YrVBNhSGkSjQjgzbU9uCRyX67vBfM6mAuMpump,0.000026869826073822685
2026-01-15 03:51:00.000 UTC,8ARxY7YrVBNhSGkSjQjgzbU9uCRyX67vBfM6mAuMpump,0.00002160135540308571
2026-01-15 05:20:00.000 UTC,8ARxY7YrVBNhSGkSjQjgzbU9uCRyX67vBfM6mAuMpump,0.000022289078371851377
2026-01-15 06:52:00.000 UTC,8ARxY7YrVBNhSGkSjQjgzbU9uCRyX67vBfM6mAuMpump,0.000022875547816527134
2026-01-15 07:54:00.000 UTC,8ARxY7YrVBNhSGkSjQjgzbU9uCRyX67vBfM6mAuMpump,0.000024607260617179825
2026-01-15 07:58:00.000 UTC,8ARxY7YrVBNhSGkSjQjgzbU9uCRyX67vBfM6mAuMpump,0.00002605967421379206
2026-01-15 08:15:00.000 UTC,8ARxY7YrVBNhSGkSjQjgzbU9uCRyX67vBfM6mAuMpump,0.00002651003400270871
2026-01-15 08:19:00.000 UTC,8ARxY7YrVBNhSGkSjQjgzbU9uCRyX67vBfM6mAuMpump,0.000026587836871476856
2026-01-15 08:24:00.000 UTC,8ARxY7YrVBNhSGkSjQjgzbU9uCRyX67vBfM6mAuMpump,0.000026649580706081384
2026-01-15 09:17:00.000 UTC,8ARxY7YrVBNhSGkSjQjgzbU9uCRyX67vBfM6mAuMpump,0.000026722208611797917
2026-01-15 09:35:00.000 UTC,8ARxY7YrVBNhSGkSjQjgzbU9uCRyX67vBfM6mAuMpump,0.00002698006256167085
2026-01-15 11:45:00.000 UTC,8ARxY7YrVBNhSGkSjQjgzbU9uCRyX67vBfM6mAuMpump,0.000028169544862011897
2026-01-15 11:46:00.000 UTC,8ARxY7YrVBNhSGkSjQjgzbU9uCRyX67vBfM6mAuMpump,0.000029871268753674323
2026-01-15 11:56:00.000 UTC,8ARxY7YrVBNhSGkSjQjgzbU9uCRyX67vBfM6mAuMpump,0.000030150997024716667
2026-01-15 13:58:00.000 UTC,8ARxY7YrVBNhSGkSjQjgzbU9uCRyX67vBfM6mAuMpump,0.000029892244898864823
2026-01-15 14:08:00.000 UTC,8ARxY7YrVBNhSGkSjQjgzbU9uCRyX67vBfM6mAuMpump,0.000030392000708836286
2026-01-15 15:16:00.000 UTC,8ARxY7YrVBNhSGkSjQjgzbU9uCRyX67vBfM6mAuMpump,0.00002912223690850743
2026-01-15 15:20:00.000 UTC,8ARxY7YrVBNhSGkSjQjgzbU9uCRyX67vBfM6mAuMpump,0.000029718964236306176
2026-01-15 18:35:00.000 UTC,8ARxY7YrVBNhSGkSjQjgzbU9uCRyX67vBfM6mAuMpump,0.000029709962392786546
2026-01-15 19:25:00.000 UTC,8ARxY7YrVBNhSGkSjQjgzbU9uCRyX67vBfM6mAuMpump,0.00003026412046256884
2026-01-15 19:26:00.000 UTC,8ARxY7YrVBNhSGkSjQjgzbU9uCRyX67vBfM6mAuMpump,0.00003083539107094253
2026-01-15 21:26:00.000 UTC,8ARxY7YrVBNhSGkSjQjgzbU9uCRyX67vBfM6mAuMpump,0.00003309766596311142
2026-01-15 21:43:00.000 UTC,8ARxY7YrVBNhSGkSjQjgzbU9uCRyX67vBfM6mAuMpump,0.00003349991050484689
2026-01-15 22:54:00.000 UTC,8ARxY7YrVBNhSGkSjQjgzbU9uCRyX67vBfM6mAuMpump,0.0000336811483373753
2026-01-16 00:15:00.000 UTC,8ARxY7YrVBNhSGkSjQjgzbU9uCRyX67vBfM6mAuMpump,0.00003336652201066352
2026-01-16 00:56:00.000 UTC,8ARxY7YrVBNhSGkSjQjgzbU9uCRyX67vBfM6mAuMpump,0.000033443147452472065
2026-01-16 02:18:00.000 UTC,8ARxY7YrVBNhSGkSjQjgzbU9uCRyX67vBfM6mAuMpump,0.000033347545814203226
2026-01-16 02:37:00.000 UTC,8ARxY7YrVBNhSGkSjQjgzbU9uCRyX67vBfM6mAuMpump,0.000037589980858171406
2026-01-16 02:38:00.000 UTC,8ARxY7YrVBNhSGkSjQjgzbU9uCRyX67vBfM6mAuMpump,0.00003984537410921784
2026-01-16 02:41:00.000 UTC,8ARxY7YrVBNhSGkSjQjgzbU9uCRyX67vBfM6mAuMpump,0.000041872876887935265
2026-01-16 02:42:00.000 UTC,8ARxY7YrVBNhSGkSjQjgzbU9uCRyX67vBfM6mAuMpump,0.00004400568236708176
2026-01-16 02:44:00.000 UTC,8ARxY7YrVBNhSGkSjQjgzbU9uCRyX67vBfM6mAuMpump,0.000044876552934334646
2026-01-16 02:45:00.000 UTC,8ARxY7YrVBNhSGkSjQjgzbU9uCRyX67vBfM6mAuMpump,0.00004271465464119362
2026-01-16 02:56:00.000 UTC,8ARxY7YrVBNhSGkSjQjgzbU9uCRyX67vBfM6mAuMpump,0.000041266914414251717
2026-01-16 03:04:00.000 UTC,8ARxY7YrVBNhSGkSjQjgzbU9uCRyX67vBfM6mAuMpump,0.000041522881290789036
2026-01-16 03:05:00.000 UTC,8ARxY7YrVBNhSGkSjQjgzbU9uCRyX67vBfM6mAuMpump,0.000037819122127872904
2026-01-16 03:16:00.000 UTC,8ARxY7YrVBNhSGkSjQjgzbU9uCRyX67vBfM6mAuMpump,0.000036535990695567915
2026-01-16 03:48:00.000 UTC,8ARxY7YrVBNhSGkSjQjgzbU9uCRyX67vBfM6mAuMpump,0.00003690433564663621
2026-01-16 04:16:00.000 UTC,8ARxY7YrVBNhSGkSjQjgzbU9uCRyX67vBfM6mAuMpump,0.000036661686607224764
2026-01-16 05:43:00.000 UTC,8ARxY7YrVBNhSGkSjQjgzbU9uCRyX67vBfM6mAuMpump,0.000028525302484015417
2026-01-16 05:44:00.000 UTC,8ARxY7YrVBNhSGkSjQjgzbU9uCRyX67vBfM6mAuMpump,0.000031067030342357505
2026-01-16 05:50:00.000 UTC,8ARxY7YrVBNhSGkSjQjgzbU9uCRyX67vBfM6mAuMpump,0.000032388877828061674
2026-01-16 06:31:00.000 UTC,8ARxY7YrVBNhSGkSjQjgzbU9uCRyX67vBfM6mAuMpump,0.00002943172546006696
2026-01-16 06:32:00.000 UTC,8ARxY7YrVBNhSGkSjQjgzbU9uCRyX67vBfM6mAuMpump,0.000029614458878448052
2026-01-16 06:39:00.000 UTC,8ARxY7YrVBNhSGkSjQjgzbU9uCRyX67vBfM6mAuMpump,0.000029974944899299607
2026-01-16 08:21:00.000 UTC,8ARxY7YrVBNhSGkSjQjgzbU9uCRyX67vBfM6mAuMpump,0.00002988471764426637
2026-01-16 08:25:00.000 UTC,8ARxY7YrVBNhSGkSjQjgzbU9uCRyX67vBfM6mAuMpump,0.000030385447954136984
2026-01-16 11:31:00.000 UTC,8ARxY7YrVBNhSGkSjQjgzbU9uCRyX67vBfM6mAuMpump,0.00003038978996283007
2026-01-16 11:47:00.000 UTC,8ARxY7YrVBNhSGkSjQjgzbU9uCRyX67vBfM6mAuMpump,0.00003072587724754853
2026-01-16 12:53:00.000 UTC,8ARxY7YrVBNhSGkSjQjgzbU9uCRyX67vBfM6mAuMpump,0.000031702879384674884
2026-01-16 12:57:00.000 UTC,8ARxY7YrVBNhSGkSjQjgzbU9uCRyX67vBfM6mAuMpump,0.00003310011060695479
2026-01-16 13:16:00.000 UTC,8ARxY7YrVBNhSGkSjQjgzbU9uCRyX67vBfM6mAuMpump,0.00003460800224790088
2026-01-16 13:23:00.000 UTC,8ARxY7YrVBNhSGkSjQjgzbU9uCRyX67vBfM6mAuMpump,0.00003534288877814085
2026-01-16 14:14:00.000 UTC,8ARxY7YrVBNhSGkSjQjgzbU9uCRyX67vBfM6mAuMpump,0.000036258147804024226
2026-01-16 14:33:00.000 UTC,8ARxY7YrVBNhSGkSjQjgzbU9uCRyX67vBfM6mAuMpump,0.00003518134521622525
2026-01-16 15:49:00.000 UTC,8ARxY7YrVBNhSGkSjQjgzbU9uCRyX67vBfM6mAuMpump,0.000035809493684493224
2026-01-16 16:14:00.000 UTC,8ARxY7YrVBNhSGkSjQjgzbU9uCRyX67vBfM6mAuMpump,0.00003625571762026727
2026-01-16 16:23:00.000 UTC,8ARxY7YrVBNhSGkSjQjgzbU9uCRyX67vBfM6mAuMpump,0.00003083243194156221
2026-01-16 17:43:00.000 UTC,8ARxY7YrVBNhSGkSjQjgzbU9uCRyX67vBfM6mAuMpump,0.000030515726536648445
2026-01-16 18:32:00.000 UTC,8ARxY7YrVBNhSGkSjQjgzbU9uCRyX67vBfM6mAuMpump,0.000031816732029834436
2026-01-16 18:40:00.000 UTC,8ARxY7YrVBNhSGkSjQjgzbU9uCRyX67vBfM6mAuMpump,0.00003172014496666293
2026-01-16 18:55:00.000 UTC,8ARxY7YrVBNhSGkSjQjgzbU9uCRyX67vBfM6mAuMpump,0.000032208898610785094
2026-01-16 19:01:00.000 UTC,8ARxY7YrVBNhSGkSjQjgzbU9uCRyX67vBfM6mAuMpump,0.00003243965190029347
2026-01-16 19:18:00.000 UTC,8ARxY7YrVBNhSGkSjQjgzbU9uCRyX67vBfM6mAuMpump,0.000033005904449775565
2026-01-16 19:36:00.000 UTC,8ARxY7YrVBNhSGkSjQjgzbU9uCRyX67vBfM6mAuMpump,0.000033713834149235525
2026-01-16 19:37:00.000 UTC,8ARxY7YrVBNhSGkSjQjgzbU9uCRyX67vBfM6mAuMpump,0.000033790615837881965
2026-01-16 21:18:00.000 UTC,8ARxY7YrVBNhSGkSjQjgzbU9uCRyX67vBfM6mAuMpump,0.0000340596579353655
2026-01-16 23:55:00.000 UTC,8ARxY7YrVBNhSGkSjQjgzbU9uCRyX67vBfM6mAuMpump,0.00003410841196125102
2026-01-17 00:05:00.000 UTC,8ARxY7YrVBNhSGkSjQjgzbU9uCRyX67vBfM6mAuMpump,0.00003170082478826205
2026-01-17 01:02:00.000 UTC,8ARxY7YrVBNhSGkSjQjgzbU9uCRyX67vBfM6mAuMpump,0.000032137463631024544
2026-01-17 04:05:00.000 UTC,8ARxY7YrVBNhSGkSjQjgzbU9uCRyX67vBfM6mAuMpump,0.00003119876590562953
2026-01-17 04:10:00.000 UTC,8ARxY7YrVBNhSGkSjQjgzbU9uCRyX67vBfM6mAuMpump,0.00003146619595289973
2026-01-17 04:14:00.000 UTC,8ARxY7YrVBNhSGkSjQjgzbU9uCRyX67vBfM6mAuMpump,0.000031797617433991014
2026-01-17 04:39:00.000 UTC,8ARxY7YrVBNhSGkSjQjgzbU9uCRyX67vBfM6mAuMpump,0.000032076028398597475
2026-01-17 04:40:00.000 UTC,8ARxY7YrVBNhSGkSjQjgzbU9uCRyX67vBfM6mAuMpump,0.00003642032939308756
2026-01-17 05:05:00.000 UTC,8ARxY7YrVBNhSGkSjQjgzbU9uCRyX67vBfM6mAuMpump,0.00003230227158364265
2026-01-17 05:35:00.000 UTC,8ARxY7YrVBNhSGkSjQjgzbU9uCRyX67vBfM6mAuMpump,0.00003409089242092917
2026-01-17 05:36:00.000 UTC,8ARxY7YrVBNhSGkSjQjgzbU9uCRyX67vBfM6mAuMpump,0.00003608971735980548
2026-01-17 05:45:00.000 UTC,8ARxY7YrVBNhSGkSjQjgzbU9uCRyX67vBfM6mAuMpump,0.000036589027153072154
2026-01-17 09:10:00.000 UTC,8ARxY7YrVBNhSGkSjQjgzbU9uCRyX67vBfM6mAuMpump,0.00003497272480807151
2026-01-17 09:53:00.000 UTC,8ARxY7YrVBNhSGkSjQjgzbU9uCRyX67vBfM6mAuMpump,0.00003542769502664216
2026-01-17 09:58:00.000 UTC,8ARxY7YrVBNhSGkSjQjgzbU9uCRyX67vBfM6mAuMpump,0.00003561368299773485
2026-01-17 09:59:00.000 UTC,8ARxY7YrVBNhSGkSjQjgzbU9uCRyX67vBfM6mAuMpump,0.000036801277546036625
2026-01-17 12:41:00.000 UTC,8ARxY7YrVBNhSGkSjQjgzbU9uCRyX67vBfM6mAuMpump,0.00003562294596261187
2026-01-17 17:52:00.000 UTC,8ARxY7YrVBNhSGkSjQjgzbU9uCRyX67vBfM6mAuMpump,0.000032002596395017826
2026-01-17 19:30:00.000 UTC,8ARxY7YrVBNhSGkSjQjgzbU9uCRyX67vBfM6mAuMpump,0.000031857204956840674
2026-01-18 01:16:00.000 UTC,8ARxY7YrVBNhSGkSjQjgzbU9uCRyX67vBfM6mAuMpump,0.0000313389268409331
2026-01-18 05:41:00.000 UTC,8ARxY7YrVBNhSGkSjQjgzbU9uCRyX67vBfM6mAuMpump,0.000027155552950364614
2026-01-18 07:39:00.000 UTC,8ARxY7YrVBNhSGkSjQjgzbU9uCRyX67vBfM6mAuMpump,0.000027923760550989968
2026-01-18 07:59:00.000 UTC,8ARxY7YrVBNhSGkSjQjgzbU9uCRyX67vBfM6mAuMpump,0.00002843308705654058
2026-01-18 08:42:00.000 UTC,8ARxY7YrVBNhSGkSjQjgzbU9uCRyX67vBfM6mAuMpump,0.000029328699717015375
2026-01-18 09:36:00.000 UTC,8ARxY7YrVBNhSGkSjQjgzbU9uCRyX67vBfM6mAuMpump,0.00003051670638877479
2026-01-18 09:37:00.000 UTC,8ARxY7YrVBNhSGkSjQjgzbU9uCRyX67vBfM6mAuMpump,0.00003262858090871482
2026-01-18 09:45:00.000 UTC,8ARxY7YrVBNhSGkSjQjgzbU9uCRyX67vBfM6mAuMpump,0.000030451417939567066
2026-01-18 09:46:00.000 UTC,8ARxY7YrVBNhSGkSjQjgzbU9uCRyX67vBfM6mAuMpump,0.00003052361766215125
2026-01-18 10:05:00.000 UTC,8ARxY7YrVBNhSGkSjQjgzbU9uCRyX67vBfM6mAuMpump,0.00003056565808111334
2026-01-18 10:06:00.000 UTC,8ARxY7YrVBNhSGkSjQjgzbU9uCRyX67vBfM6mAuMpump,0.000030601968760574006
2026-01-18 10:40:00.000 UTC,8ARxY7YrVBNhSGkSjQjgzbU9uCRyX67vBfM6mAuMpump,0.00003078328220218551
2026-01-18 11:19:00.000 UTC,8ARxY7YrVBNhSGkSjQjgzbU9uCRyX67vBfM6mAuMpump,0.00003068075349014896
2026-01-18 13:01:00.000 UTC,8ARxY7YrVBNhSGkSjQjgzbU9uCRyX67vBfM6mAuMpump,0.000027176877548992815
2026-01-18 15:56:00.000 UTC,8ARxY7YrVBNhSGkSjQjgzbU9uCRyX67vBfM6mAuMpump,0.000028137575157332136
2026-01-18 16:11:00.000 UTC,8ARxY7YrVBNhSGkSjQjgzbU9uCRyX67vBfM6mAuMpump,0.000029238903041909808
2026-01-18 16:33:00.000 UTC,8ARxY7YrVBNhSGkSjQjgzbU9uCRyX67vBfM6mAuMpump,0.000029350279981024268
2026-01-18 16:53:00.000 UTC,8ARxY7YrVBNhSGkSjQjgzbU9uCRyX67vBfM6mAuMpump,0.000029495241412683248
2026-01-18 19:00:00.000 UTC,8ARxY7YrVBNhSGkSjQjgzbU9uCRyX67vBfM6mAuMpump,0.000029769932526274938
2026-01-18 19:16:00.000 UTC,8ARxY7YrVBNhSGkSjQjgzbU9uCRyX67vBfM6mAuMpump,0.000029967968502170602
2026-01-18 19:18:00.000 UTC,8ARxY7YrVBNhSGkSjQjgzbU9uCRyX67vBfM6mAuMpump,0.000030026101948818362
2026-01-18 22:45:00.000 UTC,8ARxY7YrVBNhSGkSjQjgzbU9uCRyX67vBfM6mAuMpump,0.00002978708890650685
2026-01-18 23:39:00.000 UTC,8ARxY7YrVBNhSGkSjQjgzbU9uCRyX67vBfM6mAuMpump,0.000029667252137662693
2026-01-19 00:04:00.000 UTC,8ARxY7YrVBNhSGkSjQjgzbU9uCRyX67vBfM6mAuMpump,0.000029760565072406614
2026-01-19 01:46:00.000 UTC,8ARxY7YrVBNhSGkSjQjgzbU9uCRyX67vBfM6mAuMpump,0.000023208546648324722
2026-01-19 01:47:00.000 UTC,8ARxY7YrVBNhSGkSjQjgzbU9uCRyX67vBfM6mAuMpump,0.00002409056403987322
2026-01-19 01:49:00.000 UTC,8ARxY7YrVBNhSGkSjQjgzbU9uCRyX67vBfM6mAuMpump,0.000024262072543870825
2026-01-19 02:28:00.000 UTC,8ARxY7YrVBNhSGkSjQjgzbU9uCRyX67vBfM6mAuMpump,0.000023881389229569115
2026-01-19 03:04:00.000 UTC,8ARxY7YrVBNhSGkSjQjgzbU9uCRyX67vBfM6mAuMpump,0.000022477317547670933
2026-01-19 03:17:00.000 UTC,8ARxY7YrVBNhSGkSjQjgzbU9uCRyX67vBfM6mAuMpump,0.000019654152705607052
2026-01-19 03:25:00.000 UTC,8ARxY7YrVBNhSGkSjQjgzbU9uCRyX67vBfM6mAuMpump,0.00002013999360521661
2026-01-19 03:57:00.000 UTC,8ARxY7YrVBNhSGkSjQjgzbU9uCRyX67vBfM6mAuMpump,0.000020678286580035402
2026-01-19 04:16:00.000 UTC,8ARxY7YrVBNhSGkSjQjgzbU9uCRyX67vBfM6mAuMpump,0.000021788417270052897
2026-01-19 04:31:00.000 UTC,8ARxY7YrVBNhSGkSjQjgzbU9uCRyX67vBfM6mAuMpump,0.000023977476151904015
2026-01-19 04:46:00.000 UTC,8ARxY7YrVBNhSGkSjQjgzbU9uCRyX67vBfM6mAuMpump,0.000025220059174970915
2026-01-19 05:31:00.000 UTC,8ARxY7YrVBNhSGkSjQjgzbU9uCRyX67vBfM6mAuMpump,0.00002521312591197507
2026-01-19 10:17:00.000 UTC,8ARxY7YrVBNhSGkSjQjgzbU9uCRyX67vBfM6mAuMpump,0.00002556998012697044
2026-01-19 11:03:00.000 UTC,8ARxY7YrVBNhSGkSjQjgzbU9uCRyX67vBfM6mAuMpump,0.00002615719000714265
2026-01-19 12:48:00.000 UTC,8ARxY7YrVBNhSGkSjQjgzbU9uCRyX67vBfM6mAuMpump,0.000025598122336737828
2026-01-19 12:50:00.000 UTC,8ARxY7YrVBNhSGkSjQjgzbU9uCRyX67vBfM6mAuMpump,0.00002595399736649178
2026-01-19 17:45:00.000 UTC,8ARxY7YrVBNhSGkSjQjgzbU9uCRyX67vBfM6mAuMpump,0.000022570866757097958
2026-01-19 17:53:00.000 UTC,8ARxY7YrVBNhSGkSjQjgzbU9uCRyX67vBfM6mAuMpump,0.000022915953530885144
2026-01-20 00:38:00.000 UTC,8ARxY7YrVBNhSGkSjQjgzbU9uCRyX67vBfM6mAuMpump,0.00002269074616916666
2026-01-20 00:47:00.000 UTC,8ARxY7YrVBNhSGkSjQjgzbU9uCRyX67vBfM6mAuMpump,0.00002294286562426206
2026-01-20 01:12:00.000 UTC,8ARxY7YrVBNhSGkSjQjgzbU9uCRyX67vBfM6mAuMpump,0.000023063707336877878
2026-01-20 08:14:00.000 UTC,8ARxY7YrVBNhSGkSjQjgzbU9uCRyX67vBfM6mAuMpump,0.00002076680218253058
2026-01-20 12:33:00.000 UTC,8ARxY7YrVBNhSGkSjQjgzbU9uCRyX67vBfM6mAuMpump,0.00002080576553686976
2026-01-20 13:59:00.000 UTC,8ARxY7YrVBNhSGkSjQjgzbU9uCRyX67vBfM6mAuMpump,0.000021262681866758376
2026-01-20 15:12:00.000 UTC,8ARxY7YrVBNhSGkSjQjgzbU9uCRyX67vBfM6mAuMpump,0.000017801594534758126
2026-01-20 15:20:00.000 UTC,8ARxY7YrVBNhSGkSjQjgzbU9uCRyX67vBfM6mAuMpump,0.00001810151063222496
2026-01-20 15:54:00.000 UTC,8ARxY7YrVBNhSGkSjQjgzbU9uCRyX67vBfM6mAuMpump,0.000019921733920194167
2026-01-20 15:55:00.000 UTC,8ARxY7YrVBNhSGkSjQjgzbU9uCRyX67vBfM6mAuMpump,0.00002082428886599045
2026-01-20 17:38:00.000 UTC,8ARxY7YrVBNhSGkSjQjgzbU9uCRyX67vBfM6mAuMpump,0.000020552083912389236
2026-01-20 18:21:00.000 UTC,8ARxY7YrVBNhSGkSjQjgzbU9uCRyX67vBfM6mAuMpump,0.00002204150011571328
2026-01-20 18:25:00.000 UTC,8ARxY7YrVBNhSGkSjQjgzbU9uCRyX67vBfM6mAuMpump,0.00002273263011769661
2026-01-20 18:46:00.000 UTC,8ARxY7YrVBNhSGkSjQjgzbU9uCRyX67vBfM6mAuMpump,0.000024071866142160395
2026-01-20 18:47:00.000 UTC,8ARxY7YrVBNhSGkSjQjgzbU9uCRyX67vBfM6mAuMpump,0.000024526029345128604
2026-01-20 18:55:00.000 UTC,8ARxY7YrVBNhSGkSjQjgzbU9uCRyX67vBfM6mAuMpump,0.00002467278584224275
2026-01-20 19:33:00.000 UTC,8ARxY7YrVBNhSGkSjQjgzbU9uCRyX67vBfM6mAuMpump,0.000024512496350404396
2026-01-20 20:27:00.000 UTC,8ARxY7YrVBNhSGkSjQjgzbU9uCRyX67vBfM6mAuMpump,0.00002476831734044125
2026-01-20 20:34:00.000 UTC,8ARxY7YrVBNhSGkSjQjgzbU9uCRyX67vBfM6mAuMpump,0.000025154144983643435
2026-01-21 00:00:00.000 UTC,8ARxY7YrVBNhSGkSjQjgzbU9uCRyX67vBfM6mAuMpump,0.000023202195778727935
2026-01-21 03:49:00.000 UTC,8ARxY7YrVBNhSGkSjQjgzbU9uCRyX67vBfM6mAuMpump,0.000020968062457486197
2026-01-21 07:27:00.000 UTC,8ARxY7YrVBNhSGkSjQjgzbU9uCRyX67vBfM6mAuMpump,0.000021154014913413902
2026-01-21 08:13:00.000 UTC,8ARxY7YrVBNhSGkSjQjgzbU9uCRyX67vBfM6mAuMpump,0.000021318511778766353
2026-01-21 12:53:00.000 UTC,8ARxY7YrVBNhSGkSjQjgzbU9uCRyX67vBfM6mAuMpump,0.000021164944464786865
2026-01-21 13:00:00.000 UTC,8ARxY7YrVBNhSGkSjQjgzbU9uCRyX67vBfM6mAuMpump,0.00002122481719589355
2026-01-21 13:44:00.000 UTC,8ARxY7YrVBNhSGkSjQjgzbU9uCRyX67vBfM6mAuMpump,0.000017627802037601334
2026-01-21 14:10:00.000 UTC,8ARxY7YrVBNhSGkSjQjgzbU9uCRyX67vBfM6mAuMpump,0.00001780453224848618
2026-01-21 14:15:00.000 UTC,8ARxY7YrVBNhSGkSjQjgzbU9uCRyX67vBfM6mAuMpump,0.0000180004623892386
2026-01-21 15:09:00.000 UTC,8ARxY7YrVBNhSGkSjQjgzbU9uCRyX67vBfM6mAuMpump,0.00001829298991279001
2026-01-21 15:31:00.000 UTC,8ARxY7YrVBNhSGkSjQjgzbU9uCRyX67vBfM6mAuMpump,0.000018980828623285433
2026-01-21 16:14:00.000 UTC,8ARxY7YrVBNhSGkSjQjgzbU9uCRyX67vBfM6mAuMpump,0.000018316587427100166
2026-01-21 17:01:00.000 UTC,8ARxY7YrVBNhSGkSjQjgzbU9uCRyX67vBfM6mAuMpump,0.000017756218863030327
2026-01-21 20:09:00.000 UTC,8ARxY7YrVBNhSGkSjQjgzbU9uCRyX67vBfM6mAuMpump,0.000018620909050076914
2026-01-21 20:11:00.000 UTC,8ARxY7YrVBNhSGkSjQjgzbU9uCRyX67vBfM6mAuMpump,0.000019292579679271555
2026-01-21 20:16:00.000 UTC,8ARxY7YrVBNhSGkSjQjgzbU9uCRyX67vBfM6mAuMpump,0.00001992665728275558
2026-01-22 06:06:00.000 UTC,8ARxY7YrVBNhSGkSjQjgzbU9uCRyX67vBfM6mAuMpump,0.000017586328528724733
2026-01-22 06:07:00.000 UTC,8ARxY7YrVBNhSGkSjQjgzbU9uCRyX67vBfM6mAuMpump,0.00001763901002212559
2026-01-22 10:44:00.000 UTC,8ARxY7YrVBNhSGkSjQjgzbU9uCRyX67vBfM6mAuMpump,0.000017530468811688865
2026-01-22 13:14:00.000 UTC,8ARxY7YrVBNhSGkSjQjgzbU9uCRyX67vBfM6mAuMpump,0.000018336318767143763
2026-01-22 13:19:00.000 UTC,8ARxY7YrVBNhSGkSjQjgzbU9uCRyX67vBfM6mAuMpump,0.000019452851450987552
2026-01-22 14:17:00.000 UTC,8ARxY7YrVBNhSGkSjQjgzbU9uCRyX67vBfM6mAuMpump,0.000018398485122933448
2026-01-22 17:12:00.000 UTC,8ARxY7YrVBNhSGkSjQjgzbU9uCRyX67vBfM6mAuMpump,0.000018365444388342776
2026-01-22 17:48:00.000 UTC,8ARxY7YrVBNhSGkSjQjgzbU9uCRyX67vBfM6mAuMpump,0.000018532501400076868
2026-01-22 20:22:00.000 UTC,8ARxY7YrVBNhSGkSjQjgzbU9uCRyX67vBfM6mAuMpump,0.000017582761530432947
2026-01-22 20:23:00.000 UTC,8ARxY7YrVBNhSGkSjQjgzbU9uCRyX67vBfM6mAuMpump,0.00001917456178815248
2026-01-22 21:08:00.000 UTC,8ARxY7YrVBNhSGkSjQjgzbU9uCRyX67vBfM6mAuMpump,0.000019154444451036016
2026-01-23 02:47:00.000 UTC,8ARxY7YrVBNhSGkSjQjgzbU9uCRyX67vBfM6mAuMpump,0.000018069644873356835
2026-01-23 02:48:00.000 UTC,8ARxY7YrVBNhSGkSjQjgzbU9uCRyX67vBfM6mAuMpump,0.000018775158227225778
2026-01-23 05:00:00.000 UTC,8ARxY7YrVBNhSGkSjQjgzbU9uCRyX67vBfM6mAuMpump,0.000019299605868381682
2026-01-23 05:01:00.000 UTC,8ARxY7YrVBNhSGkSjQjgzbU9uCRyX67vBfM6mAuMpump,0.00001936003716111345
2026-01-23 07:08:00.000 UTC,8ARxY7YrVBNhSGkSjQjgzbU9uCRyX67vBfM6mAuMpump,0.00001926176836129927
2026-01-23 07:33:00.000 UTC,8ARxY7YrVBNhSGkSjQjgzbU9uCRyX67vBfM6mAuMpump,0.00001856940847846975
2026-01-23 10:38:00.000 UTC,8ARxY7YrVBNhSGkSjQjgzbU9uCRyX67vBfM6mAuMpump,0.000019660592766701655
2026-01-23 10:55:00.000 UTC,8ARxY7YrVBNhSGkSjQjgzbU9uCRyX67vBfM6mAuMpump,0.000020638712625976263
2026-01-23 11:23:00.000 UTC,8ARxY7YrVBNhSGkSjQjgzbU9uCRyX67vBfM6mAuMpump,0.00002258302589584281
2026-01-23 11:24:00.000 UTC,8ARxY7YrVBNhSGkSjQjgzbU9uCRyX67vBfM6mAuMpump,0.00002542291905763585
2026-01-23 11:39:00.000 UTC,8ARxY7YrVBNhSGkSjQjgzbU9uCRyX67vBfM6mAuMpump,0.000026237331251867648
2026-01-23 15:51:00.000 UTC,8ARxY7YrVBNhSGkSjQjgzbU9uCRyX67vBfM6mAuMpump,0.000022166262916825685
2026-01-23 17:23:00.000 UTC,8ARxY7YrVBNhSGkSjQjgzbU9uCRyX67vBfM6mAuMpump,0.000022399987954604458
2026-01-23 17:24:00.000 UTC,8ARxY7YrVBNhSGkSjQjgzbU9uCRyX67vBfM6mAuMpump,0.000023140119451701435
2026-01-23 17:29:00.000 UTC,8ARxY7YrVBNhSGkSjQjgzbU9uCRyX67vBfM6mAuMpump,0.000024680933987220877
2026-01-23 18:24:00.000 UTC,8ARxY7YrVBNhSGkSjQjgzbU9uCRyX67vBfM6mAuMpump,0.000022818824609988065
2026-01-23 18:39:00.000 UTC,8ARxY7YrVBNhSGkSjQjgzbU9uCRyX67vBfM6mAuMpump,0.00002414595179928472
2026-01-23 18:47:00.000 UTC,8ARxY7YrVBNhSGkSjQjgzbU9uCRyX67vBfM6mAuMpump,0.000022925899990848592
2026-01-23 21:29:00.000 UTC,8ARxY7YrVBNhSGkSjQjgzbU9uCRyX67vBfM6mAuMpump,0.00002155680056209688
2026-01-23 23:27:00.000 UTC,8ARxY7YrVBNhSGkSjQjgzbU9uCRyX67vBfM6mAuMpump,0.000020322793857327375
2026-01-24 00:51:00.000 UTC,8ARxY7YrVBNhSGkSjQjgzbU9uCRyX67vBfM6mAuMpump,0.000020505398035224993
2026-01-24 01:01:00.000 UTC,8ARxY7YrVBNhSGkSjQjgzbU9uCRyX67vBfM6mAuMpump,0.0000206650946899258
2026-01-24 01:28:00.000 UTC,8ARxY7YrVBNhSGkSjQjgzbU9uCRyX67vBfM6mAuMpump,0.000021159785785051656
2026-01-24 03:01:00.000 UTC,8ARxY7YrVBNhSGkSjQjgzbU9uCRyX67vBfM6mAuMpump,0.000021607482623085385
2026-01-24 03:08:00.000 UTC,8ARxY7YrVBNhSGkSjQjgzbU9uCRyX67vBfM6mAuMpump,0.00002180058951878178
2026-01-24 03:16:00.000 UTC,8ARxY7YrVBNhSGkSjQjgzbU9uCRyX67vBfM6mAuMpump,0.000021897748868512758
2026-01-24 07:22:00.000 UTC,8ARxY7YrVBNhSGkSjQjgzbU9uCRyX67vBfM6mAuMpump,0.000021035654462614352
2026-01-24 07:25:00.000 UTC,8ARxY7YrVBNhSGkSjQjgzbU9uCRyX67vBfM6mAuMpump,0.00002089355135090829
2026-01-24 08:14:00.000 UTC,8ARxY7YrVBNhSGkSjQjgzbU9uCRyX67vBfM6mAuMpump,0.000021291271262868298
2026-01-24 08:59:00.000 UTC,8ARxY7YrVBNhSGkSjQjgzbU9uCRyX67vBfM6mAuMpump,0.000021824325229266617
2026-01-24 09:27:00.000 UTC,8ARxY7YrVBNhSGkSjQjgzbU9uCRyX67vBfM6mAuMpump,0.000021911628090115807
2026-01-24 10:38:00.000 UTC,8ARxY7YrVBNhSGkSjQjgzbU9uCRyX67vBfM6mAuMpump,0.000021103934613052763
2026-01-24 11:36:00.000 UTC,8ARxY7YrVBNhSGkSjQjgzbU9uCRyX67vBfM6mAuMpump,0.000020824680696927568
2026-01-24 11:40:00.000 UTC,8ARxY7YrVBNhSGkSjQjgzbU9uCRyX67vBfM6mAuMpump,0.000021052726421035708
2026-01-24 11:42:00.000 UTC,8ARxY7YrVBNhSGkSjQjgzbU9uCRyX67vBfM6mAuMpump,0.000021228103248453983
2026-01-24 13:04:00.000 UTC,8ARxY7YrVBNhSGkSjQjgzbU9uCRyX67vBfM6mAuMpump,0.000021502957284489212
2026-01-24 15:41:00.000 UTC,8ARxY7YrVBNhSGkSjQjgzbU9uCRyX67vBfM6mAuMpump,0.000021689502353758294
2026-01-24 17:47:00.000 UTC,8ARxY7YrVBNhSGkSjQjgzbU9uCRyX67vBfM6mAuMpump,0.000022105765365157257
2026-01-24 18:34:00.000 UTC,8ARxY7YrVBNhSGkSjQjgzbU9uCRyX67vBfM6mAuMpump,0.000022251056119705035
2026-01-24 18:40:00.000 UTC,8ARxY7YrVBNhSGkSjQjgzbU9uCRyX67vBfM6mAuMpump,0.000022349290027360556
2026-01-24 20:40:00.000 UTC,8ARxY7YrVBNhSGkSjQjgzbU9uCRyX67vBfM6mAuMpump,0.0000220169505577389
2026-01-24 23:40:00.000 UTC,8ARxY7YrVBNhSGkSjQjgzbU9uCRyX67vBfM6mAuMpump,0.000019577342963953162
2026-01-24 23:51:00.000 UTC,8ARxY7YrVBNhSGkSjQjgzbU9uCRyX67vBfM6mAuMpump,0.000019939923151658252
2026-01-25 03:56:00.000 UTC,8ARxY7YrVBNhSGkSjQjgzbU9uCRyX67vBfM6mAuMpump,0.000018774917920064076
2026-01-25 04:05:00.000 UTC,8ARxY7YrVBNhSGkSjQjgzbU9uCRyX67vBfM6mAuMpump,0.00001919523469144516
2026-01-25 04:21:00.000 UTC,8ARxY7YrVBNhSGkSjQjgzbU9uCRyX67vBfM6mAuMpump,0.000019712649580991763
2026-01-25 06:04:00.000 UTC,8ARxY7YrVBNhSGkSjQjgzbU9uCRyX67vBfM6mAuMpump,0.000020185767006439363
2026-01-25 08:12:00.000 UTC,8ARxY7YrVBNhSGkSjQjgzbU9uCRyX67vBfM6mAuMpump,0.000020343205868830387
2026-01-25 08:13:00.000 UTC,8ARxY7YrVBNhSGkSjQjgzbU9uCRyX67vBfM6mAuMpump,0.000022526112916233456
2026-01-25 08:14:00.000 UTC,8ARxY7YrVBNhSGkSjQjgzbU9uCRyX67vBfM6mAuMpump,0.000023927764363093436
2026-01-25 08:17:00.000 UTC,8ARxY7YrVBNhSGkSjQjgzbU9uCRyX67vBfM6mAuMpump,0.00002439190416581957
2026-01-25 08:24:00.000 UTC,8ARxY7YrVBNhSGkSjQjgzbU9uCRyX67vBfM6mAuMpump,0.000024845462870659123
2026-01-25 08:56:00.000 UTC,8ARxY7YrVBNhSGkSjQjgzbU9uCRyX67vBfM6mAuMpump,0.000024825678533288483
2026-01-25 11:29:00.000 UTC,8ARxY7YrVBNhSGkSjQjgzbU9uCRyX67vBfM6mAuMpump,0.000023067586817067216
2026-01-25 11:39:00.000 UTC,8ARxY7YrVBNhSGkSjQjgzbU9uCRyX67vBfM6mAuMpump,0.000023405079524075422
2026-01-25 11:40:00.000 UTC,8ARxY7YrVBNhSGkSjQjgzbU9uCRyX67vBfM6mAuMpump,0.000023986470648150383
2026-01-25 13:24:00.000 UTC,8ARxY7YrVBNhSGkSjQjgzbU9uCRyX67vBfM6mAuMpump,0.000021538666586041376
2026-01-25 13:25:00.000 UTC,8ARxY7YrVBNhSGkSjQjgzbU9uCRyX67vBfM6mAuMpump,0.000023079099429966983
2026-01-25 13:26:00.000 UTC,8ARxY7YrVBNhSGkSjQjgzbU9uCRyX67vBfM6mAuMpump,0.00002529362030301588
2026-01-25 13:35:00.000 UTC,8ARxY7YrVBNhSGkSjQjgzbU9uCRyX67vBfM6mAuMpump,0.000024377939756679054
2026-01-25 14:29:00.000 UTC,8ARxY7YrVBNhSGkSjQjgzbU9uCRyX67vBfM6mAuMpump,0.000024102450588570545
2026-01-25 14:59:00.000 UTC,8ARxY7YrVBNhSGkSjQjgzbU9uCRyX67vBfM6mAuMpump,0.000024206348960559347
2026-01-25 15:53:00.000 UTC,8ARxY7YrVBNhSGkSjQjgzbU9uCRyX67vBfM6mAuMpump,0.000028475058825020607
2026-01-25 15:54:00.000 UTC,8ARxY7YrVBNhSGkSjQjgzbU9uCRyX67vBfM6mAuMpump,0.00003062066334058948
2026-01-25 15:55:00.000 UTC,8ARxY7YrVBNhSGkSjQjgzbU9uCRyX67vBfM6mAuMpump,0.00003225125814132089
2026-01-25 15:57:00.000 UTC,8ARxY7YrVBNhSGkSjQjgzbU9uCRyX67vBfM6mAuMpump,0.00003179540924362683
2026-01-25 15:59:00.000 UTC,8ARxY7YrVBNhSGkSjQjgzbU9uCRyX67vBfM6mAuMpump,0.00003230632445682397
2026-01-25 16:21:00.000 UTC,8ARxY7YrVBNhSGkSjQjgzbU9uCRyX67vBfM6mAuMpump,0.00003055763941422637
2026-01-25 16:25:00.000 UTC,8ARxY7YrVBNhSGkSjQjgzbU9uCRyX67vBfM6mAuMpump,0.000029995564037178332
2026-01-25 16:30:00.000 UTC,8ARxY7YrVBNhSGkSjQjgzbU9uCRyX67vBfM6mAuMpump,0.00003040014145993349
2026-01-25 16:37:00.000 UTC,8ARxY7YrVBNhSGkSjQjgzbU9uCRyX67vBfM6mAuMpump,0.000030527882517829974
2026-01-25 17:01:00.000 UTC,8ARxY7YrVBNhSGkSjQjgzbU9uCRyX67vBfM6mAuMpump,0.000028169557641129325
2026-01-25 20:55:00.000 UTC,8ARxY7YrVBNhSGkSjQjgzbU9uCRyX67vBfM6mAuMpump,0.000023933393939655906
2026-01-25 21:22:00.000 UTC,8ARxY7YrVBNhSGkSjQjgzbU9uCRyX67vBfM6mAuMpump,0.000024698640063473028
2026-01-25 21:45:00.000 UTC,8ARxY7YrVBNhSGkSjQjgzbU9uCRyX67vBfM6mAuMpump,0.000025269822728210078
2026-01-25 22:10:00.000 UTC,8ARxY7YrVBNhSGkSjQjgzbU9uCRyX67vBfM6mAuMpump,0.000025573146856543687
2026-01-25 22:25:00.000 UTC,8ARxY7YrVBNhSGkSjQjgzbU9uCRyX67vBfM6mAuMpump,0.000026501302428289384
2026-01-25 22:30:00.000 UTC,8ARxY7YrVBNhSGkSjQjgzbU9uCRyX67vBfM6mAuMpump,0.000024105193321873596
2026-01-25 22:34:00.000 UTC,8ARxY7YrVBNhSGkSjQjgzbU9uCRyX67vBfM6mAuMpump,0.000024499416065801177
2026-01-26 00:57:00.000 UTC,8ARxY7YrVBNhSGkSjQjgzbU9uCRyX67vBfM6mAuMpump,0.000026032719802133815
2026-01-26 01:07:00.000 UTC,8ARxY7YrVBNhSGkSjQjgzbU9uCRyX67vBfM6mAuMpump,0.000027851029271405014
2026-01-26 01:08:00.000 UTC,8ARxY7YrVBNhSGkSjQjgzbU9uCRyX67vBfM6mAuMpump,0.000028111897048576604
2026-01-26 01:11:00.000 UTC,8ARxY7YrVBNhSGkSjQjgzbU9uCRyX67vBfM6mAuMpump,0.000028559325849453355
2026-01-26 01:16:00.000 UTC,8ARxY7YrVBNhSGkSjQjgzbU9uCRyX67vBfM6mAuMpump,0.00002903991890983256
2026-01-26 01:49:00.000 UTC,8ARxY7YrVBNhSGkSjQjgzbU9uCRyX67vBfM6mAuMpump,0.000025047537911112943
2026-01-26 04:27:00.000 UTC,8ARxY7YrVBNhSGkSjQjgzbU9uCRyX67vBfM6mAuMpump,0.000025300758398807552
2026-01-26 08:12:00.000 UTC,8ARxY7YrVBNhSGkSjQjgzbU9uCRyX67vBfM6mAuMpump,0.000021519457464550363
2026-01-26 08:28:00.000 UTC,8ARxY7YrVBNhSGkSjQjgzbU9uCRyX67vBfM6mAuMpump,0.00002233403891931151
2026-01-26 12:14:00.000 UTC,8ARxY7YrVBNhSGkSjQjgzbU9uCRyX67vBfM6mAuMpump,0.000022826928449702958
2026-01-26 14:25:00.000 UTC,8ARxY7YrVBNhSGkSjQjgzbU9uCRyX67vBfM6mAuMpump,0.00002335414934001727
2026-01-26 14:31:00.000 UTC,8ARxY7YrVBNhSGkSjQjgzbU9uCRyX67vBfM6mAuMpump,0.000023719672170932237
2026-01-26 14:32:00.000 UTC,8ARxY7YrVBNhSGkSjQjgzbU9uCRyX67vBfM6mAuMpump,0.00002714054599064213
2026-01-26 14:33:00.000 UTC,8ARxY7YrVBNhSGkSjQjgzbU9uCRyX67vBfM6mAuMpump,0.000027686105795052483
2026-01-26 17:02:00.000 UTC,8ARxY7YrVBNhSGkSjQjgzbU9uCRyX67vBfM6mAuMpump,0.000027584174321530446
2026-01-26 17:05:00.000 UTC,8ARxY7YrVBNhSGkSjQjgzbU9uCRyX67vBfM6mAuMpump,0.00002897026162261925
2026-01-26 17:11:00.000 UTC,8ARxY7YrVBNhSGkSjQjgzbU9uCRyX67vBfM6mAuMpump,0.0000282464789249164
2026-01-26 17:19:00.000 UTC,8ARxY7YrVBNhSGkSjQjgzbU9uCRyX67vBfM6mAuMpump,0.000028333569221217668
2026-01-26 17:28:00.000 UTC,8ARxY7YrVBNhSGkSjQjgzbU9uCRyX67vBfM6mAuMpump,0.000023740493858092238
2026-01-26 17:33:00.000 UTC,8ARxY7YrVBNhSGkSjQjgzbU9uCRyX67vBfM6mAuMpump,0.000023677815456052896
2026-01-26 18:07:00.000 UTC,8ARxY7YrVBNhSGkSjQjgzbU9uCRyX67vBfM6mAuMpump,0.00002206576347056543
2026-01-26 18:13:00.000 UTC,8ARxY7YrVBNhSGkSjQjgzbU9uCRyX67vBfM6mAuMpump,0.00002220358450798676
2026-01-26 20:32:00.000 UTC,8ARxY7YrVBNhSGkSjQjgzbU9uCRyX67vBfM6mAuMpump,0.00002102517287748606
2026-01-27 01:19:00.000 UTC,8ARxY7YrVBNhSGkSjQjgzbU9uCRyX67vBfM6mAuMpump,0.000017467353130760894
2026-01-27 01:21:00.000 UTC,8ARxY7YrVBNhSGkSjQjgzbU9uCRyX67vBfM6mAuMpump,0.000017484688763259477
2026-01-27 02:26:00.000 UTC,8ARxY7YrVBNhSGkSjQjgzbU9uCRyX67vBfM6mAuMpump,0.000017313907217256832
2026-01-27 02:28:00.000 UTC,8ARxY7YrVBNhSGkSjQjgzbU9uCRyX67vBfM6mAuMpump,0.00001804687630825766
2026-01-27 05:10:00.000 UTC,8ARxY7YrVBNhSGkSjQjgzbU9uCRyX67vBfM6mAuMpump,0.000018028715995726474
2026-01-27 06:16:00.000 UTC,8ARxY7YrVBNhSGkSjQjgzbU9uCRyX67vBfM6mAuMpump,0.000018450437216495723
2026-01-27 07:51:00.000 UTC,8ARxY7YrVBNhSGkSjQjgzbU9uCRyX67vBfM6mAuMpump,0.000018924726477647056
2026-01-27 08:54:00.000 UTC,8ARxY7YrVBNhSGkSjQjgzbU9uCRyX67vBfM6mAuMpump,0.00001891438149356181
2026-01-27 12:03:00.000 UTC,8ARxY7YrVBNhSGkSjQjgzbU9uCRyX67vBfM6mAuMpump,0.000018935024003737953
2026-01-27 14:08:00.000 UTC,8ARxY7YrVBNhSGkSjQjgzbU9uCRyX67vBfM6mAuMpump,0.0000203624436032548
2026-01-27 21:56:00.000 UTC,8ARxY7YrVBNhSGkSjQjgzbU9uCRyX67vBfM6mAuMpump,0.00001921351703837414
2026-01-28 07:14:00.000 UTC,8ARxY7YrVBNhSGkSjQjgzbU9uCRyX67vBfM6mAuMpump,0.00001920994705940779
2026-01-28 07:20:00.000 UTC,8ARxY7YrVBNhSGkSjQjgzbU9uCRyX67vBfM6mAuMpump,0.000019478420927531412
2026-01-28 15:57:00.000 UTC,8ARxY7YrVBNhSGkSjQjgzbU9uCRyX67vBfM6mAuMpump,0.000018188442715105548
2026-01-28 23:30:00.000 UTC,8ARxY7YrVBNhSGkSjQjgzbU9uCRyX67vBfM6mAuMpump,0.000018159537373705928
2026-01-30 03:00:00.000 UTC,8ARxY7YrVBNhSGkSjQjgzbU9uCRyX67vBfM6mAuMpump,0.000015279766902509498
2026-01-30 03:53:00.000 UTC,8ARxY7YrVBNhSGkSjQjgzbU9uCRyX67vBfM6mAuMpump,0.000015399659989602174
2026-01-30 14:58:00.000 UTC,8ARxY7YrVBNhSGkSjQjgzbU9uCRyX67vBfM6mAuMpump,0.000016214850076331522
2026-01-30 15:01:00.000 UTC,8ARxY7YrVBNhSGkSjQjgzbU9uCRyX67vBfM6mAuMpump,0.00001563648749976221
2026-01-30 15:04:00.000 UTC,8ARxY7YrVBNhSGkSjQjgzbU9uCRyX67vBfM6mAuMpump,0.000015599520521616706
2026-01-30 15:10:00.000 UTC,8ARxY7YrVBNhSGkSjQjgzbU9uCRyX67vBfM6mAuMpump,0.000015898559329280784
2026-01-30 16:22:00.000 UTC,8ARxY7YrVBNhSGkSjQjgzbU9uCRyX67vBfM6mAuMpump,0.000016130193356174967
2026-01-31 07:31:00.000 UTC,8ARxY7YrVBNhSGkSjQjgzbU9uCRyX67vBfM6mAuMpump,0.000016592306209338393
2026-01-31 07:32:00.000 UTC,8ARxY7YrVBNhSGkSjQjgzbU9uCRyX67vBfM6mAuMpump,0.000017224463236380695
2026-01-31 08:27:00.000 UTC,8ARxY7YrVBNhSGkSjQjgzbU9uCRyX67vBfM6mAuMpump,0.000016560672569003892
2026-01-31 09:06:00.000 UTC,8ARxY7YrVBNhSGkSjQjgzbU9uCRyX67vBfM6mAuMpump,0.000017291327612524383
2026-01-31 09:23:00.000 UTC,8ARxY7YrVBNhSGkSjQjgzbU9uCRyX67vBfM6mAuMpump,0.000016835113858040225
2026-01-31 15:24:00.000 UTC,8ARxY7YrVBNhSGkSjQjgzbU9uCRyX67vBfM6mAuMpump,0.000014847335213497094
2026-01-31 22:49:00.000 UTC,8ARxY7YrVBNhSGkSjQjgzbU9uCRyX67vBfM6mAuMpump,0.000013595201455654289
2026-02-01 03:27:00.000 UTC,8ARxY7YrVBNhSGkSjQjgzbU9uCRyX67vBfM6mAuMpump,0.000010569804806687365
2026-02-01 04:22:00.000 UTC,8ARxY7YrVBNhSGkSjQjgzbU9uCRyX67vBfM6mAuMpump,0.000011533619455315603
2026-02-01 07:05:00.000 UTC,8ARxY7YrVBNhSGkSjQjgzbU9uCRyX67vBfM6mAuMpump,0.000011047835484635746
2026-02-01 13:18:00.000 UTC,8ARxY7YrVBNhSGkSjQjgzbU9uCRyX67vBfM6mAuMpump,0.000011126992223658133
2026-02-02 04:58:00.000 UTC,8ARxY7YrVBNhSGkSjQjgzbU9uCRyX67vBfM6mAuMpump,0.000008545283630436012
2026-02-02 05:55:00.000 UTC,8ARxY7YrVBNhSGkSjQjgzbU9uCRyX67vBfM6mAuMpump,0.000008451455249777625
2026-02-02 08:44:00.000 UTC,8ARxY7YrVBNhSGkSjQjgzbU9uCRyX67vBfM6mAuMpump,0.000008999461677841083
2026-02-02 08:45:00.000 UTC,8ARxY7YrVBNhSGkSjQjgzbU9uCRyX67vBfM6mAuMpump,0.000010186213849015057
2026-02-02 09:34:00.000 UTC,8ARxY7YrVBNhSGkSjQjgzbU9uCRyX67vBfM6mAuMpump,0.000009460927713091436
2026-02-02 09:46:00.000 UTC,8ARxY7YrVBNhSGkSjQjgzbU9uCRyX67vBfM6mAuMpump,0.00000976407874477908
2026-02-02 12:23:00.000 UTC,8ARxY7YrVBNhSGkSjQjgzbU9uCRyX67vBfM6mAuMpump,0.000010250946504118807
2026-02-02 15:02:00.000 UTC,8ARxY7YrVBNhSGkSjQjgzbU9uCRyX67vBfM6mAuMpump,0.000009943742693217987
2026-02-02 15:24:00.000 UTC,8ARxY7YrVBNhSGkSjQjgzbU9uCRyX67vBfM6mAuMpump,0.000010184915604620696
2026-02-02 17:23:00.000 UTC,8ARxY7YrVBNhSGkSjQjgzbU9uCRyX67vBfM6mAuMpump,0.000010317940071178248
2026-02-02 19:21:00.000 UTC,8ARxY7YrVBNhSGkSjQjgzbU9uCRyX67vBfM6mAuMpump,0.000010237152205438649
2026-02-02 19:25:00.000 UTC,8ARxY7YrVBNhSGkSjQjgzbU9uCRyX67vBfM6mAuMpump,0.000010226149439892163
2026-02-02 19:26:00.000 UTC,8ARxY7YrVBNhSGkSjQjgzbU9uCRyX67vBfM6mAuMpump,0.000009691937370615865
2026-02-02 22:50:00.000 UTC,8ARxY7YrVBNhSGkSjQjgzbU9uCRyX67vBfM6mAuMpump,0.000006661672344074458
2026-02-02 23:18:00.000 UTC,8ARxY7YrVBNhSGkSjQjgzbU9uCRyX67vBfM6mAuMpump,0.000007111211043690297
2026-02-02 23:19:00.000 UTC,8ARxY7YrVBNhSGkSjQjgzbU9uCRyX67vBfM6mAuMpump,0.00000727947196441956
2026-02-03 10:29:00.000 UTC,8ARxY7YrVBNhSGkSjQjgzbU9uCRyX67vBfM6mAuMpump,0.000007048630430831739
2026-02-03 13:09:00.000 UTC,8ARxY7YrVBNhSGkSjQjgzbU9uCRyX67vBfM6mAuMpump,0.00000605540704020751
2026-02-03 14:39:00.000 UTC,8ARxY7YrVBNhSGkSjQjgzbU9uCRyX67vBfM6mAuMpump,0.0000052237425332018264
2026-02-03 15:00:00.000 UTC,8ARxY7YrVBNhSGkSjQjgzbU9uCRyX67vBfM6mAuMpump,0.000005280850340771705
2026-02-03 15:17:00.000 UTC,8ARxY7YrVBNhSGkSjQjgzbU9uCRyX67vBfM6mAuMpump,0.000005404901797711204
2026-02-03 16:58:00.000 UTC,8ARxY7YrVBNhSGkSjQjgzbU9uCRyX67vBfM6mAuMpump,0.000005338741951822675
2026-02-03 16:59:00.000 UTC,8ARxY7YrVBNhSGkSjQjgzbU9uCRyX67vBfM6mAuMpump,0.00000568338225634181
2026-02-03 17:00:00.000 UTC,8ARxY7YrVBNhSGkSjQjgzbU9uCRyX67vBfM6mAuMpump,0.000006146015654165749
2026-02-03 17:01:00.000 UTC,8ARxY7YrVBNhSGkSjQjgzbU9uCRyX67vBfM6mAuMpump,0.000006170309305410961
2026-02-03 17:08:00.000 UTC,8ARxY7YrVBNhSGkSjQjgzbU9uCRyX67vBfM6mAuMpump,0.000006186745904874318
2026-02-03 19:39:00.000 UTC,8ARxY7YrVBNhSGkSjQjgzbU9uCRyX67vBfM6mAuMpump,0.0000060939886851482705
2026-02-03 19:40:00.000 UTC,8ARxY7YrVBNhSGkSjQjgzbU9uCRyX67vBfM6mAuMpump,0.0000063156648248270114
2026-02-04 07:44:00.000 UTC,8ARxY7YrVBNhSGkSjQjgzbU9uCRyX67vBfM6mAuMpump,0.0000061156770887870415
2026-02-04 08:31:00.000 UTC,8ARxY7YrVBNhSGkSjQjgzbU9uCRyX67vBfM6mAuMpump,0.000006062809222376102
2026-02-04 13:26:00.000 UTC,8ARxY7YrVBNhSGkSjQjgzbU9uCRyX67vBfM6mAuMpump,0.000006976213541644812
2026-02-04 15:25:00.000 UTC,8ARxY7YrVBNhSGkSjQjgzbU9uCRyX67vBfM6mAuMpump,0.000006921634697582356
2026-02-04 17:40:00.000 UTC,8ARxY7YrVBNhSGkSjQjgzbU9uCRyX67vBfM6mAuMpump,0.000006750867733646059
2026-02-04 22:02:00.000 UTC,8ARxY7YrVBNhSGkSjQjgzbU9uCRyX67vBfM6mAuMpump,0.000006709322419009514
2026-02-05 04:01:00.000 UTC,8ARxY7YrVBNhSGkSjQjgzbU9uCRyX67vBfM6mAuMpump,0.00000670958636887917
2026-02-05 18:01:00.000 UTC,8ARxY7YrVBNhSGkSjQjgzbU9uCRyX67vBfM6mAuMpump,0.000005400819183274008
2026-02-05 21:25:00.000 UTC,8ARxY7YrVBNhSGkSjQjgzbU9uCRyX67vBfM6mAuMpump,0.000005326409494062763
2026-02-06 00:23:00.000 UTC,8ARxY7YrVBNhSGkSjQjgzbU9uCRyX67vBfM6mAuMpump,0.000004740815632880355
2026-02-06 05:12:00.000 UTC,8ARxY7YrVBNhSGkSjQjgzbU9uCRyX67vBfM6mAuMpump,0.000005332409653975332
2026-02-06 19:14:00.000 UTC,8ARxY7YrVBNhSGkSjQjgzbU9uCRyX67vBfM6mAuMpump,0.000005694430335306413
2026-02-07 08:22:00.000 UTC,8ARxY7YrVBNhSGkSjQjgzbU9uCRyX67vBfM6mAuMpump,0.000006512026709069582
2026-02-07 08:44:00.000 UTC,8ARxY7YrVBNhSGkSjQjgzbU9uCRyX67vBfM6mAuMpump,0.000006679306305403006
2026-02-10 04:40:00.000 UTC,8ARxY7YrVBNhSGkSjQjgzbU9uCRyX67vBfM6mAuMpump,0.000006458010244477346
2026-02-11 22:44:00.000 UTC,8ARxY7YrVBNhSGkSjQjgzbU9uCRyX67vBfM6mAuMpump,0.000005942007639745465
2026-02-12 12:40:00.000 UTC,8ARxY7YrVBNhSGkSjQjgzbU9uCRyX67vBfM6mAuMpump,0.000006278088020242414
2026-02-12 20:00:00.000 UTC,8ARxY7YrVBNhSGkSjQjgzbU9uCRyX67vBfM6mAuMpump,0.000006251854023291599
2026-02-13 07:50:00.000 UTC,8ARxY7YrVBNhSGkSjQjgzbU9uCRyX67vBfM6mAuMpump,0.000004796132818269956
2026-02-13 16:24:00.000 UTC,8ARxY7YrVBNhSGkSjQjgzbU9uCRyX67vBfM6mAuMpump,0.000005122912259617228
2026-02-16 06:43:00.000 UTC,8ARxY7YrVBNhSGkSjQjgzbU9uCRyX67vBfM6mAuMpump,0.00000520954319904928
2026-02-16 22:29:00.000 UTC,8ARxY7YrVBNhSGkSjQjgzbU9uCRyX67vBfM6mAuMpump,0.000005282596793329349
2026-02-17 17:08:00.000 UTC,8ARxY7YrVBNhSGkSjQjgzbU9uCRyX67vBfM6mAuMpump,0.000005359820477363642
2026-02-19 08:03:00.000 UTC,8ARxY7YrVBNhSGkSjQjgzbU9uCRyX67vBfM6mAuMpump,0.000003886002570732365
2026-02-19 20:53:00.000 UTC,8ARxY7YrVBNhSGkSjQjgzbU9uCRyX67vBfM6mAuMpump,0.000003874238985651597
2026-02-19 21:15:00.000 UTC,8ARxY7YrVBNhSGkSjQjgzbU9uCRyX67vBfM6mAuMpump,0.000003834622545961476
2026-02-19 21:19:00.000 UTC,8ARxY7YrVBNhSGkSjQjgzbU9uCRyX67vBfM6mAuMpump,0.000003850641668295117
2026-02-25 13:28:00.000 UTC,8ARxY7YrVBNhSGkSjQjgzbU9uCRyX67vBfM6mAuMpump,0.0000031635251087563347
2026-03-03 08:48:00.000 UTC,8ARxY7YrVBNhSGkSjQjgzbU9uCRyX67vBfM6mAuMpump,0.0000031853798663713816
2026-03-03 17:47:00.000 UTC,8ARxY7YrVBNhSGkSjQjgzbU9uCRyX67vBfM6mAuMpump,0.0000031161387368981866
2026-05-14 23:52:00.000 UTC,8ARxY7YrVBNhSGkSjQjgzbU9uCRyX67vBfM6mAuMpump,0.0000030039414165253388
2026-05-15 03:58:00.000 UTC,8ARxY7YrVBNhSGkSjQjgzbU9uCRyX67vBfM6mAuMpump,0.0000030630881190925864
2026-08-31 20:34:00.000 UTC,8ARxY7YrVBNhSGkSjQjgzbU9uCRyX67vBfM6mAuMpump,0.0000033340810517319444
2026-08-31 13:02:00.000 UTC,8BJmkXYYP4dD88ZCT9FQBzdNnXVt38kJ8rdqRXB5pump,0.000004304810629112812
2026-09-04 22:51:00.000 UTC,8BwKokn3xSwFtxbgaMh2Bv8bXLq1jvPKM93gxzDppump,0.000003597901243647236
2026-09-06 14:55:00.000 UTC,8C13wG7ZkXX2G3RTb1de1kcY4EXtA9rHg3MrMUetpump,0.000006121484594397599
2026-09-06 14:56:00.000 UTC,8C13wG7ZkXX2G3RTb1de1kcY4EXtA9rHg3MrMUetpump,0.000007701007550094665
2026-09-06 14:59:00.000 UTC,8C13wG7ZkXX2G3RTb1de1kcY4EXtA9rHg3MrMUetpump,0.000007697193819872482
2026-09-06 15:00:00.000 UTC,8C13wG7ZkXX2G3RTb1de1kcY4EXtA9rHg3MrMUetpump,0.000007679547042304905
2026-08-15 11:54:00.000 UTC,8CS1GZcxWE2gbVptFKXwzGSDYUUCS3ZXMqaMZ4iqpump,0.000002103695943638005
2026-08-15 12:00:00.000 UTC,8CS1GZcxWE2gbVptFKXwzGSDYUUCS3ZXMqaMZ4iqpump,0.0000021039894588284022
2026-08-15 13:54:00.000 UTC,8CS1GZcxWE2gbVptFKXwzGSDYUUCS3ZXMqaMZ4iqpump,0.0000021147103499164405
2026-08-16 11:54:00.000 UTC,8CS1GZcxWE2gbVptFKXwzGSDYUUCS3ZXMqaMZ4iqpump,0.000002107348773042608
2026-08-16 12:24:00.000 UTC,8CS1GZcxWE2gbVptFKXwzGSDYUUCS3ZXMqaMZ4iqpump,0.000002162141416634305
2026-08-16 12:58:00.000 UTC,8CS1GZcxWE2gbVptFKXwzGSDYUUCS3ZXMqaMZ4iqpump,0.000002144445528392495
2026-08-16 19:08:00.000 UTC,8CS1GZcxWE2gbVptFKXwzGSDYUUCS3ZXMqaMZ4iqpump,0.0000021480424650270832
2026-08-17 13:35:00.000 UTC,8CS1GZcxWE2gbVptFKXwzGSDYUUCS3ZXMqaMZ4iqpump,0.000002113999192791778
2026-08-23 11:24:00.000 UTC,8ChkarRbKjb69Nn9Dsk1EMx86YUtHrRf6xSPkwPtpump,0.0000030750081609581134
2026-08-23 11:25:00.000 UTC,8ChkarRbKjb69Nn9Dsk1EMx86YUtHrRf6xSPkwPtpump,0.0000032760060382527933
2026-08-23 11:26:00.000 UTC,8ChkarRbKjb69Nn9Dsk1EMx86YUtHrRf6xSPkwPtpump,0.0000033032561242445345
2026-08-23 11:27:00.000 UTC,8ChkarRbKjb69Nn9Dsk1EMx86YUtHrRf6xSPkwPtpump,0.000003993275455740336
2026-08-23 11:28:00.000 UTC,8ChkarRbKjb69Nn9Dsk1EMx86YUtHrRf6xSPkwPtpump,0.000003881986150333948
2026-08-23 11:29:00.000 UTC,8ChkarRbKjb69Nn9Dsk1EMx86YUtHrRf6xSPkwPtpump,0.000004171491328348349
2026-08-23 11:31:00.000 UTC,8ChkarRbKjb69Nn9Dsk1EMx86YUtHrRf6xSPkwPtpump,0.0000034594605778501637
2026-08-23 11:36:00.000 UTC,8ChkarRbKjb69Nn9Dsk1EMx86YUtHrRf6xSPkwPtpump,0.0000034327774666771505
2026-08-23 11:39:00.000 UTC,8ChkarRbKjb69Nn9Dsk1EMx86YUtHrRf6xSPkwPtpump,0.0000034605084642853
2026-01-29 02:52:00.000 UTC,8Dy8vhbwoYtVEuwmqfM6u22gUaHX5bTovJbTvDUpump,0.000005330726165735416
2026-01-29 02:53:00.000 UTC,8Dy8vhbwoYtVEuwmqfM6u22gUaHX5bTovJbTvDUpump,0.000008620399118152912
2026-01-29 02:54:00.000 UTC,8Dy8vhbwoYtVEuwmqfM6u22gUaHX5bTovJbTvDUpump,0.000011768128036816941
2026-01-29 02:55:00.000 UTC,8Dy8vhbwoYtVEuwmqfM6u22gUaHX5bTovJbTvDUpump,0.000013322598643440238
2026-01-29 02:56:00.000 UTC,8Dy8vhbwoYtVEuwmqfM6u22gUaHX5bTovJbTvDUpump,0.000012233321180891102
2026-01-29 02:57:00.000 UTC,8Dy8vhbwoYtVEuwmqfM6u22gUaHX5bTovJbTvDUpump,0.000010626054952318134
2026-01-29 02:58:00.000 UTC,8Dy8vhbwoYtVEuwmqfM6u22gUaHX5bTovJbTvDUpump,0.000007964816453811272
2026-01-29 02:59:00.000 UTC,8Dy8vhbwoYtVEuwmqfM6u22gUaHX5bTovJbTvDUpump,0.000007756252398294366
2026-01-29 03:00:00.000 UTC,8Dy8vhbwoYtVEuwmqfM6u22gUaHX5bTovJbTvDUpump,0.000004954415686463056
2026-01-29 03:01:00.000 UTC,8Dy8vhbwoYtVEuwmqfM6u22gUaHX5bTovJbTvDUpump,0.000003817069195940967
2026-01-29 03:02:00.000 UTC,8Dy8vhbwoYtVEuwmqfM6u22gUaHX5bTovJbTvDUpump,0.0000037080519288900603
2026-08-26 03:53:00.000 UTC,8Dy8vhbwoYtVEuwmqfM6u22gUaHX5bTovJbTvDUpump,0.000002717448015135205
2026-08-26 04:21:00.000 UTC,8Dy8vhbwoYtVEuwmqfM6u22gUaHX5bTovJbTvDUpump,0.0000027222125717380917
2026-09-08 15:55:00.000 UTC,8E98LYDVExftrcRtdqbzWwHhmaz4o69iLTCaUz6Kpump,0.0000033789760178161627
2026-09-08 15:56:00.000 UTC,8E98LYDVExftrcRtdqbzWwHhmaz4o69iLTCaUz6Kpump,0.000003650263785551795
2026-08-06 19:18:00.000 UTC,8EYJ7CVux1YL7J1cz4i6YeGfKak7XnW97iGVQLPhpump,0.000002144723891609681
2026-09-07 00:56:00.000 UTC,8EYJ7CVux1YL7J1cz4i6YeGfKak7XnW97iGVQLPhpump,0.000002966468872293855
2026-08-30 02:11:00.000 UTC,8GJjn9eSwuLbsjCPMFy31MvZUECYyfPf871G7LyCpump,0.00000310780014775863
2026-08-30 02:12:00.000 UTC,8GJjn9eSwuLbsjCPMFy31MvZUECYyfPf871G7LyCpump,7.112570338622484e-7
2026-08-28 01:15:00.000 UTC,8Gb7gcZ1K5r49o3F2GtCpukNNfuHiazYkn6e8L31pump,0.0000030556901211570512
2026-08-15 01:48:00.000 UTC,8GjBcdNkTP3gAdCDbdG6mFSydrgcm5jNQ1WLAk9F34iP,0.0000023428338698370818
2026-09-05 20:49:00.000 UTC,8GqYUujC9VTMrQGKBxUsmF9CtUK6fwCLh4zZqXripump,0.000003346045426720516
2026-08-28 23:58:00.000 UTC,8Jt4dZpzNhKPtg8gvFscKhbe4KHPSjXq3YQxbawjpump,0.0000029117691023197915
2026-08-28 23:59:00.000 UTC,8Jt4dZpzNhKPtg8gvFscKhbe4KHPSjXq3YQxbawjpump,0.0000029136450952668553
2026-09-01 05:57:00.000 UTC,8KMd37tkhRJoeuWCnUuAgHDJn47nRYfvF6d5Xt6rpump,0.0000029147347860422953
2026-09-05 17:16:00.000 UTC,8NTNYpwRfNcHayCJiWDYVQQfwnRdJ2g5chnWCxjtpump,0.000003446651755203547
2026-09-05 17:17:00.000 UTC,8NTNYpwRfNcHayCJiWDYVQQfwnRdJ2g5chnWCxjtpump,0.0000033492084249529423
2026-08-23 11:07:00.000 UTC,8SxqwRGUN7czrYe7iKWTdVHSM6qMtcnBw9H7rPeUpump,0.0000027060267132018825
2026-08-28 18:01:00.000 UTC,8VdQBpSJG5hcRRCF9PS7MaMhCkhCYWSoUx5oij5tpump,0.0000035169550517565995
2024-12-04 00:11:00.000 UTC,8XUUaUsyQQtCtkWDEeEbJpwu3BbjCJaS8XvVERWWpump,0.000007073635708127354
2024-12-04 00:41:00.000 UTC,8XUUaUsyQQtCtkWDEeEbJpwu3BbjCJaS8XvVERWWpump,0.0000070564070284797675
2024-12-04 01:18:00.000 UTC,8XUUaUsyQQtCtkWDEeEbJpwu3BbjCJaS8XvVERWWpump,0.000008395265201730614
2024-12-04 01:19:00.000 UTC,8XUUaUsyQQtCtkWDEeEbJpwu3BbjCJaS8XvVERWWpump,0.000007016019422085106
2024-12-31 00:16:00.000 UTC,8XUUaUsyQQtCtkWDEeEbJpwu3BbjCJaS8XvVERWWpump,0.000005573396978660102
2026-09-01 05:02:00.000 UTC,8XUUaUsyQQtCtkWDEeEbJpwu3BbjCJaS8XvVERWWpump,0.0000029983959152172403
2026-09-01 05:03:00.000 UTC,8XUUaUsyQQtCtkWDEeEbJpwu3BbjCJaS8XvVERWWpump,0.0000031849368172626736
2026-08-18 04:33:00.000 UTC,8ZS2u2XY1vr5hRyj1QAN7QBVbBxgp6vKrowmkfDbpump,0.000002182273251853124
2026-09-12 23:31:00.000 UTC,8ZbcBocZcWA6ys4EvbyEdNLubBYJuryZvuUraXswpump,0.000002926812736363785
2026-09-12 23:32:00.000 UTC,8ZbcBocZcWA6ys4EvbyEdNLubBYJuryZvuUraXswpump,0.00000295052406727265
2026-09-12 23:33:00.000 UTC,8ZbcBocZcWA6ys4EvbyEdNLubBYJuryZvuUraXswpump,0.0000029623777549796006
2026-09-12 23:34:00.000 UTC,8ZbcBocZcWA6ys4EvbyEdNLubBYJuryZvuUraXswpump,0.0000029709233901335916
2026-09-12 23:36:00.000 UTC,8ZbcBocZcWA6ys4EvbyEdNLubBYJuryZvuUraXswpump,0.0000029877312596125774
2026-08-20 15:06:00.000 UTC,8ZkWx6dC4gSFkm5suzVDDSUHXBYKnXxUqgaWYft9RNQ4,0.0000024632757623091875
2026-09-10 04:29:00.000 UTC,8ZpfT1YqqnH2uAxvGtoxwGa82Kmr5GAPx1n63vR1pump,0.0000034686943282595903
2026-08-15 19:19:00.000 UTC,8apTNxX2VzgNsKgzVNSXiYEbLoynyaNJaPSdkC8pump,0.0000017778254996815884
2026-09-01 10:53:00.000 UTC,8bzWwsY3uxmWwUuSrYTmnLdbHgQTzq3V41BzRWX2pump,0.000002876353623896849
2026-09-01 10:54:00.000 UTC,8bzWwsY3uxmWwUuSrYTmnLdbHgQTzq3V41BzRWX2pump,0.0000028951978535362608
2026-09-01 10:55:00.000 UTC,8bzWwsY3uxmWwUuSrYTmnLdbHgQTzq3V41BzRWX2pump,0.00000289855719360175
2026-09-01 10:56:00.000 UTC,8bzWwsY3uxmWwUuSrYTmnLdbHgQTzq3V41BzRWX2pump,0.0000028990640193201326
2026-09-02 05:36:00.000 UTC,8cD3Faanp625Kq5UFY6crCrvezaAM9L9LdGvwHNxpump,0.000002802133765838247
2026-09-02 05:41:00.000 UTC,8cD3Faanp625Kq5UFY6crCrvezaAM9L9LdGvwHNxpump,0.000002802960623840779
2026-09-02 05:44:00.000 UTC,8cD3Faanp625Kq5UFY6crCrvezaAM9L9LdGvwHNxpump,0.0000029594398048283075
2026-09-02 06:20:00.000 UTC,8cD3Faanp625Kq5UFY6crCrvezaAM9L9LdGvwHNxpump,0.0000027965107915895295
2026-09-02 06:21:00.000 UTC,8cD3Faanp625Kq5UFY6crCrvezaAM9L9LdGvwHNxpump,0.0000028374851760966663
2026-09-02 07:23:00.000 UTC,8cD3Faanp625Kq5UFY6crCrvezaAM9L9LdGvwHNxpump,0.0000028568013548210294
2026-09-02 07:25:00.000 UTC,8cD3Faanp625Kq5UFY6crCrvezaAM9L9LdGvwHNxpump,0.000002860785747793687
2026-09-11 08:51:00.000 UTC,8csfpjmAycJ3d7WrB8S95HstRjchugeNLLSsS3uLpump,0.0000031526303243913923
2026-09-11 08:52:00.000 UTC,8csfpjmAycJ3d7WrB8S95HstRjchugeNLLSsS3uLpump,0.0000021129164133966285
2026-08-22 13:04:00.000 UTC,8dDiphAqymQgEUEERTMsEYJ9oV2xMwNPE5W2L61Dpump,0.000005509657803912552
2026-08-22 13:05:00.000 UTC,8dDiphAqymQgEUEERTMsEYJ9oV2xMwNPE5W2L61Dpump,0.000002718958022704698
2026-08-24 20:17:00.000 UTC,8eJKubRhQTMV6hyHgAL4QXJ1PVs8kp2ATPpNi5TGpump,0.000003892159745067214
2026-08-28 18:38:00.000 UTC,8ekj3UU7nyb91CWus9915jCtBi44FDWEsVuATeQ9pump,0.0000028975357711756476
2026-09-09 15:43:00.000 UTC,8fqwKx6A4T3taKbYx5TK2YzZ4Z9e6YJtKmVW8WLfpump,0.000002929754657928539
2026-09-03 12:03:00.000 UTC,8gnPiDEDyVTwcUAmT6BrDCLLmEXi8JLJzPKDSNo1pump,0.0000028204082701920544
2026-09-03 12:04:00.000 UTC,8gnPiDEDyVTwcUAmT6BrDCLLmEXi8JLJzPKDSNo1pump,0.0000028628374383766633
2026-09-03 12:05:00.000 UTC,8gnPiDEDyVTwcUAmT6BrDCLLmEXi8JLJzPKDSNo1pump,0.000002873240902014078
2026-09-03 12:06:00.000 UTC,8gnPiDEDyVTwcUAmT6BrDCLLmEXi8JLJzPKDSNo1pump,0.0000028751089641486667
2026-09-03 12:09:00.000 UTC,8gnPiDEDyVTwcUAmT6BrDCLLmEXi8JLJzPKDSNo1pump,0.0000029037621987454834
2026-09-03 12:14:00.000 UTC,8gnPiDEDyVTwcUAmT6BrDCLLmEXi8JLJzPKDSNo1pump,0.0000028201326846587086
2026-09-09 16:17:00.000 UTC,8kHikWnr5jsKXEJoruR9omqwXskmKTmW6RuSabzLpump,0.000004285996766052499
2026-09-09 16:18:00.000 UTC,8kHikWnr5jsKXEJoruR9omqwXskmKTmW6RuSabzLpump,0.000007616007499693962
2026-09-09 16:19:00.000 UTC,8kHikWnr5jsKXEJoruR9omqwXskmKTmW6RuSabzLpump,0.000009392987654486321
2026-09-09 16:20:00.000 UTC,8kHikWnr5jsKXEJoruR9omqwXskmKTmW6RuSabzLpump,0.00001240505309992823
2026-09-09 16:21:00.000 UTC,8kHikWnr5jsKXEJoruR9omqwXskmKTmW6RuSabzLpump,0.000017802606385303535
2026-09-09 16:22:00.000 UTC,8kHikWnr5jsKXEJoruR9omqwXskmKTmW6RuSabzLpump,0.000027838332610684587
2026-09-09 16:23:00.000 UTC,8kHikWnr5jsKXEJoruR9omqwXskmKTmW6RuSabzLpump,0.000028648008655835476
2026-09-09 16:24:00.000 UTC,8kHikWnr5jsKXEJoruR9omqwXskmKTmW6RuSabzLpump,0.000026011746127397563
2026-09-09 16:25:00.000 UTC,8kHikWnr5jsKXEJoruR9omqwXskmKTmW6RuSabzLpump,0.000022155930665235344
2026-09-09 16:26:00.000 UTC,8kHikWnr5jsKXEJoruR9omqwXskmKTmW6RuSabzLpump,0.00002190796920938964
2026-09-09 16:27:00.000 UTC,8kHikWnr5jsKXEJoruR9omqwXskmKTmW6RuSabzLpump,0.000025419762786333868
2026-09-09 16:28:00.000 UTC,8kHikWnr5jsKXEJoruR9omqwXskmKTmW6RuSabzLpump,0.00003637300085757396
2026-08-22 04:31:00.000 UTC,8mbNLwrZNwieuF6dpCcn3wkqLwB1zFLVtGP4r2Dcpump,0.0000028249519667742615
2026-08-25 22:14:00.000 UTC,8nnyAwNnT8QZpBu51q7Juykp2vj1MMdf5KM5J14Rpump,0.0000019161731037122267
2026-08-25 22:15:00.000 UTC,8nnyAwNnT8QZpBu51q7Juykp2vj1MMdf5KM5J14Rpump,8.798848434431697e-7
2026-08-26 07:10:00.000 UTC,8oE7tDym4Leu1bmLbrUrmEpwnMpLo5etTYbJUukrpump,0.0000074911560627329025
2026-08-26 07:11:00.000 UTC,8oE7tDym4Leu1bmLbrUrmEpwnMpLo5etTYbJUukrpump,0.000008210783489822819
2026-08-26 07:12:00.000 UTC,8oE7tDym4Leu1bmLbrUrmEpwnMpLo5etTYbJUukrpump,0.000006681117120486958
2026-08-26 07:13:00.000 UTC,8oE7tDym4Leu1bmLbrUrmEpwnMpLo5etTYbJUukrpump,0.000004567223196372368
2026-08-26 07:14:00.000 UTC,8oE7tDym4Leu1bmLbrUrmEpwnMpLo5etTYbJUukrpump,0.0000055441859485205175
2026-08-26 07:15:00.000 UTC,8oE7tDym4Leu1bmLbrUrmEpwnMpLo5etTYbJUukrpump,0.000007750747428512285
2026-08-26 07:16:00.000 UTC,8oE7tDym4Leu1bmLbrUrmEpwnMpLo5etTYbJUukrpump,0.0000074520458097667745
2026-08-26 07:17:00.000 UTC,8oE7tDym4Leu1bmLbrUrmEpwnMpLo5etTYbJUukrpump,0.000009750292394605002
2026-08-26 07:18:00.000 UTC,8oE7tDym4Leu1bmLbrUrmEpwnMpLo5etTYbJUukrpump,0.000010825731653050881
2026-08-26 07:19:00.000 UTC,8oE7tDym4Leu1bmLbrUrmEpwnMpLo5etTYbJUukrpump,0.000010225572236546011
2026-08-26 07:20:00.000 UTC,8oE7tDym4Leu1bmLbrUrmEpwnMpLo5etTYbJUukrpump,0.000006493647543954528
2026-08-26 07:21:00.000 UTC,8oE7tDym4Leu1bmLbrUrmEpwnMpLo5etTYbJUukrpump,0.000004596948542611851
2026-08-26 07:22:00.000 UTC,8oE7tDym4Leu1bmLbrUrmEpwnMpLo5etTYbJUukrpump,0.000004438526680547824
2026-08-26 07:23:00.000 UTC,8oE7tDym4Leu1bmLbrUrmEpwnMpLo5etTYbJUukrpump,0.000005217281246593398
2026-08-26 07:24:00.000 UTC,8oE7tDym4Leu1bmLbrUrmEpwnMpLo5etTYbJUukrpump,0.0000036468990071507575
2026-08-26 07:25:00.000 UTC,8oE7tDym4Leu1bmLbrUrmEpwnMpLo5etTYbJUukrpump,0.0000032679841622111626
2026-08-26 07:26:00.000 UTC,8oE7tDym4Leu1bmLbrUrmEpwnMpLo5etTYbJUukrpump,0.0000031607403266901633
2026-08-26 07:27:00.000 UTC,8oE7tDym4Leu1bmLbrUrmEpwnMpLo5etTYbJUukrpump,0.00000316935719200913
2026-08-26 07:44:00.000 UTC,8oE7tDym4Leu1bmLbrUrmEpwnMpLo5etTYbJUukrpump,0.0000031063504364099417
2026-08-31 04:31:00.000 UTC,8sRqBupFviL83nckrbMwsSZ4h61GjTEVv4JLWQdMpump,0.000002974387854798669
2026-08-30 14:07:00.000 UTC,8suAGk3xuTELQjbjeMPgU9fCZZNaPP6rLS6gB81Xpump,0.000003967855148851262
2026-08-30 14:08:00.000 UTC,8suAGk3xuTELQjbjeMPgU9fCZZNaPP6rLS6gB81Xpump,0.0000032498622111797373
2024-12-28 06:43:00.000 UTC,8v2fo4sj1KoM6ijyU68wjoWWxkReDYkMoRs1t9cdpump,0.000005615962589944788
2024-12-28 06:44:00.000 UTC,8v2fo4sj1KoM6ijyU68wjoWWxkReDYkMoRs1t9cdpump,0.000005992362996604205
2024-12-28 06:45:00.000 UTC,8v2fo4sj1KoM6ijyU68wjoWWxkReDYkMoRs1t9cdpump,0.000006265946417986007
2025-05-27 04:46:00.000 UTC,8v2fo4sj1KoM6ijyU68wjoWWxkReDYkMoRs1t9cdpump,0.000005955788908817003
2025-05-27 05:01:00.000 UTC,8v2fo4sj1KoM6ijyU68wjoWWxkReDYkMoRs1t9cdpump,0.000004863845833865509
2025-05-27 05:53:00.000 UTC,8v2fo4sj1KoM6ijyU68wjoWWxkReDYkMoRs1t9cdpump,0.000005652732158427369
2026-05-21 14:31:00.000 UTC,8v2fo4sj1KoM6ijyU68wjoWWxkReDYkMoRs1t9cdpump,0.0000024044542329168844
2026-08-20 14:39:00.000 UTC,8v2fo4sj1KoM6ijyU68wjoWWxkReDYkMoRs1t9cdpump,0.000002495308732654797
2026-08-30 03:03:00.000 UTC,8vX9q7oVvWgqTeezDcE1Wr36YLrv1jB7k3VMr1HKpump,0.000002995468501150135
2026-08-30 03:05:00.000 UTC,8vX9q7oVvWgqTeezDcE1Wr36YLrv1jB7k3VMr1HKpump,0.0000029425522740523275
2026-08-24 20:22:00.000 UTC,8vt5pCEQYzT46BHvRjkeVdXt2BTjgHEt4NxFDGuXkVLu,0.000002790694419756587
2026-09-05 04:35:00.000 UTC,8wUt8ZqQ4jQKxTgEm1pirZpzwdEYMPPo1vuXHS82pump,0.0000028984766374152326
2026-09-04 18:23:00.000 UTC,8wbHnQfuRUfpMANc6Qc5h1N14byxmXzpNhLXKbSBpump,0.0000028413889750829067
2026-08-31 09:38:00.000 UTC,8whpukeYYyHJusi5W4wQacpCXAAkBjrmLpEp1vYZpump,0.0000034347846909481715
2026-08-27 13:30:00.000 UTC,8x7Bod2G4X5DUXbH5T7qH48MKc5AnTM18gGDufXVpump,0.0000029353446267563792
2026-09-13 02:12:00.000 UTC,8xv46BMWwse89681u8NKTEkqh7zn1vmEL1Xg9M7zpump,0.000003294002214449285
2026-09-13 02:13:00.000 UTC,8xv46BMWwse89681u8NKTEkqh7zn1vmEL1Xg9M7zpump,0.000003527490724601474
2026-09-13 02:14:00.000 UTC,8xv46BMWwse89681u8NKTEkqh7zn1vmEL1Xg9M7zpump,0.0000034924126099680592
2026-09-12 20:39:00.000 UTC,8xyPFENTodxopefQxmSxRvKndnTMZpHBv8E56Bvspump,0.0000018416042905679468
2026-09-12 20:40:00.000 UTC,8xyPFENTodxopefQxmSxRvKndnTMZpHBv8E56Bvspump,7.287017372053218e-7
2026-09-12 20:41:00.000 UTC,8xyPFENTodxopefQxmSxRvKndnTMZpHBv8E56Bvspump,7.105812188047289e-7
2026-09-12 20:42:00.000 UTC,8xyPFENTodxopefQxmSxRvKndnTMZpHBv8E56Bvspump,9.019330741883137e-8
2026-09-12 20:43:00.000 UTC,8xyPFENTodxopefQxmSxRvKndnTMZpHBv8E56Bvspump,3.866393150339256e-8
2026-09-10 16:42:00.000 UTC,8yCSkrP769KoMLZMSWNjCoMX2v9gRiDPkZEnqLcspump,0.0000029337877705182775
2026-09-13 22:50:00.000 UTC,8ywW312f1TKAd2vc7BNxWf91XzKHCo49MsQ3DkFxpump,0.0000033130307230080214
2026-08-23 19:40:00.000 UTC,94TZpfQDkS9edJPE8Jxnbs43pxZZzVCz9wwJv4VGpump,0.000002745280913009571
2026-08-29 21:51:00.000 UTC,958s1yijGr5dWv5usz9P2zpssAqtgcNkCoFwFMHZpump,0.0000036418304528536486
2026-09-08 04:51:00.000 UTC,95SvoU5GzoPXaGGpYa3RuVmiko5bhCmNn8YRYoRupump,0.000002946232205992589
2026-08-18 12:10:00.000 UTC,96vVfrEULPZacchycTeMSR2pex4LoofRyZg4ahhnpump,0.000005313400430436237
2026-09-05 17:20:00.000 UTC,97n4uP1Aj4vHa6UQSHuunkaqSZC2f8UkDRcMPHKrpump,0.000002615647790213267
2026-09-05 17:21:00.000 UTC,97n4uP1Aj4vHa6UQSHuunkaqSZC2f8UkDRcMPHKrpump,6.467595665002798e-7
2026-09-05 17:22:00.000 UTC,97n4uP1Aj4vHa6UQSHuunkaqSZC2f8UkDRcMPHKrpump,1.3258357244597653e-7
2026-08-21 09:57:00.000 UTC,99hn7YQXZe2LuJpDdA28YXdZ3i7yJ4FmQDoX68dWpump,0.0000025710906341483184
2026-08-15 03:54:00.000 UTC,9A86L5k7qAmppSqcmZMSSEH1Qg96BBRZNnmxcdEXpump,0.000001232365077664526
2026-08-15 03:55:00.000 UTC,9A86L5k7qAmppSqcmZMSSEH1Qg96BBRZNnmxcdEXpump,0.0000014434589701272896
2026-08-15 03:56:00.000 UTC,9A86L5k7qAmppSqcmZMSSEH1Qg96BBRZNnmxcdEXpump,4.99123693352546e-7
2026-08-15 03:57:00.000 UTC,9A86L5k7qAmppSqcmZMSSEH1Qg96BBRZNnmxcdEXpump,2.1418138143310545e-7
2026-08-28 17:01:00.000 UTC,9BmANZsdf24vmJYfyfXW8M2yn1cjPJPmDmqGWWckpump,0.0000010277407219560522
2026-08-28 15:41:00.000 UTC,9CDyDrw9HTe54R4ZxXZPemGVtEfCEZhcmgycCYaEpump,0.000003581463352133554
2026-08-28 15:42:00.000 UTC,9CDyDrw9HTe54R4ZxXZPemGVtEfCEZhcmgycCYaEpump,0.000005040592397647596
2026-08-28 15:43:00.000 UTC,9CDyDrw9HTe54R4ZxXZPemGVtEfCEZhcmgycCYaEpump,0.000002851974843038461
2026-08-28 15:44:00.000 UTC,9CDyDrw9HTe54R4ZxXZPemGVtEfCEZhcmgycCYaEpump,1.0106997911005742e-7
2026-08-28 15:45:00.000 UTC,9CDyDrw9HTe54R4ZxXZPemGVtEfCEZhcmgycCYaEpump,4.5374805532126196e-8
2026-09-01 14:29:00.000 UTC,9CYuEqJZnQC32T37tt4mMEGSobBxuEXSqdESy4pYpump,0.0000018956805384421663
2026-09-01 14:30:00.000 UTC,9CYuEqJZnQC32T37tt4mMEGSobBxuEXSqdESy4pYpump,2.5847035190941307e-7
2026-09-01 14:31:00.000 UTC,9CYuEqJZnQC32T37tt4mMEGSobBxuEXSqdESy4pYpump,3.479740369526988e-8
2026-08-22 17:52:00.000 UTC,9Ckd7XSBST9kL4fRyS9eceEktx8gfPv2GKZEFGYApump,0.0000030925897279608635
2026-08-22 17:53:00.000 UTC,9Ckd7XSBST9kL4fRyS9eceEktx8gfPv2GKZEFGYApump,0.000004199246276784258
2026-09-12 01:05:00.000 UTC,9EKpeBtu5phavhaeJS3izCVdHuRLR5FVQvfxfvvMpump,0.0000028656194124070707
2026-09-12 01:06:00.000 UTC,9EKpeBtu5phavhaeJS3izCVdHuRLR5FVQvfxfvvMpump,0.000002991848178481023
2026-09-07 07:44:00.000 UTC,9FuQDomLL9tZ5zWagfDSdQutJDUB5vPf7hUsFxh7pump,0.000001589306964671025
2026-09-07 07:45:00.000 UTC,9FuQDomLL9tZ5zWagfDSdQutJDUB5vPf7hUsFxh7pump,3.454174925189103e-7
2026-08-31 18:30:00.000 UTC,9K2WRtYUu4eoLYLEUCW5RjW4erdtf7YXEXVgRP69pump,0.0000030831203063017427
2026-08-17 00:32:00.000 UTC,9KR5KZ1D5GwMvAHfDKqsPaSxqNnBMLLZCB8nry6Xpump,0.0000020842664340845903
2026-08-20 09:44:00.000 UTC,9LBVrJfSDUbJYdtJwnPDRjMZNr3aigxeKq5CXxXVpump,0.00000219502343500026
2026-08-15 14:01:00.000 UTC,9LhkPTnaQ7AYGNNFmkp96DzuaNDYuV7GQUno6VTRJgVD,0.0000022895284149499396
2026-08-15 02:39:00.000 UTC,9MvcFCBsdhYcs4kHSZA6SX6YX1wLBPUufuPmCQmzpump,0.000002353888442965481
2026-08-23 19:20:00.000 UTC,9NA3b8CtVwdXf6bqX3rW1vWhmBsYKzuvrUHc9hypump,0.0000026877403240212333
2026-08-23 19:21:00.000 UTC,9NA3b8CtVwdXf6bqX3rW1vWhmBsYKzuvrUHc9hypump,0.000002705324991041711
2026-04-24 14:43:00.000 UTC,9NopJJNmNfyuxuLRJvUMEXs9X8N7fEVuJ4hXYVF9sQiH,0.000004677365769088703
2026-08-24 18:51:00.000 UTC,9NopJJNmNfyuxuLRJvUMEXs9X8N7fEVuJ4hXYVF9sQiH,0.000002698226968708502
2026-08-25 19:53:00.000 UTC,9Nq7hZ9aDbpd93KxUJRF6crvZ88pSD9rX5rqDjGUpump,0.000002732305719009247
2026-08-31 19:37:00.000 UTC,9PVsCpE1Jt5xbJv8cJE1Uf9Ns5G9iJf31vm2EBEfpump,0.000002923005509936702
2026-08-31 19:39:00.000 UTC,9PVsCpE1Jt5xbJv8cJE1Uf9Ns5G9iJf31vm2EBEfpump,0.0000030256461034070077
2026-09-03 02:06:00.000 UTC,9Pj1b8Y1xs92Jdv6cRRjwHuCKQ1QQk5FqgTiAaBepump,0.000002852320363275574
2026-09-03 02:07:00.000 UTC,9Pj1b8Y1xs92Jdv6cRRjwHuCKQ1QQk5FqgTiAaBepump,0.000001502605873449096
2026-09-08 00:09:00.000 UTC,9Qo1jxmHdGwjWkhHdyHXKmkeacTcrgyCqeCMBRNUpump,0.000007327574577808776
2026-09-08 00:10:00.000 UTC,9Qo1jxmHdGwjWkhHdyHXKmkeacTcrgyCqeCMBRNUpump,0.000011170521919782706
2026-09-08 00:11:00.000 UTC,9Qo1jxmHdGwjWkhHdyHXKmkeacTcrgyCqeCMBRNUpump,0.0000031124474018310494
2026-08-25 00:02:00.000 UTC,9QojZ7HkEKWtE7MCUHxaEDbLiegjvks3jHWuvCyBpump,0.0000027624406337513863
2026-08-24 18:59:00.000 UTC,9RQKvMYDtLy58iqn7icPHecu1gUaiPao2aRRWyhXpump,0.0000032220590279095653
2026-08-24 19:00:00.000 UTC,9RQKvMYDtLy58iqn7icPHecu1gUaiPao2aRRWyhXpump,0.000003072153823357767
2026-09-06 20:14:00.000 UTC,9Tu9tdXNa7DkRnpZifcFHXUfaYYnqWBYps9CsSY1pump,0.0000029496024186744226
2026-09-08 23:01:00.000 UTC,9Txw6DmzffEYWXEZVHQY5XknMv3x7z1e1TtV2x5xvgQp,0.00000497909719355704
2026-08-15 16:41:00.000 UTC,9VCsvQLTPN8jazHrNm4pVcbf5hWzhrxpEFC37GH3pump,0.000002885512410263248
2026-08-15 22:36:00.000 UTC,9VCsvQLTPN8jazHrNm4pVcbf5hWzhrxpEFC37GH3pump,0.000004549300170652638
2025-08-27 20:41:00.000 UTC,9VFBswGLhnEqYo6bBa3qrsLkv2yqiKcqumRSwADEpump,0.000006785571441614687
2025-08-27 20:51:00.000 UTC,9VFBswGLhnEqYo6bBa3qrsLkv2yqiKcqumRSwADEpump,0.000005824315759538697
2025-08-27 20:52:00.000 UTC,9VFBswGLhnEqYo6bBa3qrsLkv2yqiKcqumRSwADEpump,0.000005824315759538697
2025-08-27 20:53:00.000 UTC,9VFBswGLhnEqYo6bBa3qrsLkv2yqiKcqumRSwADEpump,0.000005824315759538697
2025-08-27 20:57:00.000 UTC,9VFBswGLhnEqYo6bBa3qrsLkv2yqiKcqumRSwADEpump,0.000005808652229666242
2025-08-27 20:58:00.000 UTC,9VFBswGLhnEqYo6bBa3qrsLkv2yqiKcqumRSwADEpump,0.000005808652229666242
2026-06-19 17:47:00.000 UTC,9VFBswGLhnEqYo6bBa3qrsLkv2yqiKcqumRSwADEpump,0.0000020355721897055
2026-07-22 18:41:00.000 UTC,9VFBswGLhnEqYo6bBa3qrsLkv2yqiKcqumRSwADEpump,0.0000024183603173219982
2026-08-15 20:12:00.000 UTC,9VFBswGLhnEqYo6bBa3qrsLkv2yqiKcqumRSwADEpump,0.000002191577029162836
2026-08-25 19:26:00.000 UTC,9W9ih2hDCwkxFHeSkbHptij9hSWCorJRboPoTEPtpump,0.000004435515441473664
2026-08-24 11:17:00.000 UTC,9ZaABopa3By3j4mX6kf8VPcuL6WZWF4iiZWj1gTQpump,3.355140840738244e-7
2026-09-03 14:53:00.000 UTC,9ZwgWhiyws2RAZBELVUKr27JY1WPBGuYwp9dj7CGpump,0.0000030631153715133468
2026-08-21 20:11:00.000 UTC,9e6ubjQSC4jfHiDuxHmDpHNtNDVrveWFUEtU7D4Wpump,0.0000025918332123960117
2026-08-21 20:12:00.000 UTC,9e6ubjQSC4jfHiDuxHmDpHNtNDVrveWFUEtU7D4Wpump,0.0000027311359565390534
2026-07-03 10:35:00.000 UTC,9fFwCZDNKoJ4CP3DzRcDMi2gUfMepmfBUirrEYEbpump,0.000002330855152033164
2026-07-03 10:39:00.000 UTC,9fFwCZDNKoJ4CP3DzRcDMi2gUfMepmfBUirrEYEbpump,0.0000024168010024957785
2026-07-03 10:45:00.000 UTC,9fFwCZDNKoJ4CP3DzRcDMi2gUfMepmfBUirrEYEbpump,0.0000024707605352934827
2026-07-03 11:05:00.000 UTC,9fFwCZDNKoJ4CP3DzRcDMi2gUfMepmfBUirrEYEbpump,0.000002516552564440713
2026-07-03 11:08:00.000 UTC,9fFwCZDNKoJ4CP3DzRcDMi2gUfMepmfBUirrEYEbpump,0.000002427005829743432
2026-08-23 21:51:00.000 UTC,9fFwCZDNKoJ4CP3DzRcDMi2gUfMepmfBUirrEYEbpump,0.000002685420567618649
2026-08-18 02:50:00.000 UTC,9g9q3VrqjYBkUeyRjsw8tNXY7SEAz9djzAwuXtnspump,0.0000010168893148732714
2026-08-18 22:34:00.000 UTC,9hBcB2tWNdb9ntofQwwBxWFxGBhjKX4tPx3UkrjVpump,0.000007526808611597265
2026-09-01 17:49:00.000 UTC,9jLWpenhUdFSxg6J7VXR8tryF7L6TQeRn25hanwopump,0.000002825829245588182
2026-09-01 17:53:00.000 UTC,9jLWpenhUdFSxg6J7VXR8tryF7L6TQeRn25hanwopump,0.0000028256878113506973
2026-08-21 17:17:00.000 UTC,9kXh7hSjgNypqzjAtMktgu2E47hJWVFRBR448FbVpump,0.0000030293829646333865
2026-08-21 17:18:00.000 UTC,9kXh7hSjgNypqzjAtMktgu2E47hJWVFRBR448FbVpump,0.000004918214626022273
2026-08-21 17:19:00.000 UTC,9kXh7hSjgNypqzjAtMktgu2E47hJWVFRBR448FbVpump,0.0000025746665318747753
2026-09-02 02:57:00.000 UTC,9mHXVRKmbiv2adHmkot8kWdbrGnJa9WQmkRfnsvRpump,0.000004071247622561274
2026-08-31 01:14:00.000 UTC,9nUZ4MRcjuV9ngkfGFwwrEE5w7JtrHVGHz8cZCA7pump,0.000002043945967410789
2026-08-31 01:15:00.000 UTC,9nUZ4MRcjuV9ngkfGFwwrEE5w7JtrHVGHz8cZCA7pump,8.861616619961642e-7
2026-08-31 15:11:00.000 UTC,9sjSQsgbTQiwR2HBkdQzagDMFB3htHZU9sQReY3wpump,0.0000028934772029434448
2025-02-02 11:55:00.000 UTC,9t7VYoNgwA61gNV3SG4hzMD7GjfEYWRcoQaJhvBepump,0.0000063441461921146245
2025-02-02 11:56:00.000 UTC,9t7VYoNgwA61gNV3SG4hzMD7GjfEYWRcoQaJhvBepump,0.00000656472182657619
2026-08-21 04:08:00.000 UTC,9t7VYoNgwA61gNV3SG4hzMD7GjfEYWRcoQaJhvBepump,0.000002635821253053847
2026-08-21 04:11:00.000 UTC,9t7VYoNgwA61gNV3SG4hzMD7GjfEYWRcoQaJhvBepump,0.000003028005098132052
2026-08-21 08:42:00.000 UTC,9t7VYoNgwA61gNV3SG4hzMD7GjfEYWRcoQaJhvBepump,0.000003031209213802566
2026-08-21 13:32:00.000 UTC,9t7VYoNgwA61gNV3SG4hzMD7GjfEYWRcoQaJhvBepump,0.000003020299209329468
2026-08-21 13:33:00.000 UTC,9t7VYoNgwA61gNV3SG4hzMD7GjfEYWRcoQaJhvBepump,0.0000031002460818155057
2026-08-21 21:55:00.000 UTC,9uMfGSCWF3majR9MphG1MhwPj263BgnBU8B3mBg8pump,0.0000040553713332561684
2026-08-21 21:56:00.000 UTC,9uMfGSCWF3majR9MphG1MhwPj263BgnBU8B3mBg8pump,0.0000034525100035272902
2026-08-21 21:57:00.000 UTC,9uMfGSCWF3majR9MphG1MhwPj263BgnBU8B3mBg8pump,0.000003768881403174887
2026-08-31 00:25:00.000 UTC,9uZ9GUTb7kyEyXqgrGZ2jugjzP9e5X8XBEYz2Fxkpump,0.000003730356536817347
2024-10-30 02:57:00.000 UTC,9vHjiLv4rhJzNep1srTjjYCdGc7PHBtgdpjxqQUapump,0.000005532975817469248
2024-10-30 02:58:00.000 UTC,9vHjiLv4rhJzNep1srTjjYCdGc7PHBtgdpjxqQUapump,0.000005184193857933944
2024-10-30 02:59:00.000 UTC,9vHjiLv4rhJzNep1srTjjYCdGc7PHBtgdpjxqQUapump,0.000005701876559568966
2024-10-30 03:00:00.000 UTC,9vHjiLv4rhJzNep1srTjjYCdGc7PHBtgdpjxqQUapump,0.000005734141047925725
2024-10-30 03:01:00.000 UTC,9vHjiLv4rhJzNep1srTjjYCdGc7PHBtgdpjxqQUapump,0.000005796382455889982
2024-10-30 03:02:00.000 UTC,9vHjiLv4rhJzNep1srTjjYCdGc7PHBtgdpjxqQUapump,0.000005918131922796131
2024-10-30 03:03:00.000 UTC,9vHjiLv4rhJzNep1srTjjYCdGc7PHBtgdpjxqQUapump,0.000006294964386600614
2024-10-30 03:04:00.000 UTC,9vHjiLv4rhJzNep1srTjjYCdGc7PHBtgdpjxqQUapump,0.000006738414271207313
2024-10-30 03:05:00.000 UTC,9vHjiLv4rhJzNep1srTjjYCdGc7PHBtgdpjxqQUapump,0.000011880731460609074
2024-10-30 03:06:00.000 UTC,9vHjiLv4rhJzNep1srTjjYCdGc7PHBtgdpjxqQUapump,0.000012035240246292223
2024-10-30 03:07:00.000 UTC,9vHjiLv4rhJzNep1srTjjYCdGc7PHBtgdpjxqQUapump,0.00002568290219927049
2024-10-30 03:08:00.000 UTC,9vHjiLv4rhJzNep1srTjjYCdGc7PHBtgdpjxqQUapump,0.000022431311823125734
2024-10-30 03:09:00.000 UTC,9vHjiLv4rhJzNep1srTjjYCdGc7PHBtgdpjxqQUapump,0.000013577547934935184
2024-10-30 03:10:00.000 UTC,9vHjiLv4rhJzNep1srTjjYCdGc7PHBtgdpjxqQUapump,0.000013342752573593997
2024-10-30 03:11:00.000 UTC,9vHjiLv4rhJzNep1srTjjYCdGc7PHBtgdpjxqQUapump,0.000009399119736567164
2024-10-30 03:12:00.000 UTC,9vHjiLv4rhJzNep1srTjjYCdGc7PHBtgdpjxqQUapump,0.00001128826789616752
2024-10-30 03:13:00.000 UTC,9vHjiLv4rhJzNep1srTjjYCdGc7PHBtgdpjxqQUapump,0.000011838011610398065
2024-10-30 03:14:00.000 UTC,9vHjiLv4rhJzNep1srTjjYCdGc7PHBtgdpjxqQUapump,0.000013800348130174197
2024-10-30 03:15:00.000 UTC,9vHjiLv4rhJzNep1srTjjYCdGc7PHBtgdpjxqQUapump,0.00001727746297679383
2024-10-30 03:16:00.000 UTC,9vHjiLv4rhJzNep1srTjjYCdGc7PHBtgdpjxqQUapump,0.000017858201925997306
2024-10-30 03:17:00.000 UTC,9vHjiLv4rhJzNep1srTjjYCdGc7PHBtgdpjxqQUapump,0.0000183651465680148
2024-10-30 03:18:00.000 UTC,9vHjiLv4rhJzNep1srTjjYCdGc7PHBtgdpjxqQUapump,0.000019579829836346107
2024-10-30 03:19:00.000 UTC,9vHjiLv4rhJzNep1srTjjYCdGc7PHBtgdpjxqQUapump,0.000019100192918339303
2024-10-30 03:20:00.000 UTC,9vHjiLv4rhJzNep1srTjjYCdGc7PHBtgdpjxqQUapump,0.000012818048602399913
2024-10-30 03:21:00.000 UTC,9vHjiLv4rhJzNep1srTjjYCdGc7PHBtgdpjxqQUapump,0.000012819853461784415
2024-10-30 03:22:00.000 UTC,9vHjiLv4rhJzNep1srTjjYCdGc7PHBtgdpjxqQUapump,0.000014041396959268761
2024-10-30 03:23:00.000 UTC,9vHjiLv4rhJzNep1srTjjYCdGc7PHBtgdpjxqQUapump,0.00001349507913462585
2024-10-30 03:24:00.000 UTC,9vHjiLv4rhJzNep1srTjjYCdGc7PHBtgdpjxqQUapump,0.000010761549938933934
2024-10-30 03:25:00.000 UTC,9vHjiLv4rhJzNep1srTjjYCdGc7PHBtgdpjxqQUapump,0.000012217652240153045
2024-10-30 03:26:00.000 UTC,9vHjiLv4rhJzNep1srTjjYCdGc7PHBtgdpjxqQUapump,0.00001009766814728469
2024-10-30 03:27:00.000 UTC,9vHjiLv4rhJzNep1srTjjYCdGc7PHBtgdpjxqQUapump,0.00001011289788872527
2024-10-30 03:28:00.000 UTC,9vHjiLv4rhJzNep1srTjjYCdGc7PHBtgdpjxqQUapump,0.000009978270501719111
2024-10-30 03:29:00.000 UTC,9vHjiLv4rhJzNep1srTjjYCdGc7PHBtgdpjxqQUapump,0.000008613601752665524
2024-10-30 03:30:00.000 UTC,9vHjiLv4rhJzNep1srTjjYCdGc7PHBtgdpjxqQUapump,0.00000794519038155113
2024-10-30 03:31:00.000 UTC,9vHjiLv4rhJzNep1srTjjYCdGc7PHBtgdpjxqQUapump,0.000007902085081867643
2024-10-30 03:32:00.000 UTC,9vHjiLv4rhJzNep1srTjjYCdGc7PHBtgdpjxqQUapump,0.000008202923658354886
2024-10-30 03:34:00.000 UTC,9vHjiLv4rhJzNep1srTjjYCdGc7PHBtgdpjxqQUapump,0.000007828153475435106
2024-10-30 03:40:00.000 UTC,9vHjiLv4rhJzNep1srTjjYCdGc7PHBtgdpjxqQUapump,0.000007170952445511851
2024-10-30 03:41:00.000 UTC,9vHjiLv4rhJzNep1srTjjYCdGc7PHBtgdpjxqQUapump,0.000007854905736846672
2024-10-30 03:42:00.000 UTC,9vHjiLv4rhJzNep1srTjjYCdGc7PHBtgdpjxqQUapump,0.000009488439188708716
2024-10-30 03:43:00.000 UTC,9vHjiLv4rhJzNep1srTjjYCdGc7PHBtgdpjxqQUapump,0.000009408348006251798
2024-10-30 03:46:00.000 UTC,9vHjiLv4rhJzNep1srTjjYCdGc7PHBtgdpjxqQUapump,0.000007668112494301489
2024-10-30 03:48:00.000 UTC,9vHjiLv4rhJzNep1srTjjYCdGc7PHBtgdpjxqQUapump,0.00000783452080300873
2024-10-30 03:56:00.000 UTC,9vHjiLv4rhJzNep1srTjjYCdGc7PHBtgdpjxqQUapump,0.000007421082484071984
2024-10-30 04:01:00.000 UTC,9vHjiLv4rhJzNep1srTjjYCdGc7PHBtgdpjxqQUapump,0.0000069288293248370825
2024-10-30 04:48:00.000 UTC,9vHjiLv4rhJzNep1srTjjYCdGc7PHBtgdpjxqQUapump,0.000005735041759712756
2024-10-30 04:53:00.000 UTC,9vHjiLv4rhJzNep1srTjjYCdGc7PHBtgdpjxqQUapump,0.000005949270249934442
2024-10-30 04:54:00.000 UTC,9vHjiLv4rhJzNep1srTjjYCdGc7PHBtgdpjxqQUapump,0.000007800630046491855
2024-10-30 04:55:00.000 UTC,9vHjiLv4rhJzNep1srTjjYCdGc7PHBtgdpjxqQUapump,0.000008558854074810154
2024-10-30 04:58:00.000 UTC,9vHjiLv4rhJzNep1srTjjYCdGc7PHBtgdpjxqQUapump,0.000007596456922309419
2024-10-30 05:07:00.000 UTC,9vHjiLv4rhJzNep1srTjjYCdGc7PHBtgdpjxqQUapump,0.000006284260022037457
2024-10-30 05:08:00.000 UTC,9vHjiLv4rhJzNep1srTjjYCdGc7PHBtgdpjxqQUapump,0.000006321530592451949
2024-10-30 05:28:00.000 UTC,9vHjiLv4rhJzNep1srTjjYCdGc7PHBtgdpjxqQUapump,0.000006248057213210801
2024-10-30 14:48:00.000 UTC,9vHjiLv4rhJzNep1srTjjYCdGc7PHBtgdpjxqQUapump,0.000005547100525197461
2026-08-23 03:03:00.000 UTC,9vHjiLv4rhJzNep1srTjjYCdGc7PHBtgdpjxqQUapump,0.000002834780176025431
2026-08-23 07:29:00.000 UTC,9vHjiLv4rhJzNep1srTjjYCdGc7PHBtgdpjxqQUapump,0.000002824315995810958
2026-08-23 07:31:00.000 UTC,9vHjiLv4rhJzNep1srTjjYCdGc7PHBtgdpjxqQUapump,0.000003017533260952707
2026-08-23 07:32:00.000 UTC,9vHjiLv4rhJzNep1srTjjYCdGc7PHBtgdpjxqQUapump,0.000003379397157842699
2026-08-23 07:33:00.000 UTC,9vHjiLv4rhJzNep1srTjjYCdGc7PHBtgdpjxqQUapump,0.0000035207597378012468
2026-08-23 07:34:00.000 UTC,9vHjiLv4rhJzNep1srTjjYCdGc7PHBtgdpjxqQUapump,0.000003611827105924515
2026-08-23 07:36:00.000 UTC,9vHjiLv4rhJzNep1srTjjYCdGc7PHBtgdpjxqQUapump,0.000003944568017517949
2026-08-23 07:42:00.000 UTC,9vHjiLv4rhJzNep1srTjjYCdGc7PHBtgdpjxqQUapump,0.0000036546523244328984
2026-08-23 08:01:00.000 UTC,9vHjiLv4rhJzNep1srTjjYCdGc7PHBtgdpjxqQUapump,0.0000036194958083129103
2026-09-11 01:52:00.000 UTC,9wVe3GL2E1SgoHKEFubCjEbpW65xQBdLXW7vPhsmpump,0.0000027741042239302226
2026-09-02 14:24:00.000 UTC,9yHXaiC5HQT2giWQdnMQES7VBZMgYddMPCHRzrC4pump,0.000003202905712047518
2026-09-02 14:25:00.000 UTC,9yHXaiC5HQT2giWQdnMQES7VBZMgYddMPCHRzrC4pump,7.35465135170019e-7
2026-09-02 14:26:00.000 UTC,9yHXaiC5HQT2giWQdnMQES7VBZMgYddMPCHRzrC4pump,7.778461506013486e-8
2026-08-28 20:51:00.000 UTC,9yNnSDxdBWsH2FD2wBGbCbtGQLjfnP34UBHLGSPXFo4M,0.00000904078426490493
2026-08-28 20:52:00.000 UTC,9yNnSDxdBWsH2FD2wBGbCbtGQLjfnP34UBHLGSPXFo4M,0.000007216277185947669
2026-08-28 20:53:00.000 UTC,9yNnSDxdBWsH2FD2wBGbCbtGQLjfnP34UBHLGSPXFo4M,0.0000029846333886394766
2026-08-29 15:19:00.000 UTC,9yNnSDxdBWsH2FD2wBGbCbtGQLjfnP34UBHLGSPXFo4M,0.000002953170359205486
2026-08-29 15:20:00.000 UTC,9yNnSDxdBWsH2FD2wBGbCbtGQLjfnP34UBHLGSPXFo4M,0.0000030431920354362893
2026-08-26 20:59:00.000 UTC,9z7ZpfciZREEhQLott61T65p2XtfCKmHDzEemmHXpump,0.000001213756575244338
2026-08-26 21:03:00.000 UTC,9z7ZpfciZREEhQLott61T65p2XtfCKmHDzEemmHXpump,3.6981209509915344e-7
2026-08-26 21:04:00.000 UTC,9z7ZpfciZREEhQLott61T65p2XtfCKmHDzEemmHXpump,2.199031054598308e-7
2026-08-26 21:05:00.000 UTC,9z7ZpfciZREEhQLott61T65p2XtfCKmHDzEemmHXpump,3.4511463903999313e-7
2026-08-26 21:06:00.000 UTC,9z7ZpfciZREEhQLott61T65p2XtfCKmHDzEemmHXpump,3.6778379321610587e-7
2026-08-26 21:07:00.000 UTC,9z7ZpfciZREEhQLott61T65p2XtfCKmHDzEemmHXpump,3.8125752834600374e-7
2026-08-26 21:08:00.000 UTC,9z7ZpfciZREEhQLott61T65p2XtfCKmHDzEemmHXpump,2.3369171048729094e-7
2026-08-26 21:09:00.000 UTC,9z7ZpfciZREEhQLott61T65p2XtfCKmHDzEemmHXpump,2.2708948962084847e-7
2026-08-26 21:10:00.000 UTC,9z7ZpfciZREEhQLott61T65p2XtfCKmHDzEemmHXpump,1.8898556294480855e-7
2026-08-26 21:11:00.000 UTC,9z7ZpfciZREEhQLott61T65p2XtfCKmHDzEemmHXpump,2.45301428137043e-7
2026-08-26 21:12:00.000 UTC,9z7ZpfciZREEhQLott61T65p2XtfCKmHDzEemmHXpump,1.8868606356637635e-7
2026-08-26 21:13:00.000 UTC,9z7ZpfciZREEhQLott61T65p2XtfCKmHDzEemmHXpump,1.8355816833701899e-7
2026-08-26 21:14:00.000 UTC,9z7ZpfciZREEhQLott61T65p2XtfCKmHDzEemmHXpump,1.8545352812987648e-7
2026-09-01 13:20:00.000 UTC,9zf5XTAbtDiPRQf5PV8YMQKUaVLxqRegS9cXhN4xpump,0.0000032698729077377842
2026-09-01 13:21:00.000 UTC,9zf5XTAbtDiPRQf5PV8YMQKUaVLxqRegS9cXhN4xpump,0.0000029359066113781855
2026-09-01 18:30:00.000 UTC,A5Mj38L1RGNszxHR3kXSYhXN5CgePJ6K1nNppPdkpump,0.0000030908486483585774
2026-08-19 03:24:00.000 UTC,A62J6HsPrtP5RWeGwySvhCtqsXh9KTkm43EfPDAmSF2Y,0.0000019179881509948496
2026-08-22 22:48:00.000 UTC,A63A6AkwGg8CL3KDobofErpLBYa3Twf5Voa7r2JKpump,0.000004544152026245181
2026-08-23 13:19:00.000 UTC,A63A6AkwGg8CL3KDobofErpLBYa3Twf5Voa7r2JKpump,0.0000026507923130548637
2026-09-10 18:26:00.000 UTC,A67kj1iPWSYBqwqXwxywXbZD1nj5ky7wq1qEQJgupump,0.0000029039368395154214
2026-08-25 02:05:00.000 UTC,A9XFMMLMEc7edCtMuMHnDNkKx5B1YJMCph9rz1zApump,0.000003444375231523855
2026-08-25 02:06:00.000 UTC,A9XFMMLMEc7edCtMuMHnDNkKx5B1YJMCph9rz1zApump,0.0000044703022431097195
2026-08-25 02:07:00.000 UTC,A9XFMMLMEc7edCtMuMHnDNkKx5B1YJMCph9rz1zApump,0.000005006187664699953
2026-08-25 02:08:00.000 UTC,A9XFMMLMEc7edCtMuMHnDNkKx5B1YJMCph9rz1zApump,0.000004579167015821179
2026-08-25 02:10:00.000 UTC,A9XFMMLMEc7edCtMuMHnDNkKx5B1YJMCph9rz1zApump,0.0000030026624642593707
2026-08-23 15:17:00.000 UTC,A9nCCKY1L6CCKAofvPgntdGYr4uPuf5xeGvUu8sjpump,0.0000023518835868166717
2026-09-04 01:55:00.000 UTC,AFk68yvNpVBLRBtfZqJR27TWGNfp4mXCQMcnkiE5pump,0.0000028178114442086652
2026-08-19 16:51:00.000 UTC,AHGzbX9PaEZViXP8SYDMwSbjWrEwxqNMneqkZf5rpump,0.000005952143657518874
2026-09-06 21:08:00.000 UTC,AHqiBNErLbsrcsrZcE4c22jUS7nW2PXsoHaABP7Ypump,0.0000037134304946064347
2026-09-12 20:36:00.000 UTC,AKbiQNUwihp3nPRFtVZaJ6ScLSbHsaCNi9TJ3NpYpump,0.0000017950679916855514
2026-09-12 20:37:00.000 UTC,AKbiQNUwihp3nPRFtVZaJ6ScLSbHsaCNi9TJ3NpYpump,6.622390641494346e-7
2026-09-09 15:14:00.000 UTC,APew9zwdVjWCEiJ19iGGqSWDfLbCJ4FEPvfpRkiYpump,0.000006349794650514675
2026-09-09 15:17:00.000 UTC,APew9zwdVjWCEiJ19iGGqSWDfLbCJ4FEPvfpRkiYpump,0.00000794195219029397
2026-09-09 15:18:00.000 UTC,APew9zwdVjWCEiJ19iGGqSWDfLbCJ4FEPvfpRkiYpump,0.000007974527988844686
2026-09-09 15:51:00.000 UTC,APew9zwdVjWCEiJ19iGGqSWDfLbCJ4FEPvfpRkiYpump,0.000007991592844307319
2026-09-02 15:39:00.000 UTC,AQgKEC4ChBifU6AUEazWQNfDCnfHuHrE4cKu9bVpump,0.000002868162116286101
2026-09-02 15:40:00.000 UTC,AQgKEC4ChBifU6AUEazWQNfDCnfHuHrE4cKu9bVpump,0.000002896268870499587
2026-09-02 15:44:00.000 UTC,AQgKEC4ChBifU6AUEazWQNfDCnfHuHrE4cKu9bVpump,0.0000030266772077535097
2026-09-07 22:13:00.000 UTC,ARB4mu1SZcKwLzBwdWhRMrxVhvjKaFaceRVkNpZ2pump,0.0000025935391738261052
2026-09-07 22:14:00.000 UTC,ARB4mu1SZcKwLzBwdWhRMrxVhvjKaFaceRVkNpZ2pump,5.30406691333252e-7
2026-08-29 15:49:00.000 UTC,ASnf6CnBu2gKi1y72Xsy8Rwrz2B7mu4tNWwATYkJpump,0.000002968965517241735
2026-08-29 15:50:00.000 UTC,ASnf6CnBu2gKi1y72Xsy8Rwrz2B7mu4tNWwATYkJpump,0.000003105316606952282
2026-09-10 15:16:00.000 UTC,ATHE9DL7gLDSWirbDa6wpFd5w6DmcUzubzXfQMhDpump,0.000003024108736731617
2026-08-31 14:05:00.000 UTC,ATZ2bC5s9oToMkAhCvhKqjSBy7vo7iBypetCw2Zmpump,0.0000028908334554793735
2026-08-31 14:23:00.000 UTC,ATZ2bC5s9oToMkAhCvhKqjSBy7vo7iBypetCw2Zmpump,0.00000286944939652933
2026-08-31 14:55:00.000 UTC,ATZ2bC5s9oToMkAhCvhKqjSBy7vo7iBypetCw2Zmpump,0.000002887593221023315
2026-08-06 05:05:00.000 UTC,ATaiM7viCFt8xZVoKMXrgv6rFZrAVFq5MbdGjzDApump,0.0000028756703575269576
2026-08-06 05:06:00.000 UTC,ATaiM7viCFt8xZVoKMXrgv6rFZrAVFq5MbdGjzDApump,0.0000026749194236921503
2026-08-06 05:07:00.000 UTC,ATaiM7viCFt8xZVoKMXrgv6rFZrAVFq5MbdGjzDApump,0.0000021387703749250905
2026-08-24 17:43:00.000 UTC,ATaiM7viCFt8xZVoKMXrgv6rFZrAVFq5MbdGjzDApump,0.000002750419387652599
2026-09-10 13:00:00.000 UTC,AW2LYsHdDvXLSubWGxLRsvMmSuXUch4Y5tutncwLoepY,0.000004041640840883599
2026-09-10 13:01:00.000 UTC,AW2LYsHdDvXLSubWGxLRsvMmSuXUch4Y5tutncwLoepY,0.000004087292942212793
2026-09-10 13:02:00.000 UTC,AW2LYsHdDvXLSubWGxLRsvMmSuXUch4Y5tutncwLoepY,0.000003365080696940462
2026-09-10 13:03:00.000 UTC,AW2LYsHdDvXLSubWGxLRsvMmSuXUch4Y5tutncwLoepY,0.000003507899238756106
2026-09-10 13:04:00.000 UTC,AW2LYsHdDvXLSubWGxLRsvMmSuXUch4Y5tutncwLoepY,0.000003611653280517895
2026-08-19 08:19:00.000 UTC,AWuMsx2y9kP72XLmuh62NuFgmssibsqqU78yc8KYpump,0.000003879182848303714
2026-08-19 08:20:00.000 UTC,AWuMsx2y9kP72XLmuh62NuFgmssibsqqU78yc8KYpump,0.000003831081826028903
2026-08-15 06:31:00.000 UTC,AXkuwFhMuw1dLHddvxukpuXSwUMQVa9v5YJcDHGApump,0.0000015970861580096982
2026-08-15 06:32:00.000 UTC,AXkuwFhMuw1dLHddvxukpuXSwUMQVa9v5YJcDHGApump,2.1854875668162467e-7
2026-09-11 01:54:00.000 UTC,AY5jdjyh7ECDgUzLHA2WEt1FL2ZSCHLtDGbNX6VHpump,0.0000028421268356296257
2026-09-11 20:55:00.000 UTC,AYNLX9fSnTbqPKxP477scs5PNjG27Kvva9zcLJdZpump,0.0000028987649977283425
2026-09-07 19:06:00.000 UTC,AZjrpc9XwGLyUmcPBnfLE6BbGhuqb7ERCRGv7do8pump,0.0000029251923186395914
2026-09-04 10:28:00.000 UTC,AasQKuquFuJQWYLA26gzSAp7XVCxGqr7A7WZfpyfpump,0.000004421747656611547
2026-08-27 03:43:00.000 UTC,AbuJJzBeVmE4YKNeihZZyMjr6jaTYzaTkXL9gSDdpump,0.000005774571197031421
2026-08-27 03:44:00.000 UTC,AbuJJzBeVmE4YKNeihZZyMjr6jaTYzaTkXL9gSDdpump,0.000007795450049827718
2026-08-27 03:45:00.000 UTC,AbuJJzBeVmE4YKNeihZZyMjr6jaTYzaTkXL9gSDdpump,0.000012249695156650362
2026-08-27 03:46:00.000 UTC,AbuJJzBeVmE4YKNeihZZyMjr6jaTYzaTkXL9gSDdpump,0.00001873168093427579
2026-08-27 03:47:00.000 UTC,AbuJJzBeVmE4YKNeihZZyMjr6jaTYzaTkXL9gSDdpump,0.00002185151274275788
2026-08-27 03:48:00.000 UTC,AbuJJzBeVmE4YKNeihZZyMjr6jaTYzaTkXL9gSDdpump,0.000022505830402144676
2026-08-27 03:49:00.000 UTC,AbuJJzBeVmE4YKNeihZZyMjr6jaTYzaTkXL9gSDdpump,0.000019161564800378486
2026-08-27 03:50:00.000 UTC,AbuJJzBeVmE4YKNeihZZyMjr6jaTYzaTkXL9gSDdpump,0.000019882728773962754
2026-08-27 03:51:00.000 UTC,AbuJJzBeVmE4YKNeihZZyMjr6jaTYzaTkXL9gSDdpump,0.00002272455215289086
2026-08-27 03:52:00.000 UTC,AbuJJzBeVmE4YKNeihZZyMjr6jaTYzaTkXL9gSDdpump,0.00003480104946951456
2026-08-31 21:21:00.000 UTC,AeL6TecZvs169r3YoK5wpsZnhZNWLCHc6g3ueaEUpump,0.000004898825612800863
2026-08-31 21:22:00.000 UTC,AeL6TecZvs169r3YoK5wpsZnhZNWLCHc6g3ueaEUpump,0.000006385330069551949
2026-08-18 00:15:00.000 UTC,Aex2WtuZDkUAtiw97hjx2zr9d9n9KcXTWUijzyHVpump,0.000002129845542039131
2026-08-20 10:14:00.000 UTC,AfA2Srjmf7Vjtw5VpUGAkjT9VyNmspQv2VrnrG9ipump,0.000002444423526234323
2026-08-26 16:11:00.000 UTC,AgfbxsoGiPUWQzMGnjMMG9SE6MSfHb1Yw9s9E7zPpump,0.00000525856874125657
2026-08-26 16:12:00.000 UTC,AgfbxsoGiPUWQzMGnjMMG9SE6MSfHb1Yw9s9E7zPpump,0.0000027630352742727204
2026-08-26 16:25:00.000 UTC,AgfbxsoGiPUWQzMGnjMMG9SE6MSfHb1Yw9s9E7zPpump,0.0000026811520166928122
2026-08-25 12:06:00.000 UTC,AiPSRbeB1VhiYe2veP9nDE4pzmCNPLYa12HZmgALpump,0.0000037013591466934338
2026-09-01 08:04:00.000 UTC,AiwAF1jgMrdhapFdoa72whkT539gL5QAEG2YAW2HsMTe,0.0000029082446201721345
2026-08-25 10:58:00.000 UTC,AjMAUD5srWL3KP48bA7DbdiqSLsYzezq51XPiqQBpump,0.000003538222672519875
2026-08-21 17:45:00.000 UTC,AkAgDBfS2Dv6rzW7PBcyRMB1JqmnR7VHTP7vsryjpump,0.00000413389659711444
2026-08-21 17:46:00.000 UTC,AkAgDBfS2Dv6rzW7PBcyRMB1JqmnR7VHTP7vsryjpump,0.0000040624458791221815
2026-08-21 17:47:00.000 UTC,AkAgDBfS2Dv6rzW7PBcyRMB1JqmnR7VHTP7vsryjpump,0.0000046885449570452845
2026-08-21 17:48:00.000 UTC,AkAgDBfS2Dv6rzW7PBcyRMB1JqmnR7VHTP7vsryjpump,0.000004648969811992138
2026-08-21 17:49:00.000 UTC,AkAgDBfS2Dv6rzW7PBcyRMB1JqmnR7VHTP7vsryjpump,0.000003847082436533943
2026-08-31 20:30:00.000 UTC,AocXL1T2VcdA2SG7ULWvsEEnLH3Hsmy8PFUF2Lfkpump,0.000002943046080412721
2026-08-31 20:31:00.000 UTC,AocXL1T2VcdA2SG7ULWvsEEnLH3Hsmy8PFUF2Lfkpump,0.0000031250361851021467
2026-09-02 12:48:00.000 UTC,AowxQfaBkRTTYsx22XyromXPMa3J2nBQokERJxcCpump,0.000004712151643321272
2026-09-02 12:49:00.000 UTC,AowxQfaBkRTTYsx22XyromXPMa3J2nBQokERJxcCpump,0.000003675047780341236
2026-08-17 20:05:00.000 UTC,Arh9yqh5mUhRFnRdACu1ZqaMZ5xiMFgx7g2J9AXwpump,0.000004678394370668399
2026-08-17 20:06:00.000 UTC,Arh9yqh5mUhRFnRdACu1ZqaMZ5xiMFgx7g2J9AXwpump,0.000005131672174655892
2026-08-17 20:07:00.000 UTC,Arh9yqh5mUhRFnRdACu1ZqaMZ5xiMFgx7g2J9AXwpump,0.0000050066905434410195
2026-08-17 20:08:00.000 UTC,Arh9yqh5mUhRFnRdACu1ZqaMZ5xiMFgx7g2J9AXwpump,0.000004849294690520397
2026-08-17 20:09:00.000 UTC,Arh9yqh5mUhRFnRdACu1ZqaMZ5xiMFgx7g2J9AXwpump,0.0000048708539760895536
2026-08-17 20:10:00.000 UTC,Arh9yqh5mUhRFnRdACu1ZqaMZ5xiMFgx7g2J9AXwpump,0.0000047855356993125325
2026-08-17 20:12:00.000 UTC,Arh9yqh5mUhRFnRdACu1ZqaMZ5xiMFgx7g2J9AXwpump,0.000004896960258298228
2026-08-17 20:14:00.000 UTC,Arh9yqh5mUhRFnRdACu1ZqaMZ5xiMFgx7g2J9AXwpump,0.0000051414745725750925
2026-08-17 20:15:00.000 UTC,Arh9yqh5mUhRFnRdACu1ZqaMZ5xiMFgx7g2J9AXwpump,0.000005098338262171401
2026-08-17 20:17:00.000 UTC,Arh9yqh5mUhRFnRdACu1ZqaMZ5xiMFgx7g2J9AXwpump,0.000005129262944115084
2026-08-17 20:18:00.000 UTC,Arh9yqh5mUhRFnRdACu1ZqaMZ5xiMFgx7g2J9AXwpump,0.000005247261598339948
2026-08-17 20:19:00.000 UTC,Arh9yqh5mUhRFnRdACu1ZqaMZ5xiMFgx7g2J9AXwpump,0.000006137943738675202
2026-08-17 20:20:00.000 UTC,Arh9yqh5mUhRFnRdACu1ZqaMZ5xiMFgx7g2J9AXwpump,0.00000749249689805059
2026-08-17 20:21:00.000 UTC,Arh9yqh5mUhRFnRdACu1ZqaMZ5xiMFgx7g2J9AXwpump,0.000009052994939732573
2026-08-17 20:22:00.000 UTC,Arh9yqh5mUhRFnRdACu1ZqaMZ5xiMFgx7g2J9AXwpump,0.000010138819268412102
2026-08-17 20:23:00.000 UTC,Arh9yqh5mUhRFnRdACu1ZqaMZ5xiMFgx7g2J9AXwpump,0.000010460147024204858
2026-08-17 20:24:00.000 UTC,Arh9yqh5mUhRFnRdACu1ZqaMZ5xiMFgx7g2J9AXwpump,0.000010492906303887455
2026-08-17 20:25:00.000 UTC,Arh9yqh5mUhRFnRdACu1ZqaMZ5xiMFgx7g2J9AXwpump,0.000010510386255446192
2026-08-17 20:26:00.000 UTC,Arh9yqh5mUhRFnRdACu1ZqaMZ5xiMFgx7g2J9AXwpump,0.000004747663404125548
2026-08-17 20:27:00.000 UTC,Arh9yqh5mUhRFnRdACu1ZqaMZ5xiMFgx7g2J9AXwpump,0.0000022570513461219845
2026-08-17 20:28:00.000 UTC,Arh9yqh5mUhRFnRdACu1ZqaMZ5xiMFgx7g2J9AXwpump,0.000002355906351989214
2026-08-17 20:29:00.000 UTC,Arh9yqh5mUhRFnRdACu1ZqaMZ5xiMFgx7g2J9AXwpump,0.0000023065234825488436
2026-08-17 20:31:00.000 UTC,Arh9yqh5mUhRFnRdACu1ZqaMZ5xiMFgx7g2J9AXwpump,0.0000023252004901095324
2026-08-17 20:32:00.000 UTC,Arh9yqh5mUhRFnRdACu1ZqaMZ5xiMFgx7g2J9AXwpump,0.000002392694963941623
2026-08-17 20:46:00.000 UTC,Arh9yqh5mUhRFnRdACu1ZqaMZ5xiMFgx7g2J9AXwpump,0.0000022335914585894077
2026-08-17 21:37:00.000 UTC,Arh9yqh5mUhRFnRdACu1ZqaMZ5xiMFgx7g2J9AXwpump,0.000002338774503521019
2026-08-17 21:38:00.000 UTC,Arh9yqh5mUhRFnRdACu1ZqaMZ5xiMFgx7g2J9AXwpump,0.000002430889470753998
2026-08-17 21:39:00.000 UTC,Arh9yqh5mUhRFnRdACu1ZqaMZ5xiMFgx7g2J9AXwpump,0.000002779050004035142
2026-08-17 21:40:00.000 UTC,Arh9yqh5mUhRFnRdACu1ZqaMZ5xiMFgx7g2J9AXwpump,0.000002834543546287043
2026-08-17 21:41:00.000 UTC,Arh9yqh5mUhRFnRdACu1ZqaMZ5xiMFgx7g2J9AXwpump,0.00000337256543989295
2026-08-17 21:42:00.000 UTC,Arh9yqh5mUhRFnRdACu1ZqaMZ5xiMFgx7g2J9AXwpump,0.000003750792229513019
2026-08-17 21:43:00.000 UTC,Arh9yqh5mUhRFnRdACu1ZqaMZ5xiMFgx7g2J9AXwpump,0.000003996960463896022
2026-08-17 21:44:00.000 UTC,Arh9yqh5mUhRFnRdACu1ZqaMZ5xiMFgx7g2J9AXwpump,0.000004541568970149451
2026-08-17 21:45:00.000 UTC,Arh9yqh5mUhRFnRdACu1ZqaMZ5xiMFgx7g2J9AXwpump,0.0000047956678738336925
2026-08-17 21:46:00.000 UTC,Arh9yqh5mUhRFnRdACu1ZqaMZ5xiMFgx7g2J9AXwpump,0.000005008045128233353
2026-08-17 21:47:00.000 UTC,Arh9yqh5mUhRFnRdACu1ZqaMZ5xiMFgx7g2J9AXwpump,0.000005057110630718015
2026-08-17 21:48:00.000 UTC,Arh9yqh5mUhRFnRdACu1ZqaMZ5xiMFgx7g2J9AXwpump,0.000004903356124319506
2026-08-17 21:49:00.000 UTC,Arh9yqh5mUhRFnRdACu1ZqaMZ5xiMFgx7g2J9AXwpump,0.000004480327529443697
2026-08-17 21:50:00.000 UTC,Arh9yqh5mUhRFnRdACu1ZqaMZ5xiMFgx7g2J9AXwpump,0.000004107803621057204
2026-08-17 21:51:00.000 UTC,Arh9yqh5mUhRFnRdACu1ZqaMZ5xiMFgx7g2J9AXwpump,0.00000344303705122559
2026-08-17 21:52:00.000 UTC,Arh9yqh5mUhRFnRdACu1ZqaMZ5xiMFgx7g2J9AXwpump,0.000003378301868248507
2026-08-17 21:56:00.000 UTC,Arh9yqh5mUhRFnRdACu1ZqaMZ5xiMFgx7g2J9AXwpump,0.00000307181407155201
2026-08-17 21:58:00.000 UTC,Arh9yqh5mUhRFnRdACu1ZqaMZ5xiMFgx7g2J9AXwpump,0.000003165080471201192
2026-08-17 22:15:00.000 UTC,Arh9yqh5mUhRFnRdACu1ZqaMZ5xiMFgx7g2J9AXwpump,0.000002767800006218648
2026-08-18 14:08:00.000 UTC,Arh9yqh5mUhRFnRdACu1ZqaMZ5xiMFgx7g2J9AXwpump,0.0000024273966161485114
2026-08-18 15:14:00.000 UTC,Arh9yqh5mUhRFnRdACu1ZqaMZ5xiMFgx7g2J9AXwpump,0.0000024591928482955785
2026-08-23 02:37:00.000 UTC,Atpw8UhYg3X3V2Xg3RxCvyKed7mVaZPK71VT686pump,0.0000026497255104947996
2026-08-17 14:22:00.000 UTC,AuFno8K7YsiEcHJnkFu8kGb8CQQtWwW299gghQSypump,0.000009258409737156386
2026-08-17 14:23:00.000 UTC,AuFno8K7YsiEcHJnkFu8kGb8CQQtWwW299gghQSypump,0.000010837882783834402
2026-08-17 14:24:00.000 UTC,AuFno8K7YsiEcHJnkFu8kGb8CQQtWwW299gghQSypump,0.000015647367606831766
2026-08-17 14:25:00.000 UTC,AuFno8K7YsiEcHJnkFu8kGb8CQQtWwW299gghQSypump,0.0000155752763678755
2026-08-17 14:26:00.000 UTC,AuFno8K7YsiEcHJnkFu8kGb8CQQtWwW299gghQSypump,0.000008429930370670672
2026-08-17 14:27:00.000 UTC,AuFno8K7YsiEcHJnkFu8kGb8CQQtWwW299gghQSypump,0.000006324600856139823
2026-08-17 14:28:00.000 UTC,AuFno8K7YsiEcHJnkFu8kGb8CQQtWwW299gghQSypump,0.000006723929194196912
2026-08-17 14:29:00.000 UTC,AuFno8K7YsiEcHJnkFu8kGb8CQQtWwW299gghQSypump,0.000007944095441271626
2026-08-17 14:30:00.000 UTC,AuFno8K7YsiEcHJnkFu8kGb8CQQtWwW299gghQSypump,0.000008846266533852258
2026-08-17 14:31:00.000 UTC,AuFno8K7YsiEcHJnkFu8kGb8CQQtWwW299gghQSypump,0.000014498219735604089
2026-08-17 14:32:00.000 UTC,AuFno8K7YsiEcHJnkFu8kGb8CQQtWwW299gghQSypump,0.000017689234003034316
2026-08-17 14:33:00.000 UTC,AuFno8K7YsiEcHJnkFu8kGb8CQQtWwW299gghQSypump,0.000015190965101757226
2026-08-17 14:34:00.000 UTC,AuFno8K7YsiEcHJnkFu8kGb8CQQtWwW299gghQSypump,0.000012572188272920064
2026-08-17 14:35:00.000 UTC,AuFno8K7YsiEcHJnkFu8kGb8CQQtWwW299gghQSypump,0.000013418620975316545
2026-08-17 14:36:00.000 UTC,AuFno8K7YsiEcHJnkFu8kGb8CQQtWwW299gghQSypump,0.000011522145831415256
2026-08-17 14:37:00.000 UTC,AuFno8K7YsiEcHJnkFu8kGb8CQQtWwW299gghQSypump,0.000012956236943655473
2026-08-17 14:38:00.000 UTC,AuFno8K7YsiEcHJnkFu8kGb8CQQtWwW299gghQSypump,0.000015029761940956539
2026-08-17 14:39:00.000 UTC,AuFno8K7YsiEcHJnkFu8kGb8CQQtWwW299gghQSypump,0.00001584988179756329
2026-08-17 14:40:00.000 UTC,AuFno8K7YsiEcHJnkFu8kGb8CQQtWwW299gghQSypump,0.000015480870845947614
2026-08-17 14:41:00.000 UTC,AuFno8K7YsiEcHJnkFu8kGb8CQQtWwW299gghQSypump,0.000014645897565836169
2026-08-17 14:42:00.000 UTC,AuFno8K7YsiEcHJnkFu8kGb8CQQtWwW299gghQSypump,0.00001656186093845045
2026-08-17 14:43:00.000 UTC,AuFno8K7YsiEcHJnkFu8kGb8CQQtWwW299gghQSypump,0.000015752379459308363
2026-08-17 14:44:00.000 UTC,AuFno8K7YsiEcHJnkFu8kGb8CQQtWwW299gghQSypump,0.000014360234537363815
2026-08-17 14:45:00.000 UTC,AuFno8K7YsiEcHJnkFu8kGb8CQQtWwW299gghQSypump,0.000014472248001123928
2026-08-17 14:46:00.000 UTC,AuFno8K7YsiEcHJnkFu8kGb8CQQtWwW299gghQSypump,0.000014280216648668148
2026-08-17 14:47:00.000 UTC,AuFno8K7YsiEcHJnkFu8kGb8CQQtWwW299gghQSypump,0.000019711396511946027
2026-08-17 14:48:00.000 UTC,AuFno8K7YsiEcHJnkFu8kGb8CQQtWwW299gghQSypump,0.000021131866260983266
2026-08-17 14:49:00.000 UTC,AuFno8K7YsiEcHJnkFu8kGb8CQQtWwW299gghQSypump,0.000023112848281800978
2026-08-17 14:50:00.000 UTC,AuFno8K7YsiEcHJnkFu8kGb8CQQtWwW299gghQSypump,0.000021578691417896846
2026-08-17 14:51:00.000 UTC,AuFno8K7YsiEcHJnkFu8kGb8CQQtWwW299gghQSypump,0.000020127547015320056
2026-08-17 14:52:00.000 UTC,AuFno8K7YsiEcHJnkFu8kGb8CQQtWwW299gghQSypump,0.00002076393666859655
2026-08-17 14:54:00.000 UTC,AuFno8K7YsiEcHJnkFu8kGb8CQQtWwW299gghQSypump,0.00002174777291767048
2026-08-17 14:55:00.000 UTC,AuFno8K7YsiEcHJnkFu8kGb8CQQtWwW299gghQSypump,0.00001923114706887605
2026-08-17 14:56:00.000 UTC,AuFno8K7YsiEcHJnkFu8kGb8CQQtWwW299gghQSypump,0.00001734953439240143
2026-08-17 14:57:00.000 UTC,AuFno8K7YsiEcHJnkFu8kGb8CQQtWwW299gghQSypump,0.000023619508685635527
2026-08-17 14:58:00.000 UTC,AuFno8K7YsiEcHJnkFu8kGb8CQQtWwW299gghQSypump,0.000022461122380500825
2026-08-17 14:59:00.000 UTC,AuFno8K7YsiEcHJnkFu8kGb8CQQtWwW299gghQSypump,0.000022738626425322498
2026-08-17 15:00:00.000 UTC,AuFno8K7YsiEcHJnkFu8kGb8CQQtWwW299gghQSypump,0.000023195557289634898
2026-08-17 15:01:00.000 UTC,AuFno8K7YsiEcHJnkFu8kGb8CQQtWwW299gghQSypump,0.00002339063059721943
2026-08-17 15:02:00.000 UTC,AuFno8K7YsiEcHJnkFu8kGb8CQQtWwW299gghQSypump,0.000023403368374841382
2026-08-17 15:03:00.000 UTC,AuFno8K7YsiEcHJnkFu8kGb8CQQtWwW299gghQSypump,0.00002462216317656718
2026-08-17 15:04:00.000 UTC,AuFno8K7YsiEcHJnkFu8kGb8CQQtWwW299gghQSypump,0.000026306766632559015
2026-09-02 00:47:00.000 UTC,Av5KDsM29L8zme3CiA3hMGBbuAWBexowWSd8BsRdpump,0.000003597138652946818
2026-09-02 00:48:00.000 UTC,Av5KDsM29L8zme3CiA3hMGBbuAWBexowWSd8BsRdpump,0.000001279987080177516
2026-09-02 00:49:00.000 UTC,Av5KDsM29L8zme3CiA3hMGBbuAWBexowWSd8BsRdpump,0.0000012804245842485316
2026-08-31 02:11:00.000 UTC,AvK6ywipxxe8EhQqnQHoSHzR5g9aJGcQq7LS1FNupump,0.0000028467856682162675
2026-08-31 02:12:00.000 UTC,AvK6ywipxxe8EhQqnQHoSHzR5g9aJGcQq7LS1FNupump,0.0000028521006135148154
2026-08-24 10:30:00.000 UTC,AwGuF3uCVamRzHbgNLsFE854hDZL9bou1LKQ7E7pump,0.0000026494814445748828
2026-09-08 19:01:00.000 UTC,AxS1xFTJU1jnMo18MwnbkL4t5syQ6UV5WGth2KhHpump,0.0000029190314530633373
2026-09-08 19:05:00.000 UTC,AxS1xFTJU1jnMo18MwnbkL4t5syQ6UV5WGth2KhHpump,0.0000030016213077578112
2026-09-07 20:12:00.000 UTC,AxZWtjscQ4p6dh7Tmyw3Shr86umpLCKervERyqvspump,0.000003428748105831716
2026-09-07 20:13:00.000 UTC,AxZWtjscQ4p6dh7Tmyw3Shr86umpLCKervERyqvspump,0.0000037107575232914334
2026-08-25 03:51:00.000 UTC,AxnhzWT9og4YaWeebkmPrYzk72PtXR7LuEnAvGuapump,0.0000028336522551885874
2026-08-25 12:24:00.000 UTC,Ayi4DY8HZ2x3NwaYWr1tbWj3GQy9F5W1PHCSLfZNpump,0.000004603900431912769
2026-08-25 12:25:00.000 UTC,Ayi4DY8HZ2x3NwaYWr1tbWj3GQy9F5W1PHCSLfZNpump,0.000004540472639252768
2026-08-20 01:33:00.000 UTC,B2L47uMcwSkTMdabSKdckB9ThAKWqE9EhUu4dZnGpump,0.000002388019227021779
2026-08-20 23:49:00.000 UTC,B43CDe1W6DS151C9keMp31oKXXEVdicsw9AwmK41pump,0.0000034194381346764387
2026-08-30 19:15:00.000 UTC,B62AYrqksw5PF95WvjzNGiZug5oxLFxEauEUG5Lipump,0.0000033112995336392543
2026-09-12 21:28:00.000 UTC,B69vXS215n7A1Ktt1k346VSZsVxfr32FPBWFgM72pump,7.369328649644385e-7
2026-09-12 21:29:00.000 UTC,B69vXS215n7A1Ktt1k346VSZsVxfr32FPBWFgM72pump,1.3464820965634182e-7
2026-09-12 21:30:00.000 UTC,B69vXS215n7A1Ktt1k346VSZsVxfr32FPBWFgM72pump,5.766248124514382e-7
2026-09-12 21:31:00.000 UTC,B69vXS215n7A1Ktt1k346VSZsVxfr32FPBWFgM72pump,5.463031766405128e-7
2026-09-13 19:17:00.000 UTC,B69vXS215n7A1Ktt1k346VSZsVxfr32FPBWFgM72pump,2.545633399397678e-7
2026-08-30 05:56:00.000 UTC,B7KJCJcBiCQpaMNRjZpchG21BxEQEDrFmbGYhveApump,0.000004861454731479293
2026-08-30 05:57:00.000 UTC,B7KJCJcBiCQpaMNRjZpchG21BxEQEDrFmbGYhveApump,0.0000031840000583174785
2026-08-30 15:30:00.000 UTC,B7KJCJcBiCQpaMNRjZpchG21BxEQEDrFmbGYhveApump,0.0000033577029284008847
2026-08-30 15:31:00.000 UTC,B7KJCJcBiCQpaMNRjZpchG21BxEQEDrFmbGYhveApump,0.0000035952226876145806
2026-09-02 02:58:00.000 UTC,BA2AmveEoZf1JHoBD86m3SqJZQLeJtzwLvU6acvspump,0.0000028413593776905876
2026-09-02 02:59:00.000 UTC,BA2AmveEoZf1JHoBD86m3SqJZQLeJtzwLvU6acvspump,0.000003465849541401286
2026-09-02 03:00:00.000 UTC,BA2AmveEoZf1JHoBD86m3SqJZQLeJtzwLvU6acvspump,0.000005687321020235009
2026-09-02 03:01:00.000 UTC,BA2AmveEoZf1JHoBD86m3SqJZQLeJtzwLvU6acvspump,0.000011515710285526083
2026-09-02 17:37:00.000 UTC,BA2AmveEoZf1JHoBD86m3SqJZQLeJtzwLvU6acvspump,0.000008889864773592176
2026-09-04 20:48:00.000 UTC,BC8zWcvswJue4u48iakNTmVeRUiEVh4mAjmXTaEZpump,0.000003917229760389686
2026-09-04 20:49:00.000 UTC,BC8zWcvswJue4u48iakNTmVeRUiEVh4mAjmXTaEZpump,0.0000045294607184806
2026-09-04 20:50:00.000 UTC,BC8zWcvswJue4u48iakNTmVeRUiEVh4mAjmXTaEZpump,0.0000045539248316652805
2026-09-04 20:51:00.000 UTC,BC8zWcvswJue4u48iakNTmVeRUiEVh4mAjmXTaEZpump,0.000004616146998955613
2026-09-04 20:52:00.000 UTC,BC8zWcvswJue4u48iakNTmVeRUiEVh4mAjmXTaEZpump,0.000004616106090840552
2026-09-04 20:53:00.000 UTC,BC8zWcvswJue4u48iakNTmVeRUiEVh4mAjmXTaEZpump,0.000004711115686694672
2026-09-04 20:54:00.000 UTC,BC8zWcvswJue4u48iakNTmVeRUiEVh4mAjmXTaEZpump,0.000004758721668142247
2026-09-04 21:00:00.000 UTC,BC8zWcvswJue4u48iakNTmVeRUiEVh4mAjmXTaEZpump,0.0000045901172255792075
2026-09-04 21:14:00.000 UTC,BC8zWcvswJue4u48iakNTmVeRUiEVh4mAjmXTaEZpump,0.000004584958572928714
2026-09-04 21:49:00.000 UTC,BC8zWcvswJue4u48iakNTmVeRUiEVh4mAjmXTaEZpump,0.000004631505711760395
2026-09-04 21:50:00.000 UTC,BC8zWcvswJue4u48iakNTmVeRUiEVh4mAjmXTaEZpump,0.000004702640515907473
2026-09-04 21:57:00.000 UTC,BC8zWcvswJue4u48iakNTmVeRUiEVh4mAjmXTaEZpump,0.000004764990854138197
2026-09-04 22:01:00.000 UTC,BC8zWcvswJue4u48iakNTmVeRUiEVh4mAjmXTaEZpump,0.000004820743474967413
2026-09-04 22:15:00.000 UTC,BC8zWcvswJue4u48iakNTmVeRUiEVh4mAjmXTaEZpump,0.000004839259639824271
2026-09-04 22:16:00.000 UTC,BC8zWcvswJue4u48iakNTmVeRUiEVh4mAjmXTaEZpump,0.000004853624215338045
2026-09-04 22:30:00.000 UTC,BC8zWcvswJue4u48iakNTmVeRUiEVh4mAjmXTaEZpump,0.000004871901347868619
2026-09-04 22:36:00.000 UTC,BC8zWcvswJue4u48iakNTmVeRUiEVh4mAjmXTaEZpump,0.00000503390094616478
2026-09-04 22:37:00.000 UTC,BC8zWcvswJue4u48iakNTmVeRUiEVh4mAjmXTaEZpump,0.000005376512503841243
2026-09-04 22:39:00.000 UTC,BC8zWcvswJue4u48iakNTmVeRUiEVh4mAjmXTaEZpump,0.000005708736478527748
2026-09-04 22:42:00.000 UTC,BC8zWcvswJue4u48iakNTmVeRUiEVh4mAjmXTaEZpump,0.000005793339824781
2026-09-04 22:43:00.000 UTC,BC8zWcvswJue4u48iakNTmVeRUiEVh4mAjmXTaEZpump,0.000005809051408619847
2026-09-04 22:44:00.000 UTC,BC8zWcvswJue4u48iakNTmVeRUiEVh4mAjmXTaEZpump,0.000005804678794466261
2026-09-04 23:45:00.000 UTC,BC8zWcvswJue4u48iakNTmVeRUiEVh4mAjmXTaEZpump,0.000005252188410079886
2026-09-05 00:20:00.000 UTC,BC8zWcvswJue4u48iakNTmVeRUiEVh4mAjmXTaEZpump,0.000004510010166622455
2026-09-05 00:23:00.000 UTC,BC8zWcvswJue4u48iakNTmVeRUiEVh4mAjmXTaEZpump,0.000004928267628350311
2026-09-05 00:24:00.000 UTC,BC8zWcvswJue4u48iakNTmVeRUiEVh4mAjmXTaEZpump,0.000004933818952892861
2026-09-05 00:26:00.000 UTC,BC8zWcvswJue4u48iakNTmVeRUiEVh4mAjmXTaEZpump,0.0000049528081924033955
2026-09-05 00:37:00.000 UTC,BC8zWcvswJue4u48iakNTmVeRUiEVh4mAjmXTaEZpump,0.000004918936280529046
2026-09-05 00:42:00.000 UTC,BC8zWcvswJue4u48iakNTmVeRUiEVh4mAjmXTaEZpump,0.000005006356476560475
2026-09-05 01:44:00.000 UTC,BC8zWcvswJue4u48iakNTmVeRUiEVh4mAjmXTaEZpump,0.000004954187411241116
2026-09-05 02:26:00.000 UTC,BC8zWcvswJue4u48iakNTmVeRUiEVh4mAjmXTaEZpump,0.0000049538030653402924
2026-09-05 10:07:00.000 UTC,BC8zWcvswJue4u48iakNTmVeRUiEVh4mAjmXTaEZpump,0.000004733234430990417
2026-09-05 10:08:00.000 UTC,BC8zWcvswJue4u48iakNTmVeRUiEVh4mAjmXTaEZpump,0.000004764314839176287
2026-09-05 10:59:00.000 UTC,BC8zWcvswJue4u48iakNTmVeRUiEVh4mAjmXTaEZpump,0.000004723234429856635
2026-09-05 11:59:00.000 UTC,BC8zWcvswJue4u48iakNTmVeRUiEVh4mAjmXTaEZpump,0.000004095761630742975
2026-09-05 12:07:00.000 UTC,BC8zWcvswJue4u48iakNTmVeRUiEVh4mAjmXTaEZpump,0.000004097879612165139
2026-09-05 12:09:00.000 UTC,BC8zWcvswJue4u48iakNTmVeRUiEVh4mAjmXTaEZpump,0.000004093419298279212
2026-09-05 12:10:00.000 UTC,BC8zWcvswJue4u48iakNTmVeRUiEVh4mAjmXTaEZpump,0.000004006068869893884
2026-09-05 12:11:00.000 UTC,BC8zWcvswJue4u48iakNTmVeRUiEVh4mAjmXTaEZpump,0.000004056420192432745
2026-09-05 12:12:00.000 UTC,BC8zWcvswJue4u48iakNTmVeRUiEVh4mAjmXTaEZpump,0.000004090153359346887
2026-09-05 12:19:00.000 UTC,BC8zWcvswJue4u48iakNTmVeRUiEVh4mAjmXTaEZpump,0.000004112323630196848
2026-09-05 12:26:00.000 UTC,BC8zWcvswJue4u48iakNTmVeRUiEVh4mAjmXTaEZpump,0.000004133744536632521
2026-09-05 12:27:00.000 UTC,BC8zWcvswJue4u48iakNTmVeRUiEVh4mAjmXTaEZpump,0.000004198915645305955
2026-09-05 13:39:00.000 UTC,BC8zWcvswJue4u48iakNTmVeRUiEVh4mAjmXTaEZpump,0.000004283683792933543
2026-09-05 13:41:00.000 UTC,BC8zWcvswJue4u48iakNTmVeRUiEVh4mAjmXTaEZpump,0.00000428836519492972
2026-09-05 13:42:00.000 UTC,BC8zWcvswJue4u48iakNTmVeRUiEVh4mAjmXTaEZpump,0.000004315127574555374
2026-09-05 13:43:00.000 UTC,BC8zWcvswJue4u48iakNTmVeRUiEVh4mAjmXTaEZpump,0.0000043750761385351955
2026-09-05 13:44:00.000 UTC,BC8zWcvswJue4u48iakNTmVeRUiEVh4mAjmXTaEZpump,0.000004428255231429575
2026-09-05 13:45:00.000 UTC,BC8zWcvswJue4u48iakNTmVeRUiEVh4mAjmXTaEZpump,0.0000044456674971906635
2026-09-05 13:50:00.000 UTC,BC8zWcvswJue4u48iakNTmVeRUiEVh4mAjmXTaEZpump,0.000004466841201398154
2026-09-05 13:51:00.000 UTC,BC8zWcvswJue4u48iakNTmVeRUiEVh4mAjmXTaEZpump,0.0000044725550508762416
2026-09-05 13:52:00.000 UTC,BC8zWcvswJue4u48iakNTmVeRUiEVh4mAjmXTaEZpump,0.000004477709380506149
2026-09-05 13:53:00.000 UTC,BC8zWcvswJue4u48iakNTmVeRUiEVh4mAjmXTaEZpump,0.000004494376381797395
2026-09-05 13:54:00.000 UTC,BC8zWcvswJue4u48iakNTmVeRUiEVh4mAjmXTaEZpump,0.000004508778494825419
2026-09-05 14:00:00.000 UTC,BC8zWcvswJue4u48iakNTmVeRUiEVh4mAjmXTaEZpump,0.000004514845947231392
2026-09-05 14:01:00.000 UTC,BC8zWcvswJue4u48iakNTmVeRUiEVh4mAjmXTaEZpump,0.000004491922661818649
2026-09-05 14:03:00.000 UTC,BC8zWcvswJue4u48iakNTmVeRUiEVh4mAjmXTaEZpump,0.000004487156220004779
2026-09-05 14:04:00.000 UTC,BC8zWcvswJue4u48iakNTmVeRUiEVh4mAjmXTaEZpump,0.000004496821301749401
2026-09-05 14:05:00.000 UTC,BC8zWcvswJue4u48iakNTmVeRUiEVh4mAjmXTaEZpump,0.000004509746645291021
2026-09-05 14:11:00.000 UTC,BC8zWcvswJue4u48iakNTmVeRUiEVh4mAjmXTaEZpump,0.000004520465779109672
2026-09-05 14:13:00.000 UTC,BC8zWcvswJue4u48iakNTmVeRUiEVh4mAjmXTaEZpump,0.000004543408682510318
2026-09-05 14:15:00.000 UTC,BC8zWcvswJue4u48iakNTmVeRUiEVh4mAjmXTaEZpump,0.000004544097372144374
2026-09-05 14:21:00.000 UTC,BC8zWcvswJue4u48iakNTmVeRUiEVh4mAjmXTaEZpump,0.000004558885125279347
2026-09-05 14:22:00.000 UTC,BC8zWcvswJue4u48iakNTmVeRUiEVh4mAjmXTaEZpump,0.000004582756963188503
2026-09-05 14:31:00.000 UTC,BC8zWcvswJue4u48iakNTmVeRUiEVh4mAjmXTaEZpump,0.000004580815886796513
2026-09-05 14:32:00.000 UTC,BC8zWcvswJue4u48iakNTmVeRUiEVh4mAjmXTaEZpump,0.000004583029225950008
2026-09-05 14:33:00.000 UTC,BC8zWcvswJue4u48iakNTmVeRUiEVh4mAjmXTaEZpump,0.000004585621550576837
2026-09-05 14:35:00.000 UTC,BC8zWcvswJue4u48iakNTmVeRUiEVh4mAjmXTaEZpump,0.0000045998634391839085
2026-09-05 14:37:00.000 UTC,BC8zWcvswJue4u48iakNTmVeRUiEVh4mAjmXTaEZpump,0.000004615250710441729
2026-09-05 14:39:00.000 UTC,BC8zWcvswJue4u48iakNTmVeRUiEVh4mAjmXTaEZpump,0.000004624984935980331
2026-09-05 14:40:00.000 UTC,BC8zWcvswJue4u48iakNTmVeRUiEVh4mAjmXTaEZpump,0.000004635022395529242
2026-09-05 14:41:00.000 UTC,BC8zWcvswJue4u48iakNTmVeRUiEVh4mAjmXTaEZpump,0.000004617303037259499
2026-09-05 14:43:00.000 UTC,BC8zWcvswJue4u48iakNTmVeRUiEVh4mAjmXTaEZpump,0.000004628294608212966
2026-09-05 14:46:00.000 UTC,BC8zWcvswJue4u48iakNTmVeRUiEVh4mAjmXTaEZpump,0.000004651270767298896
2026-09-05 14:47:00.000 UTC,BC8zWcvswJue4u48iakNTmVeRUiEVh4mAjmXTaEZpump,0.000004671585906639626
2026-09-05 14:51:00.000 UTC,BC8zWcvswJue4u48iakNTmVeRUiEVh4mAjmXTaEZpump,0.0000046781444691033046
2026-09-05 14:52:00.000 UTC,BC8zWcvswJue4u48iakNTmVeRUiEVh4mAjmXTaEZpump,0.000004682763609895702
2026-09-05 14:53:00.000 UTC,BC8zWcvswJue4u48iakNTmVeRUiEVh4mAjmXTaEZpump,0.000004686604183354141
2026-09-05 14:55:00.000 UTC,BC8zWcvswJue4u48iakNTmVeRUiEVh4mAjmXTaEZpump,0.000004696378808523937
2026-09-05 15:02:00.000 UTC,BC8zWcvswJue4u48iakNTmVeRUiEVh4mAjmXTaEZpump,0.000004707485766965696
2026-09-05 15:03:00.000 UTC,BC8zWcvswJue4u48iakNTmVeRUiEVh4mAjmXTaEZpump,0.00000471305103887628
2026-09-05 15:04:00.000 UTC,BC8zWcvswJue4u48iakNTmVeRUiEVh4mAjmXTaEZpump,0.0000047179181710609924
2026-09-05 15:05:00.000 UTC,BC8zWcvswJue4u48iakNTmVeRUiEVh4mAjmXTaEZpump,0.000004719358720168175
2026-09-05 15:07:00.000 UTC,BC8zWcvswJue4u48iakNTmVeRUiEVh4mAjmXTaEZpump,0.000004721506389090583
2026-09-05 15:08:00.000 UTC,BC8zWcvswJue4u48iakNTmVeRUiEVh4mAjmXTaEZpump,0.000004723097097587208
2026-09-05 15:11:00.000 UTC,BC8zWcvswJue4u48iakNTmVeRUiEVh4mAjmXTaEZpump,0.000004722836524655317
2026-09-05 15:12:00.000 UTC,BC8zWcvswJue4u48iakNTmVeRUiEVh4mAjmXTaEZpump,0.0000047224255807046695
2026-09-05 15:15:00.000 UTC,BC8zWcvswJue4u48iakNTmVeRUiEVh4mAjmXTaEZpump,0.000004726441677290873
2026-09-05 15:18:00.000 UTC,BC8zWcvswJue4u48iakNTmVeRUiEVh4mAjmXTaEZpump,0.000004733923271157254
2026-09-05 15:21:00.000 UTC,BC8zWcvswJue4u48iakNTmVeRUiEVh4mAjmXTaEZpump,0.000004734233524317335
2026-09-05 15:23:00.000 UTC,BC8zWcvswJue4u48iakNTmVeRUiEVh4mAjmXTaEZpump,0.000004735646809837074
2026-09-05 15:24:00.000 UTC,BC8zWcvswJue4u48iakNTmVeRUiEVh4mAjmXTaEZpump,0.000004745839426544575
2026-09-05 15:25:00.000 UTC,BC8zWcvswJue4u48iakNTmVeRUiEVh4mAjmXTaEZpump,0.000004752215124896932
2026-09-05 15:31:00.000 UTC,BC8zWcvswJue4u48iakNTmVeRUiEVh4mAjmXTaEZpump,0.00000475330188648507
2026-09-05 15:32:00.000 UTC,BC8zWcvswJue4u48iakNTmVeRUiEVh4mAjmXTaEZpump,0.000004754078661196332
2026-09-05 15:33:00.000 UTC,BC8zWcvswJue4u48iakNTmVeRUiEVh4mAjmXTaEZpump,0.000004762020129542671
2026-09-05 15:35:00.000 UTC,BC8zWcvswJue4u48iakNTmVeRUiEVh4mAjmXTaEZpump,0.0000047661605627148646
2026-09-05 15:43:00.000 UTC,BC8zWcvswJue4u48iakNTmVeRUiEVh4mAjmXTaEZpump,0.00000477216080430549
2026-09-05 15:44:00.000 UTC,BC8zWcvswJue4u48iakNTmVeRUiEVh4mAjmXTaEZpump,0.000004775527760289053
2026-09-05 15:46:00.000 UTC,BC8zWcvswJue4u48iakNTmVeRUiEVh4mAjmXTaEZpump,0.000004777987997514854
2026-09-05 15:47:00.000 UTC,BC8zWcvswJue4u48iakNTmVeRUiEVh4mAjmXTaEZpump,0.000004782431026031603
2026-09-05 15:51:00.000 UTC,BC8zWcvswJue4u48iakNTmVeRUiEVh4mAjmXTaEZpump,0.000004790352895038746
2026-09-05 15:53:00.000 UTC,BC8zWcvswJue4u48iakNTmVeRUiEVh4mAjmXTaEZpump,0.00000479078508606551
2026-09-05 16:03:00.000 UTC,BC8zWcvswJue4u48iakNTmVeRUiEVh4mAjmXTaEZpump,0.000004800399192528752
2026-09-05 16:05:00.000 UTC,BC8zWcvswJue4u48iakNTmVeRUiEVh4mAjmXTaEZpump,0.000004803748730188867
2026-09-05 16:07:00.000 UTC,BC8zWcvswJue4u48iakNTmVeRUiEVh4mAjmXTaEZpump,0.0000048015963734283846
2026-09-05 16:08:00.000 UTC,BC8zWcvswJue4u48iakNTmVeRUiEVh4mAjmXTaEZpump,0.000004803359735893462
2026-09-05 16:10:00.000 UTC,BC8zWcvswJue4u48iakNTmVeRUiEVh4mAjmXTaEZpump,0.00000480625259466338
2026-09-05 16:13:00.000 UTC,BC8zWcvswJue4u48iakNTmVeRUiEVh4mAjmXTaEZpump,0.000004801019215952647
2026-09-05 16:14:00.000 UTC,BC8zWcvswJue4u48iakNTmVeRUiEVh4mAjmXTaEZpump,0.000004802735935197983
2026-09-05 16:15:00.000 UTC,BC8zWcvswJue4u48iakNTmVeRUiEVh4mAjmXTaEZpump,0.000004795154990993748
2026-09-05 16:21:00.000 UTC,BC8zWcvswJue4u48iakNTmVeRUiEVh4mAjmXTaEZpump,0.000004800779340504188
2026-09-05 16:22:00.000 UTC,BC8zWcvswJue4u48iakNTmVeRUiEVh4mAjmXTaEZpump,0.000004805999400653983
2026-09-05 16:24:00.000 UTC,BC8zWcvswJue4u48iakNTmVeRUiEVh4mAjmXTaEZpump,0.000004810363197923226
2026-09-05 16:25:00.000 UTC,BC8zWcvswJue4u48iakNTmVeRUiEVh4mAjmXTaEZpump,0.000004806244499403083
2026-09-05 16:32:00.000 UTC,BC8zWcvswJue4u48iakNTmVeRUiEVh4mAjmXTaEZpump,0.000004813330334743317
2026-09-05 16:35:00.000 UTC,BC8zWcvswJue4u48iakNTmVeRUiEVh4mAjmXTaEZpump,0.0000048210881791737145
2026-09-05 16:36:00.000 UTC,BC8zWcvswJue4u48iakNTmVeRUiEVh4mAjmXTaEZpump,0.000004822716250909625
2026-09-05 16:41:00.000 UTC,BC8zWcvswJue4u48iakNTmVeRUiEVh4mAjmXTaEZpump,0.000004816115280838161
2026-09-05 16:43:00.000 UTC,BC8zWcvswJue4u48iakNTmVeRUiEVh4mAjmXTaEZpump,0.000004819882222247949
2026-09-05 16:44:00.000 UTC,BC8zWcvswJue4u48iakNTmVeRUiEVh4mAjmXTaEZpump,0.000004820112094402607
2026-09-05 16:52:00.000 UTC,BC8zWcvswJue4u48iakNTmVeRUiEVh4mAjmXTaEZpump,0.000004814488842039808
2026-09-05 16:53:00.000 UTC,BC8zWcvswJue4u48iakNTmVeRUiEVh4mAjmXTaEZpump,0.000004817352033202063
2026-09-05 16:55:00.000 UTC,BC8zWcvswJue4u48iakNTmVeRUiEVh4mAjmXTaEZpump,0.000004827251503706282
2026-09-05 17:03:00.000 UTC,BC8zWcvswJue4u48iakNTmVeRUiEVh4mAjmXTaEZpump,0.000004817320589762453
2026-09-05 17:04:00.000 UTC,BC8zWcvswJue4u48iakNTmVeRUiEVh4mAjmXTaEZpump,0.000004819890573207352
2026-09-05 17:06:00.000 UTC,BC8zWcvswJue4u48iakNTmVeRUiEVh4mAjmXTaEZpump,0.000004817209660512512
2026-09-05 17:09:00.000 UTC,BC8zWcvswJue4u48iakNTmVeRUiEVh4mAjmXTaEZpump,0.000004817743771392071
2026-09-05 17:12:00.000 UTC,BC8zWcvswJue4u48iakNTmVeRUiEVh4mAjmXTaEZpump,0.000004824801883281969
2026-09-05 17:13:00.000 UTC,BC8zWcvswJue4u48iakNTmVeRUiEVh4mAjmXTaEZpump,0.000004828372609690216
2026-09-05 17:14:00.000 UTC,BC8zWcvswJue4u48iakNTmVeRUiEVh4mAjmXTaEZpump,0.000004830786476461296
2026-09-05 17:15:00.000 UTC,BC8zWcvswJue4u48iakNTmVeRUiEVh4mAjmXTaEZpump,0.0000048476149795152554
2026-09-05 17:21:00.000 UTC,BC8zWcvswJue4u48iakNTmVeRUiEVh4mAjmXTaEZpump,0.000004846811410083502
2026-09-05 17:22:00.000 UTC,BC8zWcvswJue4u48iakNTmVeRUiEVh4mAjmXTaEZpump,0.000004835419478830079
2026-09-05 17:25:00.000 UTC,BC8zWcvswJue4u48iakNTmVeRUiEVh4mAjmXTaEZpump,0.000004838888526966816
2026-09-05 17:26:00.000 UTC,BC8zWcvswJue4u48iakNTmVeRUiEVh4mAjmXTaEZpump,0.000004844129540332844
2026-09-05 17:32:00.000 UTC,BC8zWcvswJue4u48iakNTmVeRUiEVh4mAjmXTaEZpump,0.000004845685057105523
2026-09-05 17:35:00.000 UTC,BC8zWcvswJue4u48iakNTmVeRUiEVh4mAjmXTaEZpump,0.000004858548074671078
2026-09-05 17:37:00.000 UTC,BC8zWcvswJue4u48iakNTmVeRUiEVh4mAjmXTaEZpump,0.000004849637412284428
2026-09-05 17:38:00.000 UTC,BC8zWcvswJue4u48iakNTmVeRUiEVh4mAjmXTaEZpump,0.000004853487546901638
2026-09-05 17:39:00.000 UTC,BC8zWcvswJue4u48iakNTmVeRUiEVh4mAjmXTaEZpump,0.000004856869932288566
2026-09-05 17:44:00.000 UTC,BC8zWcvswJue4u48iakNTmVeRUiEVh4mAjmXTaEZpump,0.000004840945347339264
2026-09-05 17:45:00.000 UTC,BC8zWcvswJue4u48iakNTmVeRUiEVh4mAjmXTaEZpump,0.000004849938570397354
2026-09-05 17:52:00.000 UTC,BC8zWcvswJue4u48iakNTmVeRUiEVh4mAjmXTaEZpump,0.000004837385593707509
2026-09-05 17:53:00.000 UTC,BC8zWcvswJue4u48iakNTmVeRUiEVh4mAjmXTaEZpump,0.0000048374125264880625
2026-09-05 17:56:00.000 UTC,BC8zWcvswJue4u48iakNTmVeRUiEVh4mAjmXTaEZpump,0.000004852295502918538
2026-09-05 18:03:00.000 UTC,BC8zWcvswJue4u48iakNTmVeRUiEVh4mAjmXTaEZpump,0.0000048599772662684116
2026-09-05 18:05:00.000 UTC,BC8zWcvswJue4u48iakNTmVeRUiEVh4mAjmXTaEZpump,0.000004855121837522152
2026-09-05 18:07:00.000 UTC,BC8zWcvswJue4u48iakNTmVeRUiEVh4mAjmXTaEZpump,0.000004857059994848127
2026-09-05 18:11:00.000 UTC,BC8zWcvswJue4u48iakNTmVeRUiEVh4mAjmXTaEZpump,0.000004851388239110251
2026-09-05 18:12:00.000 UTC,BC8zWcvswJue4u48iakNTmVeRUiEVh4mAjmXTaEZpump,0.000004853748313999228
2026-09-05 18:14:00.000 UTC,BC8zWcvswJue4u48iakNTmVeRUiEVh4mAjmXTaEZpump,0.000004846553797993165
2026-09-05 18:15:00.000 UTC,BC8zWcvswJue4u48iakNTmVeRUiEVh4mAjmXTaEZpump,0.000004847851658574114
2026-09-05 18:22:00.000 UTC,BC8zWcvswJue4u48iakNTmVeRUiEVh4mAjmXTaEZpump,0.000004852067683674759
2026-09-05 18:23:00.000 UTC,BC8zWcvswJue4u48iakNTmVeRUiEVh4mAjmXTaEZpump,0.000004850103586810004
2026-09-05 18:24:00.000 UTC,BC8zWcvswJue4u48iakNTmVeRUiEVh4mAjmXTaEZpump,0.000004848936953181319
2026-09-05 18:25:00.000 UTC,BC8zWcvswJue4u48iakNTmVeRUiEVh4mAjmXTaEZpump,0.000004851504604643828
2026-09-05 18:26:00.000 UTC,BC8zWcvswJue4u48iakNTmVeRUiEVh4mAjmXTaEZpump,0.000004853896703219247
2026-09-05 18:32:00.000 UTC,BC8zWcvswJue4u48iakNTmVeRUiEVh4mAjmXTaEZpump,0.0000048476118086155046
2026-09-05 18:33:00.000 UTC,BC8zWcvswJue4u48iakNTmVeRUiEVh4mAjmXTaEZpump,0.000004846898882519052
2026-09-05 18:34:00.000 UTC,BC8zWcvswJue4u48iakNTmVeRUiEVh4mAjmXTaEZpump,0.000004835881365316791
2026-09-05 18:35:00.000 UTC,BC8zWcvswJue4u48iakNTmVeRUiEVh4mAjmXTaEZpump,0.00000483568553132662
2026-09-05 18:41:00.000 UTC,BC8zWcvswJue4u48iakNTmVeRUiEVh4mAjmXTaEZpump,0.000004835857316722176
2026-09-05 18:43:00.000 UTC,BC8zWcvswJue4u48iakNTmVeRUiEVh4mAjmXTaEZpump,0.000004837707488545247
2026-09-05 18:45:00.000 UTC,BC8zWcvswJue4u48iakNTmVeRUiEVh4mAjmXTaEZpump,0.000004837975767779497
2026-09-05 18:46:00.000 UTC,BC8zWcvswJue4u48iakNTmVeRUiEVh4mAjmXTaEZpump,0.000004838795742411736
2026-09-05 18:47:00.000 UTC,BC8zWcvswJue4u48iakNTmVeRUiEVh4mAjmXTaEZpump,0.000004844606020544101
2026-09-05 18:52:00.000 UTC,BC8zWcvswJue4u48iakNTmVeRUiEVh4mAjmXTaEZpump,0.000004842624346049373
2026-09-05 18:53:00.000 UTC,BC8zWcvswJue4u48iakNTmVeRUiEVh4mAjmXTaEZpump,0.000004845480596280555
2026-09-05 18:54:00.000 UTC,BC8zWcvswJue4u48iakNTmVeRUiEVh4mAjmXTaEZpump,0.0000048443612735365075
2026-08-24 21:22:00.000 UTC,BCXjQbUL9KzUuUsc2nr66NkW1X2NWtK6HnJYVLy1pump,0.0000029813533318586027
2026-08-24 21:23:00.000 UTC,BCXjQbUL9KzUuUsc2nr66NkW1X2NWtK6HnJYVLy1pump,0.0000037286279921113832
2026-08-24 21:25:00.000 UTC,BCXjQbUL9KzUuUsc2nr66NkW1X2NWtK6HnJYVLy1pump,0.000010218880166456242
2026-08-24 21:26:00.000 UTC,BCXjQbUL9KzUuUsc2nr66NkW1X2NWtK6HnJYVLy1pump,0.000010231599146340062
2026-08-24 21:27:00.000 UTC,BCXjQbUL9KzUuUsc2nr66NkW1X2NWtK6HnJYVLy1pump,0.000005438067210044797
2026-08-19 15:30:00.000 UTC,BCookGnz2EuvwdeWWH8f6NLTDTt7KbWVq49qGYRFpump,0.0000032670863622243315
2026-08-31 10:48:00.000 UTC,BDYQgba7FVBpqaMyMcLW1ENP81VEYwGfCs6TsC5Fpump,0.000003330833219989238
2026-08-31 10:49:00.000 UTC,BDYQgba7FVBpqaMyMcLW1ENP81VEYwGfCs6TsC5Fpump,0.000003648451010292576
2026-08-31 21:12:00.000 UTC,BDYQgba7FVBpqaMyMcLW1ENP81VEYwGfCs6TsC5Fpump,0.000003636591559578593
2026-08-31 21:49:00.000 UTC,BDYQgba7FVBpqaMyMcLW1ENP81VEYwGfCs6TsC5Fpump,0.0000035922466444344427
2026-08-31 23:56:00.000 UTC,BDYQgba7FVBpqaMyMcLW1ENP81VEYwGfCs6TsC5Fpump,0.000003590577750076867
2026-09-01 00:19:00.000 UTC,BDYQgba7FVBpqaMyMcLW1ENP81VEYwGfCs6TsC5Fpump,0.0000037106537252388977
2026-09-01 09:26:00.000 UTC,BDYQgba7FVBpqaMyMcLW1ENP81VEYwGfCs6TsC5Fpump,0.0000036363330475231296
2026-09-01 09:29:00.000 UTC,BDYQgba7FVBpqaMyMcLW1ENP81VEYwGfCs6TsC5Fpump,0.000003669169805656442
2026-09-01 09:33:00.000 UTC,BDYQgba7FVBpqaMyMcLW1ENP81VEYwGfCs6TsC5Fpump,0.000004278465449823993
2026-09-01 09:36:00.000 UTC,BDYQgba7FVBpqaMyMcLW1ENP81VEYwGfCs6TsC5Fpump,0.0000045288579402493126
2026-09-01 09:39:00.000 UTC,BDYQgba7FVBpqaMyMcLW1ENP81VEYwGfCs6TsC5Fpump,0.000004593964995831597
2026-09-01 09:40:00.000 UTC,BDYQgba7FVBpqaMyMcLW1ENP81VEYwGfCs6TsC5Fpump,0.000004679487820017663
2026-09-01 09:41:00.000 UTC,BDYQgba7FVBpqaMyMcLW1ENP81VEYwGfCs6TsC5Fpump,0.000004749356157031725
2026-09-01 09:45:00.000 UTC,BDYQgba7FVBpqaMyMcLW1ENP81VEYwGfCs6TsC5Fpump,0.000005228018421050887
2026-09-01 09:47:00.000 UTC,BDYQgba7FVBpqaMyMcLW1ENP81VEYwGfCs6TsC5Fpump,0.000005501160004987504
2026-09-01 09:51:00.000 UTC,BDYQgba7FVBpqaMyMcLW1ENP81VEYwGfCs6TsC5Fpump,0.000005374203269030588
2026-09-01 09:55:00.000 UTC,BDYQgba7FVBpqaMyMcLW1ENP81VEYwGfCs6TsC5Fpump,0.000005777505484661984
2026-09-01 09:56:00.000 UTC,BDYQgba7FVBpqaMyMcLW1ENP81VEYwGfCs6TsC5Fpump,0.0000059852285443648206
2026-09-01 09:57:00.000 UTC,BDYQgba7FVBpqaMyMcLW1ENP81VEYwGfCs6TsC5Fpump,0.000006024845010763663
2026-09-01 09:58:00.000 UTC,BDYQgba7FVBpqaMyMcLW1ENP81VEYwGfCs6TsC5Fpump,0.000006377554286219564
2026-09-01 09:59:00.000 UTC,BDYQgba7FVBpqaMyMcLW1ENP81VEYwGfCs6TsC5Fpump,0.000007681320270633388
2026-09-01 10:00:00.000 UTC,BDYQgba7FVBpqaMyMcLW1ENP81VEYwGfCs6TsC5Fpump,0.000009151957807312784
2026-09-01 10:01:00.000 UTC,BDYQgba7FVBpqaMyMcLW1ENP81VEYwGfCs6TsC5Fpump,0.000007608315423132439
2026-09-01 10:02:00.000 UTC,BDYQgba7FVBpqaMyMcLW1ENP81VEYwGfCs6TsC5Fpump,0.000006617435386386537
2026-09-01 10:03:00.000 UTC,BDYQgba7FVBpqaMyMcLW1ENP81VEYwGfCs6TsC5Fpump,0.000006840859548017969
2026-09-01 10:04:00.000 UTC,BDYQgba7FVBpqaMyMcLW1ENP81VEYwGfCs6TsC5Fpump,0.000006736575420825208
2026-09-01 10:05:00.000 UTC,BDYQgba7FVBpqaMyMcLW1ENP81VEYwGfCs6TsC5Fpump,0.0000069626581808877504
2026-09-01 10:06:00.000 UTC,BDYQgba7FVBpqaMyMcLW1ENP81VEYwGfCs6TsC5Fpump,0.0000066101892157740714
2026-09-01 10:07:00.000 UTC,BDYQgba7FVBpqaMyMcLW1ENP81VEYwGfCs6TsC5Fpump,0.000006965779902386244
2026-09-01 10:08:00.000 UTC,BDYQgba7FVBpqaMyMcLW1ENP81VEYwGfCs6TsC5Fpump,0.000007100827800908965
2026-09-01 10:09:00.000 UTC,BDYQgba7FVBpqaMyMcLW1ENP81VEYwGfCs6TsC5Fpump,0.000006444138688862018
2026-09-01 10:12:00.000 UTC,BDYQgba7FVBpqaMyMcLW1ENP81VEYwGfCs6TsC5Fpump,0.000006162684963835799
2026-09-01 10:15:00.000 UTC,BDYQgba7FVBpqaMyMcLW1ENP81VEYwGfCs6TsC5Fpump,0.00000631453163083462
2026-09-01 10:17:00.000 UTC,BDYQgba7FVBpqaMyMcLW1ENP81VEYwGfCs6TsC5Fpump,0.000006397503873564408
2026-09-01 11:00:00.000 UTC,BDYQgba7FVBpqaMyMcLW1ENP81VEYwGfCs6TsC5Fpump,0.000006103742251944513
2026-09-01 11:01:00.000 UTC,BDYQgba7FVBpqaMyMcLW1ENP81VEYwGfCs6TsC5Fpump,0.00000780380995892234
2026-09-01 11:02:00.000 UTC,BDYQgba7FVBpqaMyMcLW1ENP81VEYwGfCs6TsC5Fpump,0.000009227748585280398
2026-09-01 11:03:00.000 UTC,BDYQgba7FVBpqaMyMcLW1ENP81VEYwGfCs6TsC5Fpump,0.000009318586217845042
2026-09-01 11:04:00.000 UTC,BDYQgba7FVBpqaMyMcLW1ENP81VEYwGfCs6TsC5Fpump,0.00000884841073682116
2026-09-01 11:05:00.000 UTC,BDYQgba7FVBpqaMyMcLW1ENP81VEYwGfCs6TsC5Fpump,0.000009233606945273449
2026-09-01 11:06:00.000 UTC,BDYQgba7FVBpqaMyMcLW1ENP81VEYwGfCs6TsC5Fpump,0.00000908146095613376
2026-09-01 11:08:00.000 UTC,BDYQgba7FVBpqaMyMcLW1ENP81VEYwGfCs6TsC5Fpump,0.000009132104577290892
2026-09-01 11:20:00.000 UTC,BDYQgba7FVBpqaMyMcLW1ENP81VEYwGfCs6TsC5Fpump,0.00000641214096620545
2026-09-01 11:36:00.000 UTC,BDYQgba7FVBpqaMyMcLW1ENP81VEYwGfCs6TsC5Fpump,0.000007092726115258405
2026-09-01 11:40:00.000 UTC,BDYQgba7FVBpqaMyMcLW1ENP81VEYwGfCs6TsC5Fpump,0.000007409251543518196
2026-09-01 12:00:00.000 UTC,BDYQgba7FVBpqaMyMcLW1ENP81VEYwGfCs6TsC5Fpump,0.000006876354704332067
2026-09-01 12:06:00.000 UTC,BDYQgba7FVBpqaMyMcLW1ENP81VEYwGfCs6TsC5Fpump,0.0000068756899890930755
2026-09-01 12:07:00.000 UTC,BDYQgba7FVBpqaMyMcLW1ENP81VEYwGfCs6TsC5Fpump,0.0000068871988836195396
2026-09-01 12:14:00.000 UTC,BDYQgba7FVBpqaMyMcLW1ENP81VEYwGfCs6TsC5Fpump,0.000006739605568542474
2026-09-01 12:28:00.000 UTC,BDYQgba7FVBpqaMyMcLW1ENP81VEYwGfCs6TsC5Fpump,0.000006249647036914089
2026-09-01 13:32:00.000 UTC,BDYQgba7FVBpqaMyMcLW1ENP81VEYwGfCs6TsC5Fpump,0.000005671446964039895
2026-09-01 14:34:00.000 UTC,BDYQgba7FVBpqaMyMcLW1ENP81VEYwGfCs6TsC5Fpump,0.000005858018715757366
2026-09-01 14:35:00.000 UTC,BDYQgba7FVBpqaMyMcLW1ENP81VEYwGfCs6TsC5Fpump,0.000006082545239016921
2026-09-01 14:54:00.000 UTC,BDYQgba7FVBpqaMyMcLW1ENP81VEYwGfCs6TsC5Fpump,0.000006049483399368176
2026-09-01 17:13:00.000 UTC,BDYQgba7FVBpqaMyMcLW1ENP81VEYwGfCs6TsC5Fpump,0.000005950419272104352
2026-09-01 17:24:00.000 UTC,BDYQgba7FVBpqaMyMcLW1ENP81VEYwGfCs6TsC5Fpump,0.000005713633323620365
2026-09-01 17:29:00.000 UTC,BDYQgba7FVBpqaMyMcLW1ENP81VEYwGfCs6TsC5Fpump,0.000005822685031110974
2026-09-01 17:49:00.000 UTC,BDYQgba7FVBpqaMyMcLW1ENP81VEYwGfCs6TsC5Fpump,0.000006318773394043383
2026-09-01 20:40:00.000 UTC,BDYQgba7FVBpqaMyMcLW1ENP81VEYwGfCs6TsC5Fpump,0.000006178952161788799
2026-09-01 21:21:00.000 UTC,BDYQgba7FVBpqaMyMcLW1ENP81VEYwGfCs6TsC5Fpump,0.0000057025194758213895
2026-09-01 21:23:00.000 UTC,BDYQgba7FVBpqaMyMcLW1ENP81VEYwGfCs6TsC5Fpump,0.0000057432031749762235
2026-09-01 21:30:00.000 UTC,BDYQgba7FVBpqaMyMcLW1ENP81VEYwGfCs6TsC5Fpump,0.000005775244920331072
2026-09-01 22:21:00.000 UTC,BDYQgba7FVBpqaMyMcLW1ENP81VEYwGfCs6TsC5Fpump,0.00000608097579616278
2026-09-01 22:23:00.000 UTC,BDYQgba7FVBpqaMyMcLW1ENP81VEYwGfCs6TsC5Fpump,0.000006375535921033754
2026-09-02 09:03:00.000 UTC,BDYQgba7FVBpqaMyMcLW1ENP81VEYwGfCs6TsC5Fpump,0.0000055070085211594945
2026-09-02 11:24:00.000 UTC,BDYQgba7FVBpqaMyMcLW1ENP81VEYwGfCs6TsC5Fpump,0.000004771298764001528
2026-09-02 11:41:00.000 UTC,BDYQgba7FVBpqaMyMcLW1ENP81VEYwGfCs6TsC5Fpump,0.00000533628376925092
2026-09-02 15:42:00.000 UTC,BDYQgba7FVBpqaMyMcLW1ENP81VEYwGfCs6TsC5Fpump,0.00000523306878901779
2026-09-02 18:16:00.000 UTC,BDYQgba7FVBpqaMyMcLW1ENP81VEYwGfCs6TsC5Fpump,0.000005059546208968103
2026-09-02 20:19:00.000 UTC,BDYQgba7FVBpqaMyMcLW1ENP81VEYwGfCs6TsC5Fpump,0.000004712870098268979
2026-09-02 21:07:00.000 UTC,BDYQgba7FVBpqaMyMcLW1ENP81VEYwGfCs6TsC5Fpump,0.000004715006482783102
2026-09-02 21:29:00.000 UTC,BDYQgba7FVBpqaMyMcLW1ENP81VEYwGfCs6TsC5Fpump,0.000004613660660095786
2026-09-02 21:35:00.000 UTC,BDYQgba7FVBpqaMyMcLW1ENP81VEYwGfCs6TsC5Fpump,0.0000045802305402109206
2026-09-02 21:43:00.000 UTC,BDYQgba7FVBpqaMyMcLW1ENP81VEYwGfCs6TsC5Fpump,0.000004915234086926142
2026-09-02 22:50:00.000 UTC,BDYQgba7FVBpqaMyMcLW1ENP81VEYwGfCs6TsC5Fpump,0.000005004936143530121
2026-09-03 03:24:00.000 UTC,BDYQgba7FVBpqaMyMcLW1ENP81VEYwGfCs6TsC5Fpump,0.000005385908799380088
2026-09-03 03:47:00.000 UTC,BDYQgba7FVBpqaMyMcLW1ENP81VEYwGfCs6TsC5Fpump,0.000005066597611584428
2026-09-03 07:04:00.000 UTC,BDYQgba7FVBpqaMyMcLW1ENP81VEYwGfCs6TsC5Fpump,0.0000049345471864602165
2026-09-03 07:50:00.000 UTC,BDYQgba7FVBpqaMyMcLW1ENP81VEYwGfCs6TsC5Fpump,0.000004986742752901315
2026-09-03 10:31:00.000 UTC,BDYQgba7FVBpqaMyMcLW1ENP81VEYwGfCs6TsC5Fpump,0.000004600561400430527
2026-09-03 15:56:00.000 UTC,BDYQgba7FVBpqaMyMcLW1ENP81VEYwGfCs6TsC5Fpump,0.0000051606822802523875
2026-09-03 15:57:00.000 UTC,BDYQgba7FVBpqaMyMcLW1ENP81VEYwGfCs6TsC5Fpump,0.000005331043110531079
2026-09-03 17:30:00.000 UTC,BDYQgba7FVBpqaMyMcLW1ENP81VEYwGfCs6TsC5Fpump,0.000005395244063498426
2026-09-03 22:16:00.000 UTC,BDYQgba7FVBpqaMyMcLW1ENP81VEYwGfCs6TsC5Fpump,0.0000053010099776305904
2026-09-03 22:35:00.000 UTC,BDYQgba7FVBpqaMyMcLW1ENP81VEYwGfCs6TsC5Fpump,0.000005274177230058396
2026-09-04 00:02:00.000 UTC,BDYQgba7FVBpqaMyMcLW1ENP81VEYwGfCs6TsC5Fpump,0.00000557251252710281
2026-09-04 07:40:00.000 UTC,BDYQgba7FVBpqaMyMcLW1ENP81VEYwGfCs6TsC5Fpump,0.00000524486266892173
2026-09-04 07:42:00.000 UTC,BDYQgba7FVBpqaMyMcLW1ENP81VEYwGfCs6TsC5Fpump,0.000005450022277846827
2026-09-04 07:44:00.000 UTC,BDYQgba7FVBpqaMyMcLW1ENP81VEYwGfCs6TsC5Fpump,0.000005652958699807034
2026-09-04 07:46:00.000 UTC,BDYQgba7FVBpqaMyMcLW1ENP81VEYwGfCs6TsC5Fpump,0.000005785984038095024
2026-09-04 09:39:00.000 UTC,BDYQgba7FVBpqaMyMcLW1ENP81VEYwGfCs6TsC5Fpump,0.000008103960701594505
2026-09-04 09:40:00.000 UTC,BDYQgba7FVBpqaMyMcLW1ENP81VEYwGfCs6TsC5Fpump,0.00000846713854652022
2026-09-04 09:41:00.000 UTC,BDYQgba7FVBpqaMyMcLW1ENP81VEYwGfCs6TsC5Fpump,0.000008058193355172832
2026-09-04 09:42:00.000 UTC,BDYQgba7FVBpqaMyMcLW1ENP81VEYwGfCs6TsC5Fpump,0.000007633410766359816
2026-09-04 09:43:00.000 UTC,BDYQgba7FVBpqaMyMcLW1ENP81VEYwGfCs6TsC5Fpump,0.000007483026292522719
2026-09-04 09:44:00.000 UTC,BDYQgba7FVBpqaMyMcLW1ENP81VEYwGfCs6TsC5Fpump,0.000007177726266198247
2026-09-04 09:47:00.000 UTC,BDYQgba7FVBpqaMyMcLW1ENP81VEYwGfCs6TsC5Fpump,0.000006893450554256248
2026-09-04 09:48:00.000 UTC,BDYQgba7FVBpqaMyMcLW1ENP81VEYwGfCs6TsC5Fpump,0.000006920997969185102
2026-09-04 09:50:00.000 UTC,BDYQgba7FVBpqaMyMcLW1ENP81VEYwGfCs6TsC5Fpump,0.0000069924161808752
2026-09-04 09:55:00.000 UTC,BDYQgba7FVBpqaMyMcLW1ENP81VEYwGfCs6TsC5Fpump,0.000007122530975786385
2026-09-04 09:56:00.000 UTC,BDYQgba7FVBpqaMyMcLW1ENP81VEYwGfCs6TsC5Fpump,0.000007551146785137609
2026-09-04 09:57:00.000 UTC,BDYQgba7FVBpqaMyMcLW1ENP81VEYwGfCs6TsC5Fpump,0.000008379335660990746
2026-09-04 09:58:00.000 UTC,BDYQgba7FVBpqaMyMcLW1ENP81VEYwGfCs6TsC5Fpump,0.000008873322488502065
2026-09-04 10:00:00.000 UTC,BDYQgba7FVBpqaMyMcLW1ENP81VEYwGfCs6TsC5Fpump,0.000008696041257431668
2026-09-04 10:01:00.000 UTC,BDYQgba7FVBpqaMyMcLW1ENP81VEYwGfCs6TsC5Fpump,0.000009163547625730614
2026-09-04 10:02:00.000 UTC,BDYQgba7FVBpqaMyMcLW1ENP81VEYwGfCs6TsC5Fpump,0.000009386891923927083
2026-09-04 10:03:00.000 UTC,BDYQgba7FVBpqaMyMcLW1ENP81VEYwGfCs6TsC5Fpump,0.00000944315905506336
2026-09-04 10:04:00.000 UTC,BDYQgba7FVBpqaMyMcLW1ENP81VEYwGfCs6TsC5Fpump,0.000009616399117031006
2026-09-04 10:05:00.000 UTC,BDYQgba7FVBpqaMyMcLW1ENP81VEYwGfCs6TsC5Fpump,0.00001041067710745648
2026-09-04 10:06:00.000 UTC,BDYQgba7FVBpqaMyMcLW1ENP81VEYwGfCs6TsC5Fpump,0.000010907567588300445
2026-09-04 10:07:00.000 UTC,BDYQgba7FVBpqaMyMcLW1ENP81VEYwGfCs6TsC5Fpump,0.000011284190107028842
2026-09-04 10:08:00.000 UTC,BDYQgba7FVBpqaMyMcLW1ENP81VEYwGfCs6TsC5Fpump,0.000010881576633642587
2026-09-04 10:09:00.000 UTC,BDYQgba7FVBpqaMyMcLW1ENP81VEYwGfCs6TsC5Fpump,0.000010904415483131094
2026-09-04 10:10:00.000 UTC,BDYQgba7FVBpqaMyMcLW1ENP81VEYwGfCs6TsC5Fpump,0.00001133773511016425
2026-09-04 10:12:00.000 UTC,BDYQgba7FVBpqaMyMcLW1ENP81VEYwGfCs6TsC5Fpump,0.00001097774955580471
2026-09-04 10:13:00.000 UTC,BDYQgba7FVBpqaMyMcLW1ENP81VEYwGfCs6TsC5Fpump,0.000011000875558129658
2026-09-04 10:20:00.000 UTC,BDYQgba7FVBpqaMyMcLW1ENP81VEYwGfCs6TsC5Fpump,0.000009776182748832507
2026-09-04 10:26:00.000 UTC,BDYQgba7FVBpqaMyMcLW1ENP81VEYwGfCs6TsC5Fpump,0.000009151301594670849
2026-09-04 10:27:00.000 UTC,BDYQgba7FVBpqaMyMcLW1ENP81VEYwGfCs6TsC5Fpump,0.00000931841404378539
2026-09-04 10:28:00.000 UTC,BDYQgba7FVBpqaMyMcLW1ENP81VEYwGfCs6TsC5Fpump,0.000009622200195691674
2026-09-04 10:29:00.000 UTC,BDYQgba7FVBpqaMyMcLW1ENP81VEYwGfCs6TsC5Fpump,0.00000971888338577141
2026-09-04 10:33:00.000 UTC,BDYQgba7FVBpqaMyMcLW1ENP81VEYwGfCs6TsC5Fpump,0.000009572191033112203
2026-09-04 10:36:00.000 UTC,BDYQgba7FVBpqaMyMcLW1ENP81VEYwGfCs6TsC5Fpump,0.000009931580547552116
2026-09-04 10:37:00.000 UTC,BDYQgba7FVBpqaMyMcLW1ENP81VEYwGfCs6TsC5Fpump,0.00001016216937392393
2026-09-04 10:38:00.000 UTC,BDYQgba7FVBpqaMyMcLW1ENP81VEYwGfCs6TsC5Fpump,0.000010256833419897805
2026-09-04 10:39:00.000 UTC,BDYQgba7FVBpqaMyMcLW1ENP81VEYwGfCs6TsC5Fpump,0.000010369939212109343
2026-09-04 10:42:00.000 UTC,BDYQgba7FVBpqaMyMcLW1ENP81VEYwGfCs6TsC5Fpump,0.000010478159772667793
2026-09-04 10:43:00.000 UTC,BDYQgba7FVBpqaMyMcLW1ENP81VEYwGfCs6TsC5Fpump,0.000010514622311520047
2026-09-04 10:48:00.000 UTC,BDYQgba7FVBpqaMyMcLW1ENP81VEYwGfCs6TsC5Fpump,0.00000951549528219362
2026-09-04 10:53:00.000 UTC,BDYQgba7FVBpqaMyMcLW1ENP81VEYwGfCs6TsC5Fpump,0.000009500642645735296
2026-09-04 11:07:00.000 UTC,BDYQgba7FVBpqaMyMcLW1ENP81VEYwGfCs6TsC5Fpump,0.000009225589092370784
2026-09-04 11:43:00.000 UTC,BDYQgba7FVBpqaMyMcLW1ENP81VEYwGfCs6TsC5Fpump,0.00000910107313451346
2026-09-04 11:58:00.000 UTC,BDYQgba7FVBpqaMyMcLW1ENP81VEYwGfCs6TsC5Fpump,0.00000862054638721863
2026-09-04 12:09:00.000 UTC,BDYQgba7FVBpqaMyMcLW1ENP81VEYwGfCs6TsC5Fpump,0.000008505097267866043
2026-09-04 12:11:00.000 UTC,BDYQgba7FVBpqaMyMcLW1ENP81VEYwGfCs6TsC5Fpump,0.000008553213225497984
2026-09-04 12:41:00.000 UTC,BDYQgba7FVBpqaMyMcLW1ENP81VEYwGfCs6TsC5Fpump,0.00000831676558785727
2026-09-04 13:57:00.000 UTC,BDYQgba7FVBpqaMyMcLW1ENP81VEYwGfCs6TsC5Fpump,0.000008125497000583942
2026-09-04 15:19:00.000 UTC,BDYQgba7FVBpqaMyMcLW1ENP81VEYwGfCs6TsC5Fpump,0.000007114553638193683
2026-09-04 16:03:00.000 UTC,BDYQgba7FVBpqaMyMcLW1ENP81VEYwGfCs6TsC5Fpump,0.000007021604161663294
2026-09-04 16:28:00.000 UTC,BDYQgba7FVBpqaMyMcLW1ENP81VEYwGfCs6TsC5Fpump,0.000007031001301552713
2026-09-04 17:04:00.000 UTC,BDYQgba7FVBpqaMyMcLW1ENP81VEYwGfCs6TsC5Fpump,0.000007421611800790627
2026-09-04 19:19:00.000 UTC,BDYQgba7FVBpqaMyMcLW1ENP81VEYwGfCs6TsC5Fpump,0.000005927978777750309
2026-09-04 19:38:00.000 UTC,BDYQgba7FVBpqaMyMcLW1ENP81VEYwGfCs6TsC5Fpump,0.00000723425924982501
2026-09-04 19:39:00.000 UTC,BDYQgba7FVBpqaMyMcLW1ENP81VEYwGfCs6TsC5Fpump,0.000008749476827342956
2026-09-04 19:40:00.000 UTC,BDYQgba7FVBpqaMyMcLW1ENP81VEYwGfCs6TsC5Fpump,0.000008659264760265482
2026-09-04 19:41:00.000 UTC,BDYQgba7FVBpqaMyMcLW1ENP81VEYwGfCs6TsC5Fpump,0.000008202624374886415
2026-09-04 19:42:00.000 UTC,BDYQgba7FVBpqaMyMcLW1ENP81VEYwGfCs6TsC5Fpump,0.00000822042165394416
2026-09-04 19:43:00.000 UTC,BDYQgba7FVBpqaMyMcLW1ENP81VEYwGfCs6TsC5Fpump,0.000008013353578708005
2026-09-04 19:47:00.000 UTC,BDYQgba7FVBpqaMyMcLW1ENP81VEYwGfCs6TsC5Fpump,0.000007191940528824761
2026-09-04 19:48:00.000 UTC,BDYQgba7FVBpqaMyMcLW1ENP81VEYwGfCs6TsC5Fpump,0.000007194567275357907
2026-09-04 19:49:00.000 UTC,BDYQgba7FVBpqaMyMcLW1ENP81VEYwGfCs6TsC5Fpump,0.000007210423986982209
2026-09-04 19:50:00.000 UTC,BDYQgba7FVBpqaMyMcLW1ENP81VEYwGfCs6TsC5Fpump,0.000007223454548443942
2026-09-04 20:43:00.000 UTC,BDYQgba7FVBpqaMyMcLW1ENP81VEYwGfCs6TsC5Fpump,0.00000656337443744069
2026-09-04 20:44:00.000 UTC,BDYQgba7FVBpqaMyMcLW1ENP81VEYwGfCs6TsC5Fpump,0.000006697094372392476
2026-09-04 20:45:00.000 UTC,BDYQgba7FVBpqaMyMcLW1ENP81VEYwGfCs6TsC5Fpump,0.000006749689554755222
2026-09-04 21:04:00.000 UTC,BDYQgba7FVBpqaMyMcLW1ENP81VEYwGfCs6TsC5Fpump,0.000006696466511778492
2026-09-04 21:06:00.000 UTC,BDYQgba7FVBpqaMyMcLW1ENP81VEYwGfCs6TsC5Fpump,0.000007171687308111934
2026-09-04 21:15:00.000 UTC,BDYQgba7FVBpqaMyMcLW1ENP81VEYwGfCs6TsC5Fpump,0.000007516429128358248
2026-09-04 21:58:00.000 UTC,BDYQgba7FVBpqaMyMcLW1ENP81VEYwGfCs6TsC5Fpump,0.000007241384134652219
2026-09-04 22:02:00.000 UTC,BDYQgba7FVBpqaMyMcLW1ENP81VEYwGfCs6TsC5Fpump,0.000007295593996860473
2026-09-04 22:09:00.000 UTC,BDYQgba7FVBpqaMyMcLW1ENP81VEYwGfCs6TsC5Fpump,0.000007381748005409796
2026-09-04 22:22:00.000 UTC,BDYQgba7FVBpqaMyMcLW1ENP81VEYwGfCs6TsC5Fpump,0.000007434976874810885
2026-09-04 22:41:00.000 UTC,BDYQgba7FVBpqaMyMcLW1ENP81VEYwGfCs6TsC5Fpump,0.0000074513547431895645
2026-09-04 23:05:00.000 UTC,BDYQgba7FVBpqaMyMcLW1ENP81VEYwGfCs6TsC5Fpump,0.000007545511721490641
2026-09-04 23:29:00.000 UTC,BDYQgba7FVBpqaMyMcLW1ENP81VEYwGfCs6TsC5Fpump,0.00000765819715627071
2026-09-05 00:20:00.000 UTC,BDYQgba7FVBpqaMyMcLW1ENP81VEYwGfCs6TsC5Fpump,0.000007296743965205177
2026-09-05 00:43:00.000 UTC,BDYQgba7FVBpqaMyMcLW1ENP81VEYwGfCs6TsC5Fpump,0.000007301873227913811
2026-09-05 01:20:00.000 UTC,BDYQgba7FVBpqaMyMcLW1ENP81VEYwGfCs6TsC5Fpump,0.000007111958804104451
2026-09-05 03:15:00.000 UTC,BDYQgba7FVBpqaMyMcLW1ENP81VEYwGfCs6TsC5Fpump,0.000007316443977491527
2026-09-05 03:16:00.000 UTC,BDYQgba7FVBpqaMyMcLW1ENP81VEYwGfCs6TsC5Fpump,0.000007319930461445998
2026-09-05 03:29:00.000 UTC,BDYQgba7FVBpqaMyMcLW1ENP81VEYwGfCs6TsC5Fpump,0.00000732631814694541
2026-09-05 06:32:00.000 UTC,BDYQgba7FVBpqaMyMcLW1ENP81VEYwGfCs6TsC5Fpump,0.000006780006380769854
2026-09-05 07:52:00.000 UTC,BDYQgba7FVBpqaMyMcLW1ENP81VEYwGfCs6TsC5Fpump,0.000006702891066189563
2026-09-05 07:59:00.000 UTC,BDYQgba7FVBpqaMyMcLW1ENP81VEYwGfCs6TsC5Fpump,0.0000067049950791590895
2026-09-05 09:21:00.000 UTC,BDYQgba7FVBpqaMyMcLW1ENP81VEYwGfCs6TsC5Fpump,0.000006463924029646887
2026-09-05 10:09:00.000 UTC,BDYQgba7FVBpqaMyMcLW1ENP81VEYwGfCs6TsC5Fpump,0.000006450004570459141
2026-09-05 11:09:00.000 UTC,BDYQgba7FVBpqaMyMcLW1ENP81VEYwGfCs6TsC5Fpump,0.0000064595302434116795
2026-09-05 11:10:00.000 UTC,BDYQgba7FVBpqaMyMcLW1ENP81VEYwGfCs6TsC5Fpump,0.000006579513908681376
2026-09-05 15:40:00.000 UTC,BDYQgba7FVBpqaMyMcLW1ENP81VEYwGfCs6TsC5Fpump,0.0000063234783300018496
2026-09-05 16:30:00.000 UTC,BDYQgba7FVBpqaMyMcLW1ENP81VEYwGfCs6TsC5Fpump,0.000006415303169524939
2026-09-05 16:31:00.000 UTC,BDYQgba7FVBpqaMyMcLW1ENP81VEYwGfCs6TsC5Fpump,0.00000641589774989523
2026-09-05 19:03:00.000 UTC,BDYQgba7FVBpqaMyMcLW1ENP81VEYwGfCs6TsC5Fpump,0.000006276773297664407
2026-09-05 19:27:00.000 UTC,BDYQgba7FVBpqaMyMcLW1ENP81VEYwGfCs6TsC5Fpump,0.000006545932534047347
2026-09-05 19:28:00.000 UTC,BDYQgba7FVBpqaMyMcLW1ENP81VEYwGfCs6TsC5Fpump,0.000006931994504199467
2026-09-05 19:29:00.000 UTC,BDYQgba7FVBpqaMyMcLW1ENP81VEYwGfCs6TsC5Fpump,0.000007644596978756346
2026-09-05 19:39:00.000 UTC,BDYQgba7FVBpqaMyMcLW1ENP81VEYwGfCs6TsC5Fpump,0.000008120856936036386
2026-09-05 19:46:00.000 UTC,BDYQgba7FVBpqaMyMcLW1ENP81VEYwGfCs6TsC5Fpump,0.000009701575070406173
2026-09-05 19:47:00.000 UTC,BDYQgba7FVBpqaMyMcLW1ENP81VEYwGfCs6TsC5Fpump,0.000013486255253797873
2026-09-05 19:48:00.000 UTC,BDYQgba7FVBpqaMyMcLW1ENP81VEYwGfCs6TsC5Fpump,0.000016614738612367622
2026-09-05 19:49:00.000 UTC,BDYQgba7FVBpqaMyMcLW1ENP81VEYwGfCs6TsC5Fpump,0.000015658142897845048
2026-09-05 19:50:00.000 UTC,BDYQgba7FVBpqaMyMcLW1ENP81VEYwGfCs6TsC5Fpump,0.000013298775765135746
2026-09-05 19:51:00.000 UTC,BDYQgba7FVBpqaMyMcLW1ENP81VEYwGfCs6TsC5Fpump,0.00001494909356914522
2026-09-05 19:52:00.000 UTC,BDYQgba7FVBpqaMyMcLW1ENP81VEYwGfCs6TsC5Fpump,0.000015492689553538164
2026-09-05 19:53:00.000 UTC,BDYQgba7FVBpqaMyMcLW1ENP81VEYwGfCs6TsC5Fpump,0.000014613472448917262
2026-09-05 19:54:00.000 UTC,BDYQgba7FVBpqaMyMcLW1ENP81VEYwGfCs6TsC5Fpump,0.000013401356310798728
2026-09-05 19:55:00.000 UTC,BDYQgba7FVBpqaMyMcLW1ENP81VEYwGfCs6TsC5Fpump,0.000014021398400329386
2026-09-05 19:56:00.000 UTC,BDYQgba7FVBpqaMyMcLW1ENP81VEYwGfCs6TsC5Fpump,0.000014214146623543573
2026-09-05 19:57:00.000 UTC,BDYQgba7FVBpqaMyMcLW1ENP81VEYwGfCs6TsC5Fpump,0.00002350183703479528
2026-09-05 19:58:00.000 UTC,BDYQgba7FVBpqaMyMcLW1ENP81VEYwGfCs6TsC5Fpump,0.00003194363580265321
2026-09-05 19:59:00.000 UTC,BDYQgba7FVBpqaMyMcLW1ENP81VEYwGfCs6TsC5Fpump,0.000032459404521984874
2026-09-05 20:00:00.000 UTC,BDYQgba7FVBpqaMyMcLW1ENP81VEYwGfCs6TsC5Fpump,0.000025306108235061377
2026-09-05 20:01:00.000 UTC,BDYQgba7FVBpqaMyMcLW1ENP81VEYwGfCs6TsC5Fpump,0.00003433146451313521
2026-09-05 20:02:00.000 UTC,BDYQgba7FVBpqaMyMcLW1ENP81VEYwGfCs6TsC5Fpump,0.00003435826340257696
2026-09-05 20:03:00.000 UTC,BDYQgba7FVBpqaMyMcLW1ENP81VEYwGfCs6TsC5Fpump,0.00003174209923563741
2026-09-05 20:04:00.000 UTC,BDYQgba7FVBpqaMyMcLW1ENP81VEYwGfCs6TsC5Fpump,0.00003269580353401695
2026-09-05 20:05:00.000 UTC,BDYQgba7FVBpqaMyMcLW1ENP81VEYwGfCs6TsC5Fpump,0.000036237477669455055
2026-09-05 20:06:00.000 UTC,BDYQgba7FVBpqaMyMcLW1ENP81VEYwGfCs6TsC5Fpump,0.00003802009525203208
2026-09-05 20:07:00.000 UTC,BDYQgba7FVBpqaMyMcLW1ENP81VEYwGfCs6TsC5Fpump,0.00003839540088825402
2026-09-05 20:08:00.000 UTC,BDYQgba7FVBpqaMyMcLW1ENP81VEYwGfCs6TsC5Fpump,0.00004207525763076814
2026-08-31 07:51:00.000 UTC,BDah7M4CjDZ6w3aR4GqVgc2w7kFXThFLyfuh2ozQpump,0.000003387041560651866
2026-08-31 07:52:00.000 UTC,BDah7M4CjDZ6w3aR4GqVgc2w7kFXThFLyfuh2ozQpump,0.000003243644402345896
2026-08-31 07:54:00.000 UTC,BDah7M4CjDZ6w3aR4GqVgc2w7kFXThFLyfuh2ozQpump,0.000002879410951840898
2026-09-12 12:43:00.000 UTC,BDvT9AUcsUEZDa59aoC9eBM3iRvFgNSYpg4ZhQRFpump,0.000003423697607026628
2026-09-09 02:32:00.000 UTC,BHR6dj8PnhHXFosJBQxDhTnrQGaNC5AT71LFUspppump,0.000005897003205645892
2026-09-09 02:33:00.000 UTC,BHR6dj8PnhHXFosJBQxDhTnrQGaNC5AT71LFUspppump,0.00000985060098279926
2026-09-09 02:34:00.000 UTC,BHR6dj8PnhHXFosJBQxDhTnrQGaNC5AT71LFUspppump,0.00001164212057605599
2026-09-09 02:35:00.000 UTC,BHR6dj8PnhHXFosJBQxDhTnrQGaNC5AT71LFUspppump,0.000004827648994742608
2026-09-09 02:36:00.000 UTC,BHR6dj8PnhHXFosJBQxDhTnrQGaNC5AT71LFUspppump,0.0000038598940120583885
2026-09-09 02:37:00.000 UTC,BHR6dj8PnhHXFosJBQxDhTnrQGaNC5AT71LFUspppump,0.0000034603039548506022
2026-09-10 13:51:00.000 UTC,BHR6dj8PnhHXFosJBQxDhTnrQGaNC5AT71LFUspppump,0.0000030668069545700837
2026-09-10 13:52:00.000 UTC,BHR6dj8PnhHXFosJBQxDhTnrQGaNC5AT71LFUspppump,0.0000037115761704770675
2026-09-10 13:53:00.000 UTC,BHR6dj8PnhHXFosJBQxDhTnrQGaNC5AT71LFUspppump,0.000003230808104654116
2026-09-05 05:17:00.000 UTC,BHo9DjAb2oPpMMDcvHpdUFjTbNYnbeKCZP9ikwBgpump,0.0000010243471980908032
2026-09-05 05:18:00.000 UTC,BHo9DjAb2oPpMMDcvHpdUFjTbNYnbeKCZP9ikwBgpump,0.00000123787746696607
2026-09-05 05:19:00.000 UTC,BHo9DjAb2oPpMMDcvHpdUFjTbNYnbeKCZP9ikwBgpump,0.000001096908333297274
2026-09-01 17:23:00.000 UTC,BHokr9Suqfif46vtxAD6fBq4GDZLmMzNiD4BUdb9pump,0.0000034980457027912162
2026-09-01 17:25:00.000 UTC,BHokr9Suqfif46vtxAD6fBq4GDZLmMzNiD4BUdb9pump,0.000002850042742606225
2026-08-18 01:45:00.000 UTC,BJX2G5o56tSLYfvvfo52U9eM6hN1wHJ1iWKhkVskpump,0.0000021176148743930477
2026-09-06 17:10:00.000 UTC,BLJX2JkcPG5fmnCLdHvmSBcyMKhATaemjaN2X4rpump,0.000011327974276553184
2026-08-17 13:38:00.000 UTC,BMQeUL3XkfyHSbSYiP4SXC2e4coweUZVeu636kHVmh1o,0.0000030281042731826042
2026-08-21 14:34:00.000 UTC,BMVhHj7LQ4LE1dHY7fvmzgJeHEQBykykVawbhxXZpump,0.0000027120313415269
2026-08-15 10:44:00.000 UTC,BMciCEP1GkaJjYF41AfWTWbaUQ5hdzQXobBV2wRupump,0.0000024954898495564316
2026-08-15 10:45:00.000 UTC,BMciCEP1GkaJjYF41AfWTWbaUQ5hdzQXobBV2wRupump,0.0000036437386089028023
2026-08-15 10:46:00.000 UTC,BMciCEP1GkaJjYF41AfWTWbaUQ5hdzQXobBV2wRupump,0.000003581001395938987
2026-08-15 10:47:00.000 UTC,BMciCEP1GkaJjYF41AfWTWbaUQ5hdzQXobBV2wRupump,0.0000031319762500785317
2026-08-15 10:48:00.000 UTC,BMciCEP1GkaJjYF41AfWTWbaUQ5hdzQXobBV2wRupump,0.0000030588811972495125
2026-08-15 10:49:00.000 UTC,BMciCEP1GkaJjYF41AfWTWbaUQ5hdzQXobBV2wRupump,0.0000036116981972285445
2026-08-15 10:53:00.000 UTC,BMciCEP1GkaJjYF41AfWTWbaUQ5hdzQXobBV2wRupump,0.0000023573281211135995
2026-08-31 17:52:00.000 UTC,BPTr527khysZjy2gcqcKG1gXzujD7tVf5aoc2otfpump,0.0000038072843140250896
2026-08-19 22:49:00.000 UTC,BQ2ELVeyPrBV5w3sgbRQRr8ebT3ecw81Jvhviqy3pump,0.0000024025715612128447
2026-08-25 04:27:00.000 UTC,BQ2ELVeyPrBV5w3sgbRQRr8ebT3ecw81Jvhviqy3pump,0.000002838136115002222
2026-08-30 01:16:00.000 UTC,BRkgVEEUVhb9hmxZ6sHAJmVkr77VVaxBSFnJwq6hpump,0.000002941974756347481
2026-08-20 06:48:00.000 UTC,BSh6oWspxBFzps1Qu3gBcn4yQxajUSN4CWs87DYTpump,0.0000033624246947213224
2026-08-24 19:21:00.000 UTC,BV8y33BVrk1RbRPrDGgAiC4bpfs19L2PciNbBUB2pump,0.000003088781613991991
2026-08-23 20:47:00.000 UTC,BVLrrCcCiExaXv9ingA846UA9isE9zLWGGECb9zEpump,5.991492007938317e-7
2026-08-23 20:48:00.000 UTC,BVLrrCcCiExaXv9ingA846UA9isE9zLWGGECb9zEpump,2.049214988055032e-8
2026-08-23 20:50:00.000 UTC,BVLrrCcCiExaXv9ingA846UA9isE9zLWGGECb9zEpump,7.296572775413294e-9
2026-08-23 21:00:00.000 UTC,BVLrrCcCiExaXv9ingA846UA9isE9zLWGGECb9zEpump,2.40615142528989e-9
2026-09-04 23:07:00.000 UTC,BVeDujt8yGtnyzkvkpJGSFbWWfJ1QZLtvKiaAEHW5XRX,0.00001302036566047164
2026-09-08 02:43:00.000 UTC,BWFem2bgmokZ92Rjbz2DzshKMbQbNJMqhcooR2VEpump,0.000004379208342666684
2026-09-08 02:44:00.000 UTC,BWFem2bgmokZ92Rjbz2DzshKMbQbNJMqhcooR2VEpump,0.0000029474867865981927
2026-08-24 13:00:00.000 UTC,BYRaWqGjNr5pVoqCist6iXAPdQhcZ17zvfHk7UWgpump,0.000003598489088570256
2026-08-29 14:28:00.000 UTC,BYZ5bmMT4GJAcU1aZPZE6zdRhNozJBVyh2eQAgxmpump,0.0000029282367966095895
2026-08-29 14:29:00.000 UTC,BYZ5bmMT4GJAcU1aZPZE6zdRhNozJBVyh2eQAgxmpump,9.215763763669388e-7
2026-09-04 21:53:00.000 UTC,BYt18yLv3skyW4LyNsMAoGy9BF398F54SjtdYRtTpump,0.0000033307494318250554
2026-09-04 21:56:00.000 UTC,BYt18yLv3skyW4LyNsMAoGy9BF398F54SjtdYRtTpump,0.0000028486921870357123
2026-08-30 02:50:00.000 UTC,BZoA3p8mx9kfUz7A5GcB7sT5882fG3RUBCqsmg7jpump,0.000004415675743261312
2026-08-26 23:44:00.000 UTC,BbD9iVA8Q51bKaRvRbrN6RespT1thky2VtSExhK4pump,0.0000025563764777545745
2026-08-26 23:45:00.000 UTC,BbD9iVA8Q51bKaRvRbrN6RespT1thky2VtSExhK4pump,4.7437946198107405e-7
2026-08-27 10:40:00.000 UTC,BbXgAmcR91qAim1Ttqv7hVrFQhTT7eiUpnJ95k6hdg1G,0.0000029303951178394256
2026-08-27 10:48:00.000 UTC,BbXgAmcR91qAim1Ttqv7hVrFQhTT7eiUpnJ95k6hdg1G,0.000003211743394119835
2026-08-27 10:49:00.000 UTC,BbXgAmcR91qAim1Ttqv7hVrFQhTT7eiUpnJ95k6hdg1G,0.000003009669995374617
2026-09-07 18:30:00.000 UTC,BcVdTDB71LqdySTXa5MX6oYWbxEa5KUfAA5LbwXKBDV6,0.0000029061403190731267
2026-08-15 20:54:00.000 UTC,BgZFQ1jtqVApdscEUcpJ3hdA6iFHBDYiZsb8cpBDpump,0.000002109250749263353
2026-08-15 20:56:00.000 UTC,BgZFQ1jtqVApdscEUcpJ3hdA6iFHBDYiZsb8cpBDpump,0.0000022007906025433875
2026-08-15 21:04:00.000 UTC,BgZFQ1jtqVApdscEUcpJ3hdA6iFHBDYiZsb8cpBDpump,0.000002321844863996597
2026-08-17 05:30:00.000 UTC,BgwYekNTApoKpirN69ct3DMFJMYW2LN1dTn1bev6pump,6.929295944674288e-7
2026-08-17 05:31:00.000 UTC,BgwYekNTApoKpirN69ct3DMFJMYW2LN1dTn1bev6pump,1.81742481039638e-7
2026-08-17 05:32:00.000 UTC,BgwYekNTApoKpirN69ct3DMFJMYW2LN1dTn1bev6pump,9.207432639490309e-8
2026-08-17 05:34:00.000 UTC,BgwYekNTApoKpirN69ct3DMFJMYW2LN1dTn1bev6pump,3.8064245266436045e-8
2026-09-12 20:05:00.000 UTC,Bh8JrtLQ5Hmxb9JeEEj9TnpKxjoYogcnuwtuCWqDpump,0.0000027084446228461847
2026-09-12 20:06:00.000 UTC,Bh8JrtLQ5Hmxb9JeEEj9TnpKxjoYogcnuwtuCWqDpump,0.0000014518966286444664
2026-08-22 08:11:00.000 UTC,Bha3z8qzUKmQLwimG92itqYXHEbknVtNA1z2jjADpump,0.0000026419349427721624
2026-08-15 03:20:00.000 UTC,BhgaiDq9TNofugbEFhHXKeUgAvu8c3WTxF9m8NoSpump,0.0000026150024625973304
2026-08-27 12:17:00.000 UTC,BjD9qWNz5JtF1xFGGDt4GSDArs9B27sFBm5Ace4KXiFr,0.000002919403339053015
2026-08-27 12:18:00.000 UTC,BjD9qWNz5JtF1xFGGDt4GSDArs9B27sFBm5Ace4KXiFr,0.000003353584572397538
2026-08-20 02:33:00.000 UTC,Bjw1uxjnbqEgbCTKwQLGc8oCshscUdkKr5iwuPm7pump,0.0000023765223675165
2026-08-24 15:25:00.000 UTC,Bjxxd6g5AdBhBxihY3xXpnzufTAAbFbgBWoAxAjYpump,0.000003923679064473056
2026-08-17 12:38:00.000 UTC,BmYuE1ArAVYZtpVuFFTP1SrtFWnSf2GWtYLCVzckpump,0.0000027353312913014793
2026-09-01 19:27:00.000 UTC,BnheBKczdXKRpyqmRqisWZ2GsqxLyKczrv3V7dcDpump,0.0000010506653692640992
2026-09-01 19:28:00.000 UTC,BnheBKczdXKRpyqmRqisWZ2GsqxLyKczrv3V7dcDpump,6.550282357206048e-8
2026-08-15 17:06:00.000 UTC,BnorHw1kE4yV6oqj4NpL6Fw9bhNxXMo6quXyEUzwLbeJ,0.000002796891286764586
2026-08-15 17:07:00.000 UTC,BnorHw1kE4yV6oqj4NpL6Fw9bhNxXMo6quXyEUzwLbeJ,0.000002558929935509459
2026-08-28 13:04:00.000 UTC,BoJuFn8e1GNeAjSXEqE3R1vZXoPN6yU87bg7RtVQpump,0.000002958184995340276
2026-08-27 19:24:00.000 UTC,BoNdvQtQMNTsqY6oSZwdLUK7AzDaxhUk4ELAPqnFpump,0.000003834686177338826
2026-08-25 22:59:00.000 UTC,BoQVnzeFT7kSpHU8e1zteQYJLt2mQVvoSfs6aQjqpump,0.0000048513262953842605
2026-08-25 23:00:00.000 UTC,BoQVnzeFT7kSpHU8e1zteQYJLt2mQVvoSfs6aQjqpump,0.0000016925812946286704
2026-09-12 15:05:00.000 UTC,BowpxL5prWJgSDSWvow8ewN8dPHQVpMy5WqwUGV7pump,0.0000017384704091301986
2024-11-03 18:54:00.000 UTC,BqSVedE3zot4tHwWNeAp6T5Q5XwrJC3MT2mjHi1QQrD8,0.000004844655119108639
2024-11-04 16:18:00.000 UTC,BqSVedE3zot4tHwWNeAp6T5Q5XwrJC3MT2mjHi1QQrD8,0.000005476869173631542
2024-11-05 13:24:00.000 UTC,BqSVedE3zot4tHwWNeAp6T5Q5XwrJC3MT2mjHi1QQrD8,0.000006405228514475813
2024-11-14 03:25:00.000 UTC,BqSVedE3zot4tHwWNeAp6T5Q5XwrJC3MT2mjHi1QQrD8,0.0000066837590478672114
2025-01-18 16:23:00.000 UTC,BqSVedE3zot4tHwWNeAp6T5Q5XwrJC3MT2mjHi1QQrD8,0.000008131580421078185
2026-08-18 16:39:00.000 UTC,BqSVedE3zot4tHwWNeAp6T5Q5XwrJC3MT2mjHi1QQrD8,0.0000023466689593851146
2026-08-18 16:43:00.000 UTC,BqSVedE3zot4tHwWNeAp6T5Q5XwrJC3MT2mjHi1QQrD8,0.0000033494068828886077
2026-08-18 16:44:00.000 UTC,BqSVedE3zot4tHwWNeAp6T5Q5XwrJC3MT2mjHi1QQrD8,0.0000033334321008162383
2026-08-18 16:45:00.000 UTC,BqSVedE3zot4tHwWNeAp6T5Q5XwrJC3MT2mjHi1QQrD8,0.0000032226486526390996
2026-08-24 22:56:00.000 UTC,BrYwPXRV9zMMMKQULKutKrFrktB1Sedh3yu3CLfEpump,0.000003824762822558978
2026-08-24 23:53:00.000 UTC,BrYwPXRV9zMMMKQULKutKrFrktB1Sedh3yu3CLfEpump,0.000002757460092240003
2026-08-25 00:01:00.000 UTC,BrYwPXRV9zMMMKQULKutKrFrktB1Sedh3yu3CLfEpump,0.00000276473570283318
2026-08-25 00:02:00.000 UTC,BrYwPXRV9zMMMKQULKutKrFrktB1Sedh3yu3CLfEpump,0.0000027647359214209264
2026-08-25 08:37:00.000 UTC,BrYwPXRV9zMMMKQULKutKrFrktB1Sedh3yu3CLfEpump,0.000002823500289352334
2026-08-25 12:22:00.000 UTC,BrYwPXRV9zMMMKQULKutKrFrktB1Sedh3yu3CLfEpump,0.0000028386254568528942
2026-08-26 04:31:00.000 UTC,BrYwPXRV9zMMMKQULKutKrFrktB1Sedh3yu3CLfEpump,0.000002714538770654447
2026-09-01 21:00:00.000 UTC,BsGr856t9gnc2LnEQtXY4VrHezLKUWQXSTJD956upump,0.000002888664982496925
2026-09-01 21:01:00.000 UTC,BsGr856t9gnc2LnEQtXY4VrHezLKUWQXSTJD956upump,0.0000019068118319137115
2026-09-07 23:54:00.000 UTC,BsT9mmtqUcNwWm6aJPTB6Sbvjk8Jz8AyeV2wRyEQpump,0.0000037297397032311135
2026-09-07 16:47:00.000 UTC,Btcr76e1czgQuXS8NJCx6EmN4xx2HYPQDZoPke47pump,0.000003528926798036948
2026-08-16 16:05:00.000 UTC,BuZN26DJbmMEhNWZW6JyczURfDeA3u3EubCUJAG7pump,0.000002352462312023613
2026-08-16 16:06:00.000 UTC,BuZN26DJbmMEhNWZW6JyczURfDeA3u3EubCUJAG7pump,0.000002592475664430703
2026-08-16 16:17:00.000 UTC,BuZN26DJbmMEhNWZW6JyczURfDeA3u3EubCUJAG7pump,0.0000023518567256908955
2026-07-24 17:16:00.000 UTC,BvyzVrzgTzFvgQjrzkj26bPeogsycfLzttKRXHbupump,0.000007186737212897527
2026-07-24 17:17:00.000 UTC,BvyzVrzgTzFvgQjrzkj26bPeogsycfLzttKRXHbupump,0.000011068765549331443
2026-07-24 17:18:00.000 UTC,BvyzVrzgTzFvgQjrzkj26bPeogsycfLzttKRXHbupump,0.00000848811100960905
2026-07-24 17:19:00.000 UTC,BvyzVrzgTzFvgQjrzkj26bPeogsycfLzttKRXHbupump,0.00001248778271549275
2026-07-24 17:20:00.000 UTC,BvyzVrzgTzFvgQjrzkj26bPeogsycfLzttKRXHbupump,0.000015823975766653225
2026-07-24 17:21:00.000 UTC,BvyzVrzgTzFvgQjrzkj26bPeogsycfLzttKRXHbupump,0.000018840869971449063
2026-07-24 17:22:00.000 UTC,BvyzVrzgTzFvgQjrzkj26bPeogsycfLzttKRXHbupump,0.000016193050437774927
2026-07-24 17:23:00.000 UTC,BvyzVrzgTzFvgQjrzkj26bPeogsycfLzttKRXHbupump,0.000011737134225968713
2026-07-24 17:24:00.000 UTC,BvyzVrzgTzFvgQjrzkj26bPeogsycfLzttKRXHbupump,0.000011470267922031686
2026-07-24 17:25:00.000 UTC,BvyzVrzgTzFvgQjrzkj26bPeogsycfLzttKRXHbupump,0.000010675590156770312
2026-07-24 17:26:00.000 UTC,BvyzVrzgTzFvgQjrzkj26bPeogsycfLzttKRXHbupump,0.000006029670780054476
2026-07-24 17:27:00.000 UTC,BvyzVrzgTzFvgQjrzkj26bPeogsycfLzttKRXHbupump,0.000007331168487452178
2026-07-24 17:28:00.000 UTC,BvyzVrzgTzFvgQjrzkj26bPeogsycfLzttKRXHbupump,0.000005700358073514344
2026-07-24 17:29:00.000 UTC,BvyzVrzgTzFvgQjrzkj26bPeogsycfLzttKRXHbupump,0.0000044927855377755475
2026-07-24 17:30:00.000 UTC,BvyzVrzgTzFvgQjrzkj26bPeogsycfLzttKRXHbupump,0.00000362722808665032
2026-07-24 17:31:00.000 UTC,BvyzVrzgTzFvgQjrzkj26bPeogsycfLzttKRXHbupump,0.0000037069887051297725
2026-07-24 17:33:00.000 UTC,BvyzVrzgTzFvgQjrzkj26bPeogsycfLzttKRXHbupump,0.000004403743349272959
2026-07-24 17:34:00.000 UTC,BvyzVrzgTzFvgQjrzkj26bPeogsycfLzttKRXHbupump,0.000003387638199537766
2026-07-24 17:35:00.000 UTC,BvyzVrzgTzFvgQjrzkj26bPeogsycfLzttKRXHbupump,0.000003387593068753802
2026-07-24 17:37:00.000 UTC,BvyzVrzgTzFvgQjrzkj26bPeogsycfLzttKRXHbupump,0.000002831616955902122
2026-07-24 17:42:00.000 UTC,BvyzVrzgTzFvgQjrzkj26bPeogsycfLzttKRXHbupump,0.000002721656907240691
2026-07-24 17:47:00.000 UTC,BvyzVrzgTzFvgQjrzkj26bPeogsycfLzttKRXHbupump,0.0000026630494768471796
2026-07-24 18:14:00.000 UTC,BvyzVrzgTzFvgQjrzkj26bPeogsycfLzttKRXHbupump,0.0000022701904968480787
2026-07-24 18:17:00.000 UTC,BvyzVrzgTzFvgQjrzkj26bPeogsycfLzttKRXHbupump,0.000002285315112911103
2026-08-01 00:07:00.000 UTC,BvyzVrzgTzFvgQjrzkj26bPeogsycfLzttKRXHbupump,0.000002082380094778282
2026-08-01 00:08:00.000 UTC,BvyzVrzgTzFvgQjrzkj26bPeogsycfLzttKRXHbupump,0.000002176967274450087
2026-08-15 04:52:00.000 UTC,BvyzVrzgTzFvgQjrzkj26bPeogsycfLzttKRXHbupump,0.0000022742224073285423
2026-08-15 14:15:00.000 UTC,BvyzVrzgTzFvgQjrzkj26bPeogsycfLzttKRXHbupump,0.0000021639591833098576
2026-08-15 10:35:00.000 UTC,BwVbPopdx7PnCn6VNYH412GoEQ8vmwT3kEKHqUqHpump,0.000004197813388327663
2026-08-15 10:36:00.000 UTC,BwVbPopdx7PnCn6VNYH412GoEQ8vmwT3kEKHqUqHpump,0.0000037061710695002223
2026-08-15 17:17:00.000 UTC,BwVbPopdx7PnCn6VNYH412GoEQ8vmwT3kEKHqUqHpump,0.000002312341584305683
2026-08-15 17:18:00.000 UTC,BwVbPopdx7PnCn6VNYH412GoEQ8vmwT3kEKHqUqHpump,0.000002688646816002463
2026-08-15 17:19:00.000 UTC,BwVbPopdx7PnCn6VNYH412GoEQ8vmwT3kEKHqUqHpump,0.000002299351563732404
2026-08-15 17:20:00.000 UTC,BwVbPopdx7PnCn6VNYH412GoEQ8vmwT3kEKHqUqHpump,0.000002367250248040804
2026-08-15 18:45:00.000 UTC,BwVbPopdx7PnCn6VNYH412GoEQ8vmwT3kEKHqUqHpump,0.000002384609354884181
2026-08-15 23:15:00.000 UTC,BwVbPopdx7PnCn6VNYH412GoEQ8vmwT3kEKHqUqHpump,0.0000024286429919879395
2026-08-15 23:18:00.000 UTC,BwVbPopdx7PnCn6VNYH412GoEQ8vmwT3kEKHqUqHpump,0.0000024644224199339955
2026-09-10 14:05:00.000 UTC,BzfLmtvKeg1fJj4RQRDqQGMExZe5eEgCwtSx7ydhpump,6.41460816273789e-7
2026-09-10 14:06:00.000 UTC,BzfLmtvKeg1fJj4RQRDqQGMExZe5eEgCwtSx7ydhpump,1.1656722896498014e-7
2026-09-10 14:07:00.000 UTC,BzfLmtvKeg1fJj4RQRDqQGMExZe5eEgCwtSx7ydhpump,1.0151348665186531e-7
2026-09-10 14:10:00.000 UTC,BzfLmtvKeg1fJj4RQRDqQGMExZe5eEgCwtSx7ydhpump,8.989565691139562e-8
2026-09-10 14:11:00.000 UTC,BzfLmtvKeg1fJj4RQRDqQGMExZe5eEgCwtSx7ydhpump,6.726374068869062e-8
2026-09-10 16:11:00.000 UTC,C1Y4b5C7KTfJyhMd8c8LLUHofq2wWFb3vfdotwkapump,0.0000034473025954935862
2026-09-09 15:20:00.000 UTC,C1v4wiRoSYgUpzMX2zUpNrazHqA4MWdR9XFFztvipump,0.000004242191965344525
2026-09-09 15:21:00.000 UTC,C1v4wiRoSYgUpzMX2zUpNrazHqA4MWdR9XFFztvipump,0.0000029620396645227782
2026-09-10 19:45:00.000 UTC,C2EUBnXxVdADXkGLh6bF46heZxohGYpMv2gPXZf4pump,0.0000064028512864997815
2026-09-10 19:46:00.000 UTC,C2EUBnXxVdADXkGLh6bF46heZxohGYpMv2gPXZf4pump,0.000007878985957457173
2026-09-10 19:47:00.000 UTC,C2EUBnXxVdADXkGLh6bF46heZxohGYpMv2gPXZf4pump,0.000009648601560116653
2026-09-10 19:48:00.000 UTC,C2EUBnXxVdADXkGLh6bF46heZxohGYpMv2gPXZf4pump,0.000008817615024673105
2026-09-10 19:49:00.000 UTC,C2EUBnXxVdADXkGLh6bF46heZxohGYpMv2gPXZf4pump,0.000010094759118937076
2026-09-10 19:50:00.000 UTC,C2EUBnXxVdADXkGLh6bF46heZxohGYpMv2gPXZf4pump,0.000013469265577507012
2026-09-10 19:51:00.000 UTC,C2EUBnXxVdADXkGLh6bF46heZxohGYpMv2gPXZf4pump,0.000012510631179615171
2026-09-10 19:52:00.000 UTC,C2EUBnXxVdADXkGLh6bF46heZxohGYpMv2gPXZf4pump,0.000012282359185190797
2026-09-10 19:53:00.000 UTC,C2EUBnXxVdADXkGLh6bF46heZxohGYpMv2gPXZf4pump,0.000010134915816383932
2026-09-10 19:54:00.000 UTC,C2EUBnXxVdADXkGLh6bF46heZxohGYpMv2gPXZf4pump,0.000005725345330102195
2026-09-10 19:55:00.000 UTC,C2EUBnXxVdADXkGLh6bF46heZxohGYpMv2gPXZf4pump,0.000005376583043464506
2026-09-10 19:56:00.000 UTC,C2EUBnXxVdADXkGLh6bF46heZxohGYpMv2gPXZf4pump,0.0000050156566115957364
2026-09-10 19:57:00.000 UTC,C2EUBnXxVdADXkGLh6bF46heZxohGYpMv2gPXZf4pump,0.000005290015836279474
2026-09-10 19:58:00.000 UTC,C2EUBnXxVdADXkGLh6bF46heZxohGYpMv2gPXZf4pump,0.000005751130096415125
2026-09-10 19:59:00.000 UTC,C2EUBnXxVdADXkGLh6bF46heZxohGYpMv2gPXZf4pump,0.00000592616692344652
2026-09-10 20:00:00.000 UTC,C2EUBnXxVdADXkGLh6bF46heZxohGYpMv2gPXZf4pump,0.000005544226794344301
2026-09-10 20:01:00.000 UTC,C2EUBnXxVdADXkGLh6bF46heZxohGYpMv2gPXZf4pump,0.0000053706931930928825
2026-09-10 20:02:00.000 UTC,C2EUBnXxVdADXkGLh6bF46heZxohGYpMv2gPXZf4pump,0.00000600703979646252
2026-09-10 20:03:00.000 UTC,C2EUBnXxVdADXkGLh6bF46heZxohGYpMv2gPXZf4pump,0.000005511882596758204
2026-09-10 20:04:00.000 UTC,C2EUBnXxVdADXkGLh6bF46heZxohGYpMv2gPXZf4pump,0.0000052167181123124705
2026-09-10 20:05:00.000 UTC,C2EUBnXxVdADXkGLh6bF46heZxohGYpMv2gPXZf4pump,0.000005326401858977191
2026-09-10 20:07:00.000 UTC,C2EUBnXxVdADXkGLh6bF46heZxohGYpMv2gPXZf4pump,0.000006657467550855399
2026-09-10 20:08:00.000 UTC,C2EUBnXxVdADXkGLh6bF46heZxohGYpMv2gPXZf4pump,0.000007540750282496912
2026-09-10 20:09:00.000 UTC,C2EUBnXxVdADXkGLh6bF46heZxohGYpMv2gPXZf4pump,0.00000888911870533493
2026-09-10 20:10:00.000 UTC,C2EUBnXxVdADXkGLh6bF46heZxohGYpMv2gPXZf4pump,0.000009564111467969414
2026-09-10 20:11:00.000 UTC,C2EUBnXxVdADXkGLh6bF46heZxohGYpMv2gPXZf4pump,0.000006368540096711551
2026-09-10 20:12:00.000 UTC,C2EUBnXxVdADXkGLh6bF46heZxohGYpMv2gPXZf4pump,0.000005447443883442612
2026-09-10 20:13:00.000 UTC,C2EUBnXxVdADXkGLh6bF46heZxohGYpMv2gPXZf4pump,0.00000616647226291278
2026-09-10 20:14:00.000 UTC,C2EUBnXxVdADXkGLh6bF46heZxohGYpMv2gPXZf4pump,0.000006355574609990072
2026-09-10 20:15:00.000 UTC,C2EUBnXxVdADXkGLh6bF46heZxohGYpMv2gPXZf4pump,0.000005465072055956342
2026-09-10 20:16:00.000 UTC,C2EUBnXxVdADXkGLh6bF46heZxohGYpMv2gPXZf4pump,0.000005460727917972673
2026-09-10 20:17:00.000 UTC,C2EUBnXxVdADXkGLh6bF46heZxohGYpMv2gPXZf4pump,0.000005286049879955374
2026-09-10 20:18:00.000 UTC,C2EUBnXxVdADXkGLh6bF46heZxohGYpMv2gPXZf4pump,0.000005473306194683466
2026-09-10 20:19:00.000 UTC,C2EUBnXxVdADXkGLh6bF46heZxohGYpMv2gPXZf4pump,0.000005665091936580248
2026-09-10 20:20:00.000 UTC,C2EUBnXxVdADXkGLh6bF46heZxohGYpMv2gPXZf4pump,0.000005864968157011022
2026-09-10 20:21:00.000 UTC,C2EUBnXxVdADXkGLh6bF46heZxohGYpMv2gPXZf4pump,0.000005997999617029527
2026-09-10 20:22:00.000 UTC,C2EUBnXxVdADXkGLh6bF46heZxohGYpMv2gPXZf4pump,0.000006384112698080761
2026-09-10 20:23:00.000 UTC,C2EUBnXxVdADXkGLh6bF46heZxohGYpMv2gPXZf4pump,0.000006298237666671816
2026-09-10 20:24:00.000 UTC,C2EUBnXxVdADXkGLh6bF46heZxohGYpMv2gPXZf4pump,0.000005823748417718721
2026-09-10 20:25:00.000 UTC,C2EUBnXxVdADXkGLh6bF46heZxohGYpMv2gPXZf4pump,0.000005065309763973264
2026-09-10 20:26:00.000 UTC,C2EUBnXxVdADXkGLh6bF46heZxohGYpMv2gPXZf4pump,0.000004655490367276037
2026-09-10 20:27:00.000 UTC,C2EUBnXxVdADXkGLh6bF46heZxohGYpMv2gPXZf4pump,0.0000045151601213315686
2026-09-10 20:28:00.000 UTC,C2EUBnXxVdADXkGLh6bF46heZxohGYpMv2gPXZf4pump,0.000004310423027955055
2026-09-10 20:29:00.000 UTC,C2EUBnXxVdADXkGLh6bF46heZxohGYpMv2gPXZf4pump,0.000004119489137298689
2026-09-10 20:31:00.000 UTC,C2EUBnXxVdADXkGLh6bF46heZxohGYpMv2gPXZf4pump,0.0000041050816400619285
2026-09-10 20:32:00.000 UTC,C2EUBnXxVdADXkGLh6bF46heZxohGYpMv2gPXZf4pump,0.0000041985560602396216
2026-09-10 20:34:00.000 UTC,C2EUBnXxVdADXkGLh6bF46heZxohGYpMv2gPXZf4pump,0.000004258104132049224
2026-09-10 20:35:00.000 UTC,C2EUBnXxVdADXkGLh6bF46heZxohGYpMv2gPXZf4pump,0.0000042864565999240225
2026-09-10 20:36:00.000 UTC,C2EUBnXxVdADXkGLh6bF46heZxohGYpMv2gPXZf4pump,0.000004324143570108474
2026-09-10 20:39:00.000 UTC,C2EUBnXxVdADXkGLh6bF46heZxohGYpMv2gPXZf4pump,0.000004218051185367937
2026-09-10 20:43:00.000 UTC,C2EUBnXxVdADXkGLh6bF46heZxohGYpMv2gPXZf4pump,0.000004029402429769838
2026-09-10 20:44:00.000 UTC,C2EUBnXxVdADXkGLh6bF46heZxohGYpMv2gPXZf4pump,0.000004004687938374652
2026-09-10 20:50:00.000 UTC,C2EUBnXxVdADXkGLh6bF46heZxohGYpMv2gPXZf4pump,0.000003937850586646501
2026-09-11 18:21:00.000 UTC,C2EUBnXxVdADXkGLh6bF46heZxohGYpMv2gPXZf4pump,0.0000030115338728324944
2026-09-11 18:37:00.000 UTC,C2EUBnXxVdADXkGLh6bF46heZxohGYpMv2gPXZf4pump,0.0000030206017959478538
2026-09-11 18:55:00.000 UTC,C2EUBnXxVdADXkGLh6bF46heZxohGYpMv2gPXZf4pump,0.000003015039136197558
2026-09-11 20:41:00.000 UTC,C2EUBnXxVdADXkGLh6bF46heZxohGYpMv2gPXZf4pump,0.000003036975884101717
2026-09-12 02:57:00.000 UTC,C2EUBnXxVdADXkGLh6bF46heZxohGYpMv2gPXZf4pump,0.000002978184747738341
2026-09-12 06:06:00.000 UTC,C2EUBnXxVdADXkGLh6bF46heZxohGYpMv2gPXZf4pump,0.00000305509066313794
2026-09-12 06:27:00.000 UTC,C2EUBnXxVdADXkGLh6bF46heZxohGYpMv2gPXZf4pump,0.0000030133916518705946
2026-09-13 20:13:00.000 UTC,C2EUBnXxVdADXkGLh6bF46heZxohGYpMv2gPXZf4pump,0.000002929243949354121
2026-09-13 20:14:00.000 UTC,C2EUBnXxVdADXkGLh6bF46heZxohGYpMv2gPXZf4pump,0.000002934338448996624
2026-08-25 10:17:00.000 UTC,C2kRLjpLzqj5SAdDvvPminPpZ3fAGbzobBrWhmdWpump,0.0000061267163600235
2026-08-25 10:18:00.000 UTC,C2kRLjpLzqj5SAdDvvPminPpZ3fAGbzobBrWhmdWpump,0.000011073876837994677
2026-09-08 22:57:00.000 UTC,C34gFhFZrL6E1xhDErnwDgQ79iVxw5rGDbNXpMiFpump,0.0000024741194320927195
2026-09-08 22:58:00.000 UTC,C34gFhFZrL6E1xhDErnwDgQ79iVxw5rGDbNXpMiFpump,8.89053891679946e-7
2026-08-26 19:01:00.000 UTC,C3BhPEt7Xo1JnvRwtBejhLuvx6zuF8dZHQPcQUGfpump,0.0000024636733985060853
2026-08-26 19:02:00.000 UTC,C3BhPEt7Xo1JnvRwtBejhLuvx6zuF8dZHQPcQUGfpump,0.000021119747813658893
2026-09-08 16:03:00.000 UTC,C3W6ZKU8AtVjQtoWUA9hTL4eLEunYTCs6gLyUZTLpump,0.0000010874401476828394
2026-08-15 18:38:00.000 UTC,C3gHwPeMe13vmHXgaKW4r6ysFnY69bYb9SuvcR6Npump,0.0000021279337825739854
2026-08-15 18:39:00.000 UTC,C3gHwPeMe13vmHXgaKW4r6ysFnY69bYb9SuvcR6Npump,0.0000021465983031818616
2026-08-15 18:40:00.000 UTC,C3gHwPeMe13vmHXgaKW4r6ysFnY69bYb9SuvcR6Npump,0.000002152744100683295
2026-08-17 19:29:00.000 UTC,C4MrQxLZETyU2kE1kezdSiWQoGNTqfp7Nbf89F5upump,0.000002118804423359874
2026-09-01 23:50:00.000 UTC,C73VmfKHPbN2hr6HoZLZ9knzuqQn5N2vAVA6mtUFpump,0.0000031382801402407
2026-09-01 23:51:00.000 UTC,C73VmfKHPbN2hr6HoZLZ9knzuqQn5N2vAVA6mtUFpump,0.000006907688100104773
2026-09-01 23:52:00.000 UTC,C73VmfKHPbN2hr6HoZLZ9knzuqQn5N2vAVA6mtUFpump,0.000013062066114226357
2026-09-01 23:53:00.000 UTC,C73VmfKHPbN2hr6HoZLZ9knzuqQn5N2vAVA6mtUFpump,0.0000024191243404829905
2026-09-01 23:54:00.000 UTC,C73VmfKHPbN2hr6HoZLZ9knzuqQn5N2vAVA6mtUFpump,2.4335267778000607e-8
2026-08-23 11:51:00.000 UTC,C86Kcz2HV7kHyDBPUtXu4SytpJJAQn4PCNLBfcHLpump,0.000002165213174282261
2026-09-01 17:19:00.000 UTC,C8VySta5yfu4q9CP5tSADznurxaurVEGwwGoiJrdsJwZ,0.0000032834811821496175
2026-08-30 22:31:00.000 UTC,C9guKpLbCndaa6M2y2GZvxupR89btXn7CR9aTwgLpump,0.0000036281180093539107
2026-08-30 22:32:00.000 UTC,C9guKpLbCndaa6M2y2GZvxupR89btXn7CR9aTwgLpump,0.0000030920058817855234
2026-08-26 00:05:00.000 UTC,CAsJsoN2jWhAgEbdf9xLZPCKVbtPFN5gX2vnEwtkpump,0.000003462355739393313
2026-08-26 00:07:00.000 UTC,CAsJsoN2jWhAgEbdf9xLZPCKVbtPFN5gX2vnEwtkpump,0.0000029616877140141726
2026-08-24 17:49:00.000 UTC,CAydtrJDum2HpeuG3jDE2fQ1YUFRNdREb9agRZrupump,0.0000029151468705315405
2026-09-10 15:11:00.000 UTC,CEzctFxu5CgUcLRPi83HxhLJ6d5BEJ552nrPtBSjpump,0.0000030246314520053274
2026-09-02 16:23:00.000 UTC,CFGDZgW4aRei5xasQ6PZ48noAZUo2ZQiWo8aHVzZmUm7,0.0000032694639562440644
2026-08-19 23:22:00.000 UTC,CGvLBr5EdygvWXhPZbp9yozyD6RH2WSY1tX5N3e5pump,0.0000015253899707901626
2026-08-19 23:23:00.000 UTC,CGvLBr5EdygvWXhPZbp9yozyD6RH2WSY1tX5N3e5pump,8.405526207696196e-8
2026-08-19 23:24:00.000 UTC,CGvLBr5EdygvWXhPZbp9yozyD6RH2WSY1tX5N3e5pump,1.120992989730729e-8
2026-08-19 23:25:00.000 UTC,CGvLBr5EdygvWXhPZbp9yozyD6RH2WSY1tX5N3e5pump,4.233136326685852e-9
2026-09-09 23:11:00.000 UTC,CL6o9QN5Sdn8GMYmgqWTyfMrZ9eeoXevhdzx7qb9pump,0.0000028398130609241848
2026-08-24 22:08:00.000 UTC,CLBohjp8n9GtmceRLHvcXQtAfTmiigHbCGXsSHMfpump,0.00001122800536614003
2026-08-22 22:15:00.000 UTC,CLp3hKHXdxk9WC4ksmrQFjrkXiP5ALswEWpvU3Apump,0.000010020364415885677
2026-08-28 22:19:00.000 UTC,CNTr2mocNuLHnD7sPGxjzpcwzxkhCCqeo5m5ntnjpump,0.0000030947250698975296
2026-04-02 19:57:00.000 UTC,CNhZWt8Ddk9byT7KEQcB3rNF3Sz5DYfAeHv3P5dapump,0.000004053394475844329
2026-04-02 19:58:00.000 UTC,CNhZWt8Ddk9byT7KEQcB3rNF3Sz5DYfAeHv3P5dapump,0.000010551628844079974
2026-04-02 19:59:00.000 UTC,CNhZWt8Ddk9byT7KEQcB3rNF3Sz5DYfAeHv3P5dapump,0.000010986277380703777
2026-04-02 20:00:00.000 UTC,CNhZWt8Ddk9byT7KEQcB3rNF3Sz5DYfAeHv3P5dapump,0.0000061056679153173625
2026-04-02 20:01:00.000 UTC,CNhZWt8Ddk9byT7KEQcB3rNF3Sz5DYfAeHv3P5dapump,0.000006919807531488794
2026-04-02 20:02:00.000 UTC,CNhZWt8Ddk9byT7KEQcB3rNF3Sz5DYfAeHv3P5dapump,0.000004707477231069082
2026-04-02 20:03:00.000 UTC,CNhZWt8Ddk9byT7KEQcB3rNF3Sz5DYfAeHv3P5dapump,0.000005561895081007281
2026-04-02 20:04:00.000 UTC,CNhZWt8Ddk9byT7KEQcB3rNF3Sz5DYfAeHv3P5dapump,0.000005304633213358865
2026-04-02 20:05:00.000 UTC,CNhZWt8Ddk9byT7KEQcB3rNF3Sz5DYfAeHv3P5dapump,0.000005652283552439319
2026-04-02 20:06:00.000 UTC,CNhZWt8Ddk9byT7KEQcB3rNF3Sz5DYfAeHv3P5dapump,0.000005068997755234157
2026-04-02 20:07:00.000 UTC,CNhZWt8Ddk9byT7KEQcB3rNF3Sz5DYfAeHv3P5dapump,0.000003661438542640145
2026-04-02 20:08:00.000 UTC,CNhZWt8Ddk9byT7KEQcB3rNF3Sz5DYfAeHv3P5dapump,0.0000035989402804050117
2026-04-02 20:33:00.000 UTC,CNhZWt8Ddk9byT7KEQcB3rNF3Sz5DYfAeHv3P5dapump,0.0000026681147591838178
2026-04-02 20:58:00.000 UTC,CNhZWt8Ddk9byT7KEQcB3rNF3Sz5DYfAeHv3P5dapump,0.000002556662310434898
2026-04-03 17:35:00.000 UTC,CNhZWt8Ddk9byT7KEQcB3rNF3Sz5DYfAeHv3P5dapump,0.000002262735945270895
2026-08-18 08:30:00.000 UTC,CNhZWt8Ddk9byT7KEQcB3rNF3Sz5DYfAeHv3P5dapump,0.0000021244763127522366
2026-08-18 11:44:00.000 UTC,CNhZWt8Ddk9byT7KEQcB3rNF3Sz5DYfAeHv3P5dapump,0.0000021358132736671648
2026-08-18 12:21:00.000 UTC,CNhZWt8Ddk9byT7KEQcB3rNF3Sz5DYfAeHv3P5dapump,0.0000021372086812667935
2026-08-20 11:37:00.000 UTC,CNhZWt8Ddk9byT7KEQcB3rNF3Sz5DYfAeHv3P5dapump,0.000002456479973609938
2026-09-01 18:17:00.000 UTC,CPAY3AUuCvKmqTDZEe59n287nWeaGr3Ck8naWUgUpump,0.0000030999178973005143
2026-09-01 18:18:00.000 UTC,CPAY3AUuCvKmqTDZEe59n287nWeaGr3Ck8naWUgUpump,0.000003160689358915807
2026-08-29 00:31:00.000 UTC,CVNAzWMLsi6CMzYucD7wLDUAa8WxoTzHNyw6xa8Zpump,0.0000031770765275000824
2026-08-29 00:32:00.000 UTC,CVNAzWMLsi6CMzYucD7wLDUAa8WxoTzHNyw6xa8Zpump,0.0000030868468866145566
2026-08-29 00:35:00.000 UTC,CVNAzWMLsi6CMzYucD7wLDUAa8WxoTzHNyw6xa8Zpump,0.0000031015310187182792
2026-08-29 00:59:00.000 UTC,CVNAzWMLsi6CMzYucD7wLDUAa8WxoTzHNyw6xa8Zpump,0.0000033346093410648515
2026-08-15 03:22:00.000 UTC,CVvgrhvivK9e2brbbiSjuUnSNXdCi3ACmAgQZ3dD8dZa,0.000003189440958681624
2026-08-17 21:08:00.000 UTC,CVvgrhvivK9e2brbbiSjuUnSNXdCi3ACmAgQZ3dD8dZa,0.000002280509771399708
2026-08-17 21:09:00.000 UTC,CVvgrhvivK9e2brbbiSjuUnSNXdCi3ACmAgQZ3dD8dZa,0.000004769769056636115
2026-08-17 21:10:00.000 UTC,CVvgrhvivK9e2brbbiSjuUnSNXdCi3ACmAgQZ3dD8dZa,0.000008125430544445591
2026-08-17 21:11:00.000 UTC,CVvgrhvivK9e2brbbiSjuUnSNXdCi3ACmAgQZ3dD8dZa,0.0000076247948557977304
2026-08-17 21:12:00.000 UTC,CVvgrhvivK9e2brbbiSjuUnSNXdCi3ACmAgQZ3dD8dZa,0.000003986455687987401
2026-08-17 21:13:00.000 UTC,CVvgrhvivK9e2brbbiSjuUnSNXdCi3ACmAgQZ3dD8dZa,0.00000420128212476829
2026-08-17 21:14:00.000 UTC,CVvgrhvivK9e2brbbiSjuUnSNXdCi3ACmAgQZ3dD8dZa,0.0000027068317693206668
2026-08-17 21:15:00.000 UTC,CVvgrhvivK9e2brbbiSjuUnSNXdCi3ACmAgQZ3dD8dZa,0.0000027351739033435773
2026-08-17 21:18:00.000 UTC,CVvgrhvivK9e2brbbiSjuUnSNXdCi3ACmAgQZ3dD8dZa,0.0000027919715297664645
2026-08-17 23:18:00.000 UTC,CVvgrhvivK9e2brbbiSjuUnSNXdCi3ACmAgQZ3dD8dZa,0.0000023692102680236713
2026-09-04 18:17:00.000 UTC,CVwfRcvginGFCtstBkqutE2UnBJRxzetDDULtoPZpump,0.000001984745624741034
2026-09-04 18:18:00.000 UTC,CVwfRcvginGFCtstBkqutE2UnBJRxzetDDULtoPZpump,5.194377085716999e-7
2026-08-23 10:28:00.000 UTC,CW9TY2G7VhbRWuu9cbyFNNBk5qK58xu6z459JLidpump,0.000004918315995839815
2026-08-23 10:29:00.000 UTC,CW9TY2G7VhbRWuu9cbyFNNBk5qK58xu6z459JLidpump,0.000007913493856850007
2026-08-23 10:30:00.000 UTC,CW9TY2G7VhbRWuu9cbyFNNBk5qK58xu6z459JLidpump,0.00000922078963527609
2026-08-23 10:31:00.000 UTC,CW9TY2G7VhbRWuu9cbyFNNBk5qK58xu6z459JLidpump,0.000010671324978571241
2026-08-23 10:32:00.000 UTC,CW9TY2G7VhbRWuu9cbyFNNBk5qK58xu6z459JLidpump,0.000013583934320401458
2026-08-23 10:33:00.000 UTC,CW9TY2G7VhbRWuu9cbyFNNBk5qK58xu6z459JLidpump,0.000010574219624216599
2026-08-23 10:34:00.000 UTC,CW9TY2G7VhbRWuu9cbyFNNBk5qK58xu6z459JLidpump,0.000009655734309838799
2026-08-23 10:35:00.000 UTC,CW9TY2G7VhbRWuu9cbyFNNBk5qK58xu6z459JLidpump,0.000008156035698611511
2026-08-23 10:36:00.000 UTC,CW9TY2G7VhbRWuu9cbyFNNBk5qK58xu6z459JLidpump,0.000007595059333227939
2026-08-23 10:37:00.000 UTC,CW9TY2G7VhbRWuu9cbyFNNBk5qK58xu6z459JLidpump,0.000009040355107742524
2026-08-23 10:38:00.000 UTC,CW9TY2G7VhbRWuu9cbyFNNBk5qK58xu6z459JLidpump,0.000006799569186550944
2026-08-23 10:39:00.000 UTC,CW9TY2G7VhbRWuu9cbyFNNBk5qK58xu6z459JLidpump,0.000006921829595978471
2026-08-23 10:40:00.000 UTC,CW9TY2G7VhbRWuu9cbyFNNBk5qK58xu6z459JLidpump,0.000005497822280967438
2026-08-23 10:41:00.000 UTC,CW9TY2G7VhbRWuu9cbyFNNBk5qK58xu6z459JLidpump,0.000005507151128007861
2026-08-23 10:42:00.000 UTC,CW9TY2G7VhbRWuu9cbyFNNBk5qK58xu6z459JLidpump,0.000006383690862129309
2026-08-23 10:43:00.000 UTC,CW9TY2G7VhbRWuu9cbyFNNBk5qK58xu6z459JLidpump,0.000007023336620687045
2026-08-23 10:44:00.000 UTC,CW9TY2G7VhbRWuu9cbyFNNBk5qK58xu6z459JLidpump,0.0000066629917594642425
2026-08-23 10:45:00.000 UTC,CW9TY2G7VhbRWuu9cbyFNNBk5qK58xu6z459JLidpump,0.000005905686846244252
2026-08-23 10:46:00.000 UTC,CW9TY2G7VhbRWuu9cbyFNNBk5qK58xu6z459JLidpump,0.000005650467840925982
2026-08-23 10:47:00.000 UTC,CW9TY2G7VhbRWuu9cbyFNNBk5qK58xu6z459JLidpump,0.00000572970960907316
2026-08-23 10:48:00.000 UTC,CW9TY2G7VhbRWuu9cbyFNNBk5qK58xu6z459JLidpump,0.000005748468376329093
2026-08-23 10:49:00.000 UTC,CW9TY2G7VhbRWuu9cbyFNNBk5qK58xu6z459JLidpump,0.000005692049964566779
2026-08-23 10:50:00.000 UTC,CW9TY2G7VhbRWuu9cbyFNNBk5qK58xu6z459JLidpump,0.0000052857271655376205
2026-08-23 10:51:00.000 UTC,CW9TY2G7VhbRWuu9cbyFNNBk5qK58xu6z459JLidpump,0.000004218455543898065
2026-08-23 10:52:00.000 UTC,CW9TY2G7VhbRWuu9cbyFNNBk5qK58xu6z459JLidpump,0.0000040681184964910346
2026-08-23 10:54:00.000 UTC,CW9TY2G7VhbRWuu9cbyFNNBk5qK58xu6z459JLidpump,0.000003859444557973906
2026-08-23 10:57:00.000 UTC,CW9TY2G7VhbRWuu9cbyFNNBk5qK58xu6z459JLidpump,0.0000036244146410169775
2026-08-23 11:05:00.000 UTC,CW9TY2G7VhbRWuu9cbyFNNBk5qK58xu6z459JLidpump,0.000003392251370696894
2026-08-23 11:41:00.000 UTC,CW9TY2G7VhbRWuu9cbyFNNBk5qK58xu6z459JLidpump,0.000003109135704744339
2026-08-23 13:55:00.000 UTC,CW9TY2G7VhbRWuu9cbyFNNBk5qK58xu6z459JLidpump,0.0000030629917175816894
2026-09-04 19:01:00.000 UTC,CXtTZJj5X15viSHFWLZ4Jf3VKmWQ6PWfdCdRQnBVpump,0.000002869794658924302
2026-08-15 10:13:00.000 UTC,Cb4Bj7dg83xKGorM3tYLuifSDK682DtFMuipD4qKpump,0.0000022264089434490015
2025-05-30 08:52:00.000 UTC,CcdYHL23Lyu7rkgHeamM8zDYjzuHTuQVV7P9h2uypump,0.0000049505757857509415
2025-05-30 08:55:00.000 UTC,CcdYHL23Lyu7rkgHeamM8zDYjzuHTuQVV7P9h2uypump,0.00000459181937729393
2025-06-03 22:46:00.000 UTC,CcdYHL23Lyu7rkgHeamM8zDYjzuHTuQVV7P9h2uypump,0.0000055137351975815795
2025-06-03 22:51:00.000 UTC,CcdYHL23Lyu7rkgHeamM8zDYjzuHTuQVV7P9h2uypump,0.000006510011312981522
2026-09-12 23:03:00.000 UTC,CcdYHL23Lyu7rkgHeamM8zDYjzuHTuQVV7P9h2uypump,0.000002936080526235126
2026-09-13 05:59:00.000 UTC,CcdYHL23Lyu7rkgHeamM8zDYjzuHTuQVV7P9h2uypump,0.00000292696698199549
2026-09-13 07:36:00.000 UTC,CcdYHL23Lyu7rkgHeamM8zDYjzuHTuQVV7P9h2uypump,0.0000031457441752296595
2026-08-26 20:30:00.000 UTC,CfNG1x9LcsNk9G99jMGmK5D87kd5SXnyAqzfacE6pump,0.0000042061532626694226
2026-08-19 20:21:00.000 UTC,Ch8k2JTE84KDhSDWoh7c77kSiCHHkeAAJ7eKSdQmpump,0.000004784253989404191
2026-08-19 20:22:00.000 UTC,Ch8k2JTE84KDhSDWoh7c77kSiCHHkeAAJ7eKSdQmpump,0.0000023156107179976482
2026-08-28 16:36:00.000 UTC,Chhrn9ft6vi2cpLDirFxGfGwq25QEFdr2RnCTjeKgZbp,0.0000029354314093882606
2026-08-19 17:25:00.000 UTC,Ci2QPAZEwVkWjgJtU7wXJ3dW46QjmFmiirJ4rT7gpump,0.0000037064114703071046
2026-08-19 17:26:00.000 UTC,Ci2QPAZEwVkWjgJtU7wXJ3dW46QjmFmiirJ4rT7gpump,0.000002404995182014466
2026-08-19 17:28:00.000 UTC,Ci2QPAZEwVkWjgJtU7wXJ3dW46QjmFmiirJ4rT7gpump,0.0000023742077694200963
2026-08-31 16:42:00.000 UTC,CjJGn68673Sw8itim7QyFqCCqjrfgLyepvS519kapump,0.000004630039414444321
2026-08-31 16:43:00.000 UTC,CjJGn68673Sw8itim7QyFqCCqjrfgLyepvS519kapump,0.000003029457293364226
2026-08-21 21:31:00.000 UTC,Cm3rxDFvKCibq7t2jz5zDTdEokg1GQHvx8jzjVDRwd7D,0.000010743043727583786
2026-08-21 21:32:00.000 UTC,Cm3rxDFvKCibq7t2jz5zDTdEokg1GQHvx8jzjVDRwd7D,0.000002622063397415392
2026-09-09 15:14:00.000 UTC,Coj5yb9CwnhasSA8nK8kLHPxi7mfHBLT5qJsTdfdpump,0.0000032080296186997175
2026-09-11 10:02:00.000 UTC,Cp2ZkeQFo9MknCrGPWYdU1ZY3kKTmfanBEkJpTabpump,0.0000027814428789494194
2026-08-21 00:18:00.000 UTC,CpLQF5CWAoz1hyje3BkbnwTKbm6T3c5USyYWArpepump,0.0000032229480108035657
2026-08-21 00:19:00.000 UTC,CpLQF5CWAoz1hyje3BkbnwTKbm6T3c5USyYWArpepump,0.0000015189649816610672
2026-08-21 00:20:00.000 UTC,CpLQF5CWAoz1hyje3BkbnwTKbm6T3c5USyYWArpepump,0.0000014193029253964
2026-08-21 00:21:00.000 UTC,CpLQF5CWAoz1hyje3BkbnwTKbm6T3c5USyYWArpepump,0.0000013084975211697728
2026-08-21 00:22:00.000 UTC,CpLQF5CWAoz1hyje3BkbnwTKbm6T3c5USyYWArpepump,0.0000018518816460208202
2026-08-21 00:23:00.000 UTC,CpLQF5CWAoz1hyje3BkbnwTKbm6T3c5USyYWArpepump,0.0000037460494190477883
2026-08-21 00:24:00.000 UTC,CpLQF5CWAoz1hyje3BkbnwTKbm6T3c5USyYWArpepump,0.000004346025887489293
2026-08-21 00:25:00.000 UTC,CpLQF5CWAoz1hyje3BkbnwTKbm6T3c5USyYWArpepump,0.0000016816087473141181
2026-08-21 00:26:00.000 UTC,CpLQF5CWAoz1hyje3BkbnwTKbm6T3c5USyYWArpepump,1.5966326559248176e-7
2026-08-21 00:27:00.000 UTC,CpLQF5CWAoz1hyje3BkbnwTKbm6T3c5USyYWArpepump,2.4857347354100374e-8
2026-08-21 00:28:00.000 UTC,CpLQF5CWAoz1hyje3BkbnwTKbm6T3c5USyYWArpepump,6.898211795351451e-9
2026-08-21 00:29:00.000 UTC,CpLQF5CWAoz1hyje3BkbnwTKbm6T3c5USyYWArpepump,6.839520433365708e-9
2026-08-21 00:30:00.000 UTC,CpLQF5CWAoz1hyje3BkbnwTKbm6T3c5USyYWArpepump,7.363567289506942e-9
2026-08-21 00:32:00.000 UTC,CpLQF5CWAoz1hyje3BkbnwTKbm6T3c5USyYWArpepump,1.0075174401784347e-9
2026-08-31 09:33:00.000 UTC,CqPxdp1vbdaDEAvgamiiEPi3dgeneJcVsGWYZg5Xpump,0.000004131691053577965
2026-08-31 10:10:00.000 UTC,CqPxdp1vbdaDEAvgamiiEPi3dgeneJcVsGWYZg5Xpump,0.0000031170494094517806
2026-08-31 10:11:00.000 UTC,CqPxdp1vbdaDEAvgamiiEPi3dgeneJcVsGWYZg5Xpump,0.000003668326692305326
2026-08-31 10:56:00.000 UTC,CqPxdp1vbdaDEAvgamiiEPi3dgeneJcVsGWYZg5Xpump,0.0000029759490536305742
2026-08-31 10:58:00.000 UTC,CqPxdp1vbdaDEAvgamiiEPi3dgeneJcVsGWYZg5Xpump,0.0000031439559900537346
2026-09-10 04:02:00.000 UTC,Cqa4xR6SoH1YRpWV1PxLj6xSjm9DWxN3QPtPjbUrpump,0.0000021445365848050084
2026-08-23 07:09:00.000 UTC,CwojbCyR5TXRpKatxXA2kapgn1Eg9nvW58RSxFZepump,0.0000026176561043802767
2026-08-28 16:37:00.000 UTC,Cy5q52RnqAwRAZ1iVU6D7CHVat1DsbWq1DLTewVcpump,0.0000029347142684457034
2026-08-28 19:37:00.000 UTC,Cy5q52RnqAwRAZ1iVU6D7CHVat1DsbWq1DLTewVcpump,0.0000028910521242675393
2026-09-02 18:07:00.000 UTC,CyHFTBMoNjWsPRtMstZdxsVCpKgZYcqKXAcWtfaKpump,0.0000029155270001194325
2025-05-03 07:53:00.000 UTC,CzChJqPK3boZkAEMzxXUeNBfXkx4dqjTcCXnQLVCpump,0.000004451296460836339
2026-08-17 15:21:00.000 UTC,CzChJqPK3boZkAEMzxXUeNBfXkx4dqjTcCXnQLVCpump,0.0000021882814591026935
2026-08-17 15:44:00.000 UTC,CzChJqPK3boZkAEMzxXUeNBfXkx4dqjTcCXnQLVCpump,0.0000022717503672196497
2026-08-18 04:13:00.000 UTC,CzChJqPK3boZkAEMzxXUeNBfXkx4dqjTcCXnQLVCpump,0.000002181929408704905
2026-08-18 08:56:00.000 UTC,CzChJqPK3boZkAEMzxXUeNBfXkx4dqjTcCXnQLVCpump,0.0000025685968739504233
2026-08-18 09:02:00.000 UTC,CzChJqPK3boZkAEMzxXUeNBfXkx4dqjTcCXnQLVCpump,0.0000022130979703319057
2026-08-18 09:30:00.000 UTC,CzChJqPK3boZkAEMzxXUeNBfXkx4dqjTcCXnQLVCpump,0.0000023087831482640287
2026-09-06 03:34:00.000 UTC,D1HvwVkgYCEHdrK2JB1MZWYDCGoBrPjjvF2kgTPcpump,0.000002973032076067084
2026-09-08 17:58:00.000 UTC,D2SKGe3RYErYrHqybJXnAhffNFd6L5G4Qasa9F6Xpump,0.000010397277641069678
2026-09-08 17:59:00.000 UTC,D2SKGe3RYErYrHqybJXnAhffNFd6L5G4Qasa9F6Xpump,0.000016270474318134494
2026-09-08 18:00:00.000 UTC,D2SKGe3RYErYrHqybJXnAhffNFd6L5G4Qasa9F6Xpump,0.00001129176118664349
2026-09-08 18:01:00.000 UTC,D2SKGe3RYErYrHqybJXnAhffNFd6L5G4Qasa9F6Xpump,0.000004193984632494966
2026-09-08 18:02:00.000 UTC,D2SKGe3RYErYrHqybJXnAhffNFd6L5G4Qasa9F6Xpump,0.0000035955169320055334
2026-09-08 18:03:00.000 UTC,D2SKGe3RYErYrHqybJXnAhffNFd6L5G4Qasa9F6Xpump,0.00000341168197463236
2026-09-08 18:04:00.000 UTC,D2SKGe3RYErYrHqybJXnAhffNFd6L5G4Qasa9F6Xpump,0.0000035699513346107548
2026-09-08 18:10:00.000 UTC,D2SKGe3RYErYrHqybJXnAhffNFd6L5G4Qasa9F6Xpump,0.0000032607376270993114
2026-09-08 18:12:00.000 UTC,D2SKGe3RYErYrHqybJXnAhffNFd6L5G4Qasa9F6Xpump,0.0000034073927521361306
2026-09-08 18:14:00.000 UTC,D2SKGe3RYErYrHqybJXnAhffNFd6L5G4Qasa9F6Xpump,0.000003472475381056048
2026-09-08 18:20:00.000 UTC,D2SKGe3RYErYrHqybJXnAhffNFd6L5G4Qasa9F6Xpump,0.0000035250719301735905
2026-09-05 20:39:00.000 UTC,D4q3L8YBzu71JyqJrdVFFusgcQ6E5SXLhYeQ78oApump,0.000002967003375372388
2026-08-17 20:42:00.000 UTC,D5PtD9n2i7S6QBBMudvFsJqNoEkf9EXWB5FXHh12cLou,0.0000022054299806635783
2026-09-01 17:24:00.000 UTC,D8XrYzpJndBxnWcY9zmQtHbAjMFKdTyjwqrTPn8npump,0.000004337870498330608
2026-09-01 17:25:00.000 UTC,D8XrYzpJndBxnWcY9zmQtHbAjMFKdTyjwqrTPn8npump,0.000007975810152345348
2026-09-01 17:26:00.000 UTC,D8XrYzpJndBxnWcY9zmQtHbAjMFKdTyjwqrTPn8npump,0.000002897910766959566
2026-09-01 17:27:00.000 UTC,D8XrYzpJndBxnWcY9zmQtHbAjMFKdTyjwqrTPn8npump,0.000002506597110358018
2026-09-12 16:17:00.000 UTC,D8qAke6PW9fZqGxER8r6MaktUFbyimmTZPDn55iexx89,0.0000028533841124239896
2026-08-24 19:12:00.000 UTC,D9MdjZKJDBw4tHm51q2dq5SQGHXQMbAk1WFhM5nbpump,0.000002675207166281198
2026-08-24 19:13:00.000 UTC,D9MdjZKJDBw4tHm51q2dq5SQGHXQMbAk1WFhM5nbpump,0.000002814978449526068
2026-08-24 19:15:00.000 UTC,D9MdjZKJDBw4tHm51q2dq5SQGHXQMbAk1WFhM5nbpump,0.0000028854674912413414
2026-08-22 06:57:00.000 UTC,D9pD8xhTk4B7v2MmQk1cyUaQSTWwkg2EcGtRFpbqpump,0.0000029479023288635176
2026-08-22 06:58:00.000 UTC,D9pD8xhTk4B7v2MmQk1cyUaQSTWwkg2EcGtRFpbqpump,0.000003844808613076969
2026-09-06 09:28:00.000 UTC,DAddzbZ6PJ6ZB4w3kPDvJ5khhSDCXe2ADcZatgHjpump,0.000002336733911702146
2026-09-06 09:29:00.000 UTC,DAddzbZ6PJ6ZB4w3kPDvJ5khhSDCXe2ADcZatgHjpump,8.325335370415901e-8
2026-09-06 09:30:00.000 UTC,DAddzbZ6PJ6ZB4w3kPDvJ5khhSDCXe2ADcZatgHjpump,6.941996130567996e-8
2026-08-16 10:31:00.000 UTC,DBy9eFbwwpeDpuKyJhvoafE7zDvKUPLTasx4AoG4pump,0.0000022953927000771895
2026-08-16 10:32:00.000 UTC,DBy9eFbwwpeDpuKyJhvoafE7zDvKUPLTasx4AoG4pump,0.000002233230075723154
2026-08-16 10:38:00.000 UTC,DBy9eFbwwpeDpuKyJhvoafE7zDvKUPLTasx4AoG4pump,0.0000022552279469309413
2026-08-16 10:39:00.000 UTC,DBy9eFbwwpeDpuKyJhvoafE7zDvKUPLTasx4AoG4pump,0.0000022696809477791476
2026-08-16 10:42:00.000 UTC,DBy9eFbwwpeDpuKyJhvoafE7zDvKUPLTasx4AoG4pump,0.0000022832653207229276
2026-08-16 10:44:00.000 UTC,DBy9eFbwwpeDpuKyJhvoafE7zDvKUPLTasx4AoG4pump,0.000002283887488451027
2026-08-16 10:45:00.000 UTC,DBy9eFbwwpeDpuKyJhvoafE7zDvKUPLTasx4AoG4pump,0.0000022770901586277355
2026-08-16 10:49:00.000 UTC,DBy9eFbwwpeDpuKyJhvoafE7zDvKUPLTasx4AoG4pump,0.000002277552918164184
2026-08-16 10:50:00.000 UTC,DBy9eFbwwpeDpuKyJhvoafE7zDvKUPLTasx4AoG4pump,0.000002280057180059708
2026-08-16 10:51:00.000 UTC,DBy9eFbwwpeDpuKyJhvoafE7zDvKUPLTasx4AoG4pump,0.000002280568973840213
2026-08-16 10:55:00.000 UTC,DBy9eFbwwpeDpuKyJhvoafE7zDvKUPLTasx4AoG4pump,0.000002280857351507915
2026-08-16 10:56:00.000 UTC,DBy9eFbwwpeDpuKyJhvoafE7zDvKUPLTasx4AoG4pump,0.000002282571139426017
2026-08-16 10:58:00.000 UTC,DBy9eFbwwpeDpuKyJhvoafE7zDvKUPLTasx4AoG4pump,0.0000022858123033588036
2026-08-16 11:00:00.000 UTC,DBy9eFbwwpeDpuKyJhvoafE7zDvKUPLTasx4AoG4pump,0.000002288948837055679
2026-08-16 11:04:00.000 UTC,DBy9eFbwwpeDpuKyJhvoafE7zDvKUPLTasx4AoG4pump,0.0000022669147160406816
2026-08-16 14:53:00.000 UTC,DBy9eFbwwpeDpuKyJhvoafE7zDvKUPLTasx4AoG4pump,0.000002109803403103981
2026-08-16 20:45:00.000 UTC,DBy9eFbwwpeDpuKyJhvoafE7zDvKUPLTasx4AoG4pump,0.000002100543501819299
2026-08-17 08:35:00.000 UTC,DBy9eFbwwpeDpuKyJhvoafE7zDvKUPLTasx4AoG4pump,0.0000021099051911844573
2026-08-17 10:56:00.000 UTC,DBy9eFbwwpeDpuKyJhvoafE7zDvKUPLTasx4AoG4pump,0.0000021194200344142123
2026-08-17 11:08:00.000 UTC,DBy9eFbwwpeDpuKyJhvoafE7zDvKUPLTasx4AoG4pump,0.0000021224961561385175
2026-08-17 15:48:00.000 UTC,DBy9eFbwwpeDpuKyJhvoafE7zDvKUPLTasx4AoG4pump,0.000002130803645354616
2026-08-17 22:15:00.000 UTC,DBy9eFbwwpeDpuKyJhvoafE7zDvKUPLTasx4AoG4pump,0.0000021270000767748416
2026-08-17 22:16:00.000 UTC,DBy9eFbwwpeDpuKyJhvoafE7zDvKUPLTasx4AoG4pump,0.000002127637406032751
2026-08-18 10:37:00.000 UTC,DBy9eFbwwpeDpuKyJhvoafE7zDvKUPLTasx4AoG4pump,0.000002127586752111348
2026-08-18 10:38:00.000 UTC,DBy9eFbwwpeDpuKyJhvoafE7zDvKUPLTasx4AoG4pump,0.0000021319035325429388
2026-08-18 20:10:00.000 UTC,DCReXDWv7ozo86Pu7rF9WZqYGQi1YuYPLFeZNZA2pump,0.000003711218659747342
2026-08-18 20:11:00.000 UTC,DCReXDWv7ozo86Pu7rF9WZqYGQi1YuYPLFeZNZA2pump,0.0000021967619284854658
2026-08-16 17:12:00.000 UTC,DGf2QwroqRz9KpLXJ8PER39FYZMPw9gp1VZpayNVpump,0.0000021821565068310092
2026-08-16 17:13:00.000 UTC,DGf2QwroqRz9KpLXJ8PER39FYZMPw9gp1VZpayNVpump,0.000002124945386938264
2026-09-11 12:24:00.000 UTC,DGnwyXxaPDnEzY2ByyhM54zMQ1RBG9XbQwK3m9R4pump,3.791754334387388e-7
2026-08-18 21:48:00.000 UTC,DHf7jrUyjFDp8JDAA1PXYj5JtCh29Z2vfLXVekp2pump,0.0000031817329356257554
2026-08-17 12:35:00.000 UTC,DL6BbTjsL1imr8fXYcbsKdRG6ExXcCEaSZ6wB5bjpump,0.000002657382571450812
2026-09-01 20:06:00.000 UTC,DLPsNRH9KjqLJA8bo4AbSkkNCegbDjRk3y1no9sypump,0.0000026858157147612728
2026-09-01 20:07:00.000 UTC,DLPsNRH9KjqLJA8bo4AbSkkNCegbDjRk3y1no9sypump,2.0459497877421997e-7
2026-09-01 20:08:00.000 UTC,DLPsNRH9KjqLJA8bo4AbSkkNCegbDjRk3y1no9sypump,7.22242838797736e-8
2026-09-01 20:09:00.000 UTC,DLPsNRH9KjqLJA8bo4AbSkkNCegbDjRk3y1no9sypump,2.385071712159307e-8
2026-08-24 22:46:00.000 UTC,DQjVTetJkUik9eTfYSQQ7tgKaG1G19UebAodpe3Gpump,0.0000027324932291869287
2026-09-12 14:19:00.000 UTC,DR63BvXetwxCbxbYkceLN5gTho4YFDmtFwcNk2xLpump,0.000019101649034895478
2026-08-27 14:21:00.000 UTC,DUgTJDmo19U1hucuUSq1rj4sXW5u364yGdurmGCgH97k,0.0000047769460445602095
2026-08-16 15:39:00.000 UTC,DXNGE9sjNovQPy2qcnDTjCUfUbVK1dMNy4PYnLT7pump,0.000003585156524156921
2026-08-16 15:40:00.000 UTC,DXNGE9sjNovQPy2qcnDTjCUfUbVK1dMNy4PYnLT7pump,0.00000836304117219339
2026-08-16 15:41:00.000 UTC,DXNGE9sjNovQPy2qcnDTjCUfUbVK1dMNy4PYnLT7pump,0.000009131652609922341
2026-08-16 15:42:00.000 UTC,DXNGE9sjNovQPy2qcnDTjCUfUbVK1dMNy4PYnLT7pump,0.000006657642861217443
2026-08-16 15:43:00.000 UTC,DXNGE9sjNovQPy2qcnDTjCUfUbVK1dMNy4PYnLT7pump,0.000003818780840809798
2026-08-16 15:44:00.000 UTC,DXNGE9sjNovQPy2qcnDTjCUfUbVK1dMNy4PYnLT7pump,0.0000026012764469499685
2026-08-16 15:45:00.000 UTC,DXNGE9sjNovQPy2qcnDTjCUfUbVK1dMNy4PYnLT7pump,0.0000022497836338331114
2026-08-16 15:46:00.000 UTC,DXNGE9sjNovQPy2qcnDTjCUfUbVK1dMNy4PYnLT7pump,0.0000022444751884745325
2026-08-16 15:47:00.000 UTC,DXNGE9sjNovQPy2qcnDTjCUfUbVK1dMNy4PYnLT7pump,0.000002293459270352196
2026-08-16 15:54:00.000 UTC,DXNGE9sjNovQPy2qcnDTjCUfUbVK1dMNy4PYnLT7pump,0.0000021830886761696682
2026-08-16 15:57:00.000 UTC,DXNGE9sjNovQPy2qcnDTjCUfUbVK1dMNy4PYnLT7pump,0.0000021740243367843267
2026-08-29 19:21:00.000 UTC,DbGcb7zAqVirxH2bvfiRQ45cd2WhKYCVUTe7S4hEpump,0.0000011903686561148086
2026-08-29 19:22:00.000 UTC,DbGcb7zAqVirxH2bvfiRQ45cd2WhKYCVUTe7S4hEpump,0.0000015620980555632594
2026-08-21 15:03:00.000 UTC,DbTmiETySQam6VBSR2fSfFj2MVNHyjVspFDgcazApump,0.0000026546354319957104
2026-08-24 10:17:00.000 UTC,DbZHGQ9fFDyQoU15XMDTj6ri9PJx82iwXJdfTsEipump,0.0000018316665111760314
2026-08-24 10:18:00.000 UTC,DbZHGQ9fFDyQoU15XMDTj6ri9PJx82iwXJdfTsEipump,2.9208688262930496e-7
2026-08-24 10:20:00.000 UTC,DbZHGQ9fFDyQoU15XMDTj6ri9PJx82iwXJdfTsEipump,1.8781047847459938e-8
2026-09-12 00:18:00.000 UTC,DcaERTc788HEuSaxL3giBTJAnmHcRzqNgHqtQ1DCpump,0.000003364618483003137
2026-08-25 20:23:00.000 UTC,DcczkwyYGCXUADbvuPYTFAgrkfc9aFEFfwrnWbaNpump,0.000002739764961424273
2026-08-21 04:58:00.000 UTC,DdCqQTiZrdLtbtetEpVVqq3UcmVcBMif5McUG1r5pump,0.000003803540907563343
2026-08-21 04:59:00.000 UTC,DdCqQTiZrdLtbtetEpVVqq3UcmVcBMif5McUG1r5pump,0.0000025269550590744566
2026-08-25 16:59:00.000 UTC,DgWtQ1KxK863VsbykanAd8UE7xA3RqjmDezq5ANmpump,5.117426607326228e-7
2026-08-28 01:43:00.000 UTC,DhQCXwbUk9m3RS8VuJBfcRRB9LhbWgdE5XFeEXUovNcF,0.000004223335903226509
2026-09-09 14:02:00.000 UTC,DjMmtM7UqSfrfiFNjmAZgq8TrDRwz27xHnCywNGwpump,0.0000029266517506109686
2026-08-29 15:23:00.000 UTC,DjzGFQNqSEHFZWDxJnpnp8DgqduvR23jMS7E3pt8pump,0.000003027721974751982
2026-09-07 11:19:00.000 UTC,Dk8ciqqSahPaiBTZKJ71rC7rqXx2t3jHTHRdqYqvpump,0.0000030328154099794376
2026-08-05 11:49:00.000 UTC,Dm88ASnecCmPpzihux5LZRkzdcEYiUHV48eH6Sw3pump,0.000002243076873475689
2026-08-11 13:04:00.000 UTC,Dm88ASnecCmPpzihux5LZRkzdcEYiUHV48eH6Sw3pump,0.0000035709999792680912
2026-08-11 13:05:00.000 UTC,Dm88ASnecCmPpzihux5LZRkzdcEYiUHV48eH6Sw3pump,0.0000032380381255374393
2026-08-11 13:06:00.000 UTC,Dm88ASnecCmPpzihux5LZRkzdcEYiUHV48eH6Sw3pump,0.000003830528028233498
2026-08-11 13:07:00.000 UTC,Dm88ASnecCmPpzihux5LZRkzdcEYiUHV48eH6Sw3pump,0.0000049558118043519635
2026-08-11 13:08:00.000 UTC,Dm88ASnecCmPpzihux5LZRkzdcEYiUHV48eH6Sw3pump,0.000005284527429843555
2026-08-11 13:09:00.000 UTC,Dm88ASnecCmPpzihux5LZRkzdcEYiUHV48eH6Sw3pump,0.000004708121365731621
2026-08-11 13:10:00.000 UTC,Dm88ASnecCmPpzihux5LZRkzdcEYiUHV48eH6Sw3pump,0.000005047425965650093
2026-08-11 13:11:00.000 UTC,Dm88ASnecCmPpzihux5LZRkzdcEYiUHV48eH6Sw3pump,0.0000057217147757748985
2026-08-11 13:12:00.000 UTC,Dm88ASnecCmPpzihux5LZRkzdcEYiUHV48eH6Sw3pump,0.000005073923319642148
2026-08-11 13:13:00.000 UTC,Dm88ASnecCmPpzihux5LZRkzdcEYiUHV48eH6Sw3pump,0.000004822034118983758
2026-08-11 13:14:00.000 UTC,Dm88ASnecCmPpzihux5LZRkzdcEYiUHV48eH6Sw3pump,0.000006387044637811773
2026-08-11 13:15:00.000 UTC,Dm88ASnecCmPpzihux5LZRkzdcEYiUHV48eH6Sw3pump,0.000006852434111742743
2026-08-11 13:16:00.000 UTC,Dm88ASnecCmPpzihux5LZRkzdcEYiUHV48eH6Sw3pump,0.000006882810995829834
2026-08-11 13:17:00.000 UTC,Dm88ASnecCmPpzihux5LZRkzdcEYiUHV48eH6Sw3pump,0.000006921139945505094
2026-08-11 13:18:00.000 UTC,Dm88ASnecCmPpzihux5LZRkzdcEYiUHV48eH6Sw3pump,0.000006532214384531161
2026-08-11 13:19:00.000 UTC,Dm88ASnecCmPpzihux5LZRkzdcEYiUHV48eH6Sw3pump,0.000007326815850372825
2026-08-11 13:20:00.000 UTC,Dm88ASnecCmPpzihux5LZRkzdcEYiUHV48eH6Sw3pump,0.000007667722368810437
2026-08-11 13:21:00.000 UTC,Dm88ASnecCmPpzihux5LZRkzdcEYiUHV48eH6Sw3pump,0.000007073562613465261
2026-08-11 13:22:00.000 UTC,Dm88ASnecCmPpzihux5LZRkzdcEYiUHV48eH6Sw3pump,0.000007317203055167372
2026-08-11 13:24:00.000 UTC,Dm88ASnecCmPpzihux5LZRkzdcEYiUHV48eH6Sw3pump,0.000006583598325426032
2026-08-11 13:25:00.000 UTC,Dm88ASnecCmPpzihux5LZRkzdcEYiUHV48eH6Sw3pump,0.000005869479751575398
2026-08-11 13:26:00.000 UTC,Dm88ASnecCmPpzihux5LZRkzdcEYiUHV48eH6Sw3pump,0.000006413630215056523
2026-08-11 13:27:00.000 UTC,Dm88ASnecCmPpzihux5LZRkzdcEYiUHV48eH6Sw3pump,0.0000065164825264761915
2026-08-11 13:28:00.000 UTC,Dm88ASnecCmPpzihux5LZRkzdcEYiUHV48eH6Sw3pump,0.000006650888805571221
2026-08-11 13:29:00.000 UTC,Dm88ASnecCmPpzihux5LZRkzdcEYiUHV48eH6Sw3pump,0.000007466067414119732
2026-08-11 13:39:00.000 UTC,Dm88ASnecCmPpzihux5LZRkzdcEYiUHV48eH6Sw3pump,0.000003851700259392352
2026-08-11 13:41:00.000 UTC,Dm88ASnecCmPpzihux5LZRkzdcEYiUHV48eH6Sw3pump,0.0000038924817320332806
2026-08-11 13:42:00.000 UTC,Dm88ASnecCmPpzihux5LZRkzdcEYiUHV48eH6Sw3pump,0.000003925186772071111
2026-08-11 13:43:00.000 UTC,Dm88ASnecCmPpzihux5LZRkzdcEYiUHV48eH6Sw3pump,0.000004091712858274504
2026-08-11 13:47:00.000 UTC,Dm88ASnecCmPpzihux5LZRkzdcEYiUHV48eH6Sw3pump,0.0000045027320855918705
2026-08-11 13:48:00.000 UTC,Dm88ASnecCmPpzihux5LZRkzdcEYiUHV48eH6Sw3pump,0.000004754786298638445
2026-08-11 13:51:00.000 UTC,Dm88ASnecCmPpzihux5LZRkzdcEYiUHV48eH6Sw3pump,0.00000399694232688348
2026-08-11 13:52:00.000 UTC,Dm88ASnecCmPpzihux5LZRkzdcEYiUHV48eH6Sw3pump,0.00000420351994670752
2026-08-11 14:00:00.000 UTC,Dm88ASnecCmPpzihux5LZRkzdcEYiUHV48eH6Sw3pump,0.000004580142031271236
2026-08-11 14:04:00.000 UTC,Dm88ASnecCmPpzihux5LZRkzdcEYiUHV48eH6Sw3pump,0.000004485181353103484
2026-08-11 14:06:00.000 UTC,Dm88ASnecCmPpzihux5LZRkzdcEYiUHV48eH6Sw3pump,0.000004581729065704811
2026-08-11 14:10:00.000 UTC,Dm88ASnecCmPpzihux5LZRkzdcEYiUHV48eH6Sw3pump,0.0000026138551002945767
2026-08-11 14:11:00.000 UTC,Dm88ASnecCmPpzihux5LZRkzdcEYiUHV48eH6Sw3pump,0.0000027797493010467857
2026-08-11 14:31:00.000 UTC,Dm88ASnecCmPpzihux5LZRkzdcEYiUHV48eH6Sw3pump,0.000002645670402208347
2026-08-11 14:38:00.000 UTC,Dm88ASnecCmPpzihux5LZRkzdcEYiUHV48eH6Sw3pump,0.000002608968551247174
2026-08-11 14:44:00.000 UTC,Dm88ASnecCmPpzihux5LZRkzdcEYiUHV48eH6Sw3pump,0.000003269358738194347
2026-08-11 14:45:00.000 UTC,Dm88ASnecCmPpzihux5LZRkzdcEYiUHV48eH6Sw3pump,0.000004195408402960593
2026-08-11 14:46:00.000 UTC,Dm88ASnecCmPpzihux5LZRkzdcEYiUHV48eH6Sw3pump,0.0000051879453606359135
2026-08-11 14:47:00.000 UTC,Dm88ASnecCmPpzihux5LZRkzdcEYiUHV48eH6Sw3pump,0.000005836579448991556
2026-08-11 14:48:00.000 UTC,Dm88ASnecCmPpzihux5LZRkzdcEYiUHV48eH6Sw3pump,0.000005824240819173517
2026-08-11 14:49:00.000 UTC,Dm88ASnecCmPpzihux5LZRkzdcEYiUHV48eH6Sw3pump,0.000005799490018625151
2026-08-11 14:51:00.000 UTC,Dm88ASnecCmPpzihux5LZRkzdcEYiUHV48eH6Sw3pump,0.00000627861727059102
2026-08-11 14:54:00.000 UTC,Dm88ASnecCmPpzihux5LZRkzdcEYiUHV48eH6Sw3pump,0.00000703179613014814
2026-08-11 14:56:00.000 UTC,Dm88ASnecCmPpzihux5LZRkzdcEYiUHV48eH6Sw3pump,0.000007464965309910398
2026-08-11 14:58:00.000 UTC,Dm88ASnecCmPpzihux5LZRkzdcEYiUHV48eH6Sw3pump,0.000006986582690273875
2026-08-11 14:59:00.000 UTC,Dm88ASnecCmPpzihux5LZRkzdcEYiUHV48eH6Sw3pump,0.000007626045600476129
2026-08-11 15:01:00.000 UTC,Dm88ASnecCmPpzihux5LZRkzdcEYiUHV48eH6Sw3pump,0.000007289521738183846
2026-08-11 15:05:00.000 UTC,Dm88ASnecCmPpzihux5LZRkzdcEYiUHV48eH6Sw3pump,0.000006567141738908659
2026-08-11 15:08:00.000 UTC,Dm88ASnecCmPpzihux5LZRkzdcEYiUHV48eH6Sw3pump,0.00000629531952965005
2026-08-11 15:12:00.000 UTC,Dm88ASnecCmPpzihux5LZRkzdcEYiUHV48eH6Sw3pump,0.000005802038248524484
2026-08-11 15:13:00.000 UTC,Dm88ASnecCmPpzihux5LZRkzdcEYiUHV48eH6Sw3pump,0.00000620018430120099
2026-08-11 15:20:00.000 UTC,Dm88ASnecCmPpzihux5LZRkzdcEYiUHV48eH6Sw3pump,0.000006853939884770588
2026-08-11 15:24:00.000 UTC,Dm88ASnecCmPpzihux5LZRkzdcEYiUHV48eH6Sw3pump,0.00000623877927627624
2026-08-11 15:26:00.000 UTC,Dm88ASnecCmPpzihux5LZRkzdcEYiUHV48eH6Sw3pump,0.0000068414644441063685
2026-08-11 15:27:00.000 UTC,Dm88ASnecCmPpzihux5LZRkzdcEYiUHV48eH6Sw3pump,0.000007449256350422413
2026-08-11 15:28:00.000 UTC,Dm88ASnecCmPpzihux5LZRkzdcEYiUHV48eH6Sw3pump,0.000008436243382230485
2026-08-11 15:29:00.000 UTC,Dm88ASnecCmPpzihux5LZRkzdcEYiUHV48eH6Sw3pump,0.000009058457296072271
2026-08-11 15:30:00.000 UTC,Dm88ASnecCmPpzihux5LZRkzdcEYiUHV48eH6Sw3pump,0.000008350642170773971
2026-08-11 15:31:00.000 UTC,Dm88ASnecCmPpzihux5LZRkzdcEYiUHV48eH6Sw3pump,0.000008757492133229553
2026-08-11 15:32:00.000 UTC,Dm88ASnecCmPpzihux5LZRkzdcEYiUHV48eH6Sw3pump,0.000008830703115627355
2026-08-11 15:33:00.000 UTC,Dm88ASnecCmPpzihux5LZRkzdcEYiUHV48eH6Sw3pump,0.000007807610629368118
2026-08-11 15:35:00.000 UTC,Dm88ASnecCmPpzihux5LZRkzdcEYiUHV48eH6Sw3pump,0.000007831286931782303
2026-08-11 15:51:00.000 UTC,Dm88ASnecCmPpzihux5LZRkzdcEYiUHV48eH6Sw3pump,0.0000070583311963303106
2026-08-11 16:03:00.000 UTC,Dm88ASnecCmPpzihux5LZRkzdcEYiUHV48eH6Sw3pump,0.000005483806684323631
2026-08-11 16:18:00.000 UTC,Dm88ASnecCmPpzihux5LZRkzdcEYiUHV48eH6Sw3pump,0.0000045023812875144165
2026-08-11 16:20:00.000 UTC,Dm88ASnecCmPpzihux5LZRkzdcEYiUHV48eH6Sw3pump,0.000004539060468174896
2026-08-11 16:23:00.000 UTC,Dm88ASnecCmPpzihux5LZRkzdcEYiUHV48eH6Sw3pump,0.000004818651793572355
2026-08-11 16:34:00.000 UTC,Dm88ASnecCmPpzihux5LZRkzdcEYiUHV48eH6Sw3pump,0.000004905604961911901
2026-08-11 16:37:00.000 UTC,Dm88ASnecCmPpzihux5LZRkzdcEYiUHV48eH6Sw3pump,0.000005110165605614422
2026-08-11 16:39:00.000 UTC,Dm88ASnecCmPpzihux5LZRkzdcEYiUHV48eH6Sw3pump,0.000005269009188613418
2026-08-11 17:35:00.000 UTC,Dm88ASnecCmPpzihux5LZRkzdcEYiUHV48eH6Sw3pump,0.000004278386943516773
2026-08-11 18:45:00.000 UTC,Dm88ASnecCmPpzihux5LZRkzdcEYiUHV48eH6Sw3pump,0.000003859263602360706
2026-08-11 23:15:00.000 UTC,Dm88ASnecCmPpzihux5LZRkzdcEYiUHV48eH6Sw3pump,0.000003224026079381409
2026-08-12 02:08:00.000 UTC,Dm88ASnecCmPpzihux5LZRkzdcEYiUHV48eH6Sw3pump,0.000004046336947806336
2026-08-12 02:09:00.000 UTC,Dm88ASnecCmPpzihux5LZRkzdcEYiUHV48eH6Sw3pump,0.000004136938318158378
2026-08-12 02:10:00.000 UTC,Dm88ASnecCmPpzihux5LZRkzdcEYiUHV48eH6Sw3pump,0.000004312612021332716
2026-08-12 02:11:00.000 UTC,Dm88ASnecCmPpzihux5LZRkzdcEYiUHV48eH6Sw3pump,0.00000469881129779326
2026-08-12 02:12:00.000 UTC,Dm88ASnecCmPpzihux5LZRkzdcEYiUHV48eH6Sw3pump,0.0000047015531882704975
2026-08-12 02:13:00.000 UTC,Dm88ASnecCmPpzihux5LZRkzdcEYiUHV48eH6Sw3pump,0.0000044756131436528455
2026-08-12 19:14:00.000 UTC,Dm88ASnecCmPpzihux5LZRkzdcEYiUHV48eH6Sw3pump,0.000003000567521637544
2026-08-12 19:15:00.000 UTC,Dm88ASnecCmPpzihux5LZRkzdcEYiUHV48eH6Sw3pump,0.000003304280303193784
2026-08-12 19:54:00.000 UTC,Dm88ASnecCmPpzihux5LZRkzdcEYiUHV48eH6Sw3pump,0.0000032594799437379085
2026-08-12 20:29:00.000 UTC,Dm88ASnecCmPpzihux5LZRkzdcEYiUHV48eH6Sw3pump,0.000003864426163964715
2026-08-12 20:31:00.000 UTC,Dm88ASnecCmPpzihux5LZRkzdcEYiUHV48eH6Sw3pump,0.000003758122951172525
2026-08-12 20:32:00.000 UTC,Dm88ASnecCmPpzihux5LZRkzdcEYiUHV48eH6Sw3pump,0.000003795432622624911
2026-08-12 20:33:00.000 UTC,Dm88ASnecCmPpzihux5LZRkzdcEYiUHV48eH6Sw3pump,0.000004020192211199133
2026-08-12 20:34:00.000 UTC,Dm88ASnecCmPpzihux5LZRkzdcEYiUHV48eH6Sw3pump,0.000004619284132301179
2026-08-12 20:39:00.000 UTC,Dm88ASnecCmPpzihux5LZRkzdcEYiUHV48eH6Sw3pump,0.000004730680483145838
2026-08-12 20:40:00.000 UTC,Dm88ASnecCmPpzihux5LZRkzdcEYiUHV48eH6Sw3pump,0.00000541901513217133
2026-08-12 20:42:00.000 UTC,Dm88ASnecCmPpzihux5LZRkzdcEYiUHV48eH6Sw3pump,0.000005891278268294094
2026-08-12 20:43:00.000 UTC,Dm88ASnecCmPpzihux5LZRkzdcEYiUHV48eH6Sw3pump,0.000005412030498638413
2026-08-12 20:44:00.000 UTC,Dm88ASnecCmPpzihux5LZRkzdcEYiUHV48eH6Sw3pump,0.000006291555517046012
2026-08-12 20:45:00.000 UTC,Dm88ASnecCmPpzihux5LZRkzdcEYiUHV48eH6Sw3pump,0.000007526607889356901
2026-08-12 20:46:00.000 UTC,Dm88ASnecCmPpzihux5LZRkzdcEYiUHV48eH6Sw3pump,0.000006537563477298645
2026-08-12 20:47:00.000 UTC,Dm88ASnecCmPpzihux5LZRkzdcEYiUHV48eH6Sw3pump,0.0000061406991356124254
2026-08-12 20:49:00.000 UTC,Dm88ASnecCmPpzihux5LZRkzdcEYiUHV48eH6Sw3pump,0.000005697464357946021
2026-08-12 21:04:00.000 UTC,Dm88ASnecCmPpzihux5LZRkzdcEYiUHV48eH6Sw3pump,0.000005238568118080215
2026-08-12 21:05:00.000 UTC,Dm88ASnecCmPpzihux5LZRkzdcEYiUHV48eH6Sw3pump,0.000005497198824936736
2026-08-12 21:09:00.000 UTC,Dm88ASnecCmPpzihux5LZRkzdcEYiUHV48eH6Sw3pump,0.0000053139600938711415
2026-08-12 21:18:00.000 UTC,Dm88ASnecCmPpzihux5LZRkzdcEYiUHV48eH6Sw3pump,0.000004377901727761924
2026-08-12 21:36:00.000 UTC,Dm88ASnecCmPpzihux5LZRkzdcEYiUHV48eH6Sw3pump,0.000003560960522926895
2026-08-12 21:37:00.000 UTC,Dm88ASnecCmPpzihux5LZRkzdcEYiUHV48eH6Sw3pump,0.000003977769506668023
2026-08-12 22:26:00.000 UTC,Dm88ASnecCmPpzihux5LZRkzdcEYiUHV48eH6Sw3pump,0.000004555928261604666
2026-08-12 22:27:00.000 UTC,Dm88ASnecCmPpzihux5LZRkzdcEYiUHV48eH6Sw3pump,0.000004210501958822666
2026-08-13 07:59:00.000 UTC,Dm88ASnecCmPpzihux5LZRkzdcEYiUHV48eH6Sw3pump,0.000003971387520565377
2026-08-13 08:01:00.000 UTC,Dm88ASnecCmPpzihux5LZRkzdcEYiUHV48eH6Sw3pump,0.000004255835197759675
2026-08-13 09:39:00.000 UTC,Dm88ASnecCmPpzihux5LZRkzdcEYiUHV48eH6Sw3pump,0.000004204087352965797
2026-08-13 10:53:00.000 UTC,Dm88ASnecCmPpzihux5LZRkzdcEYiUHV48eH6Sw3pump,0.0000046368691265869265
2026-08-13 10:54:00.000 UTC,Dm88ASnecCmPpzihux5LZRkzdcEYiUHV48eH6Sw3pump,0.000004923865867474867
2026-08-13 10:55:00.000 UTC,Dm88ASnecCmPpzihux5LZRkzdcEYiUHV48eH6Sw3pump,0.000005013408513808978
2026-08-13 12:16:00.000 UTC,Dm88ASnecCmPpzihux5LZRkzdcEYiUHV48eH6Sw3pump,0.000005619654446768445
2026-08-13 12:19:00.000 UTC,Dm88ASnecCmPpzihux5LZRkzdcEYiUHV48eH6Sw3pump,0.000005235357330613269
2026-08-13 12:37:00.000 UTC,Dm88ASnecCmPpzihux5LZRkzdcEYiUHV48eH6Sw3pump,0.000005245464090602819
2026-08-13 20:17:00.000 UTC,Dm88ASnecCmPpzihux5LZRkzdcEYiUHV48eH6Sw3pump,0.000004436027936509757
2026-08-13 20:18:00.000 UTC,Dm88ASnecCmPpzihux5LZRkzdcEYiUHV48eH6Sw3pump,0.000005854666568994781
2026-08-13 20:19:00.000 UTC,Dm88ASnecCmPpzihux5LZRkzdcEYiUHV48eH6Sw3pump,0.000007384405861186551
2026-08-13 20:20:00.000 UTC,Dm88ASnecCmPpzihux5LZRkzdcEYiUHV48eH6Sw3pump,0.000011195773506009617
2026-08-13 20:21:00.000 UTC,Dm88ASnecCmPpzihux5LZRkzdcEYiUHV48eH6Sw3pump,0.000013737667378100206
2026-08-13 20:22:00.000 UTC,Dm88ASnecCmPpzihux5LZRkzdcEYiUHV48eH6Sw3pump,0.000009533587812932203
2026-08-13 20:23:00.000 UTC,Dm88ASnecCmPpzihux5LZRkzdcEYiUHV48eH6Sw3pump,0.000011629970055761085
2026-08-13 20:24:00.000 UTC,Dm88ASnecCmPpzihux5LZRkzdcEYiUHV48eH6Sw3pump,0.00002116109007050037
2026-08-13 20:25:00.000 UTC,Dm88ASnecCmPpzihux5LZRkzdcEYiUHV48eH6Sw3pump,0.00002071765770471787
2026-08-13 20:26:00.000 UTC,Dm88ASnecCmPpzihux5LZRkzdcEYiUHV48eH6Sw3pump,0.000012392010413169009
2026-08-13 20:27:00.000 UTC,Dm88ASnecCmPpzihux5LZRkzdcEYiUHV48eH6Sw3pump,0.000011048145211955314
2026-08-13 20:28:00.000 UTC,Dm88ASnecCmPpzihux5LZRkzdcEYiUHV48eH6Sw3pump,0.000009882149691888689
2026-08-13 20:29:00.000 UTC,Dm88ASnecCmPpzihux5LZRkzdcEYiUHV48eH6Sw3pump,0.00000939806789013081
2026-08-13 20:30:00.000 UTC,Dm88ASnecCmPpzihux5LZRkzdcEYiUHV48eH6Sw3pump,0.000009974710372345916
2026-08-13 20:31:00.000 UTC,Dm88ASnecCmPpzihux5LZRkzdcEYiUHV48eH6Sw3pump,0.000009727874250826823
2026-08-13 20:32:00.000 UTC,Dm88ASnecCmPpzihux5LZRkzdcEYiUHV48eH6Sw3pump,0.0000116019559792046
2026-08-13 20:33:00.000 UTC,Dm88ASnecCmPpzihux5LZRkzdcEYiUHV48eH6Sw3pump,0.000010680523068923715
2026-08-13 20:34:00.000 UTC,Dm88ASnecCmPpzihux5LZRkzdcEYiUHV48eH6Sw3pump,0.000010403440155944773
2026-08-13 20:35:00.000 UTC,Dm88ASnecCmPpzihux5LZRkzdcEYiUHV48eH6Sw3pump,0.000010120717044554146
2026-08-13 20:36:00.000 UTC,Dm88ASnecCmPpzihux5LZRkzdcEYiUHV48eH6Sw3pump,0.000011073333166342053
2026-08-13 20:37:00.000 UTC,Dm88ASnecCmPpzihux5LZRkzdcEYiUHV48eH6Sw3pump,0.000008052267733877686
2026-08-13 20:38:00.000 UTC,Dm88ASnecCmPpzihux5LZRkzdcEYiUHV48eH6Sw3pump,0.000009247973164069158
2026-08-13 20:39:00.000 UTC,Dm88ASnecCmPpzihux5LZRkzdcEYiUHV48eH6Sw3pump,0.00000937930182720341
2026-08-13 20:40:00.000 UTC,Dm88ASnecCmPpzihux5LZRkzdcEYiUHV48eH6Sw3pump,0.000008937753767390943
2026-08-13 20:41:00.000 UTC,Dm88ASnecCmPpzihux5LZRkzdcEYiUHV48eH6Sw3pump,0.000009198764217381755
2026-08-13 20:42:00.000 UTC,Dm88ASnecCmPpzihux5LZRkzdcEYiUHV48eH6Sw3pump,0.000008673143253666843
2026-08-13 20:43:00.000 UTC,Dm88ASnecCmPpzihux5LZRkzdcEYiUHV48eH6Sw3pump,0.00001031140740419829
2026-08-13 20:44:00.000 UTC,Dm88ASnecCmPpzihux5LZRkzdcEYiUHV48eH6Sw3pump,0.000010835247349448683
2026-08-13 20:45:00.000 UTC,Dm88ASnecCmPpzihux5LZRkzdcEYiUHV48eH6Sw3pump,0.000008819618400890865
2026-08-13 20:46:00.000 UTC,Dm88ASnecCmPpzihux5LZRkzdcEYiUHV48eH6Sw3pump,0.000008080082591121105
2026-08-13 20:47:00.000 UTC,Dm88ASnecCmPpzihux5LZRkzdcEYiUHV48eH6Sw3pump,0.00000834383168044914
2026-08-13 20:48:00.000 UTC,Dm88ASnecCmPpzihux5LZRkzdcEYiUHV48eH6Sw3pump,0.00000882081820199367
2026-08-13 20:49:00.000 UTC,Dm88ASnecCmPpzihux5LZRkzdcEYiUHV48eH6Sw3pump,0.0000107658008961458
2026-08-13 20:50:00.000 UTC,Dm88ASnecCmPpzihux5LZRkzdcEYiUHV48eH6Sw3pump,0.00001091661299674342
2026-08-13 20:52:00.000 UTC,Dm88ASnecCmPpzihux5LZRkzdcEYiUHV48eH6Sw3pump,0.000010447875342861942
2026-08-13 20:54:00.000 UTC,Dm88ASnecCmPpzihux5LZRkzdcEYiUHV48eH6Sw3pump,0.000010192301710910814
2026-08-13 20:56:00.000 UTC,Dm88ASnecCmPpzihux5LZRkzdcEYiUHV48eH6Sw3pump,0.000009427166519681893
2026-08-13 20:58:00.000 UTC,Dm88ASnecCmPpzihux5LZRkzdcEYiUHV48eH6Sw3pump,0.000009991052422660725
2026-08-13 20:59:00.000 UTC,Dm88ASnecCmPpzihux5LZRkzdcEYiUHV48eH6Sw3pump,0.00001046865048627379
2026-08-13 21:00:00.000 UTC,Dm88ASnecCmPpzihux5LZRkzdcEYiUHV48eH6Sw3pump,0.000011040869191242433
2026-08-13 21:01:00.000 UTC,Dm88ASnecCmPpzihux5LZRkzdcEYiUHV48eH6Sw3pump,0.000010422446182345368
2026-08-13 21:02:00.000 UTC,Dm88ASnecCmPpzihux5LZRkzdcEYiUHV48eH6Sw3pump,0.00001013524964361316
2026-08-13 21:03:00.000 UTC,Dm88ASnecCmPpzihux5LZRkzdcEYiUHV48eH6Sw3pump,0.000009334663476344863
2026-08-13 21:04:00.000 UTC,Dm88ASnecCmPpzihux5LZRkzdcEYiUHV48eH6Sw3pump,0.000010471908776300086
2026-08-13 21:05:00.000 UTC,Dm88ASnecCmPpzihux5LZRkzdcEYiUHV48eH6Sw3pump,0.000010629053961987071
2026-08-13 21:06:00.000 UTC,Dm88ASnecCmPpzihux5LZRkzdcEYiUHV48eH6Sw3pump,0.000010606411152507822
2026-08-13 21:07:00.000 UTC,Dm88ASnecCmPpzihux5LZRkzdcEYiUHV48eH6Sw3pump,0.000010378432603425192
2026-08-13 21:09:00.000 UTC,Dm88ASnecCmPpzihux5LZRkzdcEYiUHV48eH6Sw3pump,0.000007221844524997295
2026-08-13 21:10:00.000 UTC,Dm88ASnecCmPpzihux5LZRkzdcEYiUHV48eH6Sw3pump,0.000007103131135080674
2026-08-13 21:11:00.000 UTC,Dm88ASnecCmPpzihux5LZRkzdcEYiUHV48eH6Sw3pump,0.000007371372172092393
2026-08-13 21:12:00.000 UTC,Dm88ASnecCmPpzihux5LZRkzdcEYiUHV48eH6Sw3pump,0.000007239151007632352
2026-08-13 21:15:00.000 UTC,Dm88ASnecCmPpzihux5LZRkzdcEYiUHV48eH6Sw3pump,0.0000073350117406401425
2026-08-13 21:16:00.000 UTC,Dm88ASnecCmPpzihux5LZRkzdcEYiUHV48eH6Sw3pump,0.000007600030208646372
2026-08-13 21:17:00.000 UTC,Dm88ASnecCmPpzihux5LZRkzdcEYiUHV48eH6Sw3pump,0.000007443653516469683
2026-08-13 21:19:00.000 UTC,Dm88ASnecCmPpzihux5LZRkzdcEYiUHV48eH6Sw3pump,0.000007818410178698724
2026-08-13 21:20:00.000 UTC,Dm88ASnecCmPpzihux5LZRkzdcEYiUHV48eH6Sw3pump,0.000008058676847199842
2026-08-13 21:23:00.000 UTC,Dm88ASnecCmPpzihux5LZRkzdcEYiUHV48eH6Sw3pump,0.000007696627498963046
2026-08-13 21:24:00.000 UTC,Dm88ASnecCmPpzihux5LZRkzdcEYiUHV48eH6Sw3pump,0.000007443723173586908
2026-08-13 21:25:00.000 UTC,Dm88ASnecCmPpzihux5LZRkzdcEYiUHV48eH6Sw3pump,0.000005708583792763334
2026-08-13 21:26:00.000 UTC,Dm88ASnecCmPpzihux5LZRkzdcEYiUHV48eH6Sw3pump,0.000005912958436719381
2026-08-13 21:30:00.000 UTC,Dm88ASnecCmPpzihux5LZRkzdcEYiUHV48eH6Sw3pump,0.000006172169113409051
2026-08-13 21:33:00.000 UTC,Dm88ASnecCmPpzihux5LZRkzdcEYiUHV48eH6Sw3pump,0.00000579923705747752
2026-08-13 21:34:00.000 UTC,Dm88ASnecCmPpzihux5LZRkzdcEYiUHV48eH6Sw3pump,0.000005810220886783362
2026-08-13 22:07:00.000 UTC,Dm88ASnecCmPpzihux5LZRkzdcEYiUHV48eH6Sw3pump,0.00000535918649242771
2026-08-13 22:09:00.000 UTC,Dm88ASnecCmPpzihux5LZRkzdcEYiUHV48eH6Sw3pump,0.000005352012861310854
2026-08-13 22:10:00.000 UTC,Dm88ASnecCmPpzihux5LZRkzdcEYiUHV48eH6Sw3pump,0.00000475269985253442
2026-08-13 22:25:00.000 UTC,Dm88ASnecCmPpzihux5LZRkzdcEYiUHV48eH6Sw3pump,0.000005077035624346783
2026-08-13 22:30:00.000 UTC,Dm88ASnecCmPpzihux5LZRkzdcEYiUHV48eH6Sw3pump,0.000004915994501140253
2026-08-13 22:32:00.000 UTC,Dm88ASnecCmPpzihux5LZRkzdcEYiUHV48eH6Sw3pump,0.0000048401019336732715
2026-08-13 22:33:00.000 UTC,Dm88ASnecCmPpzihux5LZRkzdcEYiUHV48eH6Sw3pump,0.000004474803641747622
2026-08-13 22:39:00.000 UTC,Dm88ASnecCmPpzihux5LZRkzdcEYiUHV48eH6Sw3pump,0.000004840832184374261
2026-08-13 22:42:00.000 UTC,Dm88ASnecCmPpzihux5LZRkzdcEYiUHV48eH6Sw3pump,0.000005184152581337984
2026-08-13 22:43:00.000 UTC,Dm88ASnecCmPpzihux5LZRkzdcEYiUHV48eH6Sw3pump,0.000005485631060438617
2026-08-13 22:48:00.000 UTC,Dm88ASnecCmPpzihux5LZRkzdcEYiUHV48eH6Sw3pump,0.0000049880757643716276
2026-08-13 23:10:00.000 UTC,Dm88ASnecCmPpzihux5LZRkzdcEYiUHV48eH6Sw3pump,0.000004070607426114053
2026-08-13 23:14:00.000 UTC,Dm88ASnecCmPpzihux5LZRkzdcEYiUHV48eH6Sw3pump,0.000004353753858455456
2026-08-13 23:15:00.000 UTC,Dm88ASnecCmPpzihux5LZRkzdcEYiUHV48eH6Sw3pump,0.000004404039943909716
2026-08-14 00:18:00.000 UTC,Dm88ASnecCmPpzihux5LZRkzdcEYiUHV48eH6Sw3pump,0.0000046315499404628924
2026-08-14 00:27:00.000 UTC,Dm88ASnecCmPpzihux5LZRkzdcEYiUHV48eH6Sw3pump,0.000004820324827039379
2026-08-14 00:29:00.000 UTC,Dm88ASnecCmPpzihux5LZRkzdcEYiUHV48eH6Sw3pump,0.0000052940112210469565
2026-08-14 00:30:00.000 UTC,Dm88ASnecCmPpzihux5LZRkzdcEYiUHV48eH6Sw3pump,0.0000064514553526218025
2026-08-14 00:31:00.000 UTC,Dm88ASnecCmPpzihux5LZRkzdcEYiUHV48eH6Sw3pump,0.000007334485499138521
2026-08-14 00:32:00.000 UTC,Dm88ASnecCmPpzihux5LZRkzdcEYiUHV48eH6Sw3pump,0.000007861647175038623
2026-08-14 00:37:00.000 UTC,Dm88ASnecCmPpzihux5LZRkzdcEYiUHV48eH6Sw3pump,0.000007439103475547309
2026-08-14 00:38:00.000 UTC,Dm88ASnecCmPpzihux5LZRkzdcEYiUHV48eH6Sw3pump,0.00000781026986277588
2026-08-14 00:39:00.000 UTC,Dm88ASnecCmPpzihux5LZRkzdcEYiUHV48eH6Sw3pump,0.000008786644569017486
2026-08-14 00:40:00.000 UTC,Dm88ASnecCmPpzihux5LZRkzdcEYiUHV48eH6Sw3pump,0.000008276891578602688
2026-08-14 00:41:00.000 UTC,Dm88ASnecCmPpzihux5LZRkzdcEYiUHV48eH6Sw3pump,0.000007970452468774382
2026-08-14 00:42:00.000 UTC,Dm88ASnecCmPpzihux5LZRkzdcEYiUHV48eH6Sw3pump,0.000008491319019463338
2026-08-14 00:43:00.000 UTC,Dm88ASnecCmPpzihux5LZRkzdcEYiUHV48eH6Sw3pump,0.000008527801132320586
2026-08-14 00:44:00.000 UTC,Dm88ASnecCmPpzihux5LZRkzdcEYiUHV48eH6Sw3pump,0.000008529490107750803
2026-08-14 00:53:00.000 UTC,Dm88ASnecCmPpzihux5LZRkzdcEYiUHV48eH6Sw3pump,0.000006860451211451195
2026-08-14 01:05:00.000 UTC,Dm88ASnecCmPpzihux5LZRkzdcEYiUHV48eH6Sw3pump,0.0000063871900247986325
2026-08-14 01:46:00.000 UTC,Dm88ASnecCmPpzihux5LZRkzdcEYiUHV48eH6Sw3pump,0.00000563265274419856
2026-08-14 02:36:00.000 UTC,Dm88ASnecCmPpzihux5LZRkzdcEYiUHV48eH6Sw3pump,0.000005036726224266253
2026-08-14 02:40:00.000 UTC,Dm88ASnecCmPpzihux5LZRkzdcEYiUHV48eH6Sw3pump,0.000005345615141179989
2026-08-14 03:04:00.000 UTC,Dm88ASnecCmPpzihux5LZRkzdcEYiUHV48eH6Sw3pump,0.000004944498335245991
2026-08-14 03:07:00.000 UTC,Dm88ASnecCmPpzihux5LZRkzdcEYiUHV48eH6Sw3pump,0.000004959614586459857
2026-08-14 03:16:00.000 UTC,Dm88ASnecCmPpzihux5LZRkzdcEYiUHV48eH6Sw3pump,0.000005360983330086338
2026-08-14 04:22:00.000 UTC,Dm88ASnecCmPpzihux5LZRkzdcEYiUHV48eH6Sw3pump,0.000005651632299004488
2026-08-14 08:09:00.000 UTC,Dm88ASnecCmPpzihux5LZRkzdcEYiUHV48eH6Sw3pump,0.000004383071856840257
2026-08-14 08:19:00.000 UTC,Dm88ASnecCmPpzihux5LZRkzdcEYiUHV48eH6Sw3pump,0.000004713357906940683
2026-08-14 08:33:00.000 UTC,Dm88ASnecCmPpzihux5LZRkzdcEYiUHV48eH6Sw3pump,0.000004623594738811023
2026-08-14 13:00:00.000 UTC,Dm88ASnecCmPpzihux5LZRkzdcEYiUHV48eH6Sw3pump,0.000005781564286408664
2026-08-14 13:03:00.000 UTC,Dm88ASnecCmPpzihux5LZRkzdcEYiUHV48eH6Sw3pump,0.000005832421847377795
2026-08-14 13:04:00.000 UTC,Dm88ASnecCmPpzihux5LZRkzdcEYiUHV48eH6Sw3pump,0.000005718606496149212
2026-08-14 13:07:00.000 UTC,Dm88ASnecCmPpzihux5LZRkzdcEYiUHV48eH6Sw3pump,0.000005074609984699822
2026-08-14 13:30:00.000 UTC,Dm88ASnecCmPpzihux5LZRkzdcEYiUHV48eH6Sw3pump,0.00000508413602793972
2026-08-14 19:50:00.000 UTC,Dm88ASnecCmPpzihux5LZRkzdcEYiUHV48eH6Sw3pump,0.0000037271267855941398
2026-08-14 19:57:00.000 UTC,Dm88ASnecCmPpzihux5LZRkzdcEYiUHV48eH6Sw3pump,0.000003865701419974284
2026-08-14 23:11:00.000 UTC,Dm88ASnecCmPpzihux5LZRkzdcEYiUHV48eH6Sw3pump,0.000003469011344931156
2026-08-14 23:21:00.000 UTC,Dm88ASnecCmPpzihux5LZRkzdcEYiUHV48eH6Sw3pump,0.0000036355241832214635
2026-08-14 23:24:00.000 UTC,Dm88ASnecCmPpzihux5LZRkzdcEYiUHV48eH6Sw3pump,0.000004010542973522502
2026-08-14 23:30:00.000 UTC,Dm88ASnecCmPpzihux5LZRkzdcEYiUHV48eH6Sw3pump,0.0000044593785373845305
2026-08-15 00:05:00.000 UTC,Dm88ASnecCmPpzihux5LZRkzdcEYiUHV48eH6Sw3pump,0.000003975148276664352
2026-08-15 02:11:00.000 UTC,Dm88ASnecCmPpzihux5LZRkzdcEYiUHV48eH6Sw3pump,0.0000041708034042279374
2026-08-15 02:12:00.000 UTC,Dm88ASnecCmPpzihux5LZRkzdcEYiUHV48eH6Sw3pump,0.000004441338871713007
2026-08-15 18:30:00.000 UTC,Dm88ASnecCmPpzihux5LZRkzdcEYiUHV48eH6Sw3pump,0.0000030555868444977582
2026-08-16 11:49:00.000 UTC,Dm88ASnecCmPpzihux5LZRkzdcEYiUHV48eH6Sw3pump,0.000003082535807534723
2026-08-16 13:02:00.000 UTC,Dm88ASnecCmPpzihux5LZRkzdcEYiUHV48eH6Sw3pump,0.000003487633507774721
2026-08-19 20:12:00.000 UTC,Dm88ASnecCmPpzihux5LZRkzdcEYiUHV48eH6Sw3pump,0.0000026477085750192153
2026-09-12 19:07:00.000 UTC,DnGzbD78WbP9PsUp8e2be3aTCCuoihjrgb3srXQ5pump,0.000003092804723546322
2026-08-22 21:55:00.000 UTC,Do6Le8T5fJcAqyiXqegvz665Joh9GW7LDenyBKvbpump,0.0000029032567755044935
2026-08-22 21:56:00.000 UTC,Do6Le8T5fJcAqyiXqegvz665Joh9GW7LDenyBKvbpump,3.8410474209822745e-7
2026-08-22 21:57:00.000 UTC,Do6Le8T5fJcAqyiXqegvz665Joh9GW7LDenyBKvbpump,5.036347566764432e-8
2026-08-22 21:58:00.000 UTC,Do6Le8T5fJcAqyiXqegvz665Joh9GW7LDenyBKvbpump,5.640295551487625e-9
2026-08-21 21:40:00.000 UTC,DpQ1SeNDst1rMzECYuKkTJKSzJWotLz9EDnaPTjBpump,0.00000898600544179441
2026-08-06 13:31:00.000 UTC,DqJuZkapcK6SDimc5ax6LCejPqycYqY8zeyVyDU8pump,0.0000016639372277277388
2026-09-09 18:35:00.000 UTC,DqJuZkapcK6SDimc5ax6LCejPqycYqY8zeyVyDU8pump,0.0000039922725783090435
2026-08-24 02:17:00.000 UTC,Dspn1HhThVrdQQp3m35MRx3fbBzCAhK8fTSgo5qGpump,0.000003147779109473475
2026-08-24 02:18:00.000 UTC,Dspn1HhThVrdQQp3m35MRx3fbBzCAhK8fTSgo5qGpump,0.0000031036372324048586
2026-08-24 02:19:00.000 UTC,Dspn1HhThVrdQQp3m35MRx3fbBzCAhK8fTSgo5qGpump,0.000003294032527397287
2026-08-24 02:21:00.000 UTC,Dspn1HhThVrdQQp3m35MRx3fbBzCAhK8fTSgo5qGpump,0.0000033062050290953523
2026-08-24 15:46:00.000 UTC,Dspn1HhThVrdQQp3m35MRx3fbBzCAhK8fTSgo5qGpump,0.000003497262712023768
2026-08-24 15:54:00.000 UTC,Dspn1HhThVrdQQp3m35MRx3fbBzCAhK8fTSgo5qGpump,0.000003512932722984129
2026-08-24 15:56:00.000 UTC,Dspn1HhThVrdQQp3m35MRx3fbBzCAhK8fTSgo5qGpump,0.00000353689629364707
2026-08-24 15:57:00.000 UTC,Dspn1HhThVrdQQp3m35MRx3fbBzCAhK8fTSgo5qGpump,0.0000035368962937506215
2026-08-24 15:59:00.000 UTC,Dspn1HhThVrdQQp3m35MRx3fbBzCAhK8fTSgo5qGpump,0.0000035572792150104286
2026-08-24 16:06:00.000 UTC,Dspn1HhThVrdQQp3m35MRx3fbBzCAhK8fTSgo5qGpump,0.00000358327444245652
2026-08-24 18:54:00.000 UTC,Dspn1HhThVrdQQp3m35MRx3fbBzCAhK8fTSgo5qGpump,0.0000064523450376583325
2026-08-24 18:55:00.000 UTC,Dspn1HhThVrdQQp3m35MRx3fbBzCAhK8fTSgo5qGpump,0.000005859950230845171
2026-08-24 18:56:00.000 UTC,Dspn1HhThVrdQQp3m35MRx3fbBzCAhK8fTSgo5qGpump,0.000006496381611590093
2026-08-24 18:57:00.000 UTC,Dspn1HhThVrdQQp3m35MRx3fbBzCAhK8fTSgo5qGpump,0.000006572862725111637
2026-08-24 18:58:00.000 UTC,Dspn1HhThVrdQQp3m35MRx3fbBzCAhK8fTSgo5qGpump,0.0000067814930848571305
2026-08-24 19:11:00.000 UTC,Dspn1HhThVrdQQp3m35MRx3fbBzCAhK8fTSgo5qGpump,0.000005658293028602169
2026-08-24 20:34:00.000 UTC,Dspn1HhThVrdQQp3m35MRx3fbBzCAhK8fTSgo5qGpump,0.000005202444441410897
2026-08-25 01:15:00.000 UTC,Dspn1HhThVrdQQp3m35MRx3fbBzCAhK8fTSgo5qGpump,0.000004275976494902637
2026-08-18 06:05:00.000 UTC,DuAkyUNPw9QXUmnXDYhe3Khnf4LAaVt64kXESCbhx9bS,0.0000021166833191874807
2026-08-18 00:13:00.000 UTC,DvfbkVWdx3ntHoj6zRJAdDe9c5U6fkTJxD9Atff6pump,0.0000032369639202797437
2026-08-18 00:14:00.000 UTC,DvfbkVWdx3ntHoj6zRJAdDe9c5U6fkTJxD9Atff6pump,0.0000023049514877198554
2026-09-02 16:27:00.000 UTC,Dvn2fnpH2isPsGNeBGmgRUtfR5nb2BYtAgQxKZkTpump,0.0000031249171086373675
2026-08-30 18:03:00.000 UTC,DwRfse83Q21pWCQ3L5kJwKmw3sVNWr33NYWwXumYpump,0.000003441835663590988
2026-08-21 23:21:00.000 UTC,Dwdm5EMEdMHPbRXNe1avdmt5qKJz1arVJyMHynqpump,0.0000031020965010459785
2026-08-21 23:22:00.000 UTC,Dwdm5EMEdMHPbRXNe1avdmt5qKJz1arVJyMHynqpump,0.000003226339156189214
2026-08-21 23:26:00.000 UTC,Dwdm5EMEdMHPbRXNe1avdmt5qKJz1arVJyMHynqpump,0.000002683065068029032
2026-08-21 23:29:00.000 UTC,Dwdm5EMEdMHPbRXNe1avdmt5qKJz1arVJyMHynqpump,0.0000027308440908927264
2026-08-21 23:31:00.000 UTC,Dwdm5EMEdMHPbRXNe1avdmt5qKJz1arVJyMHynqpump,0.000003038733421947208
2026-08-21 23:33:00.000 UTC,Dwdm5EMEdMHPbRXNe1avdmt5qKJz1arVJyMHynqpump,0.0000026851669002789736
2026-08-21 23:37:00.000 UTC,Dwdm5EMEdMHPbRXNe1avdmt5qKJz1arVJyMHynqpump,0.0000026553556276733197
2026-08-21 23:41:00.000 UTC,Dwdm5EMEdMHPbRXNe1avdmt5qKJz1arVJyMHynqpump,0.0000026469340584051055
2026-08-21 23:45:00.000 UTC,Dwdm5EMEdMHPbRXNe1avdmt5qKJz1arVJyMHynqpump,0.0000026525531973598596
2026-08-21 23:49:00.000 UTC,Dwdm5EMEdMHPbRXNe1avdmt5qKJz1arVJyMHynqpump,0.0000026539392552735394
2026-08-21 23:52:00.000 UTC,Dwdm5EMEdMHPbRXNe1avdmt5qKJz1arVJyMHynqpump,0.0000026442943974653584
2026-08-21 23:56:00.000 UTC,Dwdm5EMEdMHPbRXNe1avdmt5qKJz1arVJyMHynqpump,0.0000026456193509545433
2026-08-22 00:00:00.000 UTC,Dwdm5EMEdMHPbRXNe1avdmt5qKJz1arVJyMHynqpump,0.0000026468961393249215
2026-08-22 00:04:00.000 UTC,Dwdm5EMEdMHPbRXNe1avdmt5qKJz1arVJyMHynqpump,0.0000026464717443509795
2026-08-22 00:07:00.000 UTC,Dwdm5EMEdMHPbRXNe1avdmt5qKJz1arVJyMHynqpump,0.0000026424415897067015
2026-08-22 00:19:00.000 UTC,Dwdm5EMEdMHPbRXNe1avdmt5qKJz1arVJyMHynqpump,0.000002979663928760972
2026-08-26 11:58:00.000 UTC,Dwdm5EMEdMHPbRXNe1avdmt5qKJz1arVJyMHynqpump,0.000002912787618566113
2026-08-26 11:59:00.000 UTC,Dwdm5EMEdMHPbRXNe1avdmt5qKJz1arVJyMHynqpump,0.0000028263658440419298
2026-08-26 12:00:00.000 UTC,Dwdm5EMEdMHPbRXNe1avdmt5qKJz1arVJyMHynqpump,0.00000278826767156168
2026-08-26 12:01:00.000 UTC,Dwdm5EMEdMHPbRXNe1avdmt5qKJz1arVJyMHynqpump,0.0000028392290968964276
2026-08-26 12:02:00.000 UTC,Dwdm5EMEdMHPbRXNe1avdmt5qKJz1arVJyMHynqpump,0.0000028345271681244524
2026-08-26 12:03:00.000 UTC,Dwdm5EMEdMHPbRXNe1avdmt5qKJz1arVJyMHynqpump,0.0000028058463304866954
2026-08-26 12:04:00.000 UTC,Dwdm5EMEdMHPbRXNe1avdmt5qKJz1arVJyMHynqpump,0.0000027961531923903836
2026-08-26 12:06:00.000 UTC,Dwdm5EMEdMHPbRXNe1avdmt5qKJz1arVJyMHynqpump,0.000003129901570371849
2026-08-28 07:15:00.000 UTC,DxVHniqWuK7exiPY6PfU4Gf3PwHCcHCA8k5sx7jApump,0.000003319251479658554
2026-09-10 01:39:00.000 UTC,DyPkt5duU9mpM8makMMAAwenxDC2Z6YKD1HJikNNpump,0.0000028677958993476612
2026-09-10 01:40:00.000 UTC,DyPkt5duU9mpM8makMMAAwenxDC2Z6YKD1HJikNNpump,0.0000028144400579572616
2026-08-30 13:01:00.000 UTC,E1ckdeey7J6uftjL9teCbh1GbEc7jRYGua7wsvLnpump,0.000004466884476335644
2026-08-30 13:02:00.000 UTC,E1ckdeey7J6uftjL9teCbh1GbEc7jRYGua7wsvLnpump,0.000003003874479316391
2026-08-30 13:03:00.000 UTC,E1ckdeey7J6uftjL9teCbh1GbEc7jRYGua7wsvLnpump,0.0000030587693555149454
2026-07-20 13:33:00.000 UTC,E1w8JEFmktwSNSG73uxrW9HHxYnukjaDsFFEQ6xvpump,0.0000029677415414752687
2026-07-20 13:34:00.000 UTC,E1w8JEFmktwSNSG73uxrW9HHxYnukjaDsFFEQ6xvpump,0.000002281923864431241
2026-07-20 13:35:00.000 UTC,E1w8JEFmktwSNSG73uxrW9HHxYnukjaDsFFEQ6xvpump,0.000002150950755556302
2026-07-20 13:41:00.000 UTC,E1w8JEFmktwSNSG73uxrW9HHxYnukjaDsFFEQ6xvpump,0.0000023648467480682047
2026-07-20 13:45:00.000 UTC,E1w8JEFmktwSNSG73uxrW9HHxYnukjaDsFFEQ6xvpump,0.0000025906299893234447
2026-07-20 14:57:00.000 UTC,E1w8JEFmktwSNSG73uxrW9HHxYnukjaDsFFEQ6xvpump,0.0000022228080067920217
2026-07-20 16:15:00.000 UTC,E1w8JEFmktwSNSG73uxrW9HHxYnukjaDsFFEQ6xvpump,0.0000025272405826772687
2026-07-20 16:19:00.000 UTC,E1w8JEFmktwSNSG73uxrW9HHxYnukjaDsFFEQ6xvpump,0.0000025478563208439694
2026-07-20 16:22:00.000 UTC,E1w8JEFmktwSNSG73uxrW9HHxYnukjaDsFFEQ6xvpump,0.0000026991466661013888
2026-07-20 16:30:00.000 UTC,E1w8JEFmktwSNSG73uxrW9HHxYnukjaDsFFEQ6xvpump,0.0000028858097242689017
2026-07-20 16:31:00.000 UTC,E1w8JEFmktwSNSG73uxrW9HHxYnukjaDsFFEQ6xvpump,0.000002933448334486882
2026-07-20 16:32:00.000 UTC,E1w8JEFmktwSNSG73uxrW9HHxYnukjaDsFFEQ6xvpump,0.0000029651439804981008
2026-07-20 16:33:00.000 UTC,E1w8JEFmktwSNSG73uxrW9HHxYnukjaDsFFEQ6xvpump,0.000003150019318266855
2026-07-20 16:34:00.000 UTC,E1w8JEFmktwSNSG73uxrW9HHxYnukjaDsFFEQ6xvpump,0.000003273116361920484
2026-07-20 16:54:00.000 UTC,E1w8JEFmktwSNSG73uxrW9HHxYnukjaDsFFEQ6xvpump,0.0000037948534387020477
2026-07-20 16:59:00.000 UTC,E1w8JEFmktwSNSG73uxrW9HHxYnukjaDsFFEQ6xvpump,0.000004409369583210911
2026-07-20 17:02:00.000 UTC,E1w8JEFmktwSNSG73uxrW9HHxYnukjaDsFFEQ6xvpump,0.000004406709930171177
2026-07-20 17:05:00.000 UTC,E1w8JEFmktwSNSG73uxrW9HHxYnukjaDsFFEQ6xvpump,0.000004406935724625786
2026-07-20 17:14:00.000 UTC,E1w8JEFmktwSNSG73uxrW9HHxYnukjaDsFFEQ6xvpump,0.0000044921657127139345
2026-07-20 17:22:00.000 UTC,E1w8JEFmktwSNSG73uxrW9HHxYnukjaDsFFEQ6xvpump,0.000004706744994725498
2026-07-20 17:29:00.000 UTC,E1w8JEFmktwSNSG73uxrW9HHxYnukjaDsFFEQ6xvpump,0.000004980823180674039
2026-07-20 17:45:00.000 UTC,E1w8JEFmktwSNSG73uxrW9HHxYnukjaDsFFEQ6xvpump,0.000005127662235797057
2026-07-20 17:49:00.000 UTC,E1w8JEFmktwSNSG73uxrW9HHxYnukjaDsFFEQ6xvpump,0.000005155041765368302
2026-07-20 17:51:00.000 UTC,E1w8JEFmktwSNSG73uxrW9HHxYnukjaDsFFEQ6xvpump,0.000005202942769583862
2026-07-20 17:54:00.000 UTC,E1w8JEFmktwSNSG73uxrW9HHxYnukjaDsFFEQ6xvpump,0.000005300868399289147
2026-07-20 18:05:00.000 UTC,E1w8JEFmktwSNSG73uxrW9HHxYnukjaDsFFEQ6xvpump,0.000005496115084679583
2026-07-20 18:09:00.000 UTC,E1w8JEFmktwSNSG73uxrW9HHxYnukjaDsFFEQ6xvpump,0.00000631761339404721
2026-07-20 18:17:00.000 UTC,E1w8JEFmktwSNSG73uxrW9HHxYnukjaDsFFEQ6xvpump,0.000006652872457839934
2026-07-20 18:19:00.000 UTC,E1w8JEFmktwSNSG73uxrW9HHxYnukjaDsFFEQ6xvpump,0.000006669939998814341
2026-07-20 18:21:00.000 UTC,E1w8JEFmktwSNSG73uxrW9HHxYnukjaDsFFEQ6xvpump,0.0000066882931020853044
2026-07-20 18:22:00.000 UTC,E1w8JEFmktwSNSG73uxrW9HHxYnukjaDsFFEQ6xvpump,0.000006743632666799167
2026-07-20 18:24:00.000 UTC,E1w8JEFmktwSNSG73uxrW9HHxYnukjaDsFFEQ6xvpump,0.00000716608882726187
2026-07-20 18:29:00.000 UTC,E1w8JEFmktwSNSG73uxrW9HHxYnukjaDsFFEQ6xvpump,0.000007645237627326992
2026-07-20 18:50:00.000 UTC,E1w8JEFmktwSNSG73uxrW9HHxYnukjaDsFFEQ6xvpump,0.000007249511245142275
2026-07-20 19:03:00.000 UTC,E1w8JEFmktwSNSG73uxrW9HHxYnukjaDsFFEQ6xvpump,0.000007364551159106713
2026-07-20 19:20:00.000 UTC,E1w8JEFmktwSNSG73uxrW9HHxYnukjaDsFFEQ6xvpump,0.000007415294487181622
2026-07-20 19:34:00.000 UTC,E1w8JEFmktwSNSG73uxrW9HHxYnukjaDsFFEQ6xvpump,0.000007435407291843598
2026-07-20 19:35:00.000 UTC,E1w8JEFmktwSNSG73uxrW9HHxYnukjaDsFFEQ6xvpump,0.000007440427567948375
2026-07-20 20:23:00.000 UTC,E1w8JEFmktwSNSG73uxrW9HHxYnukjaDsFFEQ6xvpump,0.00000769140793486808
2026-07-20 22:03:00.000 UTC,E1w8JEFmktwSNSG73uxrW9HHxYnukjaDsFFEQ6xvpump,0.000006699902773999069
2026-07-20 22:31:00.000 UTC,E1w8JEFmktwSNSG73uxrW9HHxYnukjaDsFFEQ6xvpump,0.00000671407571104608
2026-07-20 23:39:00.000 UTC,E1w8JEFmktwSNSG73uxrW9HHxYnukjaDsFFEQ6xvpump,0.000006738014380641446
2026-07-21 01:04:00.000 UTC,E1w8JEFmktwSNSG73uxrW9HHxYnukjaDsFFEQ6xvpump,0.000006021717248395016
2026-07-21 01:33:00.000 UTC,E1w8JEFmktwSNSG73uxrW9HHxYnukjaDsFFEQ6xvpump,0.000006373119057590795
2026-07-21 02:27:00.000 UTC,E1w8JEFmktwSNSG73uxrW9HHxYnukjaDsFFEQ6xvpump,0.000006469936470285282
2026-07-21 02:40:00.000 UTC,E1w8JEFmktwSNSG73uxrW9HHxYnukjaDsFFEQ6xvpump,0.000006487771368342577
2026-07-21 03:05:00.000 UTC,E1w8JEFmktwSNSG73uxrW9HHxYnukjaDsFFEQ6xvpump,0.000006521174159347928
2026-07-21 03:19:00.000 UTC,E1w8JEFmktwSNSG73uxrW9HHxYnukjaDsFFEQ6xvpump,0.000006558939518661458
2026-07-21 04:46:00.000 UTC,E1w8JEFmktwSNSG73uxrW9HHxYnukjaDsFFEQ6xvpump,0.000007125722654222188
2026-07-21 06:47:00.000 UTC,E1w8JEFmktwSNSG73uxrW9HHxYnukjaDsFFEQ6xvpump,0.000007251566026524353
2026-07-21 06:50:00.000 UTC,E1w8JEFmktwSNSG73uxrW9HHxYnukjaDsFFEQ6xvpump,0.0000074542772072808684
2026-07-21 07:53:00.000 UTC,E1w8JEFmktwSNSG73uxrW9HHxYnukjaDsFFEQ6xvpump,0.0000075887798690151515
2026-07-21 10:03:00.000 UTC,E1w8JEFmktwSNSG73uxrW9HHxYnukjaDsFFEQ6xvpump,0.000007627076049408575
2026-07-21 13:03:00.000 UTC,E1w8JEFmktwSNSG73uxrW9HHxYnukjaDsFFEQ6xvpump,0.000007789030708008889
2026-07-21 13:04:00.000 UTC,E1w8JEFmktwSNSG73uxrW9HHxYnukjaDsFFEQ6xvpump,0.000008482126410973712
2026-07-21 13:05:00.000 UTC,E1w8JEFmktwSNSG73uxrW9HHxYnukjaDsFFEQ6xvpump,0.000008845076817451945
2026-07-21 13:11:00.000 UTC,E1w8JEFmktwSNSG73uxrW9HHxYnukjaDsFFEQ6xvpump,0.000009058659960263188
2026-07-21 13:18:00.000 UTC,E1w8JEFmktwSNSG73uxrW9HHxYnukjaDsFFEQ6xvpump,0.000009121941509948383
2026-07-21 14:23:00.000 UTC,E1w8JEFmktwSNSG73uxrW9HHxYnukjaDsFFEQ6xvpump,0.000009314713378560064
2026-07-21 14:51:00.000 UTC,E1w8JEFmktwSNSG73uxrW9HHxYnukjaDsFFEQ6xvpump,0.000009419311082584286
2026-07-21 15:44:00.000 UTC,E1w8JEFmktwSNSG73uxrW9HHxYnukjaDsFFEQ6xvpump,0.000009403498481723328
2026-07-21 15:56:00.000 UTC,E1w8JEFmktwSNSG73uxrW9HHxYnukjaDsFFEQ6xvpump,0.000009530824828780759
2026-07-21 17:22:00.000 UTC,E1w8JEFmktwSNSG73uxrW9HHxYnukjaDsFFEQ6xvpump,0.00000951015958541414
2026-07-21 17:34:00.000 UTC,E1w8JEFmktwSNSG73uxrW9HHxYnukjaDsFFEQ6xvpump,0.000009587942883246249
2026-07-21 18:05:00.000 UTC,E1w8JEFmktwSNSG73uxrW9HHxYnukjaDsFFEQ6xvpump,0.000009649350884396801
2026-07-21 18:12:00.000 UTC,E1w8JEFmktwSNSG73uxrW9HHxYnukjaDsFFEQ6xvpump,0.000009683025868093907
2026-07-21 18:15:00.000 UTC,E1w8JEFmktwSNSG73uxrW9HHxYnukjaDsFFEQ6xvpump,0.000009884681546336532
2026-07-21 18:24:00.000 UTC,E1w8JEFmktwSNSG73uxrW9HHxYnukjaDsFFEQ6xvpump,0.000010278765807109064
2026-07-21 18:31:00.000 UTC,E1w8JEFmktwSNSG73uxrW9HHxYnukjaDsFFEQ6xvpump,0.000010530239356098861
2026-07-21 19:58:00.000 UTC,E1w8JEFmktwSNSG73uxrW9HHxYnukjaDsFFEQ6xvpump,0.000010663020646869257
2026-07-21 19:59:00.000 UTC,E1w8JEFmktwSNSG73uxrW9HHxYnukjaDsFFEQ6xvpump,0.000010866588329794762
2026-07-21 20:00:00.000 UTC,E1w8JEFmktwSNSG73uxrW9HHxYnukjaDsFFEQ6xvpump,0.000011002062896695504
2026-07-21 21:17:00.000 UTC,E1w8JEFmktwSNSG73uxrW9HHxYnukjaDsFFEQ6xvpump,0.000011054188242235672
2026-07-21 22:02:00.000 UTC,E1w8JEFmktwSNSG73uxrW9HHxYnukjaDsFFEQ6xvpump,0.000010317262986234679
2026-07-21 22:08:00.000 UTC,E1w8JEFmktwSNSG73uxrW9HHxYnukjaDsFFEQ6xvpump,0.000010350624074667585
2026-07-22 00:27:00.000 UTC,E1w8JEFmktwSNSG73uxrW9HHxYnukjaDsFFEQ6xvpump,0.00001062476753573915
2026-07-22 01:43:00.000 UTC,E1w8JEFmktwSNSG73uxrW9HHxYnukjaDsFFEQ6xvpump,0.000010994760009855995
2026-07-22 03:58:00.000 UTC,E1w8JEFmktwSNSG73uxrW9HHxYnukjaDsFFEQ6xvpump,0.000011088146800896773
2026-07-22 04:52:00.000 UTC,E1w8JEFmktwSNSG73uxrW9HHxYnukjaDsFFEQ6xvpump,0.000011139360483084878
2026-07-22 07:08:00.000 UTC,E1w8JEFmktwSNSG73uxrW9HHxYnukjaDsFFEQ6xvpump,0.000011026859586862514
2026-07-22 08:30:00.000 UTC,E1w8JEFmktwSNSG73uxrW9HHxYnukjaDsFFEQ6xvpump,0.000011543244630813093
2026-07-22 11:47:00.000 UTC,E1w8JEFmktwSNSG73uxrW9HHxYnukjaDsFFEQ6xvpump,0.000008852897122259583
2026-07-22 12:12:00.000 UTC,E1w8JEFmktwSNSG73uxrW9HHxYnukjaDsFFEQ6xvpump,0.000006183850401913855
2026-07-22 15:25:00.000 UTC,E1w8JEFmktwSNSG73uxrW9HHxYnukjaDsFFEQ6xvpump,0.0000061191847616417
2026-07-22 16:16:00.000 UTC,E1w8JEFmktwSNSG73uxrW9HHxYnukjaDsFFEQ6xvpump,0.00000683822271708713
2026-07-22 16:17:00.000 UTC,E1w8JEFmktwSNSG73uxrW9HHxYnukjaDsFFEQ6xvpump,0.000007580118313550576
2026-07-23 02:17:00.000 UTC,E1w8JEFmktwSNSG73uxrW9HHxYnukjaDsFFEQ6xvpump,0.000007987828906057088
2026-07-23 15:26:00.000 UTC,E1w8JEFmktwSNSG73uxrW9HHxYnukjaDsFFEQ6xvpump,0.000012766186660808903
2026-07-23 15:30:00.000 UTC,E1w8JEFmktwSNSG73uxrW9HHxYnukjaDsFFEQ6xvpump,0.000014457256692010704
2026-07-23 17:37:00.000 UTC,E1w8JEFmktwSNSG73uxrW9HHxYnukjaDsFFEQ6xvpump,0.000012599364139180874
2026-07-23 18:21:00.000 UTC,E1w8JEFmktwSNSG73uxrW9HHxYnukjaDsFFEQ6xvpump,0.000013510018452086074
2026-07-23 18:25:00.000 UTC,E1w8JEFmktwSNSG73uxrW9HHxYnukjaDsFFEQ6xvpump,0.000014682491748933936
2026-07-23 19:06:00.000 UTC,E1w8JEFmktwSNSG73uxrW9HHxYnukjaDsFFEQ6xvpump,0.000014790900550254918
2026-07-23 22:04:00.000 UTC,E1w8JEFmktwSNSG73uxrW9HHxYnukjaDsFFEQ6xvpump,0.000014854246421630211
2026-07-23 22:37:00.000 UTC,E1w8JEFmktwSNSG73uxrW9HHxYnukjaDsFFEQ6xvpump,0.0000153494787258788
2026-07-23 23:50:00.000 UTC,E1w8JEFmktwSNSG73uxrW9HHxYnukjaDsFFEQ6xvpump,0.000015824315852137172
2026-07-24 02:32:00.000 UTC,E1w8JEFmktwSNSG73uxrW9HHxYnukjaDsFFEQ6xvpump,0.000013418842752781578
2026-07-24 02:35:00.000 UTC,E1w8JEFmktwSNSG73uxrW9HHxYnukjaDsFFEQ6xvpump,0.000013384677754881154
2026-07-24 15:09:00.000 UTC,E1w8JEFmktwSNSG73uxrW9HHxYnukjaDsFFEQ6xvpump,0.000011226056473400474
2026-07-24 20:39:00.000 UTC,E1w8JEFmktwSNSG73uxrW9HHxYnukjaDsFFEQ6xvpump,0.000010776859879682033
2026-07-24 23:45:00.000 UTC,E1w8JEFmktwSNSG73uxrW9HHxYnukjaDsFFEQ6xvpump,0.000011217378842642381
2026-07-24 23:46:00.000 UTC,E1w8JEFmktwSNSG73uxrW9HHxYnukjaDsFFEQ6xvpump,0.00001303544600611589
2026-07-25 01:37:00.000 UTC,E1w8JEFmktwSNSG73uxrW9HHxYnukjaDsFFEQ6xvpump,0.000013272440794681686
2026-07-25 01:38:00.000 UTC,E1w8JEFmktwSNSG73uxrW9HHxYnukjaDsFFEQ6xvpump,0.00001329684891025753
2026-07-25 03:07:00.000 UTC,E1w8JEFmktwSNSG73uxrW9HHxYnukjaDsFFEQ6xvpump,0.00001348934782918191
2026-07-25 09:33:00.000 UTC,E1w8JEFmktwSNSG73uxrW9HHxYnukjaDsFFEQ6xvpump,0.000013526051935853766
2026-07-25 10:43:00.000 UTC,E1w8JEFmktwSNSG73uxrW9HHxYnukjaDsFFEQ6xvpump,0.000011233097850855627
2026-07-25 13:25:00.000 UTC,E1w8JEFmktwSNSG73uxrW9HHxYnukjaDsFFEQ6xvpump,0.00001128081176648228
2026-07-25 20:39:00.000 UTC,E1w8JEFmktwSNSG73uxrW9HHxYnukjaDsFFEQ6xvpump,0.000011352871694850764
2026-07-25 21:08:00.000 UTC,E1w8JEFmktwSNSG73uxrW9HHxYnukjaDsFFEQ6xvpump,0.00001135433837386358
2026-07-26 16:31:00.000 UTC,E1w8JEFmktwSNSG73uxrW9HHxYnukjaDsFFEQ6xvpump,0.000011562849724219375
2026-07-26 18:30:00.000 UTC,E1w8JEFmktwSNSG73uxrW9HHxYnukjaDsFFEQ6xvpump,0.000011703020445442041
2026-07-26 23:48:00.000 UTC,E1w8JEFmktwSNSG73uxrW9HHxYnukjaDsFFEQ6xvpump,0.000011353183936521074
2026-07-27 03:42:00.000 UTC,E1w8JEFmktwSNSG73uxrW9HHxYnukjaDsFFEQ6xvpump,0.000011151190281979364
2026-07-27 05:12:00.000 UTC,E1w8JEFmktwSNSG73uxrW9HHxYnukjaDsFFEQ6xvpump,0.00001115326694215453
2026-07-28 11:03:00.000 UTC,E1w8JEFmktwSNSG73uxrW9HHxYnukjaDsFFEQ6xvpump,0.00000862502402833488
2026-07-28 17:12:00.000 UTC,E1w8JEFmktwSNSG73uxrW9HHxYnukjaDsFFEQ6xvpump,0.000008642967153105837
2026-07-29 05:29:00.000 UTC,E1w8JEFmktwSNSG73uxrW9HHxYnukjaDsFFEQ6xvpump,0.000008552379927364373
2026-07-29 05:57:00.000 UTC,E1w8JEFmktwSNSG73uxrW9HHxYnukjaDsFFEQ6xvpump,0.000008820851963801973
2026-07-30 14:39:00.000 UTC,E1w8JEFmktwSNSG73uxrW9HHxYnukjaDsFFEQ6xvpump,0.0000096488745415842
2026-07-31 19:27:00.000 UTC,E1w8JEFmktwSNSG73uxrW9HHxYnukjaDsFFEQ6xvpump,0.000009394838885870718
2026-08-03 03:45:00.000 UTC,E1w8JEFmktwSNSG73uxrW9HHxYnukjaDsFFEQ6xvpump,0.0000094133631822592
2026-08-03 17:28:00.000 UTC,E1w8JEFmktwSNSG73uxrW9HHxYnukjaDsFFEQ6xvpump,0.000009550366651642683
2026-08-04 07:10:00.000 UTC,E1w8JEFmktwSNSG73uxrW9HHxYnukjaDsFFEQ6xvpump,0.000008355744214523128
2026-08-04 07:11:00.000 UTC,E1w8JEFmktwSNSG73uxrW9HHxYnukjaDsFFEQ6xvpump,0.000008363377723870088
2026-08-04 10:47:00.000 UTC,E1w8JEFmktwSNSG73uxrW9HHxYnukjaDsFFEQ6xvpump,0.000008014565208476723
2026-08-04 19:50:00.000 UTC,E1w8JEFmktwSNSG73uxrW9HHxYnukjaDsFFEQ6xvpump,0.000008626537070291013
2026-08-13 15:16:00.000 UTC,E1w8JEFmktwSNSG73uxrW9HHxYnukjaDsFFEQ6xvpump,0.000009157531782120066
2026-08-13 15:17:00.000 UTC,E1w8JEFmktwSNSG73uxrW9HHxYnukjaDsFFEQ6xvpump,0.000008897727494351964
2026-08-25 03:45:00.000 UTC,E1w8JEFmktwSNSG73uxrW9HHxYnukjaDsFFEQ6xvpump,0.000010555344775411074
2026-08-25 13:33:00.000 UTC,E1w8JEFmktwSNSG73uxrW9HHxYnukjaDsFFEQ6xvpump,0.000008929392947920217
2026-08-28 18:45:00.000 UTC,E1w8JEFmktwSNSG73uxrW9HHxYnukjaDsFFEQ6xvpump,0.000009373402886951345
2026-08-28 19:41:00.000 UTC,E1w8JEFmktwSNSG73uxrW9HHxYnukjaDsFFEQ6xvpump,0.000009473632744860809
2026-08-31 17:00:00.000 UTC,E1w8JEFmktwSNSG73uxrW9HHxYnukjaDsFFEQ6xvpump,0.000009409081262281481
2026-09-02 20:52:00.000 UTC,E1w8JEFmktwSNSG73uxrW9HHxYnukjaDsFFEQ6xvpump,0.000009162942037519224
2026-09-02 21:20:00.000 UTC,E1w8JEFmktwSNSG73uxrW9HHxYnukjaDsFFEQ6xvpump,0.000009199367684818604
2026-09-02 23:30:00.000 UTC,E1w8JEFmktwSNSG73uxrW9HHxYnukjaDsFFEQ6xvpump,0.000009272512835112259
2026-09-02 23:31:00.000 UTC,E1w8JEFmktwSNSG73uxrW9HHxYnukjaDsFFEQ6xvpump,0.000009828347007185196
2026-09-03 02:40:00.000 UTC,E1w8JEFmktwSNSG73uxrW9HHxYnukjaDsFFEQ6xvpump,0.000010401278636641674
2026-09-05 01:09:00.000 UTC,E1w8JEFmktwSNSG73uxrW9HHxYnukjaDsFFEQ6xvpump,0.000010106463439064832
2026-09-07 22:34:00.000 UTC,E1w8JEFmktwSNSG73uxrW9HHxYnukjaDsFFEQ6xvpump,0.000009825530872464967
2026-09-08 00:28:00.000 UTC,E1w8JEFmktwSNSG73uxrW9HHxYnukjaDsFFEQ6xvpump,0.000012964298863078902
2026-09-08 19:20:00.000 UTC,E1w8JEFmktwSNSG73uxrW9HHxYnukjaDsFFEQ6xvpump,0.000009990312538684909
2026-09-11 08:00:00.000 UTC,E1w8JEFmktwSNSG73uxrW9HHxYnukjaDsFFEQ6xvpump,0.000008788797550163708
2026-09-11 22:33:00.000 UTC,E1w8JEFmktwSNSG73uxrW9HHxYnukjaDsFFEQ6xvpump,0.000008917325410918934
2026-09-12 17:44:00.000 UTC,E1w8JEFmktwSNSG73uxrW9HHxYnukjaDsFFEQ6xvpump,0.00000908031813516689
2026-08-21 11:45:00.000 UTC,E2yckrTGWqSSZoEGiRKMjbCm4VZn2rks1CnnVaHupump,0.0000031824496019187072
2026-08-21 11:46:00.000 UTC,E2yckrTGWqSSZoEGiRKMjbCm4VZn2rks1CnnVaHupump,0.0000029951543366094466
2026-08-21 11:48:00.000 UTC,E2yckrTGWqSSZoEGiRKMjbCm4VZn2rks1CnnVaHupump,0.0000027854319826550045
2026-08-21 11:49:00.000 UTC,E2yckrTGWqSSZoEGiRKMjbCm4VZn2rks1CnnVaHupump,0.0000027807440441296126
2026-08-27 15:24:00.000 UTC,E4Z2GzkhQ3ZiggvqiANFzoy5j2HfQMV9HUNnqdeopump,0.0000017073575022940762
2026-08-27 15:25:00.000 UTC,E4Z2GzkhQ3ZiggvqiANFzoy5j2HfQMV9HUNnqdeopump,0.0000018899171104463986
2026-09-01 22:52:00.000 UTC,E5zK8KRKk8Cou9prYW38WpedbzQJdomcNxMJctiEpump,0.0000025195055418968913
2026-09-01 22:53:00.000 UTC,E5zK8KRKk8Cou9prYW38WpedbzQJdomcNxMJctiEpump,9.849381886573799e-7
2026-08-24 12:46:00.000 UTC,E6VYxX3AXY6Ct5dQyseFzCTYXFBS6cLf3GtiNSyHce43,0.0000034867381173383817
2026-08-29 17:12:00.000 UTC,E8ZA7Y1LeCjyW36K89QmCgfF1nbBrspavadWozu1pump,0.0000029427830031400652
2026-08-29 17:54:00.000 UTC,E8ZA7Y1LeCjyW36K89QmCgfF1nbBrspavadWozu1pump,0.000002932600340574281
2026-08-29 21:10:00.000 UTC,E8ZA7Y1LeCjyW36K89QmCgfF1nbBrspavadWozu1pump,0.000002947880218804408
2026-08-29 21:13:00.000 UTC,E8ZA7Y1LeCjyW36K89QmCgfF1nbBrspavadWozu1pump,0.0000029622589714131136
2026-08-30 04:31:00.000 UTC,E8ZA7Y1LeCjyW36K89QmCgfF1nbBrspavadWozu1pump,0.0000029722761512614616
2026-08-31 03:15:00.000 UTC,E8ZA7Y1LeCjyW36K89QmCgfF1nbBrspavadWozu1pump,0.000002878641392508888
2026-08-31 03:16:00.000 UTC,E8ZA7Y1LeCjyW36K89QmCgfF1nbBrspavadWozu1pump,0.000002888128335130615
2026-08-31 15:49:00.000 UTC,E8ZA7Y1LeCjyW36K89QmCgfF1nbBrspavadWozu1pump,0.0000029289389841159952
2026-08-31 16:14:00.000 UTC,E8ZA7Y1LeCjyW36K89QmCgfF1nbBrspavadWozu1pump,0.000002917294837812614
2026-08-31 18:20:00.000 UTC,E8ZA7Y1LeCjyW36K89QmCgfF1nbBrspavadWozu1pump,0.0000029598818314123857
2026-09-01 00:56:00.000 UTC,E8ZA7Y1LeCjyW36K89QmCgfF1nbBrspavadWozu1pump,0.000002947632155907603
2026-09-01 07:43:00.000 UTC,E8ZA7Y1LeCjyW36K89QmCgfF1nbBrspavadWozu1pump,0.000002960909025032997
2026-09-01 13:27:00.000 UTC,E8ZA7Y1LeCjyW36K89QmCgfF1nbBrspavadWozu1pump,0.0000029721908383288
2026-09-13 15:01:00.000 UTC,E8ZA7Y1LeCjyW36K89QmCgfF1nbBrspavadWozu1pump,0.00000289614437032422
2026-09-13 23:13:00.000 UTC,E8ZA7Y1LeCjyW36K89QmCgfF1nbBrspavadWozu1pump,0.000002877106654382516
2026-08-11 17:31:00.000 UTC,E8zkNBdJXKuFZ5KwJGDNp335Vhszpb4pYCv3eET8pump,0.0000030038368106791365
2026-08-17 13:31:00.000 UTC,E8zkNBdJXKuFZ5KwJGDNp335Vhszpb4pYCv3eET8pump,0.000002103677514603032
2026-08-18 14:41:00.000 UTC,EAkm38Edva2yxTKrcXaeoDYvV1H35UuL5hbL65iKpump,0.0000029978562343975638
2026-08-25 05:23:00.000 UTC,ECQwbWtWzadru21wCsKyQwFhavj8DaEFWTqJodhRpump,0.0000028484487841082327
2026-08-19 18:07:00.000 UTC,ED57f8eExWLR3CcM5fUQN8kc2K3PKgrYb6k7pTDzdsZE,0.000003856934261326637
2026-08-19 18:22:00.000 UTC,ED57f8eExWLR3CcM5fUQN8kc2K3PKgrYb6k7pTDzdsZE,0.0000022858042048287965
2026-08-17 19:58:00.000 UTC,EDVShsLbDef2KKSwRSm4AhboBT2CKCnQNtAELGfkpump,0.0000030979708883398966
2026-08-18 18:41:00.000 UTC,EEi3mwVAe8oSQhR5VAXNUwDrGS4q5NKqax7j5pTjpump,0.000003221171233528831
2026-08-18 18:42:00.000 UTC,EEi3mwVAe8oSQhR5VAXNUwDrGS4q5NKqax7j5pTjpump,0.0000021785517454677273
2026-08-27 20:45:00.000 UTC,EFQAeSdkUrBYFx95QUinyppfc7jRsttXEUftAKSWpump,0.000016785342834473686
2026-08-21 00:30:00.000 UTC,EGfU9T7DG6PStJHsU9Ztuws2gdveB3sWiUU9g4aVpump,0.0000035229689344517347
2026-09-07 16:05:00.000 UTC,EGoK6V8S23J7VkqeWJJsufrxfFgmEfTYiHzQnhM6pump,0.0000027130427748523477
2026-09-07 16:06:00.000 UTC,EGoK6V8S23J7VkqeWJJsufrxfFgmEfTYiHzQnhM6pump,0.000002202519368707732
2026-09-07 16:07:00.000 UTC,EGoK6V8S23J7VkqeWJJsufrxfFgmEfTYiHzQnhM6pump,8.548341857673654e-7
2026-09-07 16:08:00.000 UTC,EGoK6V8S23J7VkqeWJJsufrxfFgmEfTYiHzQnhM6pump,0.0000010541601189532667
2026-09-07 16:09:00.000 UTC,EGoK6V8S23J7VkqeWJJsufrxfFgmEfTYiHzQnhM6pump,8.461820435462201e-7
2026-09-02 06:28:00.000 UTC,EKWkxgi14gazqHMFLFfk5vtyRkuPbseuGFf2qbfepump,0.000004444749976468096
2026-09-07 14:48:00.000 UTC,EMnQHRCx6vK2fxjpLbRRDvHdNNBp4nw7snsPHJnqpump,0.0000033596645261080052
2026-09-07 14:49:00.000 UTC,EMnQHRCx6vK2fxjpLbRRDvHdNNBp4nw7snsPHJnqpump,0.0000042016727769644405
2026-09-07 14:50:00.000 UTC,EMnQHRCx6vK2fxjpLbRRDvHdNNBp4nw7snsPHJnqpump,0.000004600628526695599
2026-09-07 14:51:00.000 UTC,EMnQHRCx6vK2fxjpLbRRDvHdNNBp4nw7snsPHJnqpump,0.000004241582349233766
2026-09-07 14:52:00.000 UTC,EMnQHRCx6vK2fxjpLbRRDvHdNNBp4nw7snsPHJnqpump,0.000004247540201044139
2026-09-07 14:53:00.000 UTC,EMnQHRCx6vK2fxjpLbRRDvHdNNBp4nw7snsPHJnqpump,0.000003629344226684416
2026-09-07 14:54:00.000 UTC,EMnQHRCx6vK2fxjpLbRRDvHdNNBp4nw7snsPHJnqpump,0.000003972831679626527
2026-09-07 14:56:00.000 UTC,EMnQHRCx6vK2fxjpLbRRDvHdNNBp4nw7snsPHJnqpump,0.000003763144441469524
2026-09-07 14:57:00.000 UTC,EMnQHRCx6vK2fxjpLbRRDvHdNNBp4nw7snsPHJnqpump,0.000003755094164998119
2026-08-11 06:48:00.000 UTC,ENFv76eWAZqXQWDaoZj987ZzBrERERvFABExHotnpump,0.0000021355456283781054
2026-08-15 10:49:00.000 UTC,ENFv76eWAZqXQWDaoZj987ZzBrERERvFABExHotnpump,0.0000021028216656836625
2026-08-18 10:01:00.000 UTC,ENFv76eWAZqXQWDaoZj987ZzBrERERvFABExHotnpump,0.000002121267853967836
2026-08-18 10:02:00.000 UTC,ENFv76eWAZqXQWDaoZj987ZzBrERERvFABExHotnpump,0.000002121259448760949
2026-08-19 11:07:00.000 UTC,ENFv76eWAZqXQWDaoZj987ZzBrERERvFABExHotnpump,0.000002173104879480213
2026-08-20 10:36:00.000 UTC,ENFv76eWAZqXQWDaoZj987ZzBrERERvFABExHotnpump,0.000002438599484176933
2026-08-22 11:54:00.000 UTC,ENFv76eWAZqXQWDaoZj987ZzBrERERvFABExHotnpump,0.0000026058188452129604
2026-08-24 09:45:00.000 UTC,ENFv76eWAZqXQWDaoZj987ZzBrERERvFABExHotnpump,0.000002648878589764064
2026-08-24 10:21:00.000 UTC,ENFv76eWAZqXQWDaoZj987ZzBrERERvFABExHotnpump,0.0000026522092812629532
2026-09-01 03:20:00.000 UTC,ENFv76eWAZqXQWDaoZj987ZzBrERERvFABExHotnpump,0.0000028934953893755986
2026-09-01 04:33:00.000 UTC,ENFv76eWAZqXQWDaoZj987ZzBrERERvFABExHotnpump,0.000002904982500477689
2026-09-01 04:37:00.000 UTC,ENFv76eWAZqXQWDaoZj987ZzBrERERvFABExHotnpump,0.0000029042720462221284
2026-09-01 04:45:00.000 UTC,ENFv76eWAZqXQWDaoZj987ZzBrERERvFABExHotnpump,0.000002903319864607816
2026-09-04 17:46:00.000 UTC,EQrfXH88tao3sCWkdhyuoGcroaVv25QKDgR32KEZpump,0.0000153208564295357
2026-09-04 17:47:00.000 UTC,EQrfXH88tao3sCWkdhyuoGcroaVv25QKDgR32KEZpump,0.000002894233457747211
2026-09-04 15:08:00.000 UTC,ESCBbmEaVtXhh9MTj3sn4kn3xdVo3qhfbU2pK123pump,0.000002975133433177775
2026-09-08 00:11:00.000 UTC,EVV5vFW1XuYk52XTKPR1JSyUn4MVFmcKeWNJ1o6q2kzg,0.000004016355248161875
2026-09-08 00:12:00.000 UTC,EVV5vFW1XuYk52XTKPR1JSyUn4MVFmcKeWNJ1o6q2kzg,0.000002997786382634352
2026-08-25 11:01:00.000 UTC,EWm5Y9zLYMYTGGDKTcNS9PDv7KjZbTWtmeuhTCoNrd9Q,0.0000036226331424138074
2026-08-23 16:18:00.000 UTC,EXyJLgWEjEFa2qi4AYGSnSPrcoNiNJjLDnz3wB3npump,0.000002685662788341544
2026-08-31 11:10:00.000 UTC,EYNEpXtCyT8gURT4C8A7NZmhPaMzgADKNthyWftAMQE1,0.0000029039471466614586
2026-08-21 06:13:00.000 UTC,EYjM29DH4E8eKEEdYJBELN22QQ4jAk3aCXez2YDopump,0.0000026536788673229497
2026-09-10 04:46:00.000 UTC,EYvFRKELiHboBzR7bHXd1fVaAp2SZadrxowYtmdepump,0.0000028751654072759066
2026-09-10 04:47:00.000 UTC,EYvFRKELiHboBzR7bHXd1fVaAp2SZadrxowYtmdepump,0.00000287340622548862
2026-09-10 04:48:00.000 UTC,EYvFRKELiHboBzR7bHXd1fVaAp2SZadrxowYtmdepump,0.000002877176738086155
2026-09-07 18:33:00.000 UTC,EbhPQsAmeJEdTZxNbHRVe6QStvZmNHubgc93ggDrpump,0.000004364208638048746
2026-09-07 18:34:00.000 UTC,EbhPQsAmeJEdTZxNbHRVe6QStvZmNHubgc93ggDrpump,0.000003232626978669025
2026-08-26 13:17:00.000 UTC,EcHnavQmKy6R4bUaiYZuGhYazJr47tTgDhT7d5eQpump,0.0000027289903688972186
2026-08-26 13:42:00.000 UTC,EcHnavQmKy6R4bUaiYZuGhYazJr47tTgDhT7d5eQpump,0.0000028655264068593685
2026-08-26 13:44:00.000 UTC,EcHnavQmKy6R4bUaiYZuGhYazJr47tTgDhT7d5eQpump,0.0000030138762209309373
2026-08-26 13:47:00.000 UTC,EcHnavQmKy6R4bUaiYZuGhYazJr47tTgDhT7d5eQpump,0.0000030815130799419703
2026-08-26 13:51:00.000 UTC,EcHnavQmKy6R4bUaiYZuGhYazJr47tTgDhT7d5eQpump,0.0000030463113500493365
2026-08-26 13:52:00.000 UTC,EcHnavQmKy6R4bUaiYZuGhYazJr47tTgDhT7d5eQpump,0.0000033163906369278594
2026-08-26 13:54:00.000 UTC,EcHnavQmKy6R4bUaiYZuGhYazJr47tTgDhT7d5eQpump,0.0000032860187251936965
2026-08-26 13:55:00.000 UTC,EcHnavQmKy6R4bUaiYZuGhYazJr47tTgDhT7d5eQpump,0.000003249979492317463
2026-08-26 13:57:00.000 UTC,EcHnavQmKy6R4bUaiYZuGhYazJr47tTgDhT7d5eQpump,0.0000033005721325354742
2026-09-04 20:55:00.000 UTC,Eci5pMypt68HwgqnwoAeER6JfkaNdTMR6aFBA933pump,0.000002886496428786738
2026-09-04 20:56:00.000 UTC,Eci5pMypt68HwgqnwoAeER6JfkaNdTMR6aFBA933pump,0.0000011963553723573064
2026-09-12 08:08:00.000 UTC,Ee911EpALaxi2QH7ewwbFr7ZCRDVmUi4qSX8n1y1pump,0.000002912337231788999
2026-09-12 08:09:00.000 UTC,Ee911EpALaxi2QH7ewwbFr7ZCRDVmUi4qSX8n1y1pump,0.00000314651756624276
2026-09-12 08:11:00.000 UTC,Ee911EpALaxi2QH7ewwbFr7ZCRDVmUi4qSX8n1y1pump,0.000003211803589192655
2026-08-18 15:37:00.000 UTC,Eft8zKMps8jvxQSPwqXt3QovtHEJQzA1AAzioyYppB1p,0.000002224295562037218
2026-09-11 12:34:00.000 UTC,EhD2oxBg6JVrME6dj2PY3NJ3EJG4dtnEadts1BERpump,0.000002841514138978658
2026-08-27 08:19:00.000 UTC,EhWMff1hYJT5BL7ZyryY6BMXKrXh5aXBNUtmVDbcpump,0.0000035973199664336077
2026-08-27 08:20:00.000 UTC,EhWMff1hYJT5BL7ZyryY6BMXKrXh5aXBNUtmVDbcpump,0.000005191873457618726
2026-08-27 08:21:00.000 UTC,EhWMff1hYJT5BL7ZyryY6BMXKrXh5aXBNUtmVDbcpump,0.000007801760224462738
2026-08-27 08:22:00.000 UTC,EhWMff1hYJT5BL7ZyryY6BMXKrXh5aXBNUtmVDbcpump,0.000009938241851492001
2026-08-27 08:23:00.000 UTC,EhWMff1hYJT5BL7ZyryY6BMXKrXh5aXBNUtmVDbcpump,0.00000972637256448641
2026-08-27 08:24:00.000 UTC,EhWMff1hYJT5BL7ZyryY6BMXKrXh5aXBNUtmVDbcpump,0.00001113428677186178
2026-08-27 08:25:00.000 UTC,EhWMff1hYJT5BL7ZyryY6BMXKrXh5aXBNUtmVDbcpump,0.00001198870792049948
2026-08-27 08:26:00.000 UTC,EhWMff1hYJT5BL7ZyryY6BMXKrXh5aXBNUtmVDbcpump,0.000009937995498016
2026-08-27 08:27:00.000 UTC,EhWMff1hYJT5BL7ZyryY6BMXKrXh5aXBNUtmVDbcpump,0.0000060831189220126226
2026-08-27 08:28:00.000 UTC,EhWMff1hYJT5BL7ZyryY6BMXKrXh5aXBNUtmVDbcpump,0.000004087593114390151
2026-08-27 08:29:00.000 UTC,EhWMff1hYJT5BL7ZyryY6BMXKrXh5aXBNUtmVDbcpump,0.0000033456016356529975
2026-08-27 08:31:00.000 UTC,EhWMff1hYJT5BL7ZyryY6BMXKrXh5aXBNUtmVDbcpump,0.000004185365297096938
2026-08-27 08:32:00.000 UTC,EhWMff1hYJT5BL7ZyryY6BMXKrXh5aXBNUtmVDbcpump,0.0000045031679290958955
2026-08-27 08:33:00.000 UTC,EhWMff1hYJT5BL7ZyryY6BMXKrXh5aXBNUtmVDbcpump,0.0000035092212895644736
2026-08-27 10:20:00.000 UTC,EhWMff1hYJT5BL7ZyryY6BMXKrXh5aXBNUtmVDbcpump,0.0000033907821787894446
2026-08-27 19:45:00.000 UTC,EmvB4bCSuSkxoCfKypzuz2k4GFVarg6eeBawR8fzpump,0.0000018864070355839761
2026-08-27 19:47:00.000 UTC,EmvB4bCSuSkxoCfKypzuz2k4GFVarg6eeBawR8fzpump,0.0000012599748510823675
2026-08-27 19:48:00.000 UTC,EmvB4bCSuSkxoCfKypzuz2k4GFVarg6eeBawR8fzpump,0.000001932621599320782
2026-08-27 19:49:00.000 UTC,EmvB4bCSuSkxoCfKypzuz2k4GFVarg6eeBawR8fzpump,0.0000016253689713838753
2026-08-27 19:50:00.000 UTC,EmvB4bCSuSkxoCfKypzuz2k4GFVarg6eeBawR8fzpump,0.0000011470861288441415
2026-08-27 19:51:00.000 UTC,EmvB4bCSuSkxoCfKypzuz2k4GFVarg6eeBawR8fzpump,0.000001669242444010118
2026-08-27 19:52:00.000 UTC,EmvB4bCSuSkxoCfKypzuz2k4GFVarg6eeBawR8fzpump,0.0000026463812137680125
2026-08-27 19:53:00.000 UTC,EmvB4bCSuSkxoCfKypzuz2k4GFVarg6eeBawR8fzpump,0.0000028676391165936006
2026-08-27 19:54:00.000 UTC,EmvB4bCSuSkxoCfKypzuz2k4GFVarg6eeBawR8fzpump,0.0000013834324646770821
2026-08-27 19:55:00.000 UTC,EmvB4bCSuSkxoCfKypzuz2k4GFVarg6eeBawR8fzpump,0.0000016222948884259178
2026-08-27 19:56:00.000 UTC,EmvB4bCSuSkxoCfKypzuz2k4GFVarg6eeBawR8fzpump,5.759576469760686e-7
2026-08-27 19:57:00.000 UTC,EmvB4bCSuSkxoCfKypzuz2k4GFVarg6eeBawR8fzpump,3.837691892477954e-7
2026-08-27 19:58:00.000 UTC,EmvB4bCSuSkxoCfKypzuz2k4GFVarg6eeBawR8fzpump,3.2016913624410127e-7
2026-08-27 19:59:00.000 UTC,EmvB4bCSuSkxoCfKypzuz2k4GFVarg6eeBawR8fzpump,3.70681037585273e-7
2026-08-27 20:00:00.000 UTC,EmvB4bCSuSkxoCfKypzuz2k4GFVarg6eeBawR8fzpump,5.074963207580799e-7
2026-08-27 20:01:00.000 UTC,EmvB4bCSuSkxoCfKypzuz2k4GFVarg6eeBawR8fzpump,6.2415757512556e-7
2026-08-20 01:14:00.000 UTC,EoraWFeaHvKkqt7aJKnRvzBHmLMHbXakxgqydiwWpump,0.00000237986741371358
2026-08-20 01:16:00.000 UTC,EoraWFeaHvKkqt7aJKnRvzBHmLMHbXakxgqydiwWpump,0.000002374166059556217
2026-08-16 18:57:00.000 UTC,Epoijh2rN3KKXHbMYVvoGY6jmTthKVDhd3A7fmpKVdYA,0.000002134852097621285
2026-08-16 18:58:00.000 UTC,Epoijh2rN3KKXHbMYVvoGY6jmTthKVDhd3A7fmpKVdYA,0.0000021949512158400724
2026-09-04 20:35:00.000 UTC,EqhEWjsuUaQonPQkJ6bkvbpha7UbdjzZXbre2TD486A2,0.0000029873382028819786
2026-08-21 00:26:00.000 UTC,ErACApKeuxgpfRZ4FWU4GSwoscmAwNHuShq5Sbk1pump,0.000002549203588879019
2026-08-26 22:02:00.000 UTC,EsADdb2oBoETW4u6egazmXwLu6bcr9yjtHc4zsejpump,0.000004975324638150057
2026-09-01 09:49:00.000 UTC,EsMYj4oyB6nKDQ4R7bbdNNW8yLvfrtbujWBZb8sopump,0.000003398564371229281
2026-09-01 09:50:00.000 UTC,EsMYj4oyB6nKDQ4R7bbdNNW8yLvfrtbujWBZb8sopump,0.0000034619041759907095
2026-09-01 09:54:00.000 UTC,EsMYj4oyB6nKDQ4R7bbdNNW8yLvfrtbujWBZb8sopump,0.0000028541470757336255
2026-08-22 21:33:00.000 UTC,EsRPR55m5w6uDphuY2TFrG5HfDH2LGqmKD65NkwEpump,0.000005287504050775006
2026-08-22 21:34:00.000 UTC,EsRPR55m5w6uDphuY2TFrG5HfDH2LGqmKD65NkwEpump,0.00000207414021440906
2026-08-22 21:35:00.000 UTC,EsRPR55m5w6uDphuY2TFrG5HfDH2LGqmKD65NkwEpump,5.773101644775706e-7
2026-08-22 21:36:00.000 UTC,EsRPR55m5w6uDphuY2TFrG5HfDH2LGqmKD65NkwEpump,0.000001074281075881954
2026-08-22 21:37:00.000 UTC,EsRPR55m5w6uDphuY2TFrG5HfDH2LGqmKD65NkwEpump,2.4935001086691723e-8
2026-08-22 21:38:00.000 UTC,EsRPR55m5w6uDphuY2TFrG5HfDH2LGqmKD65NkwEpump,1.520161740681183e-9
2026-08-15 18:23:00.000 UTC,EtUNL2urkKLBzy2zhPJ74kQUPoCoy6mQ83JneHFSpump,0.000005002777662885892
2026-08-15 18:24:00.000 UTC,EtUNL2urkKLBzy2zhPJ74kQUPoCoy6mQ83JneHFSpump,0.000004528504437485404
2026-08-15 19:02:00.000 UTC,EtUNL2urkKLBzy2zhPJ74kQUPoCoy6mQ83JneHFSpump,0.000002871583314931325
2026-08-29 08:21:00.000 UTC,Euie3i2GRhG5CM6Wqrq3wbocsmBrFVSwN1G6BF1Rpump,0.000002397329997481646
2026-08-29 08:22:00.000 UTC,Euie3i2GRhG5CM6Wqrq3wbocsmBrFVSwN1G6BF1Rpump,0.000001323129192435922
2026-08-23 20:12:00.000 UTC,EwCC1d3xXwf1YsniBP6rdWsnzBWt74bdUuMQjTetpump,0.0000027890483176411016
2026-08-23 20:13:00.000 UTC,EwCC1d3xXwf1YsniBP6rdWsnzBWt74bdUuMQjTetpump,1.582912991677731e-7
2026-08-23 20:14:00.000 UTC,EwCC1d3xXwf1YsniBP6rdWsnzBWt74bdUuMQjTetpump,4.5264627814758675e-8
2026-09-12 09:17:00.000 UTC,F1CGxmums5BiGegDuzRMcYUv5EZB7e3zMy9JRm21pump,0.000003410475665860101
2026-09-01 20:47:00.000 UTC,F1NUugb4TKWh4qhk1nzP8k2jYae26DWvaS7ynM9Wpump,0.0000027923594320526604
2026-09-01 23:18:00.000 UTC,F2WrRyegGDf2cE65EKxEY1mhqpZCh7VMP8Hkf2zrpump,0.000002788719240019908
2026-08-21 01:50:00.000 UTC,F2cWBLLLSRu22ke8SmK1UN7Kco7cm3mF3iuFz5cYVZ4F,0.0000024993265941203296
2026-08-21 01:51:00.000 UTC,F2cWBLLLSRu22ke8SmK1UN7Kco7cm3mF3iuFz5cYVZ4F,0.0000026597639364189
2026-08-21 02:37:00.000 UTC,F2cWBLLLSRu22ke8SmK1UN7Kco7cm3mF3iuFz5cYVZ4F,0.0000028212280593780596
2026-08-19 03:22:00.000 UTC,F433WhyWtbRSGdRD3WYLyGwF32WRdxXhudP2PGrfpump,0.0000021528506520623237
2026-08-19 04:01:00.000 UTC,F433WhyWtbRSGdRD3WYLyGwF32WRdxXhudP2PGrfpump,0.0000021543555419261586
2026-08-19 04:04:00.000 UTC,F433WhyWtbRSGdRD3WYLyGwF32WRdxXhudP2PGrfpump,0.0000021696388557499244
2026-08-28 18:38:00.000 UTC,F4weohSn6rYTUJhqwVTZRpBzDp6R2KZAy3HtcPyjpump,0.000002897564188560411
2024-05-02 00:58:00.000 UTC,F5zpwHV83A3Nzptszom7xv38mNtgukbi6oJsPZBMYs1m,0.000004275212644120689
2026-08-16 19:23:00.000 UTC,F5zpwHV83A3Nzptszom7xv38mNtgukbi6oJsPZBMYs1m,0.0000022395857080780197
2026-09-01 13:21:00.000 UTC,F5zpwHV83A3Nzptszom7xv38mNtgukbi6oJsPZBMYs1m,0.000002893216222077696
2026-08-20 03:33:00.000 UTC,F7pUfH7GTj8nBe8TbJJkkEpg4oWwGSki78kkubYipump,0.000002431650043151568
2026-08-27 21:00:00.000 UTC,F8ocoV8M3yg3JKZNgGJtHooZDnSjYZu9TR61hdp4pump,0.0000041782249807651465
2026-08-27 21:01:00.000 UTC,F8ocoV8M3yg3JKZNgGJtHooZDnSjYZu9TR61hdp4pump,0.0000044864407332367485
2026-08-27 21:03:00.000 UTC,F8ocoV8M3yg3JKZNgGJtHooZDnSjYZu9TR61hdp4pump,0.000005122626664592365
2026-08-27 21:04:00.000 UTC,F8ocoV8M3yg3JKZNgGJtHooZDnSjYZu9TR61hdp4pump,0.000004965919094552294
2026-08-27 21:05:00.000 UTC,F8ocoV8M3yg3JKZNgGJtHooZDnSjYZu9TR61hdp4pump,0.000004997033472835379
2026-08-27 21:07:00.000 UTC,F8ocoV8M3yg3JKZNgGJtHooZDnSjYZu9TR61hdp4pump,0.000005239105161284682
2026-08-27 21:16:00.000 UTC,F8ocoV8M3yg3JKZNgGJtHooZDnSjYZu9TR61hdp4pump,0.000004926112040318832
2026-08-27 22:36:00.000 UTC,F8ocoV8M3yg3JKZNgGJtHooZDnSjYZu9TR61hdp4pump,0.000005334625250652228
2026-08-28 01:52:00.000 UTC,F8ocoV8M3yg3JKZNgGJtHooZDnSjYZu9TR61hdp4pump,0.000004877438343388878
2026-08-28 01:53:00.000 UTC,F8ocoV8M3yg3JKZNgGJtHooZDnSjYZu9TR61hdp4pump,0.000004881639206458966
2026-08-28 12:13:00.000 UTC,F8ocoV8M3yg3JKZNgGJtHooZDnSjYZu9TR61hdp4pump,0.000003996291543869696
2026-08-28 13:47:00.000 UTC,F8ocoV8M3yg3JKZNgGJtHooZDnSjYZu9TR61hdp4pump,0.00000397099362266187
2026-08-28 20:25:00.000 UTC,F8ocoV8M3yg3JKZNgGJtHooZDnSjYZu9TR61hdp4pump,0.000003476367555485106
2026-08-15 18:56:00.000 UTC,F8pjNoacFwdPqcSRAZm86a9gw6gE4stQV5ziguf8pump,0.0000021458069882676334
2026-08-19 18:06:00.000 UTC,F9veE9XTTnjA24ixyrZ6vBAYtqComwWV961EHB6Ppump,0.000003874839296590863
2026-08-21 19:53:00.000 UTC,FBdcr3aEW8cJ1dh2NRGuiRLdUKn5rUi8bepzg6nEpump,0.00000436351500669137
2026-08-21 20:56:00.000 UTC,FC9EfWtzi6Qob8VHzA7cxfKWHWE7UShbm9y4rSjQ69QL,0.000002565831344124803
2026-08-16 14:47:00.000 UTC,FCHp2DioVtob2LvvEnAqBPvdkHg15BjDjnEpdySgpump,0.000002112890959926122
2026-09-08 18:58:00.000 UTC,FDufv5XMgaWEydNurMihZ3SaUn5jf8MvHwVRcjXcpump,0.0000028932918940967586
2026-09-01 15:46:00.000 UTC,FEg9WZbjB32PMrZraTSqBiH9CX2D6vg7NPixJCiTpump,0.0000028557770986191213
2026-08-15 02:47:00.000 UTC,FF8CAynTZhwt9Vvm53VhrEZMHqUdeQsMiu3wvrWQpump,0.0000021126212139671855
2026-09-08 15:46:00.000 UTC,FFkYU2zSbcQ9s7bcf9rvphTscTvGbzcMgbPajekhpump,0.0000038034945368272007
2026-09-08 15:47:00.000 UTC,FFkYU2zSbcQ9s7bcf9rvphTscTvGbzcMgbPajekhpump,0.0000052609528275483465
2026-09-08 15:48:00.000 UTC,FFkYU2zSbcQ9s7bcf9rvphTscTvGbzcMgbPajekhpump,0.000005998812059672396
2026-09-08 15:49:00.000 UTC,FFkYU2zSbcQ9s7bcf9rvphTscTvGbzcMgbPajekhpump,0.000005844877822910575
2026-09-08 15:50:00.000 UTC,FFkYU2zSbcQ9s7bcf9rvphTscTvGbzcMgbPajekhpump,0.000006696448249712575
2026-09-08 15:51:00.000 UTC,FFkYU2zSbcQ9s7bcf9rvphTscTvGbzcMgbPajekhpump,0.000008390384253889232
2026-09-08 15:52:00.000 UTC,FFkYU2zSbcQ9s7bcf9rvphTscTvGbzcMgbPajekhpump,0.000008505299718081072
2026-09-08 15:53:00.000 UTC,FFkYU2zSbcQ9s7bcf9rvphTscTvGbzcMgbPajekhpump,0.000009338227749589224
2026-09-08 15:54:00.000 UTC,FFkYU2zSbcQ9s7bcf9rvphTscTvGbzcMgbPajekhpump,0.000007615877550036794
2026-09-08 15:55:00.000 UTC,FFkYU2zSbcQ9s7bcf9rvphTscTvGbzcMgbPajekhpump,0.000007093912555581493
2026-09-08 15:57:00.000 UTC,FFkYU2zSbcQ9s7bcf9rvphTscTvGbzcMgbPajekhpump,0.0000050799561758577
2026-09-08 15:58:00.000 UTC,FFkYU2zSbcQ9s7bcf9rvphTscTvGbzcMgbPajekhpump,0.000005464677933599723
2026-09-08 15:59:00.000 UTC,FFkYU2zSbcQ9s7bcf9rvphTscTvGbzcMgbPajekhpump,0.000005224416456791328
2026-09-08 16:01:00.000 UTC,FFkYU2zSbcQ9s7bcf9rvphTscTvGbzcMgbPajekhpump,0.0000040067378791558295
2026-09-08 16:03:00.000 UTC,FFkYU2zSbcQ9s7bcf9rvphTscTvGbzcMgbPajekhpump,0.000006146174156161234
2026-09-08 16:05:00.000 UTC,FFkYU2zSbcQ9s7bcf9rvphTscTvGbzcMgbPajekhpump,0.0000040969122370237634
2026-09-08 16:07:00.000 UTC,FFkYU2zSbcQ9s7bcf9rvphTscTvGbzcMgbPajekhpump,0.000004247635014230964
2026-09-08 16:08:00.000 UTC,FFkYU2zSbcQ9s7bcf9rvphTscTvGbzcMgbPajekhpump,0.000004243641950306592
2026-09-08 16:11:00.000 UTC,FFkYU2zSbcQ9s7bcf9rvphTscTvGbzcMgbPajekhpump,0.000004230579814658987
2026-09-08 16:12:00.000 UTC,FFkYU2zSbcQ9s7bcf9rvphTscTvGbzcMgbPajekhpump,0.000004254191359636952
2026-09-08 16:14:00.000 UTC,FFkYU2zSbcQ9s7bcf9rvphTscTvGbzcMgbPajekhpump,0.000004534272047617174
2026-09-08 16:15:00.000 UTC,FFkYU2zSbcQ9s7bcf9rvphTscTvGbzcMgbPajekhpump,0.000005389637805303246
2026-09-08 16:18:00.000 UTC,FFkYU2zSbcQ9s7bcf9rvphTscTvGbzcMgbPajekhpump,0.000004942425533074425
2026-09-08 16:20:00.000 UTC,FFkYU2zSbcQ9s7bcf9rvphTscTvGbzcMgbPajekhpump,0.000004953997791390855
2026-09-08 16:26:00.000 UTC,FFkYU2zSbcQ9s7bcf9rvphTscTvGbzcMgbPajekhpump,0.0000046019369196238285
2026-09-08 16:27:00.000 UTC,FFkYU2zSbcQ9s7bcf9rvphTscTvGbzcMgbPajekhpump,0.000004256451203822729
2026-09-08 16:28:00.000 UTC,FFkYU2zSbcQ9s7bcf9rvphTscTvGbzcMgbPajekhpump,0.0000037071837453543495
2026-09-08 16:32:00.000 UTC,FFkYU2zSbcQ9s7bcf9rvphTscTvGbzcMgbPajekhpump,0.0000036903921939979728
2026-09-08 16:33:00.000 UTC,FFkYU2zSbcQ9s7bcf9rvphTscTvGbzcMgbPajekhpump,0.000003691376003233939
2026-09-08 16:36:00.000 UTC,FFkYU2zSbcQ9s7bcf9rvphTscTvGbzcMgbPajekhpump,0.000004084819398977528
2026-09-08 16:37:00.000 UTC,FFkYU2zSbcQ9s7bcf9rvphTscTvGbzcMgbPajekhpump,0.000004032904856781561
2026-09-08 16:42:00.000 UTC,FFkYU2zSbcQ9s7bcf9rvphTscTvGbzcMgbPajekhpump,0.000004131709067023214
2026-09-08 16:43:00.000 UTC,FFkYU2zSbcQ9s7bcf9rvphTscTvGbzcMgbPajekhpump,0.00000445824424194779
2026-09-08 17:30:00.000 UTC,FFkYU2zSbcQ9s7bcf9rvphTscTvGbzcMgbPajekhpump,0.0000044652954729658885
2026-09-08 17:33:00.000 UTC,FFkYU2zSbcQ9s7bcf9rvphTscTvGbzcMgbPajekhpump,0.0000045256108375762235
2026-09-08 17:34:00.000 UTC,FFkYU2zSbcQ9s7bcf9rvphTscTvGbzcMgbPajekhpump,0.000004781898662461704
2026-09-08 17:47:00.000 UTC,FFkYU2zSbcQ9s7bcf9rvphTscTvGbzcMgbPajekhpump,0.00000480663545000682
2026-09-08 17:55:00.000 UTC,FFkYU2zSbcQ9s7bcf9rvphTscTvGbzcMgbPajekhpump,0.000005659454685480925
2026-09-08 17:57:00.000 UTC,FFkYU2zSbcQ9s7bcf9rvphTscTvGbzcMgbPajekhpump,0.000008779774295985383
2026-09-08 17:58:00.000 UTC,FFkYU2zSbcQ9s7bcf9rvphTscTvGbzcMgbPajekhpump,0.000009204614969399946
2026-09-08 17:59:00.000 UTC,FFkYU2zSbcQ9s7bcf9rvphTscTvGbzcMgbPajekhpump,0.000010031453486765825
2026-09-08 18:00:00.000 UTC,FFkYU2zSbcQ9s7bcf9rvphTscTvGbzcMgbPajekhpump,0.000010946027760733333
2026-09-08 18:01:00.000 UTC,FFkYU2zSbcQ9s7bcf9rvphTscTvGbzcMgbPajekhpump,0.000010651710455406638
2026-09-08 18:03:00.000 UTC,FFkYU2zSbcQ9s7bcf9rvphTscTvGbzcMgbPajekhpump,0.000009365809084388714
2026-09-08 18:04:00.000 UTC,FFkYU2zSbcQ9s7bcf9rvphTscTvGbzcMgbPajekhpump,0.000009352534882716098
2026-09-08 18:05:00.000 UTC,FFkYU2zSbcQ9s7bcf9rvphTscTvGbzcMgbPajekhpump,0.000009615749613810654
2026-09-08 18:06:00.000 UTC,FFkYU2zSbcQ9s7bcf9rvphTscTvGbzcMgbPajekhpump,0.000009304156260314102
2026-09-08 18:07:00.000 UTC,FFkYU2zSbcQ9s7bcf9rvphTscTvGbzcMgbPajekhpump,0.000009102730411142232
2026-09-08 18:18:00.000 UTC,FFkYU2zSbcQ9s7bcf9rvphTscTvGbzcMgbPajekhpump,0.000007229581504711002
2026-09-08 18:19:00.000 UTC,FFkYU2zSbcQ9s7bcf9rvphTscTvGbzcMgbPajekhpump,0.000007468797796445697
2026-09-08 18:28:00.000 UTC,FFkYU2zSbcQ9s7bcf9rvphTscTvGbzcMgbPajekhpump,0.00000692282867121446
2026-09-08 18:29:00.000 UTC,FFkYU2zSbcQ9s7bcf9rvphTscTvGbzcMgbPajekhpump,0.00000717540845899181
2026-09-08 18:42:00.000 UTC,FFkYU2zSbcQ9s7bcf9rvphTscTvGbzcMgbPajekhpump,0.000007326472569757605
2026-09-08 18:44:00.000 UTC,FFkYU2zSbcQ9s7bcf9rvphTscTvGbzcMgbPajekhpump,0.00000817498721710222
2026-09-08 18:46:00.000 UTC,FFkYU2zSbcQ9s7bcf9rvphTscTvGbzcMgbPajekhpump,0.00000848227785571092
2026-09-08 18:47:00.000 UTC,FFkYU2zSbcQ9s7bcf9rvphTscTvGbzcMgbPajekhpump,0.0000087578165511561
2026-09-08 18:51:00.000 UTC,FFkYU2zSbcQ9s7bcf9rvphTscTvGbzcMgbPajekhpump,0.000009423107470301653
2026-09-08 18:52:00.000 UTC,FFkYU2zSbcQ9s7bcf9rvphTscTvGbzcMgbPajekhpump,0.000009836302021178734
2026-09-08 18:55:00.000 UTC,FFkYU2zSbcQ9s7bcf9rvphTscTvGbzcMgbPajekhpump,0.0000075613114043737755
2026-09-08 18:56:00.000 UTC,FFkYU2zSbcQ9s7bcf9rvphTscTvGbzcMgbPajekhpump,0.0000075764533694119595
2026-09-08 18:57:00.000 UTC,FFkYU2zSbcQ9s7bcf9rvphTscTvGbzcMgbPajekhpump,0.000007582356294059748
2026-09-08 19:04:00.000 UTC,FFkYU2zSbcQ9s7bcf9rvphTscTvGbzcMgbPajekhpump,0.000008013229204588354
2026-09-08 19:06:00.000 UTC,FFkYU2zSbcQ9s7bcf9rvphTscTvGbzcMgbPajekhpump,0.000007994526966391628
2026-09-08 19:14:00.000 UTC,FFkYU2zSbcQ9s7bcf9rvphTscTvGbzcMgbPajekhpump,0.000007985440464815451
2026-09-08 19:31:00.000 UTC,FFkYU2zSbcQ9s7bcf9rvphTscTvGbzcMgbPajekhpump,0.0000072696851172910974
2026-09-08 19:36:00.000 UTC,FFkYU2zSbcQ9s7bcf9rvphTscTvGbzcMgbPajekhpump,0.0000073267022205623355
2026-09-08 19:48:00.000 UTC,FFkYU2zSbcQ9s7bcf9rvphTscTvGbzcMgbPajekhpump,0.000007739687094376686
2026-09-08 20:00:00.000 UTC,FFkYU2zSbcQ9s7bcf9rvphTscTvGbzcMgbPajekhpump,0.000007404556996820694
2026-09-08 20:02:00.000 UTC,FFkYU2zSbcQ9s7bcf9rvphTscTvGbzcMgbPajekhpump,0.00000766791514382856
2026-09-08 20:13:00.000 UTC,FFkYU2zSbcQ9s7bcf9rvphTscTvGbzcMgbPajekhpump,0.000007794839522324209
2026-09-08 20:20:00.000 UTC,FFkYU2zSbcQ9s7bcf9rvphTscTvGbzcMgbPajekhpump,0.000008939397038317974
2026-09-08 20:21:00.000 UTC,FFkYU2zSbcQ9s7bcf9rvphTscTvGbzcMgbPajekhpump,0.00000906679590407746
2026-09-08 20:31:00.000 UTC,FFkYU2zSbcQ9s7bcf9rvphTscTvGbzcMgbPajekhpump,0.000008629982474344649
2026-09-08 20:33:00.000 UTC,FFkYU2zSbcQ9s7bcf9rvphTscTvGbzcMgbPajekhpump,0.000008631778403526742
2026-09-08 20:36:00.000 UTC,FFkYU2zSbcQ9s7bcf9rvphTscTvGbzcMgbPajekhpump,0.000008149349077263661
2026-09-08 20:50:00.000 UTC,FFkYU2zSbcQ9s7bcf9rvphTscTvGbzcMgbPajekhpump,0.000008113962577937197
2026-09-08 20:51:00.000 UTC,FFkYU2zSbcQ9s7bcf9rvphTscTvGbzcMgbPajekhpump,0.000008748570419387738
2026-09-08 20:52:00.000 UTC,FFkYU2zSbcQ9s7bcf9rvphTscTvGbzcMgbPajekhpump,0.000010527474173141262
2026-09-08 20:55:00.000 UTC,FFkYU2zSbcQ9s7bcf9rvphTscTvGbzcMgbPajekhpump,0.000011283058987167617
2026-09-08 20:56:00.000 UTC,FFkYU2zSbcQ9s7bcf9rvphTscTvGbzcMgbPajekhpump,0.000011332019860468722
2026-09-08 20:57:00.000 UTC,FFkYU2zSbcQ9s7bcf9rvphTscTvGbzcMgbPajekhpump,0.000010325424423298424
2026-09-08 20:58:00.000 UTC,FFkYU2zSbcQ9s7bcf9rvphTscTvGbzcMgbPajekhpump,0.000010356394275472556
2026-09-08 21:00:00.000 UTC,FFkYU2zSbcQ9s7bcf9rvphTscTvGbzcMgbPajekhpump,0.000010191733452145238
2026-09-08 21:02:00.000 UTC,FFkYU2zSbcQ9s7bcf9rvphTscTvGbzcMgbPajekhpump,0.000010208820249790854
2026-09-08 21:14:00.000 UTC,FFkYU2zSbcQ9s7bcf9rvphTscTvGbzcMgbPajekhpump,0.000010230842403586088
2026-09-08 21:16:00.000 UTC,FFkYU2zSbcQ9s7bcf9rvphTscTvGbzcMgbPajekhpump,0.000010241895731303084
2026-09-08 21:19:00.000 UTC,FFkYU2zSbcQ9s7bcf9rvphTscTvGbzcMgbPajekhpump,0.000010261779322970457
2026-09-08 21:22:00.000 UTC,FFkYU2zSbcQ9s7bcf9rvphTscTvGbzcMgbPajekhpump,0.000010706615846287817
2026-09-08 21:23:00.000 UTC,FFkYU2zSbcQ9s7bcf9rvphTscTvGbzcMgbPajekhpump,0.000011809247259273542
2026-09-08 21:24:00.000 UTC,FFkYU2zSbcQ9s7bcf9rvphTscTvGbzcMgbPajekhpump,0.000012223907570271202
2026-09-08 21:26:00.000 UTC,FFkYU2zSbcQ9s7bcf9rvphTscTvGbzcMgbPajekhpump,0.000012294538083790747
2026-09-08 21:28:00.000 UTC,FFkYU2zSbcQ9s7bcf9rvphTscTvGbzcMgbPajekhpump,0.000012226118901952458
2026-09-08 21:36:00.000 UTC,FFkYU2zSbcQ9s7bcf9rvphTscTvGbzcMgbPajekhpump,0.000011457363993965657
2026-09-08 21:43:00.000 UTC,FFkYU2zSbcQ9s7bcf9rvphTscTvGbzcMgbPajekhpump,0.000011645668660989437
2026-09-08 21:44:00.000 UTC,FFkYU2zSbcQ9s7bcf9rvphTscTvGbzcMgbPajekhpump,0.000011980580226394499
2026-09-08 21:53:00.000 UTC,FFkYU2zSbcQ9s7bcf9rvphTscTvGbzcMgbPajekhpump,0.000012073343497595605
2026-09-08 22:04:00.000 UTC,FFkYU2zSbcQ9s7bcf9rvphTscTvGbzcMgbPajekhpump,0.000011839206020346497
2026-09-08 22:11:00.000 UTC,FFkYU2zSbcQ9s7bcf9rvphTscTvGbzcMgbPajekhpump,0.000011850716486411708
2026-09-08 22:30:00.000 UTC,FFkYU2zSbcQ9s7bcf9rvphTscTvGbzcMgbPajekhpump,0.00001187483777812081
2026-09-08 22:32:00.000 UTC,FFkYU2zSbcQ9s7bcf9rvphTscTvGbzcMgbPajekhpump,0.000011883908187236772
2026-09-08 22:38:00.000 UTC,FFkYU2zSbcQ9s7bcf9rvphTscTvGbzcMgbPajekhpump,0.000009994398666606462
2026-09-08 22:41:00.000 UTC,FFkYU2zSbcQ9s7bcf9rvphTscTvGbzcMgbPajekhpump,0.000009990266537637435
2026-09-08 22:42:00.000 UTC,FFkYU2zSbcQ9s7bcf9rvphTscTvGbzcMgbPajekhpump,0.000010133407145382719
2026-09-08 22:44:00.000 UTC,FFkYU2zSbcQ9s7bcf9rvphTscTvGbzcMgbPajekhpump,0.000010029764524723053
2026-09-08 22:45:00.000 UTC,FFkYU2zSbcQ9s7bcf9rvphTscTvGbzcMgbPajekhpump,0.000010037254875918689
2026-09-08 22:49:00.000 UTC,FFkYU2zSbcQ9s7bcf9rvphTscTvGbzcMgbPajekhpump,0.000010344073772413564
2026-09-08 23:00:00.000 UTC,FFkYU2zSbcQ9s7bcf9rvphTscTvGbzcMgbPajekhpump,0.000010340091195985396
2026-09-08 23:21:00.000 UTC,FFkYU2zSbcQ9s7bcf9rvphTscTvGbzcMgbPajekhpump,0.000010269414823559701
2026-09-08 23:39:00.000 UTC,FFkYU2zSbcQ9s7bcf9rvphTscTvGbzcMgbPajekhpump,0.00001025302915175869
2026-09-08 23:50:00.000 UTC,FFkYU2zSbcQ9s7bcf9rvphTscTvGbzcMgbPajekhpump,0.00001028362336708308
2026-09-08 23:52:00.000 UTC,FFkYU2zSbcQ9s7bcf9rvphTscTvGbzcMgbPajekhpump,0.000010283676671605635
2026-09-09 00:39:00.000 UTC,FFkYU2zSbcQ9s7bcf9rvphTscTvGbzcMgbPajekhpump,0.00001023320176816821
2026-09-09 00:44:00.000 UTC,FFkYU2zSbcQ9s7bcf9rvphTscTvGbzcMgbPajekhpump,0.000010244023324448513
2026-09-09 00:46:00.000 UTC,FFkYU2zSbcQ9s7bcf9rvphTscTvGbzcMgbPajekhpump,0.000010284704240013727
2026-09-09 00:53:00.000 UTC,FFkYU2zSbcQ9s7bcf9rvphTscTvGbzcMgbPajekhpump,0.000010254914258470844
2026-09-09 01:15:00.000 UTC,FFkYU2zSbcQ9s7bcf9rvphTscTvGbzcMgbPajekhpump,0.00001007762491456955
2026-09-09 01:25:00.000 UTC,FFkYU2zSbcQ9s7bcf9rvphTscTvGbzcMgbPajekhpump,0.000009417451428861313
2026-09-09 01:28:00.000 UTC,FFkYU2zSbcQ9s7bcf9rvphTscTvGbzcMgbPajekhpump,0.000009608873056689277
2026-09-09 01:46:00.000 UTC,FFkYU2zSbcQ9s7bcf9rvphTscTvGbzcMgbPajekhpump,0.000009924946301741968
2026-09-09 01:48:00.000 UTC,FFkYU2zSbcQ9s7bcf9rvphTscTvGbzcMgbPajekhpump,0.000010260113245109382
2026-09-09 01:49:00.000 UTC,FFkYU2zSbcQ9s7bcf9rvphTscTvGbzcMgbPajekhpump,0.000010312375826394515
2026-09-09 02:09:00.000 UTC,FFkYU2zSbcQ9s7bcf9rvphTscTvGbzcMgbPajekhpump,0.000010104901654679681
2026-09-09 02:12:00.000 UTC,FFkYU2zSbcQ9s7bcf9rvphTscTvGbzcMgbPajekhpump,0.000010161394776069897
2026-09-09 02:14:00.000 UTC,FFkYU2zSbcQ9s7bcf9rvphTscTvGbzcMgbPajekhpump,0.000010196108959272613
2026-09-09 02:15:00.000 UTC,FFkYU2zSbcQ9s7bcf9rvphTscTvGbzcMgbPajekhpump,0.0000102629496604
2026-09-09 02:30:00.000 UTC,FFkYU2zSbcQ9s7bcf9rvphTscTvGbzcMgbPajekhpump,0.000010266600643522959
2026-09-09 02:39:00.000 UTC,FFkYU2zSbcQ9s7bcf9rvphTscTvGbzcMgbPajekhpump,0.000010255540124215589
2026-09-09 02:45:00.000 UTC,FFkYU2zSbcQ9s7bcf9rvphTscTvGbzcMgbPajekhpump,0.000010401904233811311
2026-09-09 02:47:00.000 UTC,FFkYU2zSbcQ9s7bcf9rvphTscTvGbzcMgbPajekhpump,0.000010541785844354555
2026-09-09 02:48:00.000 UTC,FFkYU2zSbcQ9s7bcf9rvphTscTvGbzcMgbPajekhpump,0.000010573613323880404
2026-09-09 02:50:00.000 UTC,FFkYU2zSbcQ9s7bcf9rvphTscTvGbzcMgbPajekhpump,0.000010603298149007797
2026-09-09 02:52:00.000 UTC,FFkYU2zSbcQ9s7bcf9rvphTscTvGbzcMgbPajekhpump,0.000010543775079303914
2026-09-09 03:17:00.000 UTC,FFkYU2zSbcQ9s7bcf9rvphTscTvGbzcMgbPajekhpump,0.000010023526512270086
2026-09-09 03:24:00.000 UTC,FFkYU2zSbcQ9s7bcf9rvphTscTvGbzcMgbPajekhpump,0.000009824692816098251
2026-09-09 03:31:00.000 UTC,FFkYU2zSbcQ9s7bcf9rvphTscTvGbzcMgbPajekhpump,0.000009917052878419776
2026-09-09 03:45:00.000 UTC,FFkYU2zSbcQ9s7bcf9rvphTscTvGbzcMgbPajekhpump,0.000010037296179577245
2026-09-09 03:49:00.000 UTC,FFkYU2zSbcQ9s7bcf9rvphTscTvGbzcMgbPajekhpump,0.00001064909252119112
2026-09-09 03:54:00.000 UTC,FFkYU2zSbcQ9s7bcf9rvphTscTvGbzcMgbPajekhpump,0.000010839397983859109
2026-09-09 03:57:00.000 UTC,FFkYU2zSbcQ9s7bcf9rvphTscTvGbzcMgbPajekhpump,0.00001007237893723658
2026-09-09 03:58:00.000 UTC,FFkYU2zSbcQ9s7bcf9rvphTscTvGbzcMgbPajekhpump,0.000010450831648388732
2026-09-09 04:01:00.000 UTC,FFkYU2zSbcQ9s7bcf9rvphTscTvGbzcMgbPajekhpump,0.000010547145959986147
2026-09-09 04:02:00.000 UTC,FFkYU2zSbcQ9s7bcf9rvphTscTvGbzcMgbPajekhpump,0.000010548034069283371
2026-09-09 04:03:00.000 UTC,FFkYU2zSbcQ9s7bcf9rvphTscTvGbzcMgbPajekhpump,0.000010548101017022847
2026-09-09 04:05:00.000 UTC,FFkYU2zSbcQ9s7bcf9rvphTscTvGbzcMgbPajekhpump,0.000010600580649529704
2026-09-09 04:17:00.000 UTC,FFkYU2zSbcQ9s7bcf9rvphTscTvGbzcMgbPajekhpump,0.000010468002694834567
2026-09-09 04:26:00.000 UTC,FFkYU2zSbcQ9s7bcf9rvphTscTvGbzcMgbPajekhpump,0.000010508912304425262
2026-09-09 04:37:00.000 UTC,FFkYU2zSbcQ9s7bcf9rvphTscTvGbzcMgbPajekhpump,0.000010477209069899193
2026-09-09 04:41:00.000 UTC,FFkYU2zSbcQ9s7bcf9rvphTscTvGbzcMgbPajekhpump,0.00001050057180897002
2026-09-09 04:46:00.000 UTC,FFkYU2zSbcQ9s7bcf9rvphTscTvGbzcMgbPajekhpump,0.000010527599360295547
2026-09-09 04:47:00.000 UTC,FFkYU2zSbcQ9s7bcf9rvphTscTvGbzcMgbPajekhpump,0.000010527624516686357
2026-09-09 04:50:00.000 UTC,FFkYU2zSbcQ9s7bcf9rvphTscTvGbzcMgbPajekhpump,0.00001052638355571829
2026-09-09 04:59:00.000 UTC,FFkYU2zSbcQ9s7bcf9rvphTscTvGbzcMgbPajekhpump,0.000010542688212987025
2026-09-09 05:07:00.000 UTC,FFkYU2zSbcQ9s7bcf9rvphTscTvGbzcMgbPajekhpump,0.000010530598564270898
2026-09-09 05:11:00.000 UTC,FFkYU2zSbcQ9s7bcf9rvphTscTvGbzcMgbPajekhpump,0.000010532624201655968
2026-09-09 05:13:00.000 UTC,FFkYU2zSbcQ9s7bcf9rvphTscTvGbzcMgbPajekhpump,0.00001053719449037262
2026-09-09 05:24:00.000 UTC,FFkYU2zSbcQ9s7bcf9rvphTscTvGbzcMgbPajekhpump,0.000010394007334665714
2026-09-09 05:28:00.000 UTC,FFkYU2zSbcQ9s7bcf9rvphTscTvGbzcMgbPajekhpump,0.000010389868946452038
2026-09-09 05:32:00.000 UTC,FFkYU2zSbcQ9s7bcf9rvphTscTvGbzcMgbPajekhpump,0.000010381381319918904
2026-09-09 05:36:00.000 UTC,FFkYU2zSbcQ9s7bcf9rvphTscTvGbzcMgbPajekhpump,0.000010428947244124588
2026-09-09 05:37:00.000 UTC,FFkYU2zSbcQ9s7bcf9rvphTscTvGbzcMgbPajekhpump,0.00001051382634565328
2026-09-09 05:39:00.000 UTC,FFkYU2zSbcQ9s7bcf9rvphTscTvGbzcMgbPajekhpump,0.00001054423317379155
2026-09-09 05:48:00.000 UTC,FFkYU2zSbcQ9s7bcf9rvphTscTvGbzcMgbPajekhpump,0.000010524080582702155
2026-09-09 05:49:00.000 UTC,FFkYU2zSbcQ9s7bcf9rvphTscTvGbzcMgbPajekhpump,0.000010531233768067474
2026-09-09 06:12:00.000 UTC,FFkYU2zSbcQ9s7bcf9rvphTscTvGbzcMgbPajekhpump,0.000010512964444748014
2026-09-09 06:14:00.000 UTC,FFkYU2zSbcQ9s7bcf9rvphTscTvGbzcMgbPajekhpump,0.000010550494471409035
2026-09-09 06:17:00.000 UTC,FFkYU2zSbcQ9s7bcf9rvphTscTvGbzcMgbPajekhpump,0.000010568878947278417
2026-09-09 06:24:00.000 UTC,FFkYU2zSbcQ9s7bcf9rvphTscTvGbzcMgbPajekhpump,0.000010572342597383764
2026-09-09 06:27:00.000 UTC,FFkYU2zSbcQ9s7bcf9rvphTscTvGbzcMgbPajekhpump,0.000010596595058612045
2026-09-09 06:48:00.000 UTC,FFkYU2zSbcQ9s7bcf9rvphTscTvGbzcMgbPajekhpump,0.000009869072949907154
2026-09-09 07:05:00.000 UTC,FFkYU2zSbcQ9s7bcf9rvphTscTvGbzcMgbPajekhpump,0.000011126091048873188
2026-09-09 07:06:00.000 UTC,FFkYU2zSbcQ9s7bcf9rvphTscTvGbzcMgbPajekhpump,0.000011830922522987431
2026-09-09 07:07:00.000 UTC,FFkYU2zSbcQ9s7bcf9rvphTscTvGbzcMgbPajekhpump,0.00001261421143989106
2026-09-09 07:08:00.000 UTC,FFkYU2zSbcQ9s7bcf9rvphTscTvGbzcMgbPajekhpump,0.000012874932314616087
2026-09-09 07:10:00.000 UTC,FFkYU2zSbcQ9s7bcf9rvphTscTvGbzcMgbPajekhpump,0.000012563675533249946
2026-09-09 07:11:00.000 UTC,FFkYU2zSbcQ9s7bcf9rvphTscTvGbzcMgbPajekhpump,0.000012776223104999667
2026-09-09 07:13:00.000 UTC,FFkYU2zSbcQ9s7bcf9rvphTscTvGbzcMgbPajekhpump,0.00001297705058864394
2026-09-09 07:16:00.000 UTC,FFkYU2zSbcQ9s7bcf9rvphTscTvGbzcMgbPajekhpump,0.000012883877891702488
2026-09-09 07:17:00.000 UTC,FFkYU2zSbcQ9s7bcf9rvphTscTvGbzcMgbPajekhpump,0.00001290316447870771
2026-09-09 07:26:00.000 UTC,FFkYU2zSbcQ9s7bcf9rvphTscTvGbzcMgbPajekhpump,0.000012997466282848886
2026-09-09 07:27:00.000 UTC,FFkYU2zSbcQ9s7bcf9rvphTscTvGbzcMgbPajekhpump,0.0000130830252457651
2026-09-09 07:40:00.000 UTC,FFkYU2zSbcQ9s7bcf9rvphTscTvGbzcMgbPajekhpump,0.000011720592498976832
2026-09-09 08:04:00.000 UTC,FFkYU2zSbcQ9s7bcf9rvphTscTvGbzcMgbPajekhpump,0.000011028109751584492
2026-09-09 08:06:00.000 UTC,FFkYU2zSbcQ9s7bcf9rvphTscTvGbzcMgbPajekhpump,0.000012992274814985583
2026-09-09 08:08:00.000 UTC,FFkYU2zSbcQ9s7bcf9rvphTscTvGbzcMgbPajekhpump,0.000013092361817383875
2026-09-09 08:09:00.000 UTC,FFkYU2zSbcQ9s7bcf9rvphTscTvGbzcMgbPajekhpump,0.000014298192393168797
2026-09-09 08:10:00.000 UTC,FFkYU2zSbcQ9s7bcf9rvphTscTvGbzcMgbPajekhpump,0.000014637258535202387
2026-09-09 08:11:00.000 UTC,FFkYU2zSbcQ9s7bcf9rvphTscTvGbzcMgbPajekhpump,0.000014798897124873085
2026-09-09 08:12:00.000 UTC,FFkYU2zSbcQ9s7bcf9rvphTscTvGbzcMgbPajekhpump,0.000014871547109400982
2026-09-09 08:14:00.000 UTC,FFkYU2zSbcQ9s7bcf9rvphTscTvGbzcMgbPajekhpump,0.00001510201081614501
2026-09-09 08:15:00.000 UTC,FFkYU2zSbcQ9s7bcf9rvphTscTvGbzcMgbPajekhpump,0.000016124220462940228
2026-09-09 08:17:00.000 UTC,FFkYU2zSbcQ9s7bcf9rvphTscTvGbzcMgbPajekhpump,0.000015596875675592352
2026-09-09 08:19:00.000 UTC,FFkYU2zSbcQ9s7bcf9rvphTscTvGbzcMgbPajekhpump,0.000016604855308969597
2026-09-09 08:21:00.000 UTC,FFkYU2zSbcQ9s7bcf9rvphTscTvGbzcMgbPajekhpump,0.00001711891469659693
2026-09-09 08:22:00.000 UTC,FFkYU2zSbcQ9s7bcf9rvphTscTvGbzcMgbPajekhpump,0.000017501131394915365
2026-09-09 08:23:00.000 UTC,FFkYU2zSbcQ9s7bcf9rvphTscTvGbzcMgbPajekhpump,0.000017693180672971072
2026-09-09 08:24:00.000 UTC,FFkYU2zSbcQ9s7bcf9rvphTscTvGbzcMgbPajekhpump,0.000017523395647716275
2026-09-09 08:29:00.000 UTC,FFkYU2zSbcQ9s7bcf9rvphTscTvGbzcMgbPajekhpump,0.000017084836140423956
2026-09-09 08:30:00.000 UTC,FFkYU2zSbcQ9s7bcf9rvphTscTvGbzcMgbPajekhpump,0.000017153589338937877
2026-09-09 08:35:00.000 UTC,FFkYU2zSbcQ9s7bcf9rvphTscTvGbzcMgbPajekhpump,0.000017194238319759965
2026-09-09 08:59:00.000 UTC,FFkYU2zSbcQ9s7bcf9rvphTscTvGbzcMgbPajekhpump,0.00001502597881460033
2026-09-09 09:03:00.000 UTC,FFkYU2zSbcQ9s7bcf9rvphTscTvGbzcMgbPajekhpump,0.000015439349604231946
2026-09-09 09:06:00.000 UTC,FFkYU2zSbcQ9s7bcf9rvphTscTvGbzcMgbPajekhpump,0.000016528937183494856
2026-09-09 09:16:00.000 UTC,FFkYU2zSbcQ9s7bcf9rvphTscTvGbzcMgbPajekhpump,0.000017079053978788125
2026-09-09 09:20:00.000 UTC,FFkYU2zSbcQ9s7bcf9rvphTscTvGbzcMgbPajekhpump,0.000017086379689062416
2026-09-09 09:22:00.000 UTC,FFkYU2zSbcQ9s7bcf9rvphTscTvGbzcMgbPajekhpump,0.00001712030834991843
2026-09-09 09:24:00.000 UTC,FFkYU2zSbcQ9s7bcf9rvphTscTvGbzcMgbPajekhpump,0.0000153817506613376
2026-09-09 09:31:00.000 UTC,FFkYU2zSbcQ9s7bcf9rvphTscTvGbzcMgbPajekhpump,0.000015417060209195805
2026-09-09 09:47:00.000 UTC,FFkYU2zSbcQ9s7bcf9rvphTscTvGbzcMgbPajekhpump,0.000014647268304872916
2026-09-09 10:06:00.000 UTC,FFkYU2zSbcQ9s7bcf9rvphTscTvGbzcMgbPajekhpump,0.000014698521249406685
2026-09-09 10:08:00.000 UTC,FFkYU2zSbcQ9s7bcf9rvphTscTvGbzcMgbPajekhpump,0.000014515921879630958
2026-09-09 10:10:00.000 UTC,FFkYU2zSbcQ9s7bcf9rvphTscTvGbzcMgbPajekhpump,0.000014526854457184262
2026-09-09 10:37:00.000 UTC,FFkYU2zSbcQ9s7bcf9rvphTscTvGbzcMgbPajekhpump,0.000014216792011680956
2026-09-09 10:41:00.000 UTC,FFkYU2zSbcQ9s7bcf9rvphTscTvGbzcMgbPajekhpump,0.000014262167584373812
2026-09-09 10:50:00.000 UTC,FFkYU2zSbcQ9s7bcf9rvphTscTvGbzcMgbPajekhpump,0.000011950561318522034
2026-09-09 10:51:00.000 UTC,FFkYU2zSbcQ9s7bcf9rvphTscTvGbzcMgbPajekhpump,0.000011836481362815168
2026-09-09 10:56:00.000 UTC,FFkYU2zSbcQ9s7bcf9rvphTscTvGbzcMgbPajekhpump,0.00001202064127169242
2026-09-09 10:58:00.000 UTC,FFkYU2zSbcQ9s7bcf9rvphTscTvGbzcMgbPajekhpump,0.000012199001839504341
2026-09-09 11:07:00.000 UTC,FFkYU2zSbcQ9s7bcf9rvphTscTvGbzcMgbPajekhpump,0.000012328839155069369
2026-09-09 11:12:00.000 UTC,FFkYU2zSbcQ9s7bcf9rvphTscTvGbzcMgbPajekhpump,0.00001233541557444029
2026-09-09 11:17:00.000 UTC,FFkYU2zSbcQ9s7bcf9rvphTscTvGbzcMgbPajekhpump,0.000012238929679060659
2026-09-09 11:26:00.000 UTC,FFkYU2zSbcQ9s7bcf9rvphTscTvGbzcMgbPajekhpump,0.000009813410335297364
2026-09-09 11:27:00.000 UTC,FFkYU2zSbcQ9s7bcf9rvphTscTvGbzcMgbPajekhpump,0.000009862499251463126
2026-09-09 11:29:00.000 UTC,FFkYU2zSbcQ9s7bcf9rvphTscTvGbzcMgbPajekhpump,0.000009896091290573886
2026-09-09 11:36:00.000 UTC,FFkYU2zSbcQ9s7bcf9rvphTscTvGbzcMgbPajekhpump,0.000009802569690356721
2026-09-09 11:38:00.000 UTC,FFkYU2zSbcQ9s7bcf9rvphTscTvGbzcMgbPajekhpump,0.000009819031214201707
2026-09-09 11:49:00.000 UTC,FFkYU2zSbcQ9s7bcf9rvphTscTvGbzcMgbPajekhpump,0.000009816972292873455
2026-09-09 11:50:00.000 UTC,FFkYU2zSbcQ9s7bcf9rvphTscTvGbzcMgbPajekhpump,0.000009833219509090928
2026-09-09 12:06:00.000 UTC,FFkYU2zSbcQ9s7bcf9rvphTscTvGbzcMgbPajekhpump,0.00000964504246670678
2026-09-09 12:17:00.000 UTC,FFkYU2zSbcQ9s7bcf9rvphTscTvGbzcMgbPajekhpump,0.000009865020360411632
2026-09-09 12:18:00.000 UTC,FFkYU2zSbcQ9s7bcf9rvphTscTvGbzcMgbPajekhpump,0.000011500208606699836
2026-09-09 12:19:00.000 UTC,FFkYU2zSbcQ9s7bcf9rvphTscTvGbzcMgbPajekhpump,0.000014524160197375746
2026-09-09 12:24:00.000 UTC,FFkYU2zSbcQ9s7bcf9rvphTscTvGbzcMgbPajekhpump,0.000013798638639832108
2026-09-09 12:25:00.000 UTC,FFkYU2zSbcQ9s7bcf9rvphTscTvGbzcMgbPajekhpump,0.000013711351454481179
2026-09-09 12:28:00.000 UTC,FFkYU2zSbcQ9s7bcf9rvphTscTvGbzcMgbPajekhpump,0.000013885767155296494
2026-09-09 12:34:00.000 UTC,FFkYU2zSbcQ9s7bcf9rvphTscTvGbzcMgbPajekhpump,0.00001002547720499864
2026-09-09 12:37:00.000 UTC,FFkYU2zSbcQ9s7bcf9rvphTscTvGbzcMgbPajekhpump,0.000010553228371230133
2026-09-09 12:38:00.000 UTC,FFkYU2zSbcQ9s7bcf9rvphTscTvGbzcMgbPajekhpump,0.00001094258140961488
2026-09-09 12:41:00.000 UTC,FFkYU2zSbcQ9s7bcf9rvphTscTvGbzcMgbPajekhpump,0.000010586526969984759
2026-09-09 12:44:00.000 UTC,FFkYU2zSbcQ9s7bcf9rvphTscTvGbzcMgbPajekhpump,0.000010613189885944194
2026-09-09 12:53:00.000 UTC,FFkYU2zSbcQ9s7bcf9rvphTscTvGbzcMgbPajekhpump,0.000010635730752951759
2026-09-09 12:56:00.000 UTC,FFkYU2zSbcQ9s7bcf9rvphTscTvGbzcMgbPajekhpump,0.00001064525985322455
2026-09-09 13:09:00.000 UTC,FFkYU2zSbcQ9s7bcf9rvphTscTvGbzcMgbPajekhpump,0.000010425585133057175
2026-09-09 13:20:00.000 UTC,FFkYU2zSbcQ9s7bcf9rvphTscTvGbzcMgbPajekhpump,0.0000104144606362813
2026-09-09 13:25:00.000 UTC,FFkYU2zSbcQ9s7bcf9rvphTscTvGbzcMgbPajekhpump,0.000010416444072210729
2026-09-09 13:30:00.000 UTC,FFkYU2zSbcQ9s7bcf9rvphTscTvGbzcMgbPajekhpump,0.00001022565289142829
2026-09-09 13:31:00.000 UTC,FFkYU2zSbcQ9s7bcf9rvphTscTvGbzcMgbPajekhpump,0.00001041014165302223
2026-09-09 13:42:00.000 UTC,FFkYU2zSbcQ9s7bcf9rvphTscTvGbzcMgbPajekhpump,0.000010389259493761746
2026-09-09 13:49:00.000 UTC,FFkYU2zSbcQ9s7bcf9rvphTscTvGbzcMgbPajekhpump,0.00001038752448345528
2026-09-09 13:57:00.000 UTC,FFkYU2zSbcQ9s7bcf9rvphTscTvGbzcMgbPajekhpump,0.000010410225704414924
2026-09-09 14:04:00.000 UTC,FFkYU2zSbcQ9s7bcf9rvphTscTvGbzcMgbPajekhpump,0.00000948196434136035
2026-09-09 14:06:00.000 UTC,FFkYU2zSbcQ9s7bcf9rvphTscTvGbzcMgbPajekhpump,0.000009471611589291314
2026-09-09 14:19:00.000 UTC,FFkYU2zSbcQ9s7bcf9rvphTscTvGbzcMgbPajekhpump,0.000009308604487238517
2026-09-09 14:20:00.000 UTC,FFkYU2zSbcQ9s7bcf9rvphTscTvGbzcMgbPajekhpump,0.000009319921082573764
2026-09-09 14:45:00.000 UTC,FFkYU2zSbcQ9s7bcf9rvphTscTvGbzcMgbPajekhpump,0.000009406499105517379
2026-09-09 14:55:00.000 UTC,FFkYU2zSbcQ9s7bcf9rvphTscTvGbzcMgbPajekhpump,0.000009470522442518134
2026-09-09 14:58:00.000 UTC,FFkYU2zSbcQ9s7bcf9rvphTscTvGbzcMgbPajekhpump,0.000010309871861717285
2026-09-09 15:04:00.000 UTC,FFkYU2zSbcQ9s7bcf9rvphTscTvGbzcMgbPajekhpump,0.000011559365546483381
2026-09-09 15:07:00.000 UTC,FFkYU2zSbcQ9s7bcf9rvphTscTvGbzcMgbPajekhpump,0.000011848856506871769
2026-09-09 15:11:00.000 UTC,FFkYU2zSbcQ9s7bcf9rvphTscTvGbzcMgbPajekhpump,0.000011635650792509393
2026-09-09 15:13:00.000 UTC,FFkYU2zSbcQ9s7bcf9rvphTscTvGbzcMgbPajekhpump,0.000011742169267395504
2026-09-09 15:17:00.000 UTC,FFkYU2zSbcQ9s7bcf9rvphTscTvGbzcMgbPajekhpump,0.00001172050742442276
2026-09-09 15:18:00.000 UTC,FFkYU2zSbcQ9s7bcf9rvphTscTvGbzcMgbPajekhpump,0.000011753421882803156
2026-09-09 15:20:00.000 UTC,FFkYU2zSbcQ9s7bcf9rvphTscTvGbzcMgbPajekhpump,0.000011855309165905478
2026-09-09 15:22:00.000 UTC,FFkYU2zSbcQ9s7bcf9rvphTscTvGbzcMgbPajekhpump,0.00001198766886571669
2026-09-09 15:24:00.000 UTC,FFkYU2zSbcQ9s7bcf9rvphTscTvGbzcMgbPajekhpump,0.000012051472402638068
2026-09-09 15:25:00.000 UTC,FFkYU2zSbcQ9s7bcf9rvphTscTvGbzcMgbPajekhpump,0.00001201356979352141
2026-09-09 15:32:00.000 UTC,FFkYU2zSbcQ9s7bcf9rvphTscTvGbzcMgbPajekhpump,0.00001204917161122077
2026-09-09 15:37:00.000 UTC,FFkYU2zSbcQ9s7bcf9rvphTscTvGbzcMgbPajekhpump,0.000012209722734729077
2026-09-09 15:42:00.000 UTC,FFkYU2zSbcQ9s7bcf9rvphTscTvGbzcMgbPajekhpump,0.00001235671479395411
2026-09-09 15:49:00.000 UTC,FFkYU2zSbcQ9s7bcf9rvphTscTvGbzcMgbPajekhpump,0.00001261999575893554
2026-09-09 15:56:00.000 UTC,FFkYU2zSbcQ9s7bcf9rvphTscTvGbzcMgbPajekhpump,0.000012872049858155864
2026-09-09 15:57:00.000 UTC,FFkYU2zSbcQ9s7bcf9rvphTscTvGbzcMgbPajekhpump,0.000012986506912385825
2026-09-09 15:58:00.000 UTC,FFkYU2zSbcQ9s7bcf9rvphTscTvGbzcMgbPajekhpump,0.000013095397659978238
2026-09-09 16:00:00.000 UTC,FFkYU2zSbcQ9s7bcf9rvphTscTvGbzcMgbPajekhpump,0.000013139787833535733
2026-09-09 16:05:00.000 UTC,FFkYU2zSbcQ9s7bcf9rvphTscTvGbzcMgbPajekhpump,0.000012671626135421944
2026-09-09 16:12:00.000 UTC,FFkYU2zSbcQ9s7bcf9rvphTscTvGbzcMgbPajekhpump,0.000012554282532753351
2026-09-09 16:16:00.000 UTC,FFkYU2zSbcQ9s7bcf9rvphTscTvGbzcMgbPajekhpump,0.000010766085695422734
2026-09-09 16:17:00.000 UTC,FFkYU2zSbcQ9s7bcf9rvphTscTvGbzcMgbPajekhpump,0.000010777378327913262
2026-09-09 16:21:00.000 UTC,FFkYU2zSbcQ9s7bcf9rvphTscTvGbzcMgbPajekhpump,0.000009461653441215772
2026-09-09 16:31:00.000 UTC,FFkYU2zSbcQ9s7bcf9rvphTscTvGbzcMgbPajekhpump,0.000009365421259633336
2026-09-09 16:33:00.000 UTC,FFkYU2zSbcQ9s7bcf9rvphTscTvGbzcMgbPajekhpump,0.000009480463261613997
2026-09-09 16:36:00.000 UTC,FFkYU2zSbcQ9s7bcf9rvphTscTvGbzcMgbPajekhpump,0.00001072755990465345
2026-09-09 16:40:00.000 UTC,FFkYU2zSbcQ9s7bcf9rvphTscTvGbzcMgbPajekhpump,0.000010216927723039004
2026-09-09 16:46:00.000 UTC,FFkYU2zSbcQ9s7bcf9rvphTscTvGbzcMgbPajekhpump,0.000009811455697061484
2026-09-09 17:09:00.000 UTC,FFkYU2zSbcQ9s7bcf9rvphTscTvGbzcMgbPajekhpump,0.000009227968088108228
2026-09-09 17:26:00.000 UTC,FFkYU2zSbcQ9s7bcf9rvphTscTvGbzcMgbPajekhpump,0.00000916256830919694
2026-09-09 17:39:00.000 UTC,FFkYU2zSbcQ9s7bcf9rvphTscTvGbzcMgbPajekhpump,0.000009185906544831888
2026-09-09 19:01:00.000 UTC,FFkYU2zSbcQ9s7bcf9rvphTscTvGbzcMgbPajekhpump,0.000008887356991571563
2026-09-09 19:09:00.000 UTC,FFkYU2zSbcQ9s7bcf9rvphTscTvGbzcMgbPajekhpump,0.000009324806262096101
2026-09-09 19:15:00.000 UTC,FFkYU2zSbcQ9s7bcf9rvphTscTvGbzcMgbPajekhpump,0.000009265739788622287
2026-09-09 20:05:00.000 UTC,FFkYU2zSbcQ9s7bcf9rvphTscTvGbzcMgbPajekhpump,0.00000846584258321276
2026-09-09 20:20:00.000 UTC,FFkYU2zSbcQ9s7bcf9rvphTscTvGbzcMgbPajekhpump,0.000008497425991703043
2026-09-09 21:00:00.000 UTC,FFkYU2zSbcQ9s7bcf9rvphTscTvGbzcMgbPajekhpump,0.000009092589773006608
2026-09-09 21:01:00.000 UTC,FFkYU2zSbcQ9s7bcf9rvphTscTvGbzcMgbPajekhpump,0.000009963692435347243
2026-09-09 21:04:00.000 UTC,FFkYU2zSbcQ9s7bcf9rvphTscTvGbzcMgbPajekhpump,0.00001032898477108587
2026-09-09 22:01:00.000 UTC,FFkYU2zSbcQ9s7bcf9rvphTscTvGbzcMgbPajekhpump,0.000009680975834026229
2026-09-09 22:21:00.000 UTC,FFkYU2zSbcQ9s7bcf9rvphTscTvGbzcMgbPajekhpump,0.000009608894728908969
2026-09-09 22:27:00.000 UTC,FFkYU2zSbcQ9s7bcf9rvphTscTvGbzcMgbPajekhpump,0.000009638004392289616
2026-09-09 22:49:00.000 UTC,FFkYU2zSbcQ9s7bcf9rvphTscTvGbzcMgbPajekhpump,0.000009630070533754263
2026-09-09 23:14:00.000 UTC,FFkYU2zSbcQ9s7bcf9rvphTscTvGbzcMgbPajekhpump,0.000010069600502853707
2026-09-09 23:15:00.000 UTC,FFkYU2zSbcQ9s7bcf9rvphTscTvGbzcMgbPajekhpump,0.000010163494054897197
2026-09-09 23:24:00.000 UTC,FFkYU2zSbcQ9s7bcf9rvphTscTvGbzcMgbPajekhpump,0.000010321792834833233
2026-09-09 23:26:00.000 UTC,FFkYU2zSbcQ9s7bcf9rvphTscTvGbzcMgbPajekhpump,0.000010521860230569909
2026-09-09 23:34:00.000 UTC,FFkYU2zSbcQ9s7bcf9rvphTscTvGbzcMgbPajekhpump,0.000009828043754640956
2026-09-09 23:37:00.000 UTC,FFkYU2zSbcQ9s7bcf9rvphTscTvGbzcMgbPajekhpump,0.000010045176124722917
2026-09-09 23:41:00.000 UTC,FFkYU2zSbcQ9s7bcf9rvphTscTvGbzcMgbPajekhpump,0.000010283312567615775
2026-09-09 23:51:00.000 UTC,FFkYU2zSbcQ9s7bcf9rvphTscTvGbzcMgbPajekhpump,0.000010784598958468994
2026-09-10 00:05:00.000 UTC,FFkYU2zSbcQ9s7bcf9rvphTscTvGbzcMgbPajekhpump,0.000010828119878432324
2026-09-10 00:06:00.000 UTC,FFkYU2zSbcQ9s7bcf9rvphTscTvGbzcMgbPajekhpump,0.000010972512696733934
2026-09-10 00:28:00.000 UTC,FFkYU2zSbcQ9s7bcf9rvphTscTvGbzcMgbPajekhpump,0.000010702860379761184
2026-09-10 01:22:00.000 UTC,FFkYU2zSbcQ9s7bcf9rvphTscTvGbzcMgbPajekhpump,0.000010364671326969834
2026-09-10 02:11:00.000 UTC,FFkYU2zSbcQ9s7bcf9rvphTscTvGbzcMgbPajekhpump,0.000010378839711636089
2026-09-10 03:52:00.000 UTC,FFkYU2zSbcQ9s7bcf9rvphTscTvGbzcMgbPajekhpump,0.00001046272718423434
2026-09-10 03:55:00.000 UTC,FFkYU2zSbcQ9s7bcf9rvphTscTvGbzcMgbPajekhpump,0.000010616219880460723
2026-09-10 04:15:00.000 UTC,FFkYU2zSbcQ9s7bcf9rvphTscTvGbzcMgbPajekhpump,0.000010802252444911527
2026-09-10 05:47:00.000 UTC,FFkYU2zSbcQ9s7bcf9rvphTscTvGbzcMgbPajekhpump,0.000010780979695701707
2026-09-10 05:55:00.000 UTC,FFkYU2zSbcQ9s7bcf9rvphTscTvGbzcMgbPajekhpump,0.000010819325012871557
2026-09-10 05:56:00.000 UTC,FFkYU2zSbcQ9s7bcf9rvphTscTvGbzcMgbPajekhpump,0.000010822565254098285
2026-09-10 06:26:00.000 UTC,FFkYU2zSbcQ9s7bcf9rvphTscTvGbzcMgbPajekhpump,0.000010742316862117978
2026-09-10 07:29:00.000 UTC,FFkYU2zSbcQ9s7bcf9rvphTscTvGbzcMgbPajekhpump,0.00001075805851277146
2026-09-10 07:37:00.000 UTC,FFkYU2zSbcQ9s7bcf9rvphTscTvGbzcMgbPajekhpump,0.000010721386784653315
2026-09-10 08:31:00.000 UTC,FFkYU2zSbcQ9s7bcf9rvphTscTvGbzcMgbPajekhpump,0.00000981647042483292
2026-09-10 09:51:00.000 UTC,FFkYU2zSbcQ9s7bcf9rvphTscTvGbzcMgbPajekhpump,0.000009733973915758304
2026-09-10 11:19:00.000 UTC,FFkYU2zSbcQ9s7bcf9rvphTscTvGbzcMgbPajekhpump,0.000009749402306420024
2026-09-10 12:45:00.000 UTC,FFkYU2zSbcQ9s7bcf9rvphTscTvGbzcMgbPajekhpump,0.00001082004453618192
2026-09-10 12:47:00.000 UTC,FFkYU2zSbcQ9s7bcf9rvphTscTvGbzcMgbPajekhpump,0.000010936616720183116
2026-09-10 12:52:00.000 UTC,FFkYU2zSbcQ9s7bcf9rvphTscTvGbzcMgbPajekhpump,0.000011051212876015767
2026-09-10 12:54:00.000 UTC,FFkYU2zSbcQ9s7bcf9rvphTscTvGbzcMgbPajekhpump,0.000011253454702921115
2026-09-10 13:29:00.000 UTC,FFkYU2zSbcQ9s7bcf9rvphTscTvGbzcMgbPajekhpump,0.00001017473078469578
2026-09-10 13:53:00.000 UTC,FFkYU2zSbcQ9s7bcf9rvphTscTvGbzcMgbPajekhpump,0.000010267981192892115
2026-09-10 16:06:00.000 UTC,FFkYU2zSbcQ9s7bcf9rvphTscTvGbzcMgbPajekhpump,0.000008421930526419486
2026-09-10 16:38:00.000 UTC,FFkYU2zSbcQ9s7bcf9rvphTscTvGbzcMgbPajekhpump,0.000008319093011334999
2026-09-10 16:50:00.000 UTC,FFkYU2zSbcQ9s7bcf9rvphTscTvGbzcMgbPajekhpump,0.000009672209600619526
2026-09-10 16:53:00.000 UTC,FFkYU2zSbcQ9s7bcf9rvphTscTvGbzcMgbPajekhpump,0.000009773031865280753
2026-09-10 17:06:00.000 UTC,FFkYU2zSbcQ9s7bcf9rvphTscTvGbzcMgbPajekhpump,0.000009862768050676215
2026-09-10 17:08:00.000 UTC,FFkYU2zSbcQ9s7bcf9rvphTscTvGbzcMgbPajekhpump,0.000010018497643868272
2026-09-10 17:20:00.000 UTC,FFkYU2zSbcQ9s7bcf9rvphTscTvGbzcMgbPajekhpump,0.00000907623370143922
2026-09-10 17:21:00.000 UTC,FFkYU2zSbcQ9s7bcf9rvphTscTvGbzcMgbPajekhpump,0.00000908088933616879
2026-09-10 17:23:00.000 UTC,FFkYU2zSbcQ9s7bcf9rvphTscTvGbzcMgbPajekhpump,0.000009280662135840795
2026-09-10 17:47:00.000 UTC,FFkYU2zSbcQ9s7bcf9rvphTscTvGbzcMgbPajekhpump,0.000009582521416507221
2026-09-10 19:57:00.000 UTC,FFkYU2zSbcQ9s7bcf9rvphTscTvGbzcMgbPajekhpump,0.000009467271611976624
2026-09-10 21:12:00.000 UTC,FFkYU2zSbcQ9s7bcf9rvphTscTvGbzcMgbPajekhpump,0.000009941131384711157
2026-09-10 21:21:00.000 UTC,FFkYU2zSbcQ9s7bcf9rvphTscTvGbzcMgbPajekhpump,0.000010131431829268987
2026-09-10 21:23:00.000 UTC,FFkYU2zSbcQ9s7bcf9rvphTscTvGbzcMgbPajekhpump,0.000010219920384206393
2026-09-10 21:54:00.000 UTC,FFkYU2zSbcQ9s7bcf9rvphTscTvGbzcMgbPajekhpump,0.000010030341016859617
2026-09-10 22:38:00.000 UTC,FFkYU2zSbcQ9s7bcf9rvphTscTvGbzcMgbPajekhpump,0.000011160098144039731
2026-09-10 22:39:00.000 UTC,FFkYU2zSbcQ9s7bcf9rvphTscTvGbzcMgbPajekhpump,0.000012983659484373279
2026-09-10 22:40:00.000 UTC,FFkYU2zSbcQ9s7bcf9rvphTscTvGbzcMgbPajekhpump,0.000014253687032594907
2026-09-10 22:41:00.000 UTC,FFkYU2zSbcQ9s7bcf9rvphTscTvGbzcMgbPajekhpump,0.000015439827118008442
2026-09-10 22:42:00.000 UTC,FFkYU2zSbcQ9s7bcf9rvphTscTvGbzcMgbPajekhpump,0.00001610743488842305
2026-09-10 22:43:00.000 UTC,FFkYU2zSbcQ9s7bcf9rvphTscTvGbzcMgbPajekhpump,0.000015016042259367765
2026-09-10 22:44:00.000 UTC,FFkYU2zSbcQ9s7bcf9rvphTscTvGbzcMgbPajekhpump,0.00001589985797407857
2026-09-10 22:45:00.000 UTC,FFkYU2zSbcQ9s7bcf9rvphTscTvGbzcMgbPajekhpump,0.00001648679059034465
2026-09-10 22:47:00.000 UTC,FFkYU2zSbcQ9s7bcf9rvphTscTvGbzcMgbPajekhpump,0.000014492929024477745
2026-09-10 22:48:00.000 UTC,FFkYU2zSbcQ9s7bcf9rvphTscTvGbzcMgbPajekhpump,0.00001458643920684798
2026-09-10 22:50:00.000 UTC,FFkYU2zSbcQ9s7bcf9rvphTscTvGbzcMgbPajekhpump,0.000011891767655639703
2026-09-10 22:52:00.000 UTC,FFkYU2zSbcQ9s7bcf9rvphTscTvGbzcMgbPajekhpump,0.000011853218622329322
2026-09-10 23:01:00.000 UTC,FFkYU2zSbcQ9s7bcf9rvphTscTvGbzcMgbPajekhpump,0.000010566989848073533
2026-09-10 23:07:00.000 UTC,FFkYU2zSbcQ9s7bcf9rvphTscTvGbzcMgbPajekhpump,0.000010661503508937908
2026-09-10 23:12:00.000 UTC,FFkYU2zSbcQ9s7bcf9rvphTscTvGbzcMgbPajekhpump,0.00001061900604024202
2026-09-10 23:13:00.000 UTC,FFkYU2zSbcQ9s7bcf9rvphTscTvGbzcMgbPajekhpump,0.000010619255791855587
2026-09-10 23:14:00.000 UTC,FFkYU2zSbcQ9s7bcf9rvphTscTvGbzcMgbPajekhpump,0.000010815964764450499
2026-09-10 23:15:00.000 UTC,FFkYU2zSbcQ9s7bcf9rvphTscTvGbzcMgbPajekhpump,0.000011012635623901903
2026-09-10 23:17:00.000 UTC,FFkYU2zSbcQ9s7bcf9rvphTscTvGbzcMgbPajekhpump,0.000011363306705179536
2026-09-10 23:21:00.000 UTC,FFkYU2zSbcQ9s7bcf9rvphTscTvGbzcMgbPajekhpump,0.000012177522773621754
2026-09-10 23:26:00.000 UTC,FFkYU2zSbcQ9s7bcf9rvphTscTvGbzcMgbPajekhpump,0.000012108038843382183
2026-09-10 23:27:00.000 UTC,FFkYU2zSbcQ9s7bcf9rvphTscTvGbzcMgbPajekhpump,0.000012119723942246825
2026-09-10 23:28:00.000 UTC,FFkYU2zSbcQ9s7bcf9rvphTscTvGbzcMgbPajekhpump,0.000012149279435646915
2026-09-10 23:37:00.000 UTC,FFkYU2zSbcQ9s7bcf9rvphTscTvGbzcMgbPajekhpump,0.000012118777515546575
2026-09-10 23:41:00.000 UTC,FFkYU2zSbcQ9s7bcf9rvphTscTvGbzcMgbPajekhpump,0.000013312382540472752
2026-09-10 23:42:00.000 UTC,FFkYU2zSbcQ9s7bcf9rvphTscTvGbzcMgbPajekhpump,0.00001377300545716764
2026-09-10 23:46:00.000 UTC,FFkYU2zSbcQ9s7bcf9rvphTscTvGbzcMgbPajekhpump,0.000011871491405258028
2026-09-11 00:08:00.000 UTC,FFkYU2zSbcQ9s7bcf9rvphTscTvGbzcMgbPajekhpump,0.000011854269818947557
2026-09-11 00:33:00.000 UTC,FFkYU2zSbcQ9s7bcf9rvphTscTvGbzcMgbPajekhpump,0.00001140086093312974
2026-09-11 01:25:00.000 UTC,FFkYU2zSbcQ9s7bcf9rvphTscTvGbzcMgbPajekhpump,0.000012254763496538176
2026-09-11 02:35:00.000 UTC,FFkYU2zSbcQ9s7bcf9rvphTscTvGbzcMgbPajekhpump,0.00001227067909179407
2026-09-11 02:43:00.000 UTC,FFkYU2zSbcQ9s7bcf9rvphTscTvGbzcMgbPajekhpump,0.00001235033251458206
2026-09-11 03:20:00.000 UTC,FFkYU2zSbcQ9s7bcf9rvphTscTvGbzcMgbPajekhpump,0.000012140381507262583
2026-09-11 03:38:00.000 UTC,FFkYU2zSbcQ9s7bcf9rvphTscTvGbzcMgbPajekhpump,0.000012110310183291927
2026-09-11 03:51:00.000 UTC,FFkYU2zSbcQ9s7bcf9rvphTscTvGbzcMgbPajekhpump,0.000012175017603275142
2026-09-11 03:55:00.000 UTC,FFkYU2zSbcQ9s7bcf9rvphTscTvGbzcMgbPajekhpump,0.000012808812731146778
2026-09-11 03:56:00.000 UTC,FFkYU2zSbcQ9s7bcf9rvphTscTvGbzcMgbPajekhpump,0.000013013361995603385
2026-09-11 04:01:00.000 UTC,FFkYU2zSbcQ9s7bcf9rvphTscTvGbzcMgbPajekhpump,0.000012957794540262666
2026-09-11 04:10:00.000 UTC,FFkYU2zSbcQ9s7bcf9rvphTscTvGbzcMgbPajekhpump,0.000012636437437256259
2026-09-11 04:13:00.000 UTC,FFkYU2zSbcQ9s7bcf9rvphTscTvGbzcMgbPajekhpump,0.000012752657244265804
2026-09-11 04:35:00.000 UTC,FFkYU2zSbcQ9s7bcf9rvphTscTvGbzcMgbPajekhpump,0.000012454490243633066
2026-09-11 05:07:00.000 UTC,FFkYU2zSbcQ9s7bcf9rvphTscTvGbzcMgbPajekhpump,0.000012386250747548875
2026-09-11 05:19:00.000 UTC,FFkYU2zSbcQ9s7bcf9rvphTscTvGbzcMgbPajekhpump,0.000012397458641583152
2026-09-11 05:22:00.000 UTC,FFkYU2zSbcQ9s7bcf9rvphTscTvGbzcMgbPajekhpump,0.000012358818923276707
2026-09-11 05:36:00.000 UTC,FFkYU2zSbcQ9s7bcf9rvphTscTvGbzcMgbPajekhpump,0.000012394971665024696
2026-09-11 05:48:00.000 UTC,FFkYU2zSbcQ9s7bcf9rvphTscTvGbzcMgbPajekhpump,0.000012371667470352959
2026-09-11 06:07:00.000 UTC,FFkYU2zSbcQ9s7bcf9rvphTscTvGbzcMgbPajekhpump,0.000012397031083989652
2026-09-11 06:11:00.000 UTC,FFkYU2zSbcQ9s7bcf9rvphTscTvGbzcMgbPajekhpump,0.000012468335786725057
2026-09-11 06:20:00.000 UTC,FFkYU2zSbcQ9s7bcf9rvphTscTvGbzcMgbPajekhpump,0.000012484181015436995
2026-09-11 06:21:00.000 UTC,FFkYU2zSbcQ9s7bcf9rvphTscTvGbzcMgbPajekhpump,0.000012530504082321747
2026-09-11 06:32:00.000 UTC,FFkYU2zSbcQ9s7bcf9rvphTscTvGbzcMgbPajekhpump,0.000012548580703537928
2026-09-11 06:38:00.000 UTC,FFkYU2zSbcQ9s7bcf9rvphTscTvGbzcMgbPajekhpump,0.000012534050617829576
2026-09-11 06:48:00.000 UTC,FFkYU2zSbcQ9s7bcf9rvphTscTvGbzcMgbPajekhpump,0.000012330500232702443
2026-09-11 07:05:00.000 UTC,FFkYU2zSbcQ9s7bcf9rvphTscTvGbzcMgbPajekhpump,0.00001266752424827007
2026-09-11 07:08:00.000 UTC,FFkYU2zSbcQ9s7bcf9rvphTscTvGbzcMgbPajekhpump,0.000012674980174017258
2026-09-11 07:29:00.000 UTC,FFkYU2zSbcQ9s7bcf9rvphTscTvGbzcMgbPajekhpump,0.00001268674635795225
2026-09-11 07:30:00.000 UTC,FFkYU2zSbcQ9s7bcf9rvphTscTvGbzcMgbPajekhpump,0.000012667328057361974
2026-09-11 07:35:00.000 UTC,FFkYU2zSbcQ9s7bcf9rvphTscTvGbzcMgbPajekhpump,0.000012661374342716538
2026-09-11 07:38:00.000 UTC,FFkYU2zSbcQ9s7bcf9rvphTscTvGbzcMgbPajekhpump,0.000012663131266936234
2026-09-11 07:54:00.000 UTC,FFkYU2zSbcQ9s7bcf9rvphTscTvGbzcMgbPajekhpump,0.000012639659262857634
2026-09-11 08:02:00.000 UTC,FFkYU2zSbcQ9s7bcf9rvphTscTvGbzcMgbPajekhpump,0.00001143654970227593
2026-09-11 08:17:00.000 UTC,FFkYU2zSbcQ9s7bcf9rvphTscTvGbzcMgbPajekhpump,0.000011433928326600576
2026-09-11 08:24:00.000 UTC,FFkYU2zSbcQ9s7bcf9rvphTscTvGbzcMgbPajekhpump,0.00001149308538261298
2026-09-11 08:29:00.000 UTC,FFkYU2zSbcQ9s7bcf9rvphTscTvGbzcMgbPajekhpump,0.000011581919218678098
2026-09-11 08:30:00.000 UTC,FFkYU2zSbcQ9s7bcf9rvphTscTvGbzcMgbPajekhpump,0.000011640191885168452
2026-09-11 08:33:00.000 UTC,FFkYU2zSbcQ9s7bcf9rvphTscTvGbzcMgbPajekhpump,0.000012036928165013131
2026-09-11 08:34:00.000 UTC,FFkYU2zSbcQ9s7bcf9rvphTscTvGbzcMgbPajekhpump,0.000012682205395271237
2026-09-11 08:35:00.000 UTC,FFkYU2zSbcQ9s7bcf9rvphTscTvGbzcMgbPajekhpump,0.000012988185217021567
2026-09-11 08:39:00.000 UTC,FFkYU2zSbcQ9s7bcf9rvphTscTvGbzcMgbPajekhpump,0.000012913987330494585
2026-09-11 08:41:00.000 UTC,FFkYU2zSbcQ9s7bcf9rvphTscTvGbzcMgbPajekhpump,0.000012640822700417605
2026-09-11 08:49:00.000 UTC,FFkYU2zSbcQ9s7bcf9rvphTscTvGbzcMgbPajekhpump,0.000012431970505074266
2026-09-11 08:57:00.000 UTC,FFkYU2zSbcQ9s7bcf9rvphTscTvGbzcMgbPajekhpump,0.000012188587478045067
2026-09-11 09:18:00.000 UTC,FFkYU2zSbcQ9s7bcf9rvphTscTvGbzcMgbPajekhpump,0.000012170802628651839
2026-09-11 09:24:00.000 UTC,FFkYU2zSbcQ9s7bcf9rvphTscTvGbzcMgbPajekhpump,0.000011977220606426446
2026-09-11 09:27:00.000 UTC,FFkYU2zSbcQ9s7bcf9rvphTscTvGbzcMgbPajekhpump,0.00001197914032440739
2026-09-11 09:28:00.000 UTC,FFkYU2zSbcQ9s7bcf9rvphTscTvGbzcMgbPajekhpump,0.000012008012764876742
2026-09-11 09:29:00.000 UTC,FFkYU2zSbcQ9s7bcf9rvphTscTvGbzcMgbPajekhpump,0.000012025343163855504
2026-09-11 09:44:00.000 UTC,FFkYU2zSbcQ9s7bcf9rvphTscTvGbzcMgbPajekhpump,0.000011589799077753526
2026-09-11 09:45:00.000 UTC,FFkYU2zSbcQ9s7bcf9rvphTscTvGbzcMgbPajekhpump,0.000012072118734246004
2026-09-11 09:57:00.000 UTC,FFkYU2zSbcQ9s7bcf9rvphTscTvGbzcMgbPajekhpump,0.000012420453443826503
2026-09-11 10:20:00.000 UTC,FFkYU2zSbcQ9s7bcf9rvphTscTvGbzcMgbPajekhpump,0.00001217276111243895
2026-09-11 10:21:00.000 UTC,FFkYU2zSbcQ9s7bcf9rvphTscTvGbzcMgbPajekhpump,0.00001219357928750183
2026-09-11 10:27:00.000 UTC,FFkYU2zSbcQ9s7bcf9rvphTscTvGbzcMgbPajekhpump,0.000012834431748791691
2026-09-11 10:29:00.000 UTC,FFkYU2zSbcQ9s7bcf9rvphTscTvGbzcMgbPajekhpump,0.00001312786892134398
2026-09-11 10:32:00.000 UTC,FFkYU2zSbcQ9s7bcf9rvphTscTvGbzcMgbPajekhpump,0.000013218164553634664
2026-09-11 10:36:00.000 UTC,FFkYU2zSbcQ9s7bcf9rvphTscTvGbzcMgbPajekhpump,0.000013293567436339388
2026-09-11 11:02:00.000 UTC,FFkYU2zSbcQ9s7bcf9rvphTscTvGbzcMgbPajekhpump,0.000012196898151346601
2026-09-11 11:04:00.000 UTC,FFkYU2zSbcQ9s7bcf9rvphTscTvGbzcMgbPajekhpump,0.000012243848442896455
2026-09-11 11:23:00.000 UTC,FFkYU2zSbcQ9s7bcf9rvphTscTvGbzcMgbPajekhpump,0.000012237892876381084
2026-09-11 12:00:00.000 UTC,FFkYU2zSbcQ9s7bcf9rvphTscTvGbzcMgbPajekhpump,0.000012182704084805097
2026-09-11 12:01:00.000 UTC,FFkYU2zSbcQ9s7bcf9rvphTscTvGbzcMgbPajekhpump,0.000012182708010495487
2026-09-11 12:12:00.000 UTC,FFkYU2zSbcQ9s7bcf9rvphTscTvGbzcMgbPajekhpump,0.0000121569747677097
2026-09-11 12:13:00.000 UTC,FFkYU2zSbcQ9s7bcf9rvphTscTvGbzcMgbPajekhpump,0.000012157018588801282
2026-09-11 12:15:00.000 UTC,FFkYU2zSbcQ9s7bcf9rvphTscTvGbzcMgbPajekhpump,0.000012144837529015771
2026-09-11 12:16:00.000 UTC,FFkYU2zSbcQ9s7bcf9rvphTscTvGbzcMgbPajekhpump,0.000012741560463192494
2026-09-11 12:19:00.000 UTC,FFkYU2zSbcQ9s7bcf9rvphTscTvGbzcMgbPajekhpump,0.00001305313876033642
2026-09-11 12:21:00.000 UTC,FFkYU2zSbcQ9s7bcf9rvphTscTvGbzcMgbPajekhpump,0.000014547239126046141
2026-09-11 12:22:00.000 UTC,FFkYU2zSbcQ9s7bcf9rvphTscTvGbzcMgbPajekhpump,0.00001595207788228923
2026-09-11 12:23:00.000 UTC,FFkYU2zSbcQ9s7bcf9rvphTscTvGbzcMgbPajekhpump,0.00001646584161614028
2026-09-11 12:25:00.000 UTC,FFkYU2zSbcQ9s7bcf9rvphTscTvGbzcMgbPajekhpump,0.00001512537627120904
2026-09-11 12:37:00.000 UTC,FFkYU2zSbcQ9s7bcf9rvphTscTvGbzcMgbPajekhpump,0.000013747062621888478
2026-09-11 12:43:00.000 UTC,FFkYU2zSbcQ9s7bcf9rvphTscTvGbzcMgbPajekhpump,0.000014752141716165015
2026-09-11 12:44:00.000 UTC,FFkYU2zSbcQ9s7bcf9rvphTscTvGbzcMgbPajekhpump,0.00001591121358200682
2026-09-11 12:46:00.000 UTC,FFkYU2zSbcQ9s7bcf9rvphTscTvGbzcMgbPajekhpump,0.00001676031625763058
2026-09-11 12:47:00.000 UTC,FFkYU2zSbcQ9s7bcf9rvphTscTvGbzcMgbPajekhpump,0.000018742586635189855
2026-09-11 12:48:00.000 UTC,FFkYU2zSbcQ9s7bcf9rvphTscTvGbzcMgbPajekhpump,0.000019708785566242686
2026-09-11 12:49:00.000 UTC,FFkYU2zSbcQ9s7bcf9rvphTscTvGbzcMgbPajekhpump,0.000017936807702793767
2026-09-11 12:50:00.000 UTC,FFkYU2zSbcQ9s7bcf9rvphTscTvGbzcMgbPajekhpump,0.000018331842913850756
2026-09-11 12:51:00.000 UTC,FFkYU2zSbcQ9s7bcf9rvphTscTvGbzcMgbPajekhpump,0.000017955322763966335
2026-09-11 12:53:00.000 UTC,FFkYU2zSbcQ9s7bcf9rvphTscTvGbzcMgbPajekhpump,0.000017565696666956222
2026-09-11 12:55:00.000 UTC,FFkYU2zSbcQ9s7bcf9rvphTscTvGbzcMgbPajekhpump,0.00001768447078863147
2026-09-11 12:57:00.000 UTC,FFkYU2zSbcQ9s7bcf9rvphTscTvGbzcMgbPajekhpump,0.000016612639303862625
2026-09-11 13:07:00.000 UTC,FFkYU2zSbcQ9s7bcf9rvphTscTvGbzcMgbPajekhpump,0.000015142647756402678
2026-09-11 13:08:00.000 UTC,FFkYU2zSbcQ9s7bcf9rvphTscTvGbzcMgbPajekhpump,0.00001567457390636796
2026-09-11 13:15:00.000 UTC,FFkYU2zSbcQ9s7bcf9rvphTscTvGbzcMgbPajekhpump,0.00001593965569799001
2026-09-11 13:18:00.000 UTC,FFkYU2zSbcQ9s7bcf9rvphTscTvGbzcMgbPajekhpump,0.000016002581449855454
2026-09-11 13:21:00.000 UTC,FFkYU2zSbcQ9s7bcf9rvphTscTvGbzcMgbPajekhpump,0.000015646479096779456
2026-09-11 13:24:00.000 UTC,FFkYU2zSbcQ9s7bcf9rvphTscTvGbzcMgbPajekhpump,0.000015763485656040097
2026-09-11 13:31:00.000 UTC,FFkYU2zSbcQ9s7bcf9rvphTscTvGbzcMgbPajekhpump,0.000014596724073953086
2026-09-11 13:41:00.000 UTC,FFkYU2zSbcQ9s7bcf9rvphTscTvGbzcMgbPajekhpump,0.000014187330312505612
2026-09-11 13:42:00.000 UTC,FFkYU2zSbcQ9s7bcf9rvphTscTvGbzcMgbPajekhpump,0.000014201926545550575
2026-09-11 13:43:00.000 UTC,FFkYU2zSbcQ9s7bcf9rvphTscTvGbzcMgbPajekhpump,0.000014243503193741627
2026-09-11 13:44:00.000 UTC,FFkYU2zSbcQ9s7bcf9rvphTscTvGbzcMgbPajekhpump,0.000015007347371131192
2026-09-11 13:46:00.000 UTC,FFkYU2zSbcQ9s7bcf9rvphTscTvGbzcMgbPajekhpump,0.00001528493203419659
2026-09-11 13:48:00.000 UTC,FFkYU2zSbcQ9s7bcf9rvphTscTvGbzcMgbPajekhpump,0.00001551077516355375
2026-09-11 13:49:00.000 UTC,FFkYU2zSbcQ9s7bcf9rvphTscTvGbzcMgbPajekhpump,0.000015739168506356397
2026-09-11 14:03:00.000 UTC,FFkYU2zSbcQ9s7bcf9rvphTscTvGbzcMgbPajekhpump,0.000016137799711195816
2026-09-11 14:12:00.000 UTC,FFkYU2zSbcQ9s7bcf9rvphTscTvGbzcMgbPajekhpump,0.000015841264239346827
2026-09-11 14:13:00.000 UTC,FFkYU2zSbcQ9s7bcf9rvphTscTvGbzcMgbPajekhpump,0.00001587367165862026
2026-09-11 14:22:00.000 UTC,FFkYU2zSbcQ9s7bcf9rvphTscTvGbzcMgbPajekhpump,0.000016697326236096283
2026-09-11 14:25:00.000 UTC,FFkYU2zSbcQ9s7bcf9rvphTscTvGbzcMgbPajekhpump,0.000017708404903532073
2026-09-11 14:32:00.000 UTC,FFkYU2zSbcQ9s7bcf9rvphTscTvGbzcMgbPajekhpump,0.000017820346165415667
2026-09-11 14:35:00.000 UTC,FFkYU2zSbcQ9s7bcf9rvphTscTvGbzcMgbPajekhpump,0.000017584428060207743
2026-09-11 14:39:00.000 UTC,FFkYU2zSbcQ9s7bcf9rvphTscTvGbzcMgbPajekhpump,0.000017566744839871507
2026-09-11 14:41:00.000 UTC,FFkYU2zSbcQ9s7bcf9rvphTscTvGbzcMgbPajekhpump,0.000017544655396405502
2026-09-11 14:56:00.000 UTC,FFkYU2zSbcQ9s7bcf9rvphTscTvGbzcMgbPajekhpump,0.00001764150782547373
2026-09-11 15:15:00.000 UTC,FFkYU2zSbcQ9s7bcf9rvphTscTvGbzcMgbPajekhpump,0.000016062078546729992
2026-09-11 15:31:00.000 UTC,FFkYU2zSbcQ9s7bcf9rvphTscTvGbzcMgbPajekhpump,0.000016268174896122786
2026-09-11 15:33:00.000 UTC,FFkYU2zSbcQ9s7bcf9rvphTscTvGbzcMgbPajekhpump,0.000016390841297094314
2026-09-11 15:44:00.000 UTC,FFkYU2zSbcQ9s7bcf9rvphTscTvGbzcMgbPajekhpump,0.00001651791793374076
2026-09-11 15:46:00.000 UTC,FFkYU2zSbcQ9s7bcf9rvphTscTvGbzcMgbPajekhpump,0.000016610766019592804
2026-09-11 15:54:00.000 UTC,FFkYU2zSbcQ9s7bcf9rvphTscTvGbzcMgbPajekhpump,0.000016679092110955454
2026-09-11 16:04:00.000 UTC,FFkYU2zSbcQ9s7bcf9rvphTscTvGbzcMgbPajekhpump,0.000016488361015950565
2026-09-11 16:05:00.000 UTC,FFkYU2zSbcQ9s7bcf9rvphTscTvGbzcMgbPajekhpump,0.00001660417223006719
2026-09-11 16:13:00.000 UTC,FFkYU2zSbcQ9s7bcf9rvphTscTvGbzcMgbPajekhpump,0.000016740292147372228
2026-09-11 16:20:00.000 UTC,FFkYU2zSbcQ9s7bcf9rvphTscTvGbzcMgbPajekhpump,0.000015163137665827363
2026-09-11 16:34:00.000 UTC,FFkYU2zSbcQ9s7bcf9rvphTscTvGbzcMgbPajekhpump,0.000015156400310074777
2026-09-11 16:36:00.000 UTC,FFkYU2zSbcQ9s7bcf9rvphTscTvGbzcMgbPajekhpump,0.00001517578119782845
2026-09-11 16:46:00.000 UTC,FFkYU2zSbcQ9s7bcf9rvphTscTvGbzcMgbPajekhpump,0.000015183055100195694
2026-09-11 16:51:00.000 UTC,FFkYU2zSbcQ9s7bcf9rvphTscTvGbzcMgbPajekhpump,0.000015254605467218593
2026-09-11 16:56:00.000 UTC,FFkYU2zSbcQ9s7bcf9rvphTscTvGbzcMgbPajekhpump,0.000015258246118588146
2026-09-11 17:34:00.000 UTC,FFkYU2zSbcQ9s7bcf9rvphTscTvGbzcMgbPajekhpump,0.000015294881474590036
2026-09-11 17:49:00.000 UTC,FFkYU2zSbcQ9s7bcf9rvphTscTvGbzcMgbPajekhpump,0.000016911347685911655
2026-09-11 17:51:00.000 UTC,FFkYU2zSbcQ9s7bcf9rvphTscTvGbzcMgbPajekhpump,0.000017255497269901515
2026-09-11 18:17:00.000 UTC,FFkYU2zSbcQ9s7bcf9rvphTscTvGbzcMgbPajekhpump,0.00001568352612322356
2026-09-11 18:23:00.000 UTC,FFkYU2zSbcQ9s7bcf9rvphTscTvGbzcMgbPajekhpump,0.000015906646032337418
2026-09-11 18:25:00.000 UTC,FFkYU2zSbcQ9s7bcf9rvphTscTvGbzcMgbPajekhpump,0.0000160268241019872
2026-09-11 18:33:00.000 UTC,FFkYU2zSbcQ9s7bcf9rvphTscTvGbzcMgbPajekhpump,0.00001611470741637033
2026-09-11 18:53:00.000 UTC,FFkYU2zSbcQ9s7bcf9rvphTscTvGbzcMgbPajekhpump,0.00001632875983031551
2026-09-11 19:14:00.000 UTC,FFkYU2zSbcQ9s7bcf9rvphTscTvGbzcMgbPajekhpump,0.00001657179220719766
2026-09-11 19:28:00.000 UTC,FFkYU2zSbcQ9s7bcf9rvphTscTvGbzcMgbPajekhpump,0.000016623517981875894
2026-09-11 19:34:00.000 UTC,FFkYU2zSbcQ9s7bcf9rvphTscTvGbzcMgbPajekhpump,0.000016696025512641415
2026-09-11 20:02:00.000 UTC,FFkYU2zSbcQ9s7bcf9rvphTscTvGbzcMgbPajekhpump,0.000016409518776843147
2026-09-11 20:07:00.000 UTC,FFkYU2zSbcQ9s7bcf9rvphTscTvGbzcMgbPajekhpump,0.000016529205769874532
2026-09-11 20:15:00.000 UTC,FFkYU2zSbcQ9s7bcf9rvphTscTvGbzcMgbPajekhpump,0.00001658478410791839
2026-09-11 20:16:00.000 UTC,FFkYU2zSbcQ9s7bcf9rvphTscTvGbzcMgbPajekhpump,0.000016640366665315775
2026-09-11 20:22:00.000 UTC,FFkYU2zSbcQ9s7bcf9rvphTscTvGbzcMgbPajekhpump,0.00001668844374772644
2026-09-11 20:26:00.000 UTC,FFkYU2zSbcQ9s7bcf9rvphTscTvGbzcMgbPajekhpump,0.000016661635285007555
2026-09-11 20:46:00.000 UTC,FFkYU2zSbcQ9s7bcf9rvphTscTvGbzcMgbPajekhpump,0.000016668136280543698
2026-09-11 20:59:00.000 UTC,FFkYU2zSbcQ9s7bcf9rvphTscTvGbzcMgbPajekhpump,0.000016629330167112996
2026-09-11 21:41:00.000 UTC,FFkYU2zSbcQ9s7bcf9rvphTscTvGbzcMgbPajekhpump,0.000016441145365061755
2026-09-11 21:54:00.000 UTC,FFkYU2zSbcQ9s7bcf9rvphTscTvGbzcMgbPajekhpump,0.00001633860835500872
2026-09-11 22:09:00.000 UTC,FFkYU2zSbcQ9s7bcf9rvphTscTvGbzcMgbPajekhpump,0.000016364744217087046
2026-09-11 22:13:00.000 UTC,FFkYU2zSbcQ9s7bcf9rvphTscTvGbzcMgbPajekhpump,0.000016396326366131227
2026-09-11 22:22:00.000 UTC,FFkYU2zSbcQ9s7bcf9rvphTscTvGbzcMgbPajekhpump,0.00001654374738246959
2026-09-11 22:32:00.000 UTC,FFkYU2zSbcQ9s7bcf9rvphTscTvGbzcMgbPajekhpump,0.000016561731399998203
2026-09-11 22:35:00.000 UTC,FFkYU2zSbcQ9s7bcf9rvphTscTvGbzcMgbPajekhpump,0.00001516398832462026
2026-09-11 22:36:00.000 UTC,FFkYU2zSbcQ9s7bcf9rvphTscTvGbzcMgbPajekhpump,0.000013664659040392
2026-09-11 22:38:00.000 UTC,FFkYU2zSbcQ9s7bcf9rvphTscTvGbzcMgbPajekhpump,0.000014380497940023908
2026-09-11 23:14:00.000 UTC,FFkYU2zSbcQ9s7bcf9rvphTscTvGbzcMgbPajekhpump,0.000014014587406565404
2026-09-11 23:34:00.000 UTC,FFkYU2zSbcQ9s7bcf9rvphTscTvGbzcMgbPajekhpump,0.000013468992705335407
2026-09-11 23:38:00.000 UTC,FFkYU2zSbcQ9s7bcf9rvphTscTvGbzcMgbPajekhpump,0.000013823571005539728
2026-09-11 23:48:00.000 UTC,FFkYU2zSbcQ9s7bcf9rvphTscTvGbzcMgbPajekhpump,0.000014229812186477903
2026-09-12 00:16:00.000 UTC,FFkYU2zSbcQ9s7bcf9rvphTscTvGbzcMgbPajekhpump,0.000014493464193468587
2026-09-12 00:25:00.000 UTC,FFkYU2zSbcQ9s7bcf9rvphTscTvGbzcMgbPajekhpump,0.000014900693350853212
2026-09-12 00:31:00.000 UTC,FFkYU2zSbcQ9s7bcf9rvphTscTvGbzcMgbPajekhpump,0.000014818107718177557
2026-09-12 00:41:00.000 UTC,FFkYU2zSbcQ9s7bcf9rvphTscTvGbzcMgbPajekhpump,0.000014819688449592686
2026-09-12 00:48:00.000 UTC,FFkYU2zSbcQ9s7bcf9rvphTscTvGbzcMgbPajekhpump,0.000014279061724059491
2026-09-12 00:56:00.000 UTC,FFkYU2zSbcQ9s7bcf9rvphTscTvGbzcMgbPajekhpump,0.0000142750663591823
2026-09-12 01:00:00.000 UTC,FFkYU2zSbcQ9s7bcf9rvphTscTvGbzcMgbPajekhpump,0.0000142751604
2026-09-12 01:08:00.000 UTC,FFkYU2zSbcQ9s7bcf9rvphTscTvGbzcMgbPajekhpump,0.0000142780441545
2026-09-12 01:31:00.000 UTC,FFkYU2zSbcQ9s7bcf9rvphTscTvGbzcMgbPajekhpump,0.000014297648796302636
2026-09-12 01:33:00.000 UTC,FFkYU2zSbcQ9s7bcf9rvphTscTvGbzcMgbPajekhpump,0.000014451207847326872
2026-09-12 01:34:00.000 UTC,FFkYU2zSbcQ9s7bcf9rvphTscTvGbzcMgbPajekhpump,0.000014696578496443382
2026-09-12 01:38:00.000 UTC,FFkYU2zSbcQ9s7bcf9rvphTscTvGbzcMgbPajekhpump,0.000014812050527798826
2026-09-12 01:43:00.000 UTC,FFkYU2zSbcQ9s7bcf9rvphTscTvGbzcMgbPajekhpump,0.000014849554760465115
2026-09-12 02:11:00.000 UTC,FFkYU2zSbcQ9s7bcf9rvphTscTvGbzcMgbPajekhpump,0.0000147300880285234
2026-09-12 02:29:00.000 UTC,FFkYU2zSbcQ9s7bcf9rvphTscTvGbzcMgbPajekhpump,0.000014726765966020726
2026-09-12 02:47:00.000 UTC,FFkYU2zSbcQ9s7bcf9rvphTscTvGbzcMgbPajekhpump,0.000014287477981480397
2026-09-12 02:50:00.000 UTC,FFkYU2zSbcQ9s7bcf9rvphTscTvGbzcMgbPajekhpump,0.000014353209458528294
2026-09-12 03:27:00.000 UTC,FFkYU2zSbcQ9s7bcf9rvphTscTvGbzcMgbPajekhpump,0.000014185347723999282
2026-09-12 03:58:00.000 UTC,FFkYU2zSbcQ9s7bcf9rvphTscTvGbzcMgbPajekhpump,0.000013910968129326866
2026-09-12 04:08:00.000 UTC,FFkYU2zSbcQ9s7bcf9rvphTscTvGbzcMgbPajekhpump,0.00001395345975635254
2026-09-12 04:16:00.000 UTC,FFkYU2zSbcQ9s7bcf9rvphTscTvGbzcMgbPajekhpump,0.000014002706817060938
2026-09-12 04:32:00.000 UTC,FFkYU2zSbcQ9s7bcf9rvphTscTvGbzcMgbPajekhpump,0.000014133548554112145
2026-09-12 04:47:00.000 UTC,FFkYU2zSbcQ9s7bcf9rvphTscTvGbzcMgbPajekhpump,0.000014209622387501475
2026-09-12 04:48:00.000 UTC,FFkYU2zSbcQ9s7bcf9rvphTscTvGbzcMgbPajekhpump,0.000014293838707393483
2026-09-12 04:50:00.000 UTC,FFkYU2zSbcQ9s7bcf9rvphTscTvGbzcMgbPajekhpump,0.000014354895581811519
2026-09-12 05:06:00.000 UTC,FFkYU2zSbcQ9s7bcf9rvphTscTvGbzcMgbPajekhpump,0.000014425538033589625
2026-09-12 05:12:00.000 UTC,FFkYU2zSbcQ9s7bcf9rvphTscTvGbzcMgbPajekhpump,0.000014475631515643018
2026-09-12 05:20:00.000 UTC,FFkYU2zSbcQ9s7bcf9rvphTscTvGbzcMgbPajekhpump,0.000014949474201783843
2026-09-12 05:21:00.000 UTC,FFkYU2zSbcQ9s7bcf9rvphTscTvGbzcMgbPajekhpump,0.00001541032927047827
2026-09-12 05:23:00.000 UTC,FFkYU2zSbcQ9s7bcf9rvphTscTvGbzcMgbPajekhpump,0.00001551871506386345
2026-09-12 05:24:00.000 UTC,FFkYU2zSbcQ9s7bcf9rvphTscTvGbzcMgbPajekhpump,0.000015522619376047736
2026-09-12 05:25:00.000 UTC,FFkYU2zSbcQ9s7bcf9rvphTscTvGbzcMgbPajekhpump,0.0000155151117674544
2026-09-12 05:39:00.000 UTC,FFkYU2zSbcQ9s7bcf9rvphTscTvGbzcMgbPajekhpump,0.000015280201317931326
2026-09-12 05:40:00.000 UTC,FFkYU2zSbcQ9s7bcf9rvphTscTvGbzcMgbPajekhpump,0.00001537275565922744
2026-09-12 05:45:00.000 UTC,FFkYU2zSbcQ9s7bcf9rvphTscTvGbzcMgbPajekhpump,0.000015410490506187225
2026-09-12 06:11:00.000 UTC,FFkYU2zSbcQ9s7bcf9rvphTscTvGbzcMgbPajekhpump,0.000015401330659313773
2026-09-12 06:17:00.000 UTC,FFkYU2zSbcQ9s7bcf9rvphTscTvGbzcMgbPajekhpump,0.000015146062415917868
2026-09-12 06:32:00.000 UTC,FFkYU2zSbcQ9s7bcf9rvphTscTvGbzcMgbPajekhpump,0.00001517029860692415
2026-09-12 06:39:00.000 UTC,FFkYU2zSbcQ9s7bcf9rvphTscTvGbzcMgbPajekhpump,0.000015952898554791373
2026-09-12 06:41:00.000 UTC,FFkYU2zSbcQ9s7bcf9rvphTscTvGbzcMgbPajekhpump,0.00001620740488535195
2026-09-12 06:58:00.000 UTC,FFkYU2zSbcQ9s7bcf9rvphTscTvGbzcMgbPajekhpump,0.000016222152469602365
2026-09-12 07:02:00.000 UTC,FFkYU2zSbcQ9s7bcf9rvphTscTvGbzcMgbPajekhpump,0.000016222934729485116
2026-09-12 07:06:00.000 UTC,FFkYU2zSbcQ9s7bcf9rvphTscTvGbzcMgbPajekhpump,0.00001644853587733699
2026-09-12 07:09:00.000 UTC,FFkYU2zSbcQ9s7bcf9rvphTscTvGbzcMgbPajekhpump,0.000016689085208132903
2026-09-12 07:10:00.000 UTC,FFkYU2zSbcQ9s7bcf9rvphTscTvGbzcMgbPajekhpump,0.00001675828936334896
2026-09-12 07:12:00.000 UTC,FFkYU2zSbcQ9s7bcf9rvphTscTvGbzcMgbPajekhpump,0.000016794301122312512
2026-09-12 08:29:00.000 UTC,FFkYU2zSbcQ9s7bcf9rvphTscTvGbzcMgbPajekhpump,0.000015541357730042934
2026-09-12 08:32:00.000 UTC,FFkYU2zSbcQ9s7bcf9rvphTscTvGbzcMgbPajekhpump,0.000015559656027574886
2026-09-12 08:35:00.000 UTC,FFkYU2zSbcQ9s7bcf9rvphTscTvGbzcMgbPajekhpump,0.000015568063031545262
2026-09-12 09:11:00.000 UTC,FFkYU2zSbcQ9s7bcf9rvphTscTvGbzcMgbPajekhpump,0.000015566437098096222
2026-09-12 09:17:00.000 UTC,FFkYU2zSbcQ9s7bcf9rvphTscTvGbzcMgbPajekhpump,0.000015584413449726687
2026-09-12 09:19:00.000 UTC,FFkYU2zSbcQ9s7bcf9rvphTscTvGbzcMgbPajekhpump,0.00001561175274197368
2026-09-12 09:23:00.000 UTC,FFkYU2zSbcQ9s7bcf9rvphTscTvGbzcMgbPajekhpump,0.00001564228209475715
2026-09-12 09:25:00.000 UTC,FFkYU2zSbcQ9s7bcf9rvphTscTvGbzcMgbPajekhpump,0.00001566932870083333
2026-09-12 09:31:00.000 UTC,FFkYU2zSbcQ9s7bcf9rvphTscTvGbzcMgbPajekhpump,0.00001569798650149812
2026-09-12 09:35:00.000 UTC,FFkYU2zSbcQ9s7bcf9rvphTscTvGbzcMgbPajekhpump,0.000015925897511069974
2026-09-12 09:50:00.000 UTC,FFkYU2zSbcQ9s7bcf9rvphTscTvGbzcMgbPajekhpump,0.00001617396970811964
2026-09-12 09:51:00.000 UTC,FFkYU2zSbcQ9s7bcf9rvphTscTvGbzcMgbPajekhpump,0.000016142118482109305
2026-09-12 09:53:00.000 UTC,FFkYU2zSbcQ9s7bcf9rvphTscTvGbzcMgbPajekhpump,0.000016185754724521714
2026-09-12 09:57:00.000 UTC,FFkYU2zSbcQ9s7bcf9rvphTscTvGbzcMgbPajekhpump,0.000016313177406284946
2026-09-12 10:12:00.000 UTC,FFkYU2zSbcQ9s7bcf9rvphTscTvGbzcMgbPajekhpump,0.000016376142841648954
2026-09-12 10:17:00.000 UTC,FFkYU2zSbcQ9s7bcf9rvphTscTvGbzcMgbPajekhpump,0.000016384422995415314
2026-09-12 10:20:00.000 UTC,FFkYU2zSbcQ9s7bcf9rvphTscTvGbzcMgbPajekhpump,0.000016416182702158022
2026-09-12 10:24:00.000 UTC,FFkYU2zSbcQ9s7bcf9rvphTscTvGbzcMgbPajekhpump,0.000016450457676558324
2026-09-12 10:29:00.000 UTC,FFkYU2zSbcQ9s7bcf9rvphTscTvGbzcMgbPajekhpump,0.000016461003347049028
2026-09-12 10:30:00.000 UTC,FFkYU2zSbcQ9s7bcf9rvphTscTvGbzcMgbPajekhpump,0.000016485908122447025
2026-09-12 11:08:00.000 UTC,FFkYU2zSbcQ9s7bcf9rvphTscTvGbzcMgbPajekhpump,0.000015816581811314505
2026-09-12 11:22:00.000 UTC,FFkYU2zSbcQ9s7bcf9rvphTscTvGbzcMgbPajekhpump,0.000015865410872840526
2026-09-12 12:05:00.000 UTC,FFkYU2zSbcQ9s7bcf9rvphTscTvGbzcMgbPajekhpump,0.00001610903095310411
2026-09-12 12:06:00.000 UTC,FFkYU2zSbcQ9s7bcf9rvphTscTvGbzcMgbPajekhpump,0.000016351615754358112
2026-09-12 12:22:00.000 UTC,FFkYU2zSbcQ9s7bcf9rvphTscTvGbzcMgbPajekhpump,0.000016370525560878065
2026-09-12 12:33:00.000 UTC,FFkYU2zSbcQ9s7bcf9rvphTscTvGbzcMgbPajekhpump,0.00001639936578286151
2026-09-12 14:47:00.000 UTC,FFkYU2zSbcQ9s7bcf9rvphTscTvGbzcMgbPajekhpump,0.000015983785226546958
2026-09-12 15:00:00.000 UTC,FFkYU2zSbcQ9s7bcf9rvphTscTvGbzcMgbPajekhpump,0.000015975310543259495
2026-09-12 15:08:00.000 UTC,FFkYU2zSbcQ9s7bcf9rvphTscTvGbzcMgbPajekhpump,0.00001598189470671369
2026-09-12 15:46:00.000 UTC,FFkYU2zSbcQ9s7bcf9rvphTscTvGbzcMgbPajekhpump,0.000016023346812610662
2026-09-12 15:47:00.000 UTC,FFkYU2zSbcQ9s7bcf9rvphTscTvGbzcMgbPajekhpump,0.00001612468942933595
2026-09-12 16:06:00.000 UTC,FFkYU2zSbcQ9s7bcf9rvphTscTvGbzcMgbPajekhpump,0.00001571443301298441
2026-09-12 16:11:00.000 UTC,FFkYU2zSbcQ9s7bcf9rvphTscTvGbzcMgbPajekhpump,0.000015710269354834295
2026-09-12 16:52:00.000 UTC,FFkYU2zSbcQ9s7bcf9rvphTscTvGbzcMgbPajekhpump,0.000015713112985278543
2026-09-12 17:05:00.000 UTC,FFkYU2zSbcQ9s7bcf9rvphTscTvGbzcMgbPajekhpump,0.000014839810299094153
2026-09-12 17:06:00.000 UTC,FFkYU2zSbcQ9s7bcf9rvphTscTvGbzcMgbPajekhpump,0.000014864675487695984
2026-09-12 17:27:00.000 UTC,FFkYU2zSbcQ9s7bcf9rvphTscTvGbzcMgbPajekhpump,0.00001355308693470966
2026-09-12 17:48:00.000 UTC,FFkYU2zSbcQ9s7bcf9rvphTscTvGbzcMgbPajekhpump,0.000013548647007133486
2026-09-12 17:50:00.000 UTC,FFkYU2zSbcQ9s7bcf9rvphTscTvGbzcMgbPajekhpump,0.000013581515755694447
2026-09-12 18:22:00.000 UTC,FFkYU2zSbcQ9s7bcf9rvphTscTvGbzcMgbPajekhpump,0.000013573848900620973
2026-09-12 18:30:00.000 UTC,FFkYU2zSbcQ9s7bcf9rvphTscTvGbzcMgbPajekhpump,0.000011771426710623434
2026-09-12 18:31:00.000 UTC,FFkYU2zSbcQ9s7bcf9rvphTscTvGbzcMgbPajekhpump,0.000011291878974670662
2026-09-12 18:32:00.000 UTC,FFkYU2zSbcQ9s7bcf9rvphTscTvGbzcMgbPajekhpump,0.000011342285884782497
2026-09-12 18:42:00.000 UTC,FFkYU2zSbcQ9s7bcf9rvphTscTvGbzcMgbPajekhpump,0.000011401457662730226
2026-09-12 19:38:00.000 UTC,FFkYU2zSbcQ9s7bcf9rvphTscTvGbzcMgbPajekhpump,0.0000102731924710949
2026-09-12 19:45:00.000 UTC,FFkYU2zSbcQ9s7bcf9rvphTscTvGbzcMgbPajekhpump,0.000010243526342636346
2026-09-12 20:07:00.000 UTC,FFkYU2zSbcQ9s7bcf9rvphTscTvGbzcMgbPajekhpump,0.000009718155972198809
2026-09-12 20:50:00.000 UTC,FFkYU2zSbcQ9s7bcf9rvphTscTvGbzcMgbPajekhpump,0.000009728044611375508
2026-09-12 21:06:00.000 UTC,FFkYU2zSbcQ9s7bcf9rvphTscTvGbzcMgbPajekhpump,0.000010444443529743
2026-09-12 21:08:00.000 UTC,FFkYU2zSbcQ9s7bcf9rvphTscTvGbzcMgbPajekhpump,0.000011237316175176194
2026-09-12 21:19:00.000 UTC,FFkYU2zSbcQ9s7bcf9rvphTscTvGbzcMgbPajekhpump,0.000011254970165432876
2026-09-12 21:56:00.000 UTC,FFkYU2zSbcQ9s7bcf9rvphTscTvGbzcMgbPajekhpump,0.000011264786858299086
2026-09-12 22:17:00.000 UTC,FFkYU2zSbcQ9s7bcf9rvphTscTvGbzcMgbPajekhpump,0.000011234091276345707
2026-09-12 22:22:00.000 UTC,FFkYU2zSbcQ9s7bcf9rvphTscTvGbzcMgbPajekhpump,0.000011264102954361734
2026-09-12 22:25:00.000 UTC,FFkYU2zSbcQ9s7bcf9rvphTscTvGbzcMgbPajekhpump,0.000011275872369344029
2026-09-12 22:36:00.000 UTC,FFkYU2zSbcQ9s7bcf9rvphTscTvGbzcMgbPajekhpump,0.00001124634028132668
2026-09-12 22:40:00.000 UTC,FFkYU2zSbcQ9s7bcf9rvphTscTvGbzcMgbPajekhpump,0.00001126821169027096
2026-09-12 22:43:00.000 UTC,FFkYU2zSbcQ9s7bcf9rvphTscTvGbzcMgbPajekhpump,0.000011277164576865357
2026-09-12 22:44:00.000 UTC,FFkYU2zSbcQ9s7bcf9rvphTscTvGbzcMgbPajekhpump,0.000011298586699360904
2026-09-12 22:45:00.000 UTC,FFkYU2zSbcQ9s7bcf9rvphTscTvGbzcMgbPajekhpump,0.00001133813584017976
2026-09-12 22:49:00.000 UTC,FFkYU2zSbcQ9s7bcf9rvphTscTvGbzcMgbPajekhpump,0.00001107699792082674
2026-09-12 23:02:00.000 UTC,FFkYU2zSbcQ9s7bcf9rvphTscTvGbzcMgbPajekhpump,0.00001102196054857272
2026-09-12 23:41:00.000 UTC,FFkYU2zSbcQ9s7bcf9rvphTscTvGbzcMgbPajekhpump,0.000011070243344336375
2026-09-13 00:05:00.000 UTC,FFkYU2zSbcQ9s7bcf9rvphTscTvGbzcMgbPajekhpump,0.00001083152602850421
2026-09-13 00:33:00.000 UTC,FFkYU2zSbcQ9s7bcf9rvphTscTvGbzcMgbPajekhpump,0.000010819826243371948
2026-09-13 00:42:00.000 UTC,FFkYU2zSbcQ9s7bcf9rvphTscTvGbzcMgbPajekhpump,0.000010931927525319302
2026-09-13 00:56:00.000 UTC,FFkYU2zSbcQ9s7bcf9rvphTscTvGbzcMgbPajekhpump,0.000011046666913482925
2026-09-13 01:32:00.000 UTC,FFkYU2zSbcQ9s7bcf9rvphTscTvGbzcMgbPajekhpump,0.00001100944982977653
2026-09-13 01:44:00.000 UTC,FFkYU2zSbcQ9s7bcf9rvphTscTvGbzcMgbPajekhpump,0.000011005770072105013
2026-09-13 02:00:00.000 UTC,FFkYU2zSbcQ9s7bcf9rvphTscTvGbzcMgbPajekhpump,0.000011178434654467024
2026-09-13 02:06:00.000 UTC,FFkYU2zSbcQ9s7bcf9rvphTscTvGbzcMgbPajekhpump,0.000011216438507734409
2026-09-13 02:15:00.000 UTC,FFkYU2zSbcQ9s7bcf9rvphTscTvGbzcMgbPajekhpump,0.000011060886704100186
2026-09-13 02:29:00.000 UTC,FFkYU2zSbcQ9s7bcf9rvphTscTvGbzcMgbPajekhpump,0.000010765974895374822
2026-09-13 02:35:00.000 UTC,FFkYU2zSbcQ9s7bcf9rvphTscTvGbzcMgbPajekhpump,0.000010754113221900438
2026-09-13 02:57:00.000 UTC,FFkYU2zSbcQ9s7bcf9rvphTscTvGbzcMgbPajekhpump,0.000010559203575164367
2026-09-13 03:08:00.000 UTC,FFkYU2zSbcQ9s7bcf9rvphTscTvGbzcMgbPajekhpump,0.000010557128791262378
2026-09-13 03:15:00.000 UTC,FFkYU2zSbcQ9s7bcf9rvphTscTvGbzcMgbPajekhpump,0.000010558470022098688
2026-09-13 03:18:00.000 UTC,FFkYU2zSbcQ9s7bcf9rvphTscTvGbzcMgbPajekhpump,0.000010559925047840658
2026-09-13 03:39:00.000 UTC,FFkYU2zSbcQ9s7bcf9rvphTscTvGbzcMgbPajekhpump,0.000010551633550481333
2026-09-13 04:33:00.000 UTC,FFkYU2zSbcQ9s7bcf9rvphTscTvGbzcMgbPajekhpump,0.000010443237315446968
2026-09-13 06:00:00.000 UTC,FFkYU2zSbcQ9s7bcf9rvphTscTvGbzcMgbPajekhpump,0.000010435706139035704
2026-09-13 06:59:00.000 UTC,FFkYU2zSbcQ9s7bcf9rvphTscTvGbzcMgbPajekhpump,0.000010384724321404856
2026-09-13 07:41:00.000 UTC,FFkYU2zSbcQ9s7bcf9rvphTscTvGbzcMgbPajekhpump,0.000010355882284892128
2026-09-13 07:42:00.000 UTC,FFkYU2zSbcQ9s7bcf9rvphTscTvGbzcMgbPajekhpump,0.00001038818076069189
2026-09-13 08:23:00.000 UTC,FFkYU2zSbcQ9s7bcf9rvphTscTvGbzcMgbPajekhpump,0.000010466143061604885
2026-09-13 10:13:00.000 UTC,FFkYU2zSbcQ9s7bcf9rvphTscTvGbzcMgbPajekhpump,0.000010264559147733642
2026-09-13 10:33:00.000 UTC,FFkYU2zSbcQ9s7bcf9rvphTscTvGbzcMgbPajekhpump,0.000010264772830363775
2026-09-13 10:56:00.000 UTC,FFkYU2zSbcQ9s7bcf9rvphTscTvGbzcMgbPajekhpump,0.00001036856347633101
2026-09-13 11:03:00.000 UTC,FFkYU2zSbcQ9s7bcf9rvphTscTvGbzcMgbPajekhpump,0.000010922942824503233
2026-09-13 12:04:00.000 UTC,FFkYU2zSbcQ9s7bcf9rvphTscTvGbzcMgbPajekhpump,0.000011060185515643489
2026-09-13 12:24:00.000 UTC,FFkYU2zSbcQ9s7bcf9rvphTscTvGbzcMgbPajekhpump,0.000010595038380873755
2026-09-13 12:42:00.000 UTC,FFkYU2zSbcQ9s7bcf9rvphTscTvGbzcMgbPajekhpump,0.000010582965101686208
2026-09-13 13:33:00.000 UTC,FFkYU2zSbcQ9s7bcf9rvphTscTvGbzcMgbPajekhpump,0.000010586252174786146
2026-09-13 19:29:00.000 UTC,FFkYU2zSbcQ9s7bcf9rvphTscTvGbzcMgbPajekhpump,0.000009786567135330837
2026-09-13 20:07:00.000 UTC,FFkYU2zSbcQ9s7bcf9rvphTscTvGbzcMgbPajekhpump,0.000009806498763251436
2026-09-13 20:26:00.000 UTC,FFkYU2zSbcQ9s7bcf9rvphTscTvGbzcMgbPajekhpump,0.000009892592027054192
2026-09-13 21:09:00.000 UTC,FFkYU2zSbcQ9s7bcf9rvphTscTvGbzcMgbPajekhpump,0.000009903115875051565
2026-09-13 23:43:00.000 UTC,FFkYU2zSbcQ9s7bcf9rvphTscTvGbzcMgbPajekhpump,0.000009720431904663655
2026-09-09 11:44:00.000 UTC,FGMsKjEhLBBtLeUNMwk8scTUTnjGDSGNnkUBdmKppump,0.000013046113851779944
2026-09-09 11:45:00.000 UTC,FGMsKjEhLBBtLeUNMwk8scTUTnjGDSGNnkUBdmKppump,0.000032288843741200096
2026-09-09 11:46:00.000 UTC,FGMsKjEhLBBtLeUNMwk8scTUTnjGDSGNnkUBdmKppump,0.00003751502511578634
2026-09-09 11:47:00.000 UTC,FGMsKjEhLBBtLeUNMwk8scTUTnjGDSGNnkUBdmKppump,0.00003750923984549497
2026-09-09 11:48:00.000 UTC,FGMsKjEhLBBtLeUNMwk8scTUTnjGDSGNnkUBdmKppump,0.00003753274544130646
2026-09-09 11:49:00.000 UTC,FGMsKjEhLBBtLeUNMwk8scTUTnjGDSGNnkUBdmKppump,0.00003752654407899148
2026-09-09 11:50:00.000 UTC,FGMsKjEhLBBtLeUNMwk8scTUTnjGDSGNnkUBdmKppump,0.00003757973408002166
2026-09-09 11:51:00.000 UTC,FGMsKjEhLBBtLeUNMwk8scTUTnjGDSGNnkUBdmKppump,0.000037574879891834574
2026-09-09 11:52:00.000 UTC,FGMsKjEhLBBtLeUNMwk8scTUTnjGDSGNnkUBdmKppump,0.00003757853353629195
2026-09-09 11:53:00.000 UTC,FGMsKjEhLBBtLeUNMwk8scTUTnjGDSGNnkUBdmKppump,0.00003809518057213098
2026-09-09 11:54:00.000 UTC,FGMsKjEhLBBtLeUNMwk8scTUTnjGDSGNnkUBdmKppump,0.00006862151873729928
2026-09-09 11:55:00.000 UTC,FGMsKjEhLBBtLeUNMwk8scTUTnjGDSGNnkUBdmKppump,0.00009266801104980667
2026-09-09 11:56:00.000 UTC,FGMsKjEhLBBtLeUNMwk8scTUTnjGDSGNnkUBdmKppump,0.00009265051930134143
2026-08-23 16:29:00.000 UTC,FHBJWs863v9wqpmuhjGbBrwzUXnHHPGbX8343n1Upump,0.000002669169174766553
2026-08-23 16:30:00.000 UTC,FHBJWs863v9wqpmuhjGbBrwzUXnHHPGbX8343n1Upump,0.0000026732756030349647
2026-08-23 16:31:00.000 UTC,FHBJWs863v9wqpmuhjGbBrwzUXnHHPGbX8343n1Upump,0.0000026774647002347082
2026-08-23 16:34:00.000 UTC,FHBJWs863v9wqpmuhjGbBrwzUXnHHPGbX8343n1Upump,0.0000026801034207318687
2026-08-23 16:35:00.000 UTC,FHBJWs863v9wqpmuhjGbBrwzUXnHHPGbX8343n1Upump,0.000002688141230534153
2026-08-23 16:36:00.000 UTC,FHBJWs863v9wqpmuhjGbBrwzUXnHHPGbX8343n1Upump,0.0000026896953276935717
2026-08-16 02:15:00.000 UTC,FHU3GqUJDAuZ4bPqMcBgm5g4ywRAdXt85rkRKegApump,0.000002109964023884923
2026-08-16 02:16:00.000 UTC,FHU3GqUJDAuZ4bPqMcBgm5g4ywRAdXt85rkRKegApump,0.0000021174511229348597
2026-09-09 01:03:00.000 UTC,FJT4iq2zRNkuZHa5MQCdhpCXwteBKj42HeJT8VYVpump,0.000005012988920527037
2026-09-09 01:04:00.000 UTC,FJT4iq2zRNkuZHa5MQCdhpCXwteBKj42HeJT8VYVpump,0.0000036044544960363107
2026-09-09 19:39:00.000 UTC,FJT4iq2zRNkuZHa5MQCdhpCXwteBKj42HeJT8VYVpump,0.0000028846267842097263
2026-08-26 01:20:00.000 UTC,FM5Rr5c8q3ZgZdxUyroAxqJEEZd6EUSoJgThskyppump,0.0000027170579512732234
2026-09-02 01:10:00.000 UTC,FMUCTT5TnLc8E6PBBZHohD4b7cFH31FrPd4cQESGpump,0.000002786298099814034
2026-08-26 23:04:00.000 UTC,FNV3GLMRWwJNkKLzKsXfvhZAdWP3sfHNipdA4ZWgRJsB,0.0000034326533433167366
2026-08-30 23:05:00.000 UTC,FPq3yr69af43nuEGM83VRZ1BaMdkE4kzFw4SVx6kpump,0.0000033601118728472194
2026-08-30 23:06:00.000 UTC,FPq3yr69af43nuEGM83VRZ1BaMdkE4kzFw4SVx6kpump,0.0000034932924966513844
2026-09-01 18:45:00.000 UTC,FPq3yr69af43nuEGM83VRZ1BaMdkE4kzFw4SVx6kpump,0.0000027581548653491345
2026-09-01 18:46:00.000 UTC,FPq3yr69af43nuEGM83VRZ1BaMdkE4kzFw4SVx6kpump,0.0000027581548515545084
2026-09-01 18:53:00.000 UTC,FPq3yr69af43nuEGM83VRZ1BaMdkE4kzFw4SVx6kpump,0.0000027645854478496245
2026-08-22 19:46:00.000 UTC,FPxeYjVcAtkuXswuhZSZRkANUTdfzLHaQhAChmZtpump,0.0000026547529695609933
2026-08-22 19:47:00.000 UTC,FPxeYjVcAtkuXswuhZSZRkANUTdfzLHaQhAChmZtpump,0.000002655034870831971
2026-09-01 17:45:00.000 UTC,FQxMnCjm8zYGBcPRdCEFY7GBbBhShL7y6mKqKYCWpump,0.0000040421861508845505
2026-09-01 17:46:00.000 UTC,FQxMnCjm8zYGBcPRdCEFY7GBbBhShL7y6mKqKYCWpump,0.0000029052092615118554
2024-07-17 08:25:00.000 UTC,FRG6c7KTBgzzjTqgJm4GoQRXaRZay32AqwAWp1DLop7K,0.000005058175128284477
2026-08-16 16:31:00.000 UTC,FRG6c7KTBgzzjTqgJm4GoQRXaRZay32AqwAWp1DLop7K,0.0000022572441542278426
2026-09-07 02:43:00.000 UTC,FSeCeSy78g6ivSmjDZQTNHwUJpA1StsQP8AxuidFgJPH,0.000006178710711617747
2026-09-07 02:44:00.000 UTC,FSeCeSy78g6ivSmjDZQTNHwUJpA1StsQP8AxuidFgJPH,0.000006922017005535246
2026-09-07 02:45:00.000 UTC,FSeCeSy78g6ivSmjDZQTNHwUJpA1StsQP8AxuidFgJPH,0.000003972219542217454
2026-09-07 02:47:00.000 UTC,FSeCeSy78g6ivSmjDZQTNHwUJpA1StsQP8AxuidFgJPH,0.0000036935149929541733
2026-08-16 21:26:00.000 UTC,FU2sZoFenXDDfKCBBrXsvhT4Bop5r3uxq1JthunNpump,0.000002112710090965745
2026-08-19 16:33:00.000 UTC,FUjd6vWDUMxEKv4UHqXB8nyBK6SigCQxZxCVRoiFdCfS,0.000003319353365472285
2026-08-19 16:34:00.000 UTC,FUjd6vWDUMxEKv4UHqXB8nyBK6SigCQxZxCVRoiFdCfS,0.0000027501512245785943
2026-08-30 17:50:00.000 UTC,FV6Y6kVeK2i28Ker13AtsTkAf9RhiKc3gp81k6Gwpump,0.000004234594249723848
2026-09-08 20:38:00.000 UTC,FVRnkgXSU7VRjVcANEFzeRd4fTohMVBEgwpKjKozpump,0.0000029498302907770766
2026-08-23 03:39:00.000 UTC,FVfh38ZB8LmJmfLunuUGzVKPqNLv5aVc6iK8BFgMBRbD,0.00000262225748765042
2026-09-01 00:23:00.000 UTC,FVp6syAin9NZ49ibojrx5FrUf3fKt7yGg581Wh9Upump,0.000007087232813565263
2026-09-01 00:24:00.000 UTC,FVp6syAin9NZ49ibojrx5FrUf3fKt7yGg581Wh9Upump,0.000008792874181490193
2026-09-01 00:25:00.000 UTC,FVp6syAin9NZ49ibojrx5FrUf3fKt7yGg581Wh9Upump,0.00000871072356746447
2026-09-01 00:26:00.000 UTC,FVp6syAin9NZ49ibojrx5FrUf3fKt7yGg581Wh9Upump,0.000008895390068177012
2026-09-01 00:27:00.000 UTC,FVp6syAin9NZ49ibojrx5FrUf3fKt7yGg581Wh9Upump,0.000003003761320455898
2026-09-02 05:41:00.000 UTC,FVp6syAin9NZ49ibojrx5FrUf3fKt7yGg581Wh9Upump,0.000002896740482045758
2026-09-06 12:26:00.000 UTC,FVs1cVbUWCSaaoVqK69aWP8PxeVxPDuo8WdLxPDVpump,0.0000029956411899459643
2026-09-06 12:38:00.000 UTC,FVs1cVbUWCSaaoVqK69aWP8PxeVxPDuo8WdLxPDVpump,0.000003005279644756142
2026-09-06 12:40:00.000 UTC,FVs1cVbUWCSaaoVqK69aWP8PxeVxPDuo8WdLxPDVpump,0.0000030147305490070116
2026-09-06 12:43:00.000 UTC,FVs1cVbUWCSaaoVqK69aWP8PxeVxPDuo8WdLxPDVpump,0.0000030165793710187955
2026-09-06 12:46:00.000 UTC,FVs1cVbUWCSaaoVqK69aWP8PxeVxPDuo8WdLxPDVpump,0.000003021249309401123
2026-09-06 12:49:00.000 UTC,FVs1cVbUWCSaaoVqK69aWP8PxeVxPDuo8WdLxPDVpump,0.0000030231005308901765
2026-08-16 20:30:00.000 UTC,FWC4jbqCTbAsWuZRHv3qMWUkvDHtVrenyojkuq8HPVtN,0.000005073861795015784
2026-08-16 20:31:00.000 UTC,FWC4jbqCTbAsWuZRHv3qMWUkvDHtVrenyojkuq8HPVtN,0.000003141708634996931
2026-05-29 02:47:00.000 UTC,FYGeDEhLmqh69vbx1MSpWJi5v9rzZSaJSa9tgwtVpump,0.000002563806121669195
2026-05-29 02:48:00.000 UTC,FYGeDEhLmqh69vbx1MSpWJi5v9rzZSaJSa9tgwtVpump,0.0000014741234472278055
2026-05-31 00:48:00.000 UTC,FYGeDEhLmqh69vbx1MSpWJi5v9rzZSaJSa9tgwtVpump,4.862889742127306e-7
2026-05-31 00:50:00.000 UTC,FYGeDEhLmqh69vbx1MSpWJi5v9rzZSaJSa9tgwtVpump,4.887789456760306e-7
2026-08-27 09:43:00.000 UTC,FYGeDEhLmqh69vbx1MSpWJi5v9rzZSaJSa9tgwtVpump,6.16050658692597e-7
2026-08-21 17:50:00.000 UTC,FYKfyHN7gZgnkuC6EcLYBTL6oVUH1f5uBt7yRatEpump,0.0000036588756996793135
2026-08-21 17:51:00.000 UTC,FYKfyHN7gZgnkuC6EcLYBTL6oVUH1f5uBt7yRatEpump,0.000004579642107035427
2026-08-21 17:52:00.000 UTC,FYKfyHN7gZgnkuC6EcLYBTL6oVUH1f5uBt7yRatEpump,0.0000070413923506887
2026-08-21 17:53:00.000 UTC,FYKfyHN7gZgnkuC6EcLYBTL6oVUH1f5uBt7yRatEpump,0.0000050957382971505555
2026-08-21 17:54:00.000 UTC,FYKfyHN7gZgnkuC6EcLYBTL6oVUH1f5uBt7yRatEpump,0.000004386106755015298
2026-08-21 17:55:00.000 UTC,FYKfyHN7gZgnkuC6EcLYBTL6oVUH1f5uBt7yRatEpump,0.000004667957628785858
2026-08-21 17:56:00.000 UTC,FYKfyHN7gZgnkuC6EcLYBTL6oVUH1f5uBt7yRatEpump,0.00000423366965594681
2026-08-21 17:57:00.000 UTC,FYKfyHN7gZgnkuC6EcLYBTL6oVUH1f5uBt7yRatEpump,0.000004290830258974243
2026-08-21 17:58:00.000 UTC,FYKfyHN7gZgnkuC6EcLYBTL6oVUH1f5uBt7yRatEpump,0.0000028641372340393227
2026-08-21 18:03:00.000 UTC,FYKfyHN7gZgnkuC6EcLYBTL6oVUH1f5uBt7yRatEpump,0.000002584557178286241
2026-08-27 11:45:00.000 UTC,FZ3rbu6bfSMRkymFEJ6XK5C8Z7ADC3jiaz1E9n2qpump,0.0000029064342497819498
2026-08-22 15:24:00.000 UTC,FaSeWDh8y2fRMyAZNTFkLaY4XWXrMGjZ1zqugzrRpump,0.000002670155216866516
2026-08-22 15:27:00.000 UTC,FaSeWDh8y2fRMyAZNTFkLaY4XWXrMGjZ1zqugzrRpump,0.000002658469098105208
2026-08-22 15:30:00.000 UTC,FaSeWDh8y2fRMyAZNTFkLaY4XWXrMGjZ1zqugzrRpump,0.0000026543406284097155
2026-09-11 14:11:00.000 UTC,FaxxDKTbEowYSh5s4FmBagRDVp4tb5uDy8Qh4XjFpump,0.0000033291573167873688
2026-09-11 14:15:00.000 UTC,FaxxDKTbEowYSh5s4FmBagRDVp4tb5uDy8Qh4XjFpump,0.0000029486956538826905
2026-09-11 14:18:00.000 UTC,FaxxDKTbEowYSh5s4FmBagRDVp4tb5uDy8Qh4XjFpump,0.0000031457598106293194
2026-09-11 14:22:00.000 UTC,FaxxDKTbEowYSh5s4FmBagRDVp4tb5uDy8Qh4XjFpump,0.0000029452787321084362
2026-09-11 14:25:00.000 UTC,FaxxDKTbEowYSh5s4FmBagRDVp4tb5uDy8Qh4XjFpump,0.0000029430347262731215
2026-09-11 15:01:00.000 UTC,FaxxDKTbEowYSh5s4FmBagRDVp4tb5uDy8Qh4XjFpump,0.0000029383254974479177
2026-09-11 15:12:00.000 UTC,FaxxDKTbEowYSh5s4FmBagRDVp4tb5uDy8Qh4XjFpump,0.0000029037247426339394
2026-09-06 03:26:00.000 UTC,FbEGcXzQEjbY2yJXeKGgw8YYP6vJqnMjZpdwtCUEpump,0.0000031367028004543412
2026-09-06 03:27:00.000 UTC,FbEGcXzQEjbY2yJXeKGgw8YYP6vJqnMjZpdwtCUEpump,0.0000016363832699034336
2026-08-27 04:59:00.000 UTC,FbWjTi323YPRpiD666udzkQhd2mZojGxSHUQAgTspump,0.0000030200010669760337
2026-08-20 23:10:00.000 UTC,FbdnwimMuGNgn4ZUoiGssc9AgHQ7gpCNfrRvWe5kpump,0.000002442021355717226
2026-09-04 14:44:00.000 UTC,Fbikb6XPZpsaaBGM8AVnu7ytUAEapxwBdbhGLsaQpump,0.000002262540813250894
2026-09-04 14:45:00.000 UTC,Fbikb6XPZpsaaBGM8AVnu7ytUAEapxwBdbhGLsaQpump,0.0000032603876298400636
2026-09-04 14:46:00.000 UTC,Fbikb6XPZpsaaBGM8AVnu7ytUAEapxwBdbhGLsaQpump,0.000004401360274246898
2026-08-31 20:12:00.000 UTC,FbjqQ61yJ4aPVo7ZQkC462TQEctRjepVsAWiQjBbpump,0.0000030718866525405934
2026-08-31 20:13:00.000 UTC,FbjqQ61yJ4aPVo7ZQkC462TQEctRjepVsAWiQjBbpump,0.000002995952456798491
2024-06-30 12:57:00.000 UTC,FcqLY1yDmuNFBDM1zbLbnwDfe8echUjRT9bzQMUDpump,0.0000043663536652619765
2024-06-30 12:58:00.000 UTC,FcqLY1yDmuNFBDM1zbLbnwDfe8echUjRT9bzQMUDpump,0.000004413289161916058
2026-08-20 09:08:00.000 UTC,FcqLY1yDmuNFBDM1zbLbnwDfe8echUjRT9bzQMUDpump,0.000002522052847251463
2026-08-21 04:00:00.000 UTC,FcqLY1yDmuNFBDM1zbLbnwDfe8echUjRT9bzQMUDpump,0.0000025734467118806694
2026-08-20 03:21:00.000 UTC,FfCXTupCHFmaTaMZFNwyJT3SZiumm8zbF8p8MvWLpump,0.0000029161257438024034
2026-08-23 19:12:00.000 UTC,FfnWUxjWVcLpWTESiWVduXNPVsfn3vjUyq5n5g2Vpump,0.000002746085740913363
2026-09-04 12:13:00.000 UTC,FfszUKNbeGUpJVhXyn5gWSjL7GhjAnSGoYVxLBbGpump,0.000005847338085241678
2026-08-15 08:02:00.000 UTC,FiG54Gogh1eBvpfjKzwNrXhdHLi5hgXV2UYyeCM5pump,0.000003553257462348712
2026-08-16 13:58:00.000 UTC,FiG54Gogh1eBvpfjKzwNrXhdHLi5hgXV2UYyeCM5pump,0.000002104769037301651
2026-08-16 18:06:00.000 UTC,FiG54Gogh1eBvpfjKzwNrXhdHLi5hgXV2UYyeCM5pump,0.000002102244611456164
2026-08-16 15:04:00.000 UTC,Fjhf3AjDXR67MJn6NAm26UbzLBBeypfHfg4CyBBfpump,0.0000021236986641336744
2026-08-27 15:19:00.000 UTC,FmRzTwuTbT7KMRdJL51mVNUjEpBtiuQNGXf2DAWXpump,0.0000030031009690867795
2026-08-22 23:40:00.000 UTC,FojzUDV7EaoTXk4BeDPtNTyLVb7waVAY4qRdz4Unpump,0.0000027701267474371275
2026-09-04 21:26:00.000 UTC,FrB13cEN83YsqD4nzTC9jBj4xGKkhTntQD3NDxu9pump,0.0000028409689175620985
2026-09-04 21:27:00.000 UTC,FrB13cEN83YsqD4nzTC9jBj4xGKkhTntQD3NDxu9pump,0.0000065376568286619425
2026-08-15 23:21:00.000 UTC,Ft6gTHXeeGxb1RGfeagNLU5fFZDiEcArxJXgfveqpump,0.000002858500545590384
2026-08-28 13:25:00.000 UTC,FtSQg7ZPAUMmrNd4BDSbZm6BePFMe6TVr1LyT7SEpump,0.000003365185201873399
2026-08-28 13:26:00.000 UTC,FtSQg7ZPAUMmrNd4BDSbZm6BePFMe6TVr1LyT7SEpump,0.000003587295561628775
2026-08-28 13:32:00.000 UTC,FtSQg7ZPAUMmrNd4BDSbZm6BePFMe6TVr1LyT7SEpump,0.0000037786737555516883
2026-08-28 13:42:00.000 UTC,FtSQg7ZPAUMmrNd4BDSbZm6BePFMe6TVr1LyT7SEpump,0.000004145828250902947
2026-08-28 13:45:00.000 UTC,FtSQg7ZPAUMmrNd4BDSbZm6BePFMe6TVr1LyT7SEpump,0.0000043172199932505125
2026-09-06 06:44:00.000 UTC,FubiSnBJC4aB5DHryEG1979vwuraBbXyon1TfS6opump,0.000003001777466077941
2026-09-06 06:46:00.000 UTC,FubiSnBJC4aB5DHryEG1979vwuraBbXyon1TfS6opump,0.000003000667996444431
2026-09-06 06:50:00.000 UTC,FubiSnBJC4aB5DHryEG1979vwuraBbXyon1TfS6opump,0.0000031009404229864467
2026-08-25 12:02:00.000 UTC,FvVFj3e74djWBiejRivVKdZz5LvbrBDjwVz6tSonpump,0.000003036865632398131
2026-08-25 12:03:00.000 UTC,FvVFj3e74djWBiejRivVKdZz5LvbrBDjwVz6tSonpump,0.0000027647653103764387
2026-08-24 14:48:00.000 UTC,Fw7HNYnKLatkg5VgzvddUhWAN4MMQhdUCea12aTux892,0.000002959600981113257
2026-09-01 04:08:00.000 UTC,Fy336qNpqap6eXbA1ZRF5AgXL6ejh5u1ziDqJtMQpump,0.000005825265133297361
2026-09-01 04:09:00.000 UTC,Fy336qNpqap6eXbA1ZRF5AgXL6ejh5u1ziDqJtMQpump,0.000004971723222283593
2026-09-01 12:17:00.000 UTC,Fy336qNpqap6eXbA1ZRF5AgXL6ejh5u1ziDqJtMQpump,2.317054454337602e-7
2026-09-01 12:18:00.000 UTC,Fy336qNpqap6eXbA1ZRF5AgXL6ejh5u1ziDqJtMQpump,1.847007646170688e-7
2026-09-01 12:19:00.000 UTC,Fy336qNpqap6eXbA1ZRF5AgXL6ejh5u1ziDqJtMQpump,1.5813912066419432e-7
2026-08-31 08:02:00.000 UTC,Fymq1BzBnsJe4kJycpanJ5hErFzEUNarKAoc3PWHpump,0.0000034345591783890342
2026-08-31 08:03:00.000 UTC,Fymq1BzBnsJe4kJycpanJ5hErFzEUNarKAoc3PWHpump,0.0000029748880510431513
2026-08-24 17:03:00.000 UTC,G1TWTDm7gErSET4V45j4LH459R56FAufkx88WzBFpump,0.0000030668571742225377
2026-09-06 20:23:00.000 UTC,G1ku5bjDChmJPrC2KAdWLKoWQHgTeiJuzFobJVfdpump,0.00000296937696305237
2026-08-26 23:48:00.000 UTC,G2Pat9mGV4W2K4ZTmiqfhdj6EZg9Jg3BvhZ6niQzpump,0.00000459815807746551
2026-08-21 16:55:00.000 UTC,G5NK5HZaujxoYvBRcqSA2TjbWiKQ7rqWFZstJj6gpump,0.0000025642063033298237
2026-09-05 21:07:00.000 UTC,G5cnpvBbyqZ849ZVx3GaVjtE6i38sAttRiwenVXGpump,0.0000028899895275184
2026-09-05 21:08:00.000 UTC,G5cnpvBbyqZ849ZVx3GaVjtE6i38sAttRiwenVXGpump,0.000002902598880535917
2026-09-03 14:49:00.000 UTC,G5g7RM6zmVC5E2PSz9ZVkbdA5uj6tYB75dU2pbtgpump,0.000003541474370954614
2026-09-12 17:32:00.000 UTC,GB16b2AqeArxpMU9BKuc9uQPikDGSaJWVQMuUs4Kpump,0.000002859063330189096
2026-09-12 17:33:00.000 UTC,GB16b2AqeArxpMU9BKuc9uQPikDGSaJWVQMuUs4Kpump,0.000002863297848670223
2026-08-27 17:56:00.000 UTC,GBE2rkDxG1PwZwoQ3TNsW4oYhZuANH8B19rvfi5opump,0.0000028740190312480507
2026-08-27 17:57:00.000 UTC,GBE2rkDxG1PwZwoQ3TNsW4oYhZuANH8B19rvfi5opump,0.000004640990086084608
2026-09-08 22:53:00.000 UTC,GBFV3r5CAYsip7KmyexaEtFZVB6vWsXCDaCJjQcnKVqD,0.000004664299149814763
2026-09-08 22:54:00.000 UTC,GBFV3r5CAYsip7KmyexaEtFZVB6vWsXCDaCJjQcnKVqD,0.000005737060470928989
2026-09-08 22:55:00.000 UTC,GBFV3r5CAYsip7KmyexaEtFZVB6vWsXCDaCJjQcnKVqD,0.00000544057212329542
2026-09-08 23:47:00.000 UTC,GBFV3r5CAYsip7KmyexaEtFZVB6vWsXCDaCJjQcnKVqD,0.0000029851838110684153
2026-09-09 00:35:00.000 UTC,GBFV3r5CAYsip7KmyexaEtFZVB6vWsXCDaCJjQcnKVqD,0.000003021963740934841
2026-09-09 01:36:00.000 UTC,GBFV3r5CAYsip7KmyexaEtFZVB6vWsXCDaCJjQcnKVqD,0.0000036240093337918824
2026-09-09 01:38:00.000 UTC,GBFV3r5CAYsip7KmyexaEtFZVB6vWsXCDaCJjQcnKVqD,0.0000041923462340230404
2026-09-01 17:08:00.000 UTC,GCN5VGcbPpbiPNwFqWofDaGD87fPnmgopDvFsBaLpump,0.000002964661246746409
2026-09-01 17:09:00.000 UTC,GCN5VGcbPpbiPNwFqWofDaGD87fPnmgopDvFsBaLpump,0.000003012939935691237
2026-08-23 03:54:00.000 UTC,GCdgXP6c8qURJNhjxzfQiNzqiTKUsZ6JcdhEFaX8pump,0.000002796203834556878
2026-08-25 10:37:00.000 UTC,GCdgXP6c8qURJNhjxzfQiNzqiTKUsZ6JcdhEFaX8pump,0.0000028335737619812668
2026-08-31 14:35:00.000 UTC,GCpaDyZpPRu5TcdnwbaZJoHfHrZXvQJw33t8T5p5pump,0.000003126726864123956
2026-09-10 08:17:00.000 UTC,GCrFz2ZMFk8ekPQYjE9xtyNbM2THmSH62y4MF8eZpump,0.000005806325730803208
2026-09-10 08:18:00.000 UTC,GCrFz2ZMFk8ekPQYjE9xtyNbM2THmSH62y4MF8eZpump,0.000003781188105717926
2026-09-10 08:19:00.000 UTC,GCrFz2ZMFk8ekPQYjE9xtyNbM2THmSH62y4MF8eZpump,0.0000033211555532615435
2026-09-10 08:20:00.000 UTC,GCrFz2ZMFk8ekPQYjE9xtyNbM2THmSH62y4MF8eZpump,0.0000032931164817224397
2026-09-10 08:21:00.000 UTC,GCrFz2ZMFk8ekPQYjE9xtyNbM2THmSH62y4MF8eZpump,0.0000028678475093462727
2026-09-10 08:23:00.000 UTC,GCrFz2ZMFk8ekPQYjE9xtyNbM2THmSH62y4MF8eZpump,0.00000282873115441801
2026-08-20 14:43:00.000 UTC,GDRj1qbxpTFRREoSinoFiKeVtfDydEoRDmb4343cpump,0.000009257234726709232
2026-08-31 15:51:00.000 UTC,GERFheCnQMKKpEBch9JSM5wMsPLa7JZ8MLqmVhzQpump,0.000003527627865526744
2026-08-18 17:47:00.000 UTC,GEcUP3aVTp6VVCgvufNWL1HyE28siUKafVkGWjrqpump,0.0000021513026750208973
2026-08-30 13:59:00.000 UTC,GFDmfa3mnTSF26N4QKrFAFk1jhm926TZ3GwwwSn5pump,0.0000036289193503498235
2026-08-30 14:00:00.000 UTC,GFDmfa3mnTSF26N4QKrFAFk1jhm926TZ3GwwwSn5pump,0.000002014641589915356
2026-08-21 08:36:00.000 UTC,GJMcW8gRujAJFYQt8NB6tpQwbCQwYSVrFjSAiGDopump,0.000008409938576417037
2026-08-21 08:37:00.000 UTC,GJMcW8gRujAJFYQt8NB6tpQwbCQwYSVrFjSAiGDopump,0.0000028763506617710344
2026-08-21 08:38:00.000 UTC,GJMcW8gRujAJFYQt8NB6tpQwbCQwYSVrFjSAiGDopump,0.0000028980086233129724
2026-08-21 08:40:00.000 UTC,GJMcW8gRujAJFYQt8NB6tpQwbCQwYSVrFjSAiGDopump,0.0000031462401545527528
2026-08-21 09:03:00.000 UTC,GJMcW8gRujAJFYQt8NB6tpQwbCQwYSVrFjSAiGDopump,0.0000029225965583035882
2026-08-20 20:17:00.000 UTC,GKZRoqyfgyU9cnosgezkxpzaSVkJRLeBDVBQfJx4StsT,0.0000024698224499186365
2026-08-27 23:00:00.000 UTC,GLELwVuJAMfr3b3pkiaj8rJ57q9X11qzZXcsHFdApump,0.00000306353350729433
2026-08-27 23:01:00.000 UTC,GLELwVuJAMfr3b3pkiaj8rJ57q9X11qzZXcsHFdApump,0.0000011517403657628511
2026-08-27 23:02:00.000 UTC,GLELwVuJAMfr3b3pkiaj8rJ57q9X11qzZXcsHFdApump,8.346471240757246e-7
2026-08-27 23:03:00.000 UTC,GLELwVuJAMfr3b3pkiaj8rJ57q9X11qzZXcsHFdApump,0.0000016511047493051778
2026-08-27 23:04:00.000 UTC,GLELwVuJAMfr3b3pkiaj8rJ57q9X11qzZXcsHFdApump,0.0000012418437781656264
2026-08-27 23:05:00.000 UTC,GLELwVuJAMfr3b3pkiaj8rJ57q9X11qzZXcsHFdApump,0.0000011749713538517024
2026-08-27 23:06:00.000 UTC,GLELwVuJAMfr3b3pkiaj8rJ57q9X11qzZXcsHFdApump,7.041957227824731e-7
2026-08-27 23:07:00.000 UTC,GLELwVuJAMfr3b3pkiaj8rJ57q9X11qzZXcsHFdApump,4.798459559363573e-7
2026-08-27 23:08:00.000 UTC,GLELwVuJAMfr3b3pkiaj8rJ57q9X11qzZXcsHFdApump,3.5339554755017243e-7
2026-08-27 23:09:00.000 UTC,GLELwVuJAMfr3b3pkiaj8rJ57q9X11qzZXcsHFdApump,2.7991649612048464e-7
2026-08-25 18:57:00.000 UTC,GLULR11M17wLNcr9LzYiEVjcB8AcPj6rqdbbQvuMpump,0.00000290813382312939
2026-09-11 01:41:00.000 UTC,GMssdtkQBxwqetpPwUFzT59bcPFiiaSAK1kwenkPpump,0.0000032108301986406435
2026-09-11 01:42:00.000 UTC,GMssdtkQBxwqetpPwUFzT59bcPFiiaSAK1kwenkPpump,0.000003330568714279725
2026-09-11 01:43:00.000 UTC,GMssdtkQBxwqetpPwUFzT59bcPFiiaSAK1kwenkPpump,0.0000029757287290143653
2025-11-24 23:20:00.000 UTC,GNXTUKLYy2HAdmHxhMa5QJFr4WS3dMPkRSQDE2Nppump,0.000003937688314485738
2025-11-25 06:19:00.000 UTC,GNXTUKLYy2HAdmHxhMa5QJFr4WS3dMPkRSQDE2Nppump,0.000003868967554735942
2025-11-25 06:21:00.000 UTC,GNXTUKLYy2HAdmHxhMa5QJFr4WS3dMPkRSQDE2Nppump,0.000003870090071018932
2025-11-25 10:28:00.000 UTC,GNXTUKLYy2HAdmHxhMa5QJFr4WS3dMPkRSQDE2Nppump,0.000003816972044645544
2025-11-25 21:48:00.000 UTC,GNXTUKLYy2HAdmHxhMa5QJFr4WS3dMPkRSQDE2Nppump,0.000003843257320980946
2025-11-25 22:04:00.000 UTC,GNXTUKLYy2HAdmHxhMa5QJFr4WS3dMPkRSQDE2Nppump,0.000003838787646593674
2025-11-25 22:05:00.000 UTC,GNXTUKLYy2HAdmHxhMa5QJFr4WS3dMPkRSQDE2Nppump,0.0000038175421508329435
2025-11-26 10:15:00.000 UTC,GNXTUKLYy2HAdmHxhMa5QJFr4WS3dMPkRSQDE2Nppump,0.000003837952454967696
2025-11-26 12:51:00.000 UTC,GNXTUKLYy2HAdmHxhMa5QJFr4WS3dMPkRSQDE2Nppump,0.0000037954578469309118
2025-11-26 20:09:00.000 UTC,GNXTUKLYy2HAdmHxhMa5QJFr4WS3dMPkRSQDE2Nppump,0.000004014982021712182
2025-11-26 20:10:00.000 UTC,GNXTUKLYy2HAdmHxhMa5QJFr4WS3dMPkRSQDE2Nppump,0.000003998320299855871
2025-11-26 21:03:00.000 UTC,GNXTUKLYy2HAdmHxhMa5QJFr4WS3dMPkRSQDE2Nppump,0.000004002306614348933
2025-11-27 11:21:00.000 UTC,GNXTUKLYy2HAdmHxhMa5QJFr4WS3dMPkRSQDE2Nppump,0.000003986380809452017
2025-11-27 20:10:00.000 UTC,GNXTUKLYy2HAdmHxhMa5QJFr4WS3dMPkRSQDE2Nppump,0.000003995746704380707
2025-11-27 20:11:00.000 UTC,GNXTUKLYy2HAdmHxhMa5QJFr4WS3dMPkRSQDE2Nppump,0.000003995640326798125
2025-11-27 20:12:00.000 UTC,GNXTUKLYy2HAdmHxhMa5QJFr4WS3dMPkRSQDE2Nppump,0.000003995584712744724
2025-11-27 20:20:00.000 UTC,GNXTUKLYy2HAdmHxhMa5QJFr4WS3dMPkRSQDE2Nppump,0.000003995370157643939
2025-11-27 20:22:00.000 UTC,GNXTUKLYy2HAdmHxhMa5QJFr4WS3dMPkRSQDE2Nppump,0.000003995374465411963
2025-11-27 21:32:00.000 UTC,GNXTUKLYy2HAdmHxhMa5QJFr4WS3dMPkRSQDE2Nppump,0.0000039844840512135535
2025-11-27 22:07:00.000 UTC,GNXTUKLYy2HAdmHxhMa5QJFr4WS3dMPkRSQDE2Nppump,0.000003970492952378822
2025-11-27 22:08:00.000 UTC,GNXTUKLYy2HAdmHxhMa5QJFr4WS3dMPkRSQDE2Nppump,0.000003970492856011285
2025-11-27 22:09:00.000 UTC,GNXTUKLYy2HAdmHxhMa5QJFr4WS3dMPkRSQDE2Nppump,0.000003970492988923097
2025-11-27 22:49:00.000 UTC,GNXTUKLYy2HAdmHxhMa5QJFr4WS3dMPkRSQDE2Nppump,0.000003945610854364089
2025-11-27 22:50:00.000 UTC,GNXTUKLYy2HAdmHxhMa5QJFr4WS3dMPkRSQDE2Nppump,0.000003942815168175731
2025-11-28 00:35:00.000 UTC,GNXTUKLYy2HAdmHxhMa5QJFr4WS3dMPkRSQDE2Nppump,0.000003949524665911356
2025-11-28 09:11:00.000 UTC,GNXTUKLYy2HAdmHxhMa5QJFr4WS3dMPkRSQDE2Nppump,0.0000039786033321250264
2025-11-28 09:29:00.000 UTC,GNXTUKLYy2HAdmHxhMa5QJFr4WS3dMPkRSQDE2Nppump,0.0000039713336816041506
2025-11-28 13:25:00.000 UTC,GNXTUKLYy2HAdmHxhMa5QJFr4WS3dMPkRSQDE2Nppump,0.000003943933535709902
2025-11-28 13:29:00.000 UTC,GNXTUKLYy2HAdmHxhMa5QJFr4WS3dMPkRSQDE2Nppump,0.0000039439372314224514
2025-11-28 14:29:00.000 UTC,GNXTUKLYy2HAdmHxhMa5QJFr4WS3dMPkRSQDE2Nppump,0.000003998461127084952
2025-11-28 14:34:00.000 UTC,GNXTUKLYy2HAdmHxhMa5QJFr4WS3dMPkRSQDE2Nppump,0.000004008526734130104
2025-11-28 15:38:00.000 UTC,GNXTUKLYy2HAdmHxhMa5QJFr4WS3dMPkRSQDE2Nppump,0.000004014396791885907
2025-11-28 20:30:00.000 UTC,GNXTUKLYy2HAdmHxhMa5QJFr4WS3dMPkRSQDE2Nppump,0.000003851677481140458
2025-11-28 20:40:00.000 UTC,GNXTUKLYy2HAdmHxhMa5QJFr4WS3dMPkRSQDE2Nppump,0.000003852799905430722
2025-11-28 20:56:00.000 UTC,GNXTUKLYy2HAdmHxhMa5QJFr4WS3dMPkRSQDE2Nppump,0.000003853919206414325
2025-11-28 20:59:00.000 UTC,GNXTUKLYy2HAdmHxhMa5QJFr4WS3dMPkRSQDE2Nppump,0.000003853922313053058
2025-11-28 21:01:00.000 UTC,GNXTUKLYy2HAdmHxhMa5QJFr4WS3dMPkRSQDE2Nppump,0.000003859518364908418
2025-11-28 21:51:00.000 UTC,GNXTUKLYy2HAdmHxhMa5QJFr4WS3dMPkRSQDE2Nppump,0.00000385085590284908
2025-11-28 22:35:00.000 UTC,GNXTUKLYy2HAdmHxhMa5QJFr4WS3dMPkRSQDE2Nppump,0.000003839671762108509
2025-11-28 22:36:00.000 UTC,GNXTUKLYy2HAdmHxhMa5QJFr4WS3dMPkRSQDE2Nppump,0.000003839676050854489
2025-11-29 00:00:00.000 UTC,GNXTUKLYy2HAdmHxhMa5QJFr4WS3dMPkRSQDE2Nppump,0.000003843033665067917
2025-11-29 00:01:00.000 UTC,GNXTUKLYy2HAdmHxhMa5QJFr4WS3dMPkRSQDE2Nppump,0.000003843033738873524
2025-11-29 00:57:00.000 UTC,GNXTUKLYy2HAdmHxhMa5QJFr4WS3dMPkRSQDE2Nppump,0.000003848906746953354
2025-11-29 04:41:00.000 UTC,GNXTUKLYy2HAdmHxhMa5QJFr4WS3dMPkRSQDE2Nppump,0.000003837163874388959
2025-11-29 12:52:00.000 UTC,GNXTUKLYy2HAdmHxhMa5QJFr4WS3dMPkRSQDE2Nppump,0.000003834648237022016
2025-11-29 12:53:00.000 UTC,GNXTUKLYy2HAdmHxhMa5QJFr4WS3dMPkRSQDE2Nppump,0.000003834651153594063
2025-11-29 13:21:00.000 UTC,GNXTUKLYy2HAdmHxhMa5QJFr4WS3dMPkRSQDE2Nppump,0.000003827936977395819
2025-11-29 16:02:00.000 UTC,GNXTUKLYy2HAdmHxhMa5QJFr4WS3dMPkRSQDE2Nppump,0.0000038489148088181195
2025-11-29 16:03:00.000 UTC,GNXTUKLYy2HAdmHxhMa5QJFr4WS3dMPkRSQDE2Nppump,0.000003848923791377862
2025-11-30 05:17:00.000 UTC,GNXTUKLYy2HAdmHxhMa5QJFr4WS3dMPkRSQDE2Nppump,0.000003807268509785301
2025-11-30 10:43:00.000 UTC,GNXTUKLYy2HAdmHxhMa5QJFr4WS3dMPkRSQDE2Nppump,0.000003828238234264297
2025-11-30 18:23:00.000 UTC,GNXTUKLYy2HAdmHxhMa5QJFr4WS3dMPkRSQDE2Nppump,0.000003863747451169205
2025-11-30 18:24:00.000 UTC,GNXTUKLYy2HAdmHxhMa5QJFr4WS3dMPkRSQDE2Nppump,0.000003863746771704643
2025-11-30 21:33:00.000 UTC,GNXTUKLYy2HAdmHxhMa5QJFr4WS3dMPkRSQDE2Nppump,0.000003831313594242663
2025-11-30 22:23:00.000 UTC,GNXTUKLYy2HAdmHxhMa5QJFr4WS3dMPkRSQDE2Nppump,0.000003848711764380957
2025-12-01 00:49:00.000 UTC,GNXTUKLYy2HAdmHxhMa5QJFr4WS3dMPkRSQDE2Nppump,0.0000036041227492727473
2025-12-01 11:11:00.000 UTC,GNXTUKLYy2HAdmHxhMa5QJFr4WS3dMPkRSQDE2Nppump,0.0000035526757488648075
2025-12-01 11:14:00.000 UTC,GNXTUKLYy2HAdmHxhMa5QJFr4WS3dMPkRSQDE2Nppump,0.0000035526791501763034
2025-12-01 14:53:00.000 UTC,GNXTUKLYy2HAdmHxhMa5QJFr4WS3dMPkRSQDE2Nppump,0.000003523323583587229
2025-12-01 15:00:00.000 UTC,GNXTUKLYy2HAdmHxhMa5QJFr4WS3dMPkRSQDE2Nppump,0.0000035314364071834684
2025-12-01 15:04:00.000 UTC,GNXTUKLYy2HAdmHxhMa5QJFr4WS3dMPkRSQDE2Nppump,0.000003531441809603886
2025-12-02 01:25:00.000 UTC,GNXTUKLYy2HAdmHxhMa5QJFr4WS3dMPkRSQDE2Nppump,0.000003564998508587751
2025-12-02 01:42:00.000 UTC,GNXTUKLYy2HAdmHxhMa5QJFr4WS3dMPkRSQDE2Nppump,0.000003558568322740246
2025-12-02 14:45:00.000 UTC,GNXTUKLYy2HAdmHxhMa5QJFr4WS3dMPkRSQDE2Nppump,0.0000036958538268387825
2025-12-02 17:07:00.000 UTC,GNXTUKLYy2HAdmHxhMa5QJFr4WS3dMPkRSQDE2Nppump,0.000003911712784636133
2025-12-02 18:06:00.000 UTC,GNXTUKLYy2HAdmHxhMa5QJFr4WS3dMPkRSQDE2Nppump,0.000003910318729317658
2025-12-02 18:37:00.000 UTC,GNXTUKLYy2HAdmHxhMa5QJFr4WS3dMPkRSQDE2Nppump,0.000003918984074613637
2025-12-02 19:39:00.000 UTC,GNXTUKLYy2HAdmHxhMa5QJFr4WS3dMPkRSQDE2Nppump,0.000004008624288632409
2025-12-02 21:57:00.000 UTC,GNXTUKLYy2HAdmHxhMa5QJFr4WS3dMPkRSQDE2Nppump,0.000003890467986482547
2025-12-02 22:07:00.000 UTC,GNXTUKLYy2HAdmHxhMa5QJFr4WS3dMPkRSQDE2Nppump,0.0000039013756390796625
2025-12-03 04:34:00.000 UTC,GNXTUKLYy2HAdmHxhMa5QJFr4WS3dMPkRSQDE2Nppump,0.000003947794501898605
2025-12-03 10:01:00.000 UTC,GNXTUKLYy2HAdmHxhMa5QJFr4WS3dMPkRSQDE2Nppump,0.000003985450787986195
2025-12-03 15:21:00.000 UTC,GNXTUKLYy2HAdmHxhMa5QJFr4WS3dMPkRSQDE2Nppump,0.000003939686556447011
2025-12-03 18:41:00.000 UTC,GNXTUKLYy2HAdmHxhMa5QJFr4WS3dMPkRSQDE2Nppump,0.000003960096830823608
2025-12-03 18:46:00.000 UTC,GNXTUKLYy2HAdmHxhMa5QJFr4WS3dMPkRSQDE2Nppump,0.000003970727546192954
2025-12-03 18:49:00.000 UTC,GNXTUKLYy2HAdmHxhMa5QJFr4WS3dMPkRSQDE2Nppump,0.000003970732914545651
2025-12-03 18:50:00.000 UTC,GNXTUKLYy2HAdmHxhMa5QJFr4WS3dMPkRSQDE2Nppump,0.000003960950983868082
2025-12-03 20:28:00.000 UTC,GNXTUKLYy2HAdmHxhMa5QJFr4WS3dMPkRSQDE2Nppump,0.000003948652440365073
2025-12-03 20:29:00.000 UTC,GNXTUKLYy2HAdmHxhMa5QJFr4WS3dMPkRSQDE2Nppump,0.000003948652344646715
2025-12-03 20:47:00.000 UTC,GNXTUKLYy2HAdmHxhMa5QJFr4WS3dMPkRSQDE2Nppump,0.000003953685062343981
2025-12-03 23:25:00.000 UTC,GNXTUKLYy2HAdmHxhMa5QJFr4WS3dMPkRSQDE2Nppump,0.00000405602236126048
2025-12-04 01:50:00.000 UTC,GNXTUKLYy2HAdmHxhMa5QJFr4WS3dMPkRSQDE2Nppump,0.0000040412037799939675
2025-12-04 04:40:00.000 UTC,GNXTUKLYy2HAdmHxhMa5QJFr4WS3dMPkRSQDE2Nppump,0.000004034493071530492
2025-12-04 18:44:00.000 UTC,GNXTUKLYy2HAdmHxhMa5QJFr4WS3dMPkRSQDE2Nppump,0.000003985198875261338
2025-12-04 20:06:00.000 UTC,GNXTUKLYy2HAdmHxhMa5QJFr4WS3dMPkRSQDE2Nppump,0.0000039103650704830955
2025-12-05 00:34:00.000 UTC,GNXTUKLYy2HAdmHxhMa5QJFr4WS3dMPkRSQDE2Nppump,0.0000039010931146399275
2025-12-05 10:41:00.000 UTC,GNXTUKLYy2HAdmHxhMa5QJFr4WS3dMPkRSQDE2Nppump,0.0000038533469687603825
2025-12-05 10:44:00.000 UTC,GNXTUKLYy2HAdmHxhMa5QJFr4WS3dMPkRSQDE2Nppump,0.000003853351128001321
2025-12-05 11:46:00.000 UTC,GNXTUKLYy2HAdmHxhMa5QJFr4WS3dMPkRSQDE2Nppump,0.00000383573891467771
2025-12-05 15:35:00.000 UTC,GNXTUKLYy2HAdmHxhMa5QJFr4WS3dMPkRSQDE2Nppump,0.000003815609392326592
2025-12-05 15:36:00.000 UTC,GNXTUKLYy2HAdmHxhMa5QJFr4WS3dMPkRSQDE2Nppump,0.0000038156128248354255
2025-12-05 19:47:00.000 UTC,GNXTUKLYy2HAdmHxhMa5QJFr4WS3dMPkRSQDE2Nppump,0.0000037051687707853856
2025-12-05 19:48:00.000 UTC,GNXTUKLYy2HAdmHxhMa5QJFr4WS3dMPkRSQDE2Nppump,0.000003705172432285412
2025-12-05 20:33:00.000 UTC,GNXTUKLYy2HAdmHxhMa5QJFr4WS3dMPkRSQDE2Nppump,0.0000037068536281480736
2025-12-05 22:26:00.000 UTC,GNXTUKLYy2HAdmHxhMa5QJFr4WS3dMPkRSQDE2Nppump,0.0000037088135456094612
2025-12-05 22:27:00.000 UTC,GNXTUKLYy2HAdmHxhMa5QJFr4WS3dMPkRSQDE2Nppump,0.0000037088171964327895
2025-12-05 22:29:00.000 UTC,GNXTUKLYy2HAdmHxhMa5QJFr4WS3dMPkRSQDE2Nppump,0.000003708821959941003
2025-12-05 22:51:00.000 UTC,GNXTUKLYy2HAdmHxhMa5QJFr4WS3dMPkRSQDE2Nppump,0.0000037141386998348768
2025-12-06 03:04:00.000 UTC,GNXTUKLYy2HAdmHxhMa5QJFr4WS3dMPkRSQDE2Nppump,0.0000037331525875085155
2025-12-06 12:14:00.000 UTC,GNXTUKLYy2HAdmHxhMa5QJFr4WS3dMPkRSQDE2Nppump,0.0000037166553785039817
2025-12-06 20:10:00.000 UTC,GNXTUKLYy2HAdmHxhMa5QJFr4WS3dMPkRSQDE2Nppump,0.0000037007209850792812
2025-12-06 21:10:00.000 UTC,GNXTUKLYy2HAdmHxhMa5QJFr4WS3dMPkRSQDE2Nppump,0.000003712185418559278
2025-12-06 22:35:00.000 UTC,GNXTUKLYy2HAdmHxhMa5QJFr4WS3dMPkRSQDE2Nppump,0.0000037015595529233532
2025-12-06 22:37:00.000 UTC,GNXTUKLYy2HAdmHxhMa5QJFr4WS3dMPkRSQDE2Nppump,0.00000370156313547146
2025-12-06 23:39:00.000 UTC,GNXTUKLYy2HAdmHxhMa5QJFr4WS3dMPkRSQDE2Nppump,0.0000036859087985176605
2025-12-07 11:41:00.000 UTC,GNXTUKLYy2HAdmHxhMa5QJFr4WS3dMPkRSQDE2Nppump,0.0000037060450235371554
2025-12-07 13:52:00.000 UTC,GNXTUKLYy2HAdmHxhMa5QJFr4WS3dMPkRSQDE2Nppump,0.0000036892707483687674
2025-12-07 13:55:00.000 UTC,GNXTUKLYy2HAdmHxhMa5QJFr4WS3dMPkRSQDE2Nppump,0.000003688155887004721
2025-12-07 18:35:00.000 UTC,GNXTUKLYy2HAdmHxhMa5QJFr4WS3dMPkRSQDE2Nppump,0.0000038058793160799457
2025-12-07 23:44:00.000 UTC,GNXTUKLYy2HAdmHxhMa5QJFr4WS3dMPkRSQDE2Nppump,0.0000036753119499590465
2025-12-08 04:45:00.000 UTC,GNXTUKLYy2HAdmHxhMa5QJFr4WS3dMPkRSQDE2Nppump,0.000003773755264933784
2025-12-08 04:49:00.000 UTC,GNXTUKLYy2HAdmHxhMa5QJFr4WS3dMPkRSQDE2Nppump,0.0000037737659731659006
2025-12-08 04:50:00.000 UTC,GNXTUKLYy2HAdmHxhMa5QJFr4WS3dMPkRSQDE2Nppump,0.0000037732146661378967
2025-12-08 04:54:00.000 UTC,GNXTUKLYy2HAdmHxhMa5QJFr4WS3dMPkRSQDE2Nppump,0.00000377321829886894
2025-12-08 04:55:00.000 UTC,GNXTUKLYy2HAdmHxhMa5QJFr4WS3dMPkRSQDE2Nppump,0.0000037737819272193624
2025-12-08 23:47:00.000 UTC,GNXTUKLYy2HAdmHxhMa5QJFr4WS3dMPkRSQDE2Nppump,0.0000037273813348179047
2025-12-09 05:28:00.000 UTC,GNXTUKLYy2HAdmHxhMa5QJFr4WS3dMPkRSQDE2Nppump,0.000003713729303293388
2025-12-09 05:29:00.000 UTC,GNXTUKLYy2HAdmHxhMa5QJFr4WS3dMPkRSQDE2Nppump,0.000003713729072394443
2025-12-09 06:38:00.000 UTC,GNXTUKLYy2HAdmHxhMa5QJFr4WS3dMPkRSQDE2Nppump,0.0000036983269608823993
2025-12-09 06:42:00.000 UTC,GNXTUKLYy2HAdmHxhMa5QJFr4WS3dMPkRSQDE2Nppump,0.000003701986770929721
2025-12-10 06:31:00.000 UTC,GNXTUKLYy2HAdmHxhMa5QJFr4WS3dMPkRSQDE2Nppump,0.000003894663229214381
2025-12-10 21:51:00.000 UTC,GNXTUKLYy2HAdmHxhMa5QJFr4WS3dMPkRSQDE2Nppump,0.000003858315931936508
2025-12-10 22:24:00.000 UTC,GNXTUKLYy2HAdmHxhMa5QJFr4WS3dMPkRSQDE2Nppump,0.000003796964776378706
2025-12-11 03:32:00.000 UTC,GNXTUKLYy2HAdmHxhMa5QJFr4WS3dMPkRSQDE2Nppump,0.0000036357574977885172
2025-12-11 03:44:00.000 UTC,GNXTUKLYy2HAdmHxhMa5QJFr4WS3dMPkRSQDE2Nppump,0.0000036309830179127514
2025-12-11 03:45:00.000 UTC,GNXTUKLYy2HAdmHxhMa5QJFr4WS3dMPkRSQDE2Nppump,0.0000036225974275960985
2025-12-11 03:49:00.000 UTC,GNXTUKLYy2HAdmHxhMa5QJFr4WS3dMPkRSQDE2Nppump,0.0000036226134594909035
2025-12-11 18:58:00.000 UTC,GNXTUKLYy2HAdmHxhMa5QJFr4WS3dMPkRSQDE2Nppump,0.0000037700444330173625
2025-12-12 00:25:00.000 UTC,GNXTUKLYy2HAdmHxhMa5QJFr4WS3dMPkRSQDE2Nppump,0.0000038345744840881735
2025-12-12 03:01:00.000 UTC,GNXTUKLYy2HAdmHxhMa5QJFr4WS3dMPkRSQDE2Nppump,0.000003837915161776837
2025-12-12 03:02:00.000 UTC,GNXTUKLYy2HAdmHxhMa5QJFr4WS3dMPkRSQDE2Nppump,0.000003837915814933839
2025-12-12 03:25:00.000 UTC,GNXTUKLYy2HAdmHxhMa5QJFr4WS3dMPkRSQDE2Nppump,0.000003826458840430843
2025-12-12 22:03:00.000 UTC,GNXTUKLYy2HAdmHxhMa5QJFr4WS3dMPkRSQDE2Nppump,0.0000036894319253959204
2025-12-12 23:08:00.000 UTC,GNXTUKLYy2HAdmHxhMa5QJFr4WS3dMPkRSQDE2Nppump,0.000003716835750023742
2025-12-13 00:22:00.000 UTC,GNXTUKLYy2HAdmHxhMa5QJFr4WS3dMPkRSQDE2Nppump,0.0000037064896907768157
2025-12-13 00:32:00.000 UTC,GNXTUKLYy2HAdmHxhMa5QJFr4WS3dMPkRSQDE2Nppump,0.0000037053827924437893
2025-12-13 01:28:00.000 UTC,GNXTUKLYy2HAdmHxhMa5QJFr4WS3dMPkRSQDE2Nppump,0.0000037151958824264736
2025-12-13 09:53:00.000 UTC,GNXTUKLYy2HAdmHxhMa5QJFr4WS3dMPkRSQDE2Nppump,0.0000037406568509354373
2025-12-14 09:34:00.000 UTC,GNXTUKLYy2HAdmHxhMa5QJFr4WS3dMPkRSQDE2Nppump,0.000003708790068104677
2025-12-14 18:16:00.000 UTC,GNXTUKLYy2HAdmHxhMa5QJFr4WS3dMPkRSQDE2Nppump,0.0000036497009875025784
2025-12-14 18:58:00.000 UTC,GNXTUKLYy2HAdmHxhMa5QJFr4WS3dMPkRSQDE2Nppump,0.0000036504430158859983
2025-12-14 19:16:00.000 UTC,GNXTUKLYy2HAdmHxhMa5QJFr4WS3dMPkRSQDE2Nppump,0.0000036433488600837967
2025-12-14 20:33:00.000 UTC,GNXTUKLYy2HAdmHxhMa5QJFr4WS3dMPkRSQDE2Nppump,0.0000036451642760273844
2025-12-14 21:25:00.000 UTC,GNXTUKLYy2HAdmHxhMa5QJFr4WS3dMPkRSQDE2Nppump,0.0000036470804155396527
2025-12-15 00:34:00.000 UTC,GNXTUKLYy2HAdmHxhMa5QJFr4WS3dMPkRSQDE2Nppump,0.0000036368249302752125
2025-12-15 01:49:00.000 UTC,GNXTUKLYy2HAdmHxhMa5QJFr4WS3dMPkRSQDE2Nppump,0.000003660154122299557
2025-12-15 18:25:00.000 UTC,GNXTUKLYy2HAdmHxhMa5QJFr4WS3dMPkRSQDE2Nppump,0.00000348342340363641
2025-12-15 19:58:00.000 UTC,GNXTUKLYy2HAdmHxhMa5QJFr4WS3dMPkRSQDE2Nppump,0.0000034999226055100916
2025-12-15 22:34:00.000 UTC,GNXTUKLYy2HAdmHxhMa5QJFr4WS3dMPkRSQDE2Nppump,0.0000035326644060782967
2025-12-16 01:25:00.000 UTC,GNXTUKLYy2HAdmHxhMa5QJFr4WS3dMPkRSQDE2Nppump,0.0000035321438953928333
2025-12-16 06:07:00.000 UTC,GNXTUKLYy2HAdmHxhMa5QJFr4WS3dMPkRSQDE2Nppump,0.000003538323804136308
2025-12-16 22:59:00.000 UTC,GNXTUKLYy2HAdmHxhMa5QJFr4WS3dMPkRSQDE2Nppump,0.0000035990330966100454
2025-12-17 04:19:00.000 UTC,GNXTUKLYy2HAdmHxhMa5QJFr4WS3dMPkRSQDE2Nppump,0.0000035870344633141674
2025-12-17 04:30:00.000 UTC,GNXTUKLYy2HAdmHxhMa5QJFr4WS3dMPkRSQDE2Nppump,0.0000035730672874009157
2025-12-17 09:50:00.000 UTC,GNXTUKLYy2HAdmHxhMa5QJFr4WS3dMPkRSQDE2Nppump,0.0000035470720978096345
2025-12-17 20:12:00.000 UTC,GNXTUKLYy2HAdmHxhMa5QJFr4WS3dMPkRSQDE2Nppump,0.000003420126644003245
2025-12-17 22:06:00.000 UTC,GNXTUKLYy2HAdmHxhMa5QJFr4WS3dMPkRSQDE2Nppump,0.0000034226428255818327
2025-12-18 14:27:00.000 UTC,GNXTUKLYy2HAdmHxhMa5QJFr4WS3dMPkRSQDE2Nppump,0.0000035305916677321597
2025-12-18 14:42:00.000 UTC,GNXTUKLYy2HAdmHxhMa5QJFr4WS3dMPkRSQDE2Nppump,0.0000035084984301996664
2025-12-18 18:11:00.000 UTC,GNXTUKLYy2HAdmHxhMa5QJFr4WS3dMPkRSQDE2Nppump,0.000003444738950076217
2025-12-18 21:03:00.000 UTC,GNXTUKLYy2HAdmHxhMa5QJFr4WS3dMPkRSQDE2Nppump,0.0000032819813856025964
2025-12-18 22:17:00.000 UTC,GNXTUKLYy2HAdmHxhMa5QJFr4WS3dMPkRSQDE2Nppump,0.000003339320919127569
2025-12-19 02:28:00.000 UTC,GNXTUKLYy2HAdmHxhMa5QJFr4WS3dMPkRSQDE2Nppump,0.0000033071858414912563
2025-12-19 03:16:00.000 UTC,GNXTUKLYy2HAdmHxhMa5QJFr4WS3dMPkRSQDE2Nppump,0.0000033648193590168504
2025-12-19 14:34:00.000 UTC,GNXTUKLYy2HAdmHxhMa5QJFr4WS3dMPkRSQDE2Nppump,0.0000035108137445049077
2025-12-19 14:36:00.000 UTC,GNXTUKLYy2HAdmHxhMa5QJFr4WS3dMPkRSQDE2Nppump,0.0000035116532722212116
2025-12-19 16:45:00.000 UTC,GNXTUKLYy2HAdmHxhMa5QJFr4WS3dMPkRSQDE2Nppump,0.0000035317871371709647
2025-12-19 16:46:00.000 UTC,GNXTUKLYy2HAdmHxhMa5QJFr4WS3dMPkRSQDE2Nppump,0.0000035317871268937814
2025-12-19 21:14:00.000 UTC,GNXTUKLYy2HAdmHxhMa5QJFr4WS3dMPkRSQDE2Nppump,0.000003553881065242909
2025-12-20 00:52:00.000 UTC,GNXTUKLYy2HAdmHxhMa5QJFr4WS3dMPkRSQDE2Nppump,0.000003522291300408086
2025-12-20 04:49:00.000 UTC,GNXTUKLYy2HAdmHxhMa5QJFr4WS3dMPkRSQDE2Nppump,0.0000035337720206754996
2025-12-20 08:34:00.000 UTC,GNXTUKLYy2HAdmHxhMa5QJFr4WS3dMPkRSQDE2Nppump,0.0000035452506193265463
2025-12-20 08:36:00.000 UTC,GNXTUKLYy2HAdmHxhMa5QJFr4WS3dMPkRSQDE2Nppump,0.0000035430130388540954
2025-12-20 08:37:00.000 UTC,GNXTUKLYy2HAdmHxhMa5QJFr4WS3dMPkRSQDE2Nppump,0.000003543015652010284
2025-12-20 19:01:00.000 UTC,GNXTUKLYy2HAdmHxhMa5QJFr4WS3dMPkRSQDE2Nppump,0.000003524822540756314
2025-12-21 00:15:00.000 UTC,GNXTUKLYy2HAdmHxhMa5QJFr4WS3dMPkRSQDE2Nppump,0.0000035181106277100588
2025-12-21 22:20:00.000 UTC,GNXTUKLYy2HAdmHxhMa5QJFr4WS3dMPkRSQDE2Nppump,0.0000035018904753144167
2025-12-21 23:29:00.000 UTC,GNXTUKLYy2HAdmHxhMa5QJFr4WS3dMPkRSQDE2Nppump,0.0000035281790184797348
2025-12-22 02:00:00.000 UTC,GNXTUKLYy2HAdmHxhMa5QJFr4WS3dMPkRSQDE2Nppump,0.0000035267841284568424
2025-12-22 03:07:00.000 UTC,GNXTUKLYy2HAdmHxhMa5QJFr4WS3dMPkRSQDE2Nppump,0.000003500219248713075
2025-12-22 19:19:00.000 UTC,GNXTUKLYy2HAdmHxhMa5QJFr4WS3dMPkRSQDE2Nppump,0.000003519513248997862
2025-12-22 22:59:00.000 UTC,GNXTUKLYy2HAdmHxhMa5QJFr4WS3dMPkRSQDE2Nppump,0.0000035230073291183337
2025-12-22 23:05:00.000 UTC,GNXTUKLYy2HAdmHxhMa5QJFr4WS3dMPkRSQDE2Nppump,0.0000035128908668723647
2025-12-22 23:11:00.000 UTC,GNXTUKLYy2HAdmHxhMa5QJFr4WS3dMPkRSQDE2Nppump,0.000003519535436408141
2025-12-23 21:38:00.000 UTC,GNXTUKLYy2HAdmHxhMa5QJFr4WS3dMPkRSQDE2Nppump,0.000003478169208079694
2025-12-24 01:47:00.000 UTC,GNXTUKLYy2HAdmHxhMa5QJFr4WS3dMPkRSQDE2Nppump,0.0000034443785235740877
2025-12-24 02:59:00.000 UTC,GNXTUKLYy2HAdmHxhMa5QJFr4WS3dMPkRSQDE2Nppump,0.000003421445512568714
2025-12-24 03:49:00.000 UTC,GNXTUKLYy2HAdmHxhMa5QJFr4WS3dMPkRSQDE2Nppump,0.000003426200435037593
2025-12-25 03:01:00.000 UTC,GNXTUKLYy2HAdmHxhMa5QJFr4WS3dMPkRSQDE2Nppump,0.0000034407427324379312
2025-12-25 04:35:00.000 UTC,GNXTUKLYy2HAdmHxhMa5QJFr4WS3dMPkRSQDE2Nppump,0.0000034306749436783716
2025-12-25 17:26:00.000 UTC,GNXTUKLYy2HAdmHxhMa5QJFr4WS3dMPkRSQDE2Nppump,0.0000034440978768346973
2025-12-25 17:27:00.000 UTC,GNXTUKLYy2HAdmHxhMa5QJFr4WS3dMPkRSQDE2Nppump,0.0000034440975208630026
2025-12-25 17:49:00.000 UTC,GNXTUKLYy2HAdmHxhMa5QJFr4WS3dMPkRSQDE2Nppump,0.0000034387836128414225
2025-12-25 20:09:00.000 UTC,GNXTUKLYy2HAdmHxhMa5QJFr4WS3dMPkRSQDE2Nppump,0.0000034499704545488716
2025-12-26 10:58:00.000 UTC,GNXTUKLYy2HAdmHxhMa5QJFr4WS3dMPkRSQDE2Nppump,0.000003463709118745155
2025-12-26 21:11:00.000 UTC,GNXTUKLYy2HAdmHxhMa5QJFr4WS3dMPkRSQDE2Nppump,0.000003422016792720508
2025-12-27 01:25:00.000 UTC,GNXTUKLYy2HAdmHxhMa5QJFr4WS3dMPkRSQDE2Nppump,0.0000034108447381372828
2025-12-27 02:46:00.000 UTC,GNXTUKLYy2HAdmHxhMa5QJFr4WS3dMPkRSQDE2Nppump,0.0000034209132889198944
2025-12-27 03:33:00.000 UTC,GNXTUKLYy2HAdmHxhMa5QJFr4WS3dMPkRSQDE2Nppump,0.000003438532252893432
2025-12-27 16:06:00.000 UTC,GNXTUKLYy2HAdmHxhMa5QJFr4WS3dMPkRSQDE2Nppump,0.000003449158818139627
2025-12-28 02:27:00.000 UTC,GNXTUKLYy2HAdmHxhMa5QJFr4WS3dMPkRSQDE2Nppump,0.0000034740501169186837
2025-12-28 03:30:00.000 UTC,GNXTUKLYy2HAdmHxhMa5QJFr4WS3dMPkRSQDE2Nppump,0.0000034687371709267484
2025-12-28 09:15:00.000 UTC,GNXTUKLYy2HAdmHxhMa5QJFr4WS3dMPkRSQDE2Nppump,0.0000034776863745629026
2025-12-28 09:16:00.000 UTC,GNXTUKLYy2HAdmHxhMa5QJFr4WS3dMPkRSQDE2Nppump,0.000003477686510870541
2025-12-28 19:41:00.000 UTC,GNXTUKLYy2HAdmHxhMa5QJFr4WS3dMPkRSQDE2Nppump,0.0000034503917746604316
2025-12-29 03:24:00.000 UTC,GNXTUKLYy2HAdmHxhMa5QJFr4WS3dMPkRSQDE2Nppump,0.000003603268535250194
2025-12-29 03:27:00.000 UTC,GNXTUKLYy2HAdmHxhMa5QJFr4WS3dMPkRSQDE2Nppump,0.000003597130066883418
2025-12-29 03:57:00.000 UTC,GNXTUKLYy2HAdmHxhMa5QJFr4WS3dMPkRSQDE2Nppump,0.00000360160563137585
2025-12-30 05:47:00.000 UTC,GNXTUKLYy2HAdmHxhMa5QJFr4WS3dMPkRSQDE2Nppump,0.000003447785776688752
2025-12-31 08:55:00.000 UTC,GNXTUKLYy2HAdmHxhMa5QJFr4WS3dMPkRSQDE2Nppump,0.0000035090339237107887
2025-12-31 18:08:00.000 UTC,GNXTUKLYy2HAdmHxhMa5QJFr4WS3dMPkRSQDE2Nppump,0.000003496168891947864
2025-12-31 18:49:00.000 UTC,GNXTUKLYy2HAdmHxhMa5QJFr4WS3dMPkRSQDE2Nppump,0.0000034981269105317114
2026-01-01 21:22:00.000 UTC,GNXTUKLYy2HAdmHxhMa5QJFr4WS3dMPkRSQDE2Nppump,0.0000035112716911393298
2026-01-01 23:05:00.000 UTC,GNXTUKLYy2HAdmHxhMa5QJFr4WS3dMPkRSQDE2Nppump,0.0000035174243312577583
2026-01-02 02:29:00.000 UTC,GNXTUKLYy2HAdmHxhMa5QJFr4WS3dMPkRSQDE2Nppump,0.0000035216192391294117
2026-01-02 03:26:00.000 UTC,GNXTUKLYy2HAdmHxhMa5QJFr4WS3dMPkRSQDE2Nppump,0.000003553780942764667
2026-01-03 06:02:00.000 UTC,GNXTUKLYy2HAdmHxhMa5QJFr4WS3dMPkRSQDE2Nppump,0.000003688302793259273
2026-01-03 14:51:00.000 UTC,GNXTUKLYy2HAdmHxhMa5QJFr4WS3dMPkRSQDE2Nppump,0.0000036871842657517164
2026-01-03 15:48:00.000 UTC,GNXTUKLYy2HAdmHxhMa5QJFr4WS3dMPkRSQDE2Nppump,0.0000036813114144535564
2026-01-05 00:39:00.000 UTC,GNXTUKLYy2HAdmHxhMa5QJFr4WS3dMPkRSQDE2Nppump,0.0000037557036070375002
2026-01-05 03:24:00.000 UTC,GNXTUKLYy2HAdmHxhMa5QJFr4WS3dMPkRSQDE2Nppump,0.000003829257448717273
2026-01-05 17:48:00.000 UTC,GNXTUKLYy2HAdmHxhMa5QJFr4WS3dMPkRSQDE2Nppump,0.0000037924856164373515
2026-01-06 00:26:00.000 UTC,GNXTUKLYy2HAdmHxhMa5QJFr4WS3dMPkRSQDE2Nppump,0.0000038493937656166985
2026-01-06 00:55:00.000 UTC,GNXTUKLYy2HAdmHxhMa5QJFr4WS3dMPkRSQDE2Nppump,0.000003843521165987438
2026-01-06 01:00:00.000 UTC,GNXTUKLYy2HAdmHxhMa5QJFr4WS3dMPkRSQDE2Nppump,0.000003867793477641096
2026-01-06 12:22:00.000 UTC,GNXTUKLYy2HAdmHxhMa5QJFr4WS3dMPkRSQDE2Nppump,0.000003898341019570381
2026-01-06 12:25:00.000 UTC,GNXTUKLYy2HAdmHxhMa5QJFr4WS3dMPkRSQDE2Nppump,0.000003896022780626811
2026-01-07 05:39:00.000 UTC,GNXTUKLYy2HAdmHxhMa5QJFr4WS3dMPkRSQDE2Nppump,0.000003893022031324032
2026-01-07 07:48:00.000 UTC,GNXTUKLYy2HAdmHxhMa5QJFr4WS3dMPkRSQDE2Nppump,0.0000038938748893766476
2026-01-07 08:12:00.000 UTC,GNXTUKLYy2HAdmHxhMa5QJFr4WS3dMPkRSQDE2Nppump,0.000003902294059227915
2026-01-07 09:05:00.000 UTC,GNXTUKLYy2HAdmHxhMa5QJFr4WS3dMPkRSQDE2Nppump,0.000003898113872994529
2026-01-07 18:05:00.000 UTC,GNXTUKLYy2HAdmHxhMa5QJFr4WS3dMPkRSQDE2Nppump,0.0000037856853267948286
2026-01-07 18:07:00.000 UTC,GNXTUKLYy2HAdmHxhMa5QJFr4WS3dMPkRSQDE2Nppump,0.0000037856853867774002
2026-01-07 19:26:00.000 UTC,GNXTUKLYy2HAdmHxhMa5QJFr4WS3dMPkRSQDE2Nppump,0.000003773155166021361
2026-01-07 23:46:00.000 UTC,GNXTUKLYy2HAdmHxhMa5QJFr4WS3dMPkRSQDE2Nppump,0.000003817124987677118
2026-01-08 01:22:00.000 UTC,GNXTUKLYy2HAdmHxhMa5QJFr4WS3dMPkRSQDE2Nppump,0.0000038257972106291554
2026-01-08 05:01:00.000 UTC,GNXTUKLYy2HAdmHxhMa5QJFr4WS3dMPkRSQDE2Nppump,0.000003848486725834715
2026-01-08 08:21:00.000 UTC,GNXTUKLYy2HAdmHxhMa5QJFr4WS3dMPkRSQDE2Nppump,0.000003802949718810329
2026-01-08 20:17:00.000 UTC,GNXTUKLYy2HAdmHxhMa5QJFr4WS3dMPkRSQDE2Nppump,0.000003831504434678978
2026-01-08 22:44:00.000 UTC,GNXTUKLYy2HAdmHxhMa5QJFr4WS3dMPkRSQDE2Nppump,0.0000038759910319321665
2026-01-09 00:02:00.000 UTC,GNXTUKLYy2HAdmHxhMa5QJFr4WS3dMPkRSQDE2Nppump,0.0000038692771794736065
2026-01-09 08:14:00.000 UTC,GNXTUKLYy2HAdmHxhMa5QJFr4WS3dMPkRSQDE2Nppump,0.000003884940763456527
2026-01-09 12:52:00.000 UTC,GNXTUKLYy2HAdmHxhMa5QJFr4WS3dMPkRSQDE2Nppump,0.0000038576091526229185
2026-01-10 02:44:00.000 UTC,GNXTUKLYy2HAdmHxhMa5QJFr4WS3dMPkRSQDE2Nppump,0.000003801871917894021
2026-01-10 03:45:00.000 UTC,GNXTUKLYy2HAdmHxhMa5QJFr4WS3dMPkRSQDE2Nppump,0.0000038010323273794875
2026-01-10 04:32:00.000 UTC,GNXTUKLYy2HAdmHxhMa5QJFr4WS3dMPkRSQDE2Nppump,0.000003797116923198567
2026-01-10 07:05:00.000 UTC,GNXTUKLYy2HAdmHxhMa5QJFr4WS3dMPkRSQDE2Nppump,0.0000038032814576709446
2026-01-11 04:26:00.000 UTC,GNXTUKLYy2HAdmHxhMa5QJFr4WS3dMPkRSQDE2Nppump,0.0000038044267492449313
2026-01-11 07:50:00.000 UTC,GNXTUKLYy2HAdmHxhMa5QJFr4WS3dMPkRSQDE2Nppump,0.0000038072509984702078
2026-01-11 18:36:00.000 UTC,GNXTUKLYy2HAdmHxhMa5QJFr4WS3dMPkRSQDE2Nppump,0.000003907962234401194
2026-01-11 18:37:00.000 UTC,GNXTUKLYy2HAdmHxhMa5QJFr4WS3dMPkRSQDE2Nppump,0.000003907964992529308
2026-01-12 00:39:00.000 UTC,GNXTUKLYy2HAdmHxhMa5QJFr4WS3dMPkRSQDE2Nppump,0.000003921397722967203
2026-01-12 00:53:00.000 UTC,GNXTUKLYy2HAdmHxhMa5QJFr4WS3dMPkRSQDE2Nppump,0.000003926181863255448
2026-01-12 12:11:00.000 UTC,GNXTUKLYy2HAdmHxhMa5QJFr4WS3dMPkRSQDE2Nppump,0.000003910533564018443
2026-01-12 15:02:00.000 UTC,GNXTUKLYy2HAdmHxhMa5QJFr4WS3dMPkRSQDE2Nppump,0.000003923960295130404
2026-01-13 17:21:00.000 UTC,GNXTUKLYy2HAdmHxhMa5QJFr4WS3dMPkRSQDE2Nppump,0.0000039897809665875945
2026-01-14 00:43:00.000 UTC,GNXTUKLYy2HAdmHxhMa5QJFr4WS3dMPkRSQDE2Nppump,0.000004050105627865825
2026-01-14 13:58:00.000 UTC,GNXTUKLYy2HAdmHxhMa5QJFr4WS3dMPkRSQDE2Nppump,0.0000040310938331126564
2026-01-14 13:59:00.000 UTC,GNXTUKLYy2HAdmHxhMa5QJFr4WS3dMPkRSQDE2Nppump,0.000004031090107612895
2026-01-14 15:53:00.000 UTC,GNXTUKLYy2HAdmHxhMa5QJFr4WS3dMPkRSQDE2Nppump,0.00000410365699918282
2026-01-14 15:54:00.000 UTC,GNXTUKLYy2HAdmHxhMa5QJFr4WS3dMPkRSQDE2Nppump,0.000004103606448311588
2026-01-14 20:39:00.000 UTC,GNXTUKLYy2HAdmHxhMa5QJFr4WS3dMPkRSQDE2Nppump,0.00000412279223837613
2026-01-14 20:41:00.000 UTC,GNXTUKLYy2HAdmHxhMa5QJFr4WS3dMPkRSQDE2Nppump,0.000004128573989889797
2026-01-14 20:42:00.000 UTC,GNXTUKLYy2HAdmHxhMa5QJFr4WS3dMPkRSQDE2Nppump,0.000004128215714534311
2026-01-14 20:43:00.000 UTC,GNXTUKLYy2HAdmHxhMa5QJFr4WS3dMPkRSQDE2Nppump,0.000004128274802245106
2026-01-14 20:44:00.000 UTC,GNXTUKLYy2HAdmHxhMa5QJFr4WS3dMPkRSQDE2Nppump,0.000004128643339844019
2026-01-14 20:45:00.000 UTC,GNXTUKLYy2HAdmHxhMa5QJFr4WS3dMPkRSQDE2Nppump,0.0000041270929204873925
2026-01-15 11:41:00.000 UTC,GNXTUKLYy2HAdmHxhMa5QJFr4WS3dMPkRSQDE2Nppump,0.000004059337150342455
2026-01-15 12:11:00.000 UTC,GNXTUKLYy2HAdmHxhMa5QJFr4WS3dMPkRSQDE2Nppump,0.000004053741444366444
2026-01-15 14:35:00.000 UTC,GNXTUKLYy2HAdmHxhMa5QJFr4WS3dMPkRSQDE2Nppump,0.000004045174621500406
2026-01-15 14:36:00.000 UTC,GNXTUKLYy2HAdmHxhMa5QJFr4WS3dMPkRSQDE2Nppump,0.00000404519215955856
2026-01-15 15:12:00.000 UTC,GNXTUKLYy2HAdmHxhMa5QJFr4WS3dMPkRSQDE2Nppump,0.000004022134142949976
2026-01-15 15:29:00.000 UTC,GNXTUKLYy2HAdmHxhMa5QJFr4WS3dMPkRSQDE2Nppump,0.000004011785140140549
2026-01-15 19:11:00.000 UTC,GNXTUKLYy2HAdmHxhMa5QJFr4WS3dMPkRSQDE2Nppump,0.000003955580095862584
2026-01-15 21:44:00.000 UTC,GNXTUKLYy2HAdmHxhMa5QJFr4WS3dMPkRSQDE2Nppump,0.000003971818502578973
2026-01-15 22:20:00.000 UTC,GNXTUKLYy2HAdmHxhMa5QJFr4WS3dMPkRSQDE2Nppump,0.000003975175489580967
2026-01-15 23:06:00.000 UTC,GNXTUKLYy2HAdmHxhMa5QJFr4WS3dMPkRSQDE2Nppump,0.0000039776923892185195
2026-01-15 23:16:00.000 UTC,GNXTUKLYy2HAdmHxhMa5QJFr4WS3dMPkRSQDE2Nppump,0.000003976015053525306
2026-01-15 23:19:00.000 UTC,GNXTUKLYy2HAdmHxhMa5QJFr4WS3dMPkRSQDE2Nppump,0.0000039760340961648594
2026-01-15 23:22:00.000 UTC,GNXTUKLYy2HAdmHxhMa5QJFr4WS3dMPkRSQDE2Nppump,0.000003986124113894431
2026-01-16 19:47:00.000 UTC,GNXTUKLYy2HAdmHxhMa5QJFr4WS3dMPkRSQDE2Nppump,0.000004030877187217847
2026-01-16 22:15:00.000 UTC,GNXTUKLYy2HAdmHxhMa5QJFr4WS3dMPkRSQDE2Nppump,0.000004051590380744692
2026-01-17 08:39:00.000 UTC,GNXTUKLYy2HAdmHxhMa5QJFr4WS3dMPkRSQDE2Nppump,0.0000040311885238454986
2026-01-17 09:21:00.000 UTC,GNXTUKLYy2HAdmHxhMa5QJFr4WS3dMPkRSQDE2Nppump,0.000004029790509801945
2026-01-17 12:59:00.000 UTC,GNXTUKLYy2HAdmHxhMa5QJFr4WS3dMPkRSQDE2Nppump,0.000004020610663618708
2026-01-17 16:53:00.000 UTC,GNXTUKLYy2HAdmHxhMa5QJFr4WS3dMPkRSQDE2Nppump,0.0000040222337804330985
2026-01-17 16:57:00.000 UTC,GNXTUKLYy2HAdmHxhMa5QJFr4WS3dMPkRSQDE2Nppump,0.000004023072307905027
2026-01-17 17:24:00.000 UTC,GNXTUKLYy2HAdmHxhMa5QJFr4WS3dMPkRSQDE2Nppump,0.000004026988479243338
2026-01-17 21:04:00.000 UTC,GNXTUKLYy2HAdmHxhMa5QJFr4WS3dMPkRSQDE2Nppump,0.000004040716674526739
2026-01-17 23:29:00.000 UTC,GNXTUKLYy2HAdmHxhMa5QJFr4WS3dMPkRSQDE2Nppump,0.000004018340966204952
2026-01-18 11:42:00.000 UTC,GNXTUKLYy2HAdmHxhMa5QJFr4WS3dMPkRSQDE2Nppump,0.000003980044279339156
2026-01-18 13:39:00.000 UTC,GNXTUKLYy2HAdmHxhMa5QJFr4WS3dMPkRSQDE2Nppump,0.000003974729738566919
2026-01-18 14:35:00.000 UTC,GNXTUKLYy2HAdmHxhMa5QJFr4WS3dMPkRSQDE2Nppump,0.0000039878764145514995
2026-01-18 15:01:00.000 UTC,GNXTUKLYy2HAdmHxhMa5QJFr4WS3dMPkRSQDE2Nppump,0.000003964660038510752
2026-01-18 15:48:00.000 UTC,GNXTUKLYy2HAdmHxhMa5QJFr4WS3dMPkRSQDE2Nppump,0.000003973051433989404
2026-01-18 18:59:00.000 UTC,GNXTUKLYy2HAdmHxhMa5QJFr4WS3dMPkRSQDE2Nppump,0.000003994589304945932
2026-01-18 19:27:00.000 UTC,GNXTUKLYy2HAdmHxhMa5QJFr4WS3dMPkRSQDE2Nppump,0.000003995148864462175
2026-01-18 20:08:00.000 UTC,GNXTUKLYy2HAdmHxhMa5QJFr4WS3dMPkRSQDE2Nppump,0.00000397892562902702
2026-01-18 20:12:00.000 UTC,GNXTUKLYy2HAdmHxhMa5QJFr4WS3dMPkRSQDE2Nppump,0.000003972494540114159
2026-01-18 21:43:00.000 UTC,GNXTUKLYy2HAdmHxhMa5QJFr4WS3dMPkRSQDE2Nppump,0.0000039892748359035186
2026-01-18 21:47:00.000 UTC,GNXTUKLYy2HAdmHxhMa5QJFr4WS3dMPkRSQDE2Nppump,0.000003988715555271402
2026-01-19 06:30:00.000 UTC,GNXTUKLYy2HAdmHxhMa5QJFr4WS3dMPkRSQDE2Nppump,0.000003721590794542436
2026-01-19 09:18:00.000 UTC,GNXTUKLYy2HAdmHxhMa5QJFr4WS3dMPkRSQDE2Nppump,0.000003738390772216154
2026-01-19 13:35:00.000 UTC,GNXTUKLYy2HAdmHxhMa5QJFr4WS3dMPkRSQDE2Nppump,0.0000037403681738895687
2026-01-19 13:52:00.000 UTC,GNXTUKLYy2HAdmHxhMa5QJFr4WS3dMPkRSQDE2Nppump,0.000003743165045641806
2026-01-19 16:00:00.000 UTC,GNXTUKLYy2HAdmHxhMa5QJFr4WS3dMPkRSQDE2Nppump,0.0000037354331634010857
2026-01-19 16:02:00.000 UTC,GNXTUKLYy2HAdmHxhMa5QJFr4WS3dMPkRSQDE2Nppump,0.0000037355237323399988
2026-01-19 18:13:00.000 UTC,GNXTUKLYy2HAdmHxhMa5QJFr4WS3dMPkRSQDE2Nppump,0.0000037483976532430004
2026-01-19 21:49:00.000 UTC,GNXTUKLYy2HAdmHxhMa5QJFr4WS3dMPkRSQDE2Nppump,0.00000375624197980031
2026-01-19 23:58:00.000 UTC,GNXTUKLYy2HAdmHxhMa5QJFr4WS3dMPkRSQDE2Nppump,0.000003733125333898144
2026-01-19 23:59:00.000 UTC,GNXTUKLYy2HAdmHxhMa5QJFr4WS3dMPkRSQDE2Nppump,0.000003733068547520825
2026-01-20 00:00:00.000 UTC,GNXTUKLYy2HAdmHxhMa5QJFr4WS3dMPkRSQDE2Nppump,0.0000037328418028937725
2026-01-20 00:01:00.000 UTC,GNXTUKLYy2HAdmHxhMa5QJFr4WS3dMPkRSQDE2Nppump,0.0000037328165048093076
2026-01-20 00:11:00.000 UTC,GNXTUKLYy2HAdmHxhMa5QJFr4WS3dMPkRSQDE2Nppump,0.0000037381389999821457
2026-01-20 00:12:00.000 UTC,GNXTUKLYy2HAdmHxhMa5QJFr4WS3dMPkRSQDE2Nppump,0.000003738183776947039
2026-01-20 06:05:00.000 UTC,GNXTUKLYy2HAdmHxhMa5QJFr4WS3dMPkRSQDE2Nppump,0.000003715706480520226
2026-01-20 13:29:00.000 UTC,GNXTUKLYy2HAdmHxhMa5QJFr4WS3dMPkRSQDE2Nppump,0.000003599910794919054
2026-01-20 14:37:00.000 UTC,GNXTUKLYy2HAdmHxhMa5QJFr4WS3dMPkRSQDE2Nppump,0.000003600188621270866
2026-01-20 16:48:00.000 UTC,GNXTUKLYy2HAdmHxhMa5QJFr4WS3dMPkRSQDE2Nppump,0.0000035406061025002216
2026-01-20 18:21:00.000 UTC,GNXTUKLYy2HAdmHxhMa5QJFr4WS3dMPkRSQDE2Nppump,0.0000035618666867865482
2026-01-20 20:39:00.000 UTC,GNXTUKLYy2HAdmHxhMa5QJFr4WS3dMPkRSQDE2Nppump,0.0000035713759213175006
2026-01-20 21:11:00.000 UTC,GNXTUKLYy2HAdmHxhMa5QJFr4WS3dMPkRSQDE2Nppump,0.000003573905579078908
2026-01-21 19:53:00.000 UTC,GNXTUKLYy2HAdmHxhMa5QJFr4WS3dMPkRSQDE2Nppump,0.0000036743571458436857
2026-01-22 20:12:00.000 UTC,GNXTUKLYy2HAdmHxhMa5QJFr4WS3dMPkRSQDE2Nppump,0.0000036167567736807164
2026-01-23 01:36:00.000 UTC,GNXTUKLYy2HAdmHxhMa5QJFr4WS3dMPkRSQDE2Nppump,0.000003594951013511925
2026-01-23 06:41:00.000 UTC,GNXTUKLYy2HAdmHxhMa5QJFr4WS3dMPkRSQDE2Nppump,0.0000035890758364249396
2026-01-23 19:26:00.000 UTC,GNXTUKLYy2HAdmHxhMa5QJFr4WS3dMPkRSQDE2Nppump,0.000003611310628228049
2026-01-24 07:09:00.000 UTC,GNXTUKLYy2HAdmHxhMa5QJFr4WS3dMPkRSQDE2Nppump,0.0000035692418308749067
2026-01-24 22:03:00.000 UTC,GNXTUKLYy2HAdmHxhMa5QJFr4WS3dMPkRSQDE2Nppump,0.000003555239774676258
2026-01-25 04:45:00.000 UTC,GNXTUKLYy2HAdmHxhMa5QJFr4WS3dMPkRSQDE2Nppump,0.0000035479821639330283
2026-01-25 09:48:00.000 UTC,GNXTUKLYy2HAdmHxhMa5QJFr4WS3dMPkRSQDE2Nppump,0.0000035465835233912035
2026-01-25 20:21:00.000 UTC,GNXTUKLYy2HAdmHxhMa5QJFr4WS3dMPkRSQDE2Nppump,0.0000032990216778555476
2026-01-25 23:55:00.000 UTC,GNXTUKLYy2HAdmHxhMa5QJFr4WS3dMPkRSQDE2Nppump,0.000003325878738838706
2026-01-25 23:57:00.000 UTC,GNXTUKLYy2HAdmHxhMa5QJFr4WS3dMPkRSQDE2Nppump,0.000003326987057641329
2026-01-25 23:59:00.000 UTC,GNXTUKLYy2HAdmHxhMa5QJFr4WS3dMPkRSQDE2Nppump,0.000003325878739062076
2026-01-26 09:37:00.000 UTC,GNXTUKLYy2HAdmHxhMa5QJFr4WS3dMPkRSQDE2Nppump,0.000003414570880440662
2026-01-26 20:14:00.000 UTC,GNXTUKLYy2HAdmHxhMa5QJFr4WS3dMPkRSQDE2Nppump,0.00000347556127728854
2026-01-26 20:15:00.000 UTC,GNXTUKLYy2HAdmHxhMa5QJFr4WS3dMPkRSQDE2Nppump,0.000003472503797470916
2026-01-26 20:16:00.000 UTC,GNXTUKLYy2HAdmHxhMa5QJFr4WS3dMPkRSQDE2Nppump,0.0000034725181161629144
2026-01-26 21:10:00.000 UTC,GNXTUKLYy2HAdmHxhMa5QJFr4WS3dMPkRSQDE2Nppump,0.0000034593864802897115
2026-01-26 23:42:00.000 UTC,GNXTUKLYy2HAdmHxhMa5QJFr4WS3dMPkRSQDE2Nppump,0.0000034882144999318295
2026-01-27 00:20:00.000 UTC,GNXTUKLYy2HAdmHxhMa5QJFr4WS3dMPkRSQDE2Nppump,0.000003473947309715971
2026-01-27 00:31:00.000 UTC,GNXTUKLYy2HAdmHxhMa5QJFr4WS3dMPkRSQDE2Nppump,0.0000034753858193700028
2026-01-27 00:32:00.000 UTC,GNXTUKLYy2HAdmHxhMa5QJFr4WS3dMPkRSQDE2Nppump,0.000003475432883733796
2026-01-27 01:32:00.000 UTC,GNXTUKLYy2HAdmHxhMa5QJFr4WS3dMPkRSQDE2Nppump,0.00000347600735118035
2026-01-28 03:13:00.000 UTC,GNXTUKLYy2HAdmHxhMa5QJFr4WS3dMPkRSQDE2Nppump,0.000003551541684298794
2026-01-28 19:21:00.000 UTC,GNXTUKLYy2HAdmHxhMa5QJFr4WS3dMPkRSQDE2Nppump,0.0000035230065539819233
2026-01-28 19:22:00.000 UTC,GNXTUKLYy2HAdmHxhMa5QJFr4WS3dMPkRSQDE2Nppump,0.000003523006716946674
2026-01-28 20:44:00.000 UTC,GNXTUKLYy2HAdmHxhMa5QJFr4WS3dMPkRSQDE2Nppump,0.0000035179834533275257
2026-01-28 20:45:00.000 UTC,GNXTUKLYy2HAdmHxhMa5QJFr4WS3dMPkRSQDE2Nppump,0.0000035166711026855103
2026-01-29 02:23:00.000 UTC,GNXTUKLYy2HAdmHxhMa5QJFr4WS3dMPkRSQDE2Nppump,0.000003476642775985674
2026-01-29 04:11:00.000 UTC,GNXTUKLYy2HAdmHxhMa5QJFr4WS3dMPkRSQDE2Nppump,0.0000034369158177883486
2026-01-29 08:42:00.000 UTC,GNXTUKLYy2HAdmHxhMa5QJFr4WS3dMPkRSQDE2Nppump,0.0000034531426979144854
2026-01-29 08:43:00.000 UTC,GNXTUKLYy2HAdmHxhMa5QJFr4WS3dMPkRSQDE2Nppump,0.000003453142598748229
2026-01-29 09:39:00.000 UTC,GNXTUKLYy2HAdmHxhMa5QJFr4WS3dMPkRSQDE2Nppump,0.000003442511986545685
2026-01-29 22:44:00.000 UTC,GNXTUKLYy2HAdmHxhMa5QJFr4WS3dMPkRSQDE2Nppump,0.000003285991919216452
2026-01-29 22:56:00.000 UTC,GNXTUKLYy2HAdmHxhMa5QJFr4WS3dMPkRSQDE2Nppump,0.0000032908890934577225
2026-01-30 04:43:00.000 UTC,GNXTUKLYy2HAdmHxhMa5QJFr4WS3dMPkRSQDE2Nppump,0.000003227116060125128
2026-01-30 20:10:00.000 UTC,GNXTUKLYy2HAdmHxhMa5QJFr4WS3dMPkRSQDE2Nppump,0.0000033009850895840405
2026-01-30 23:44:00.000 UTC,GNXTUKLYy2HAdmHxhMa5QJFr4WS3dMPkRSQDE2Nppump,0.000003274140855709743
2026-01-31 00:09:00.000 UTC,GNXTUKLYy2HAdmHxhMa5QJFr4WS3dMPkRSQDE2Nppump,0.0000032822541426052175
2026-01-31 00:44:00.000 UTC,GNXTUKLYy2HAdmHxhMa5QJFr4WS3dMPkRSQDE2Nppump,0.0000032942949167718128
2026-01-31 01:21:00.000 UTC,GNXTUKLYy2HAdmHxhMa5QJFr4WS3dMPkRSQDE2Nppump,0.0000033018626273775554
2026-01-31 01:22:00.000 UTC,GNXTUKLYy2HAdmHxhMa5QJFr4WS3dMPkRSQDE2Nppump,0.000003301862446053715
2026-01-31 04:37:00.000 UTC,GNXTUKLYy2HAdmHxhMa5QJFr4WS3dMPkRSQDE2Nppump,0.0000033153050671969137
2026-01-31 05:21:00.000 UTC,GNXTUKLYy2HAdmHxhMa5QJFr4WS3dMPkRSQDE2Nppump,0.000003304984019792028
2026-01-31 05:22:00.000 UTC,GNXTUKLYy2HAdmHxhMa5QJFr4WS3dMPkRSQDE2Nppump,0.000003305031435598818
2026-01-31 19:16:00.000 UTC,GNXTUKLYy2HAdmHxhMa5QJFr4WS3dMPkRSQDE2Nppump,0.0000029148843492169058
2026-02-01 22:17:00.000 UTC,GNXTUKLYy2HAdmHxhMa5QJFr4WS3dMPkRSQDE2Nppump,0.0000028649905505322013
2026-02-02 00:47:00.000 UTC,GNXTUKLYy2HAdmHxhMa5QJFr4WS3dMPkRSQDE2Nppump,0.0000028683768959908334
2026-02-02 01:48:00.000 UTC,GNXTUKLYy2HAdmHxhMa5QJFr4WS3dMPkRSQDE2Nppump,0.000002864201591682739
2026-02-02 04:33:00.000 UTC,GNXTUKLYy2HAdmHxhMa5QJFr4WS3dMPkRSQDE2Nppump,0.0000028250519001808257
2026-02-02 07:50:00.000 UTC,GNXTUKLYy2HAdmHxhMa5QJFr4WS3dMPkRSQDE2Nppump,0.0000028524981816796388
2026-02-02 07:51:00.000 UTC,GNXTUKLYy2HAdmHxhMa5QJFr4WS3dMPkRSQDE2Nppump,0.000002852532362364324
2026-02-02 17:36:00.000 UTC,GNXTUKLYy2HAdmHxhMa5QJFr4WS3dMPkRSQDE2Nppump,0.0000029448856269841774
2026-02-02 18:06:00.000 UTC,GNXTUKLYy2HAdmHxhMa5QJFr4WS3dMPkRSQDE2Nppump,0.0000029286571780178918
2026-02-02 19:51:00.000 UTC,GNXTUKLYy2HAdmHxhMa5QJFr4WS3dMPkRSQDE2Nppump,0.000002903754513602914
2026-02-02 20:16:00.000 UTC,GNXTUKLYy2HAdmHxhMa5QJFr4WS3dMPkRSQDE2Nppump,0.0000029059936198302876
2026-02-02 20:41:00.000 UTC,GNXTUKLYy2HAdmHxhMa5QJFr4WS3dMPkRSQDE2Nppump,0.000002896480342181837
2026-02-03 04:52:00.000 UTC,GNXTUKLYy2HAdmHxhMa5QJFr4WS3dMPkRSQDE2Nppump,0.0000029337089976056475
2026-02-05 00:48:00.000 UTC,GNXTUKLYy2HAdmHxhMa5QJFr4WS3dMPkRSQDE2Nppump,0.000002569704410886953
2026-02-05 04:03:00.000 UTC,GNXTUKLYy2HAdmHxhMa5QJFr4WS3dMPkRSQDE2Nppump,0.0000025473311449499797
2026-02-06 02:27:00.000 UTC,GNXTUKLYy2HAdmHxhMa5QJFr4WS3dMPkRSQDE2Nppump,0.0000021567363162001713
2026-02-06 07:02:00.000 UTC,GNXTUKLYy2HAdmHxhMa5QJFr4WS3dMPkRSQDE2Nppump,0.0000022236171389484168
2026-02-06 11:34:00.000 UTC,GNXTUKLYy2HAdmHxhMa5QJFr4WS3dMPkRSQDE2Nppump,0.0000022667165817743924
2026-02-06 16:09:00.000 UTC,GNXTUKLYy2HAdmHxhMa5QJFr4WS3dMPkRSQDE2Nppump,0.000002358493402664284
2026-02-06 16:40:00.000 UTC,GNXTUKLYy2HAdmHxhMa5QJFr4WS3dMPkRSQDE2Nppump,0.000002427047741581776
2026-02-06 19:58:00.000 UTC,GNXTUKLYy2HAdmHxhMa5QJFr4WS3dMPkRSQDE2Nppump,0.000002438248079336672
2026-02-07 03:45:00.000 UTC,GNXTUKLYy2HAdmHxhMa5QJFr4WS3dMPkRSQDE2Nppump,0.000002462021704634532
2026-02-07 04:44:00.000 UTC,GNXTUKLYy2HAdmHxhMa5QJFr4WS3dMPkRSQDE2Nppump,0.0000024664993871565868
2026-02-07 09:53:00.000 UTC,GNXTUKLYy2HAdmHxhMa5QJFr4WS3dMPkRSQDE2Nppump,0.000002377528223414058
2026-02-07 14:58:00.000 UTC,GNXTUKLYy2HAdmHxhMa5QJFr4WS3dMPkRSQDE2Nppump,0.000002398523324436151
2026-02-07 15:02:00.000 UTC,GNXTUKLYy2HAdmHxhMa5QJFr4WS3dMPkRSQDE2Nppump,0.00000239908291503074
2026-02-07 15:12:00.000 UTC,GNXTUKLYy2HAdmHxhMa5QJFr4WS3dMPkRSQDE2Nppump,0.000002411673985031319
2026-02-07 15:32:00.000 UTC,GNXTUKLYy2HAdmHxhMa5QJFr4WS3dMPkRSQDE2Nppump,0.000002422307062039009
2026-02-07 15:45:00.000 UTC,GNXTUKLYy2HAdmHxhMa5QJFr4WS3dMPkRSQDE2Nppump,0.000002415871305263962
2026-02-07 15:57:00.000 UTC,GNXTUKLYy2HAdmHxhMa5QJFr4WS3dMPkRSQDE2Nppump,0.00000241755015988226
2026-02-07 16:25:00.000 UTC,GNXTUKLYy2HAdmHxhMa5QJFr4WS3dMPkRSQDE2Nppump,0.000002435737609081801
2026-02-07 16:32:00.000 UTC,GNXTUKLYy2HAdmHxhMa5QJFr4WS3dMPkRSQDE2Nppump,0.0000024307011399604823
2026-02-07 16:41:00.000 UTC,GNXTUKLYy2HAdmHxhMa5QJFr4WS3dMPkRSQDE2Nppump,0.0000024382561949289856
2026-02-07 16:46:00.000 UTC,GNXTUKLYy2HAdmHxhMa5QJFr4WS3dMPkRSQDE2Nppump,0.00000243657721910687
2026-02-07 16:52:00.000 UTC,GNXTUKLYy2HAdmHxhMa5QJFr4WS3dMPkRSQDE2Nppump,0.0000024346185081247885
2026-02-07 17:02:00.000 UTC,GNXTUKLYy2HAdmHxhMa5QJFr4WS3dMPkRSQDE2Nppump,0.0000024371366149516406
2026-02-07 17:04:00.000 UTC,GNXTUKLYy2HAdmHxhMa5QJFr4WS3dMPkRSQDE2Nppump,0.000002437136993602922
2026-02-07 17:45:00.000 UTC,GNXTUKLYy2HAdmHxhMa5QJFr4WS3dMPkRSQDE2Nppump,0.0000024494485926521225
2026-02-08 08:42:00.000 UTC,GNXTUKLYy2HAdmHxhMa5QJFr4WS3dMPkRSQDE2Nppump,0.0000024774504684862036
2026-02-08 16:15:00.000 UTC,GNXTUKLYy2HAdmHxhMa5QJFr4WS3dMPkRSQDE2Nppump,0.0000024480978307293092
2026-02-08 16:42:00.000 UTC,GNXTUKLYy2HAdmHxhMa5QJFr4WS3dMPkRSQDE2Nppump,0.0000024349467294042517
2026-02-08 18:55:00.000 UTC,GNXTUKLYy2HAdmHxhMa5QJFr4WS3dMPkRSQDE2Nppump,0.0000024620887321914636
2026-02-09 06:58:00.000 UTC,GNXTUKLYy2HAdmHxhMa5QJFr4WS3dMPkRSQDE2Nppump,0.0000024176274549098263
2026-02-09 16:01:00.000 UTC,GNXTUKLYy2HAdmHxhMa5QJFr4WS3dMPkRSQDE2Nppump,0.000002385757142515994
2026-02-09 21:50:00.000 UTC,GNXTUKLYy2HAdmHxhMa5QJFr4WS3dMPkRSQDE2Nppump,0.000002429408853649435
2026-02-10 01:22:00.000 UTC,GNXTUKLYy2HAdmHxhMa5QJFr4WS3dMPkRSQDE2Nppump,0.000002436139422094346
2026-02-10 17:30:00.000 UTC,GNXTUKLYy2HAdmHxhMa5QJFr4WS3dMPkRSQDE2Nppump,0.0000023673199819857225
2026-02-10 18:05:00.000 UTC,GNXTUKLYy2HAdmHxhMa5QJFr4WS3dMPkRSQDE2Nppump,0.000002369558385297554
2026-02-10 18:06:00.000 UTC,GNXTUKLYy2HAdmHxhMa5QJFr4WS3dMPkRSQDE2Nppump,0.0000023695579628145182
2026-02-11 04:56:00.000 UTC,GNXTUKLYy2HAdmHxhMa5QJFr4WS3dMPkRSQDE2Nppump,0.000002291456252419346
2026-02-11 04:57:00.000 UTC,GNXTUKLYy2HAdmHxhMa5QJFr4WS3dMPkRSQDE2Nppump,0.000002290902698984503
2026-02-11 12:28:00.000 UTC,GNXTUKLYy2HAdmHxhMa5QJFr4WS3dMPkRSQDE2Nppump,0.000002278334306803776
2026-02-11 12:30:00.000 UTC,GNXTUKLYy2HAdmHxhMa5QJFr4WS3dMPkRSQDE2Nppump,0.000002275256353651496
2026-02-11 12:44:00.000 UTC,GNXTUKLYy2HAdmHxhMa5QJFr4WS3dMPkRSQDE2Nppump,0.0000022760957362024916
2026-02-11 12:45:00.000 UTC,GNXTUKLYy2HAdmHxhMa5QJFr4WS3dMPkRSQDE2Nppump,0.000002272458296620027
2026-02-11 13:07:00.000 UTC,GNXTUKLYy2HAdmHxhMa5QJFr4WS3dMPkRSQDE2Nppump,0.0000022713389968802813
2026-02-11 13:08:00.000 UTC,GNXTUKLYy2HAdmHxhMa5QJFr4WS3dMPkRSQDE2Nppump,0.000002271339103310145
2026-02-11 13:21:00.000 UTC,GNXTUKLYy2HAdmHxhMa5QJFr4WS3dMPkRSQDE2Nppump,0.000002265182676373063
2026-02-11 13:22:00.000 UTC,GNXTUKLYy2HAdmHxhMa5QJFr4WS3dMPkRSQDE2Nppump,0.0000022651826428606103
2026-02-11 13:37:00.000 UTC,GNXTUKLYy2HAdmHxhMa5QJFr4WS3dMPkRSQDE2Nppump,0.0000022856099444714914
2026-02-11 13:39:00.000 UTC,GNXTUKLYy2HAdmHxhMa5QJFr4WS3dMPkRSQDE2Nppump,0.0000022856100685620473
2026-02-11 13:45:00.000 UTC,GNXTUKLYy2HAdmHxhMa5QJFr4WS3dMPkRSQDE2Nppump,0.00000227413692825079
2026-02-11 13:49:00.000 UTC,GNXTUKLYy2HAdmHxhMa5QJFr4WS3dMPkRSQDE2Nppump,0.000002274137039966421
2026-02-11 16:46:00.000 UTC,GNXTUKLYy2HAdmHxhMa5QJFr4WS3dMPkRSQDE2Nppump,0.0000022164942269308688
2026-02-11 19:16:00.000 UTC,GNXTUKLYy2HAdmHxhMa5QJFr4WS3dMPkRSQDE2Nppump,0.000002243916745778088
2026-02-11 23:52:00.000 UTC,GNXTUKLYy2HAdmHxhMa5QJFr4WS3dMPkRSQDE2Nppump,0.000002220971367163489
2026-02-12 18:59:00.000 UTC,GNXTUKLYy2HAdmHxhMa5QJFr4WS3dMPkRSQDE2Nppump,0.000002174520507411646
2026-02-12 21:29:00.000 UTC,GNXTUKLYy2HAdmHxhMa5QJFr4WS3dMPkRSQDE2Nppump,0.000002158290211874966
2026-02-12 23:25:00.000 UTC,GNXTUKLYy2HAdmHxhMa5QJFr4WS3dMPkRSQDE2Nppump,0.0000021899196230302125
2026-02-14 02:54:00.000 UTC,GNXTUKLYy2HAdmHxhMa5QJFr4WS3dMPkRSQDE2Nppump,0.0000023758966491336135
2026-02-14 06:07:00.000 UTC,GNXTUKLYy2HAdmHxhMa5QJFr4WS3dMPkRSQDE2Nppump,0.000002365683036186859
2026-02-14 19:00:00.000 UTC,GNXTUKLYy2HAdmHxhMa5QJFr4WS3dMPkRSQDE2Nppump,0.0000024633656187047716
2026-02-14 19:32:00.000 UTC,GNXTUKLYy2HAdmHxhMa5QJFr4WS3dMPkRSQDE2Nppump,0.000002461965892589963
2026-02-14 19:56:00.000 UTC,GNXTUKLYy2HAdmHxhMa5QJFr4WS3dMPkRSQDE2Nppump,0.000002469801695183063
2026-02-14 20:24:00.000 UTC,GNXTUKLYy2HAdmHxhMa5QJFr4WS3dMPkRSQDE2Nppump,0.0000024616868560909314
2026-02-14 21:16:00.000 UTC,GNXTUKLYy2HAdmHxhMa5QJFr4WS3dMPkRSQDE2Nppump,0.000002469521969159017
2026-02-15 09:04:00.000 UTC,GNXTUKLYy2HAdmHxhMa5QJFr4WS3dMPkRSQDE2Nppump,0.000002508709439901785
2026-02-15 10:41:00.000 UTC,GNXTUKLYy2HAdmHxhMa5QJFr4WS3dMPkRSQDE2Nppump,0.000002495594513263623
2026-02-15 10:42:00.000 UTC,GNXTUKLYy2HAdmHxhMa5QJFr4WS3dMPkRSQDE2Nppump,0.0000024956461566625284
2026-02-15 10:52:00.000 UTC,GNXTUKLYy2HAdmHxhMa5QJFr4WS3dMPkRSQDE2Nppump,0.000002507428492834789
2026-02-15 14:32:00.000 UTC,GNXTUKLYy2HAdmHxhMa5QJFr4WS3dMPkRSQDE2Nppump,0.000002441944196964646
2026-02-15 14:33:00.000 UTC,GNXTUKLYy2HAdmHxhMa5QJFr4WS3dMPkRSQDE2Nppump,0.0000024419443261649494
2026-02-15 14:34:00.000 UTC,GNXTUKLYy2HAdmHxhMa5QJFr4WS3dMPkRSQDE2Nppump,0.0000024419442872646395
2026-02-15 14:35:00.000 UTC,GNXTUKLYy2HAdmHxhMa5QJFr4WS3dMPkRSQDE2Nppump,0.0000024385861012627366
2026-02-15 14:36:00.000 UTC,GNXTUKLYy2HAdmHxhMa5QJFr4WS3dMPkRSQDE2Nppump,0.0000024385861081358715
2026-02-15 14:37:00.000 UTC,GNXTUKLYy2HAdmHxhMa5QJFr4WS3dMPkRSQDE2Nppump,0.0000024391894995149397
2026-02-15 16:40:00.000 UTC,GNXTUKLYy2HAdmHxhMa5QJFr4WS3dMPkRSQDE2Nppump,0.00000244439699127414
2026-02-15 17:19:00.000 UTC,GNXTUKLYy2HAdmHxhMa5QJFr4WS3dMPkRSQDE2Nppump,0.0000024527973414648064
2026-02-15 17:20:00.000 UTC,GNXTUKLYy2HAdmHxhMa5QJFr4WS3dMPkRSQDE2Nppump,0.000002444955674032186
2026-02-15 17:21:00.000 UTC,GNXTUKLYy2HAdmHxhMa5QJFr4WS3dMPkRSQDE2Nppump,0.0000024449557110951458
2026-02-15 17:22:00.000 UTC,GNXTUKLYy2HAdmHxhMa5QJFr4WS3dMPkRSQDE2Nppump,0.0000024449556355005986
2026-02-15 17:23:00.000 UTC,GNXTUKLYy2HAdmHxhMa5QJFr4WS3dMPkRSQDE2Nppump,0.0000024449555854438457
2026-02-15 19:06:00.000 UTC,GNXTUKLYy2HAdmHxhMa5QJFr4WS3dMPkRSQDE2Nppump,0.0000024068721147959967
2026-02-16 08:45:00.000 UTC,GNXTUKLYy2HAdmHxhMa5QJFr4WS3dMPkRSQDE2Nppump,0.0000023889639656657293
2026-02-16 14:38:00.000 UTC,GNXTUKLYy2HAdmHxhMa5QJFr4WS3dMPkRSQDE2Nppump,0.000002355500780911157
2026-02-16 14:39:00.000 UTC,GNXTUKLYy2HAdmHxhMa5QJFr4WS3dMPkRSQDE2Nppump,0.0000023555007283728303
2026-02-16 14:40:00.000 UTC,GNXTUKLYy2HAdmHxhMa5QJFr4WS3dMPkRSQDE2Nppump,0.0000023588589176603604
2026-02-16 14:41:00.000 UTC,GNXTUKLYy2HAdmHxhMa5QJFr4WS3dMPkRSQDE2Nppump,0.000002358858971231771
2026-02-16 14:42:00.000 UTC,GNXTUKLYy2HAdmHxhMa5QJFr4WS3dMPkRSQDE2Nppump,0.0000023588589449826126
2026-02-16 14:43:00.000 UTC,GNXTUKLYy2HAdmHxhMa5QJFr4WS3dMPkRSQDE2Nppump,0.0000023588589994510374
2026-02-16 14:44:00.000 UTC,GNXTUKLYy2HAdmHxhMa5QJFr4WS3dMPkRSQDE2Nppump,0.0000023588589546316015
2026-02-16 14:45:00.000 UTC,GNXTUKLYy2HAdmHxhMa5QJFr4WS3dMPkRSQDE2Nppump,0.000002357179914216875
2026-02-16 22:37:00.000 UTC,GNXTUKLYy2HAdmHxhMa5QJFr4WS3dMPkRSQDE2Nppump,0.000002407554108407525
2026-02-16 23:49:00.000 UTC,GNXTUKLYy2HAdmHxhMa5QJFr4WS3dMPkRSQDE2Nppump,0.0000024151099854278983
2026-02-17 13:58:00.000 UTC,GNXTUKLYy2HAdmHxhMa5QJFr4WS3dMPkRSQDE2Nppump,0.00000238908287539207
2026-02-17 13:59:00.000 UTC,GNXTUKLYy2HAdmHxhMa5QJFr4WS3dMPkRSQDE2Nppump,0.0000023890828077067958
2026-02-17 14:00:00.000 UTC,GNXTUKLYy2HAdmHxhMa5QJFr4WS3dMPkRSQDE2Nppump,0.0000023795678847227355
2026-02-17 14:01:00.000 UTC,GNXTUKLYy2HAdmHxhMa5QJFr4WS3dMPkRSQDE2Nppump,0.0000023795678130198744
2026-02-17 14:02:00.000 UTC,GNXTUKLYy2HAdmHxhMa5QJFr4WS3dMPkRSQDE2Nppump,0.000002379567957828159
2026-02-17 14:03:00.000 UTC,GNXTUKLYy2HAdmHxhMa5QJFr4WS3dMPkRSQDE2Nppump,0.0000023795679329575256
2026-02-17 14:04:00.000 UTC,GNXTUKLYy2HAdmHxhMa5QJFr4WS3dMPkRSQDE2Nppump,0.0000023795679045535704
2026-02-17 14:05:00.000 UTC,GNXTUKLYy2HAdmHxhMa5QJFr4WS3dMPkRSQDE2Nppump,0.0000023804074814051694
2026-02-17 23:11:00.000 UTC,GNXTUKLYy2HAdmHxhMa5QJFr4WS3dMPkRSQDE2Nppump,0.000002378729308041526
2026-02-17 23:40:00.000 UTC,GNXTUKLYy2HAdmHxhMa5QJFr4WS3dMPkRSQDE2Nppump,0.00000237872925624562
2026-02-18 16:05:00.000 UTC,GNXTUKLYy2HAdmHxhMa5QJFr4WS3dMPkRSQDE2Nppump,0.0000023124884665746553
2026-02-18 20:16:00.000 UTC,GNXTUKLYy2HAdmHxhMa5QJFr4WS3dMPkRSQDE2Nppump,0.0000022704275058426017
2026-02-18 20:17:00.000 UTC,GNXTUKLYy2HAdmHxhMa5QJFr4WS3dMPkRSQDE2Nppump,0.0000022704274228856933
2026-02-18 21:23:00.000 UTC,GNXTUKLYy2HAdmHxhMa5QJFr4WS3dMPkRSQDE2Nppump,0.0000022777035842078294
2026-02-18 23:27:00.000 UTC,GNXTUKLYy2HAdmHxhMa5QJFr4WS3dMPkRSQDE2Nppump,0.000002277143676154476
2026-02-19 02:16:00.000 UTC,GNXTUKLYy2HAdmHxhMa5QJFr4WS3dMPkRSQDE2Nppump,0.0000022925351608068863
2026-02-19 04:08:00.000 UTC,GNXTUKLYy2HAdmHxhMa5QJFr4WS3dMPkRSQDE2Nppump,0.000002293374977807588
2026-02-19 20:16:00.000 UTC,GNXTUKLYy2HAdmHxhMa5QJFr4WS3dMPkRSQDE2Nppump,0.000002298487709977637
2026-02-19 20:41:00.000 UTC,GNXTUKLYy2HAdmHxhMa5QJFr4WS3dMPkRSQDE2Nppump,0.000002293654764340537
2026-02-19 22:07:00.000 UTC,GNXTUKLYy2HAdmHxhMa5QJFr4WS3dMPkRSQDE2Nppump,0.000002295893961775191
2026-02-20 00:40:00.000 UTC,GNXTUKLYy2HAdmHxhMa5QJFr4WS3dMPkRSQDE2Nppump,0.0000023314347162207825
2026-02-20 01:24:00.000 UTC,GNXTUKLYy2HAdmHxhMa5QJFr4WS3dMPkRSQDE2Nppump,0.0000023196810847858268
2026-02-20 12:35:00.000 UTC,GNXTUKLYy2HAdmHxhMa5QJFr4WS3dMPkRSQDE2Nppump,0.000002340949175609072
2026-02-20 20:39:00.000 UTC,GNXTUKLYy2HAdmHxhMa5QJFr4WS3dMPkRSQDE2Nppump,0.0000023678166554030335
2026-02-20 21:14:00.000 UTC,GNXTUKLYy2HAdmHxhMa5QJFr4WS3dMPkRSQDE2Nppump,0.0000023683763326726697
2026-02-20 22:57:00.000 UTC,GNXTUKLYy2HAdmHxhMa5QJFr4WS3dMPkRSQDE2Nppump,0.000002367817041516082
2026-02-20 23:27:00.000 UTC,GNXTUKLYy2HAdmHxhMa5QJFr4WS3dMPkRSQDE2Nppump,0.0000023636192207645226
2026-02-21 01:23:00.000 UTC,GNXTUKLYy2HAdmHxhMa5QJFr4WS3dMPkRSQDE2Nppump,0.000002368657709148921
2026-02-22 04:10:00.000 UTC,GNXTUKLYy2HAdmHxhMa5QJFr4WS3dMPkRSQDE2Nppump,0.0000023848877375473223
2026-02-22 21:10:00.000 UTC,GNXTUKLYy2HAdmHxhMa5QJFr4WS3dMPkRSQDE2Nppump,0.000002328077875356211
2026-02-23 03:20:00.000 UTC,GNXTUKLYy2HAdmHxhMa5QJFr4WS3dMPkRSQDE2Nppump,0.000002177518406449959
2026-02-23 05:19:00.000 UTC,GNXTUKLYy2HAdmHxhMa5QJFr4WS3dMPkRSQDE2Nppump,0.000002177518214942621
2026-02-23 23:45:00.000 UTC,GNXTUKLYy2HAdmHxhMa5QJFr4WS3dMPkRSQDE2Nppump,0.000002178917720454421
2026-02-23 23:46:00.000 UTC,GNXTUKLYy2HAdmHxhMa5QJFr4WS3dMPkRSQDE2Nppump,0.0000021789172469458754
2026-02-24 01:47:00.000 UTC,GNXTUKLYy2HAdmHxhMa5QJFr4WS3dMPkRSQDE2Nppump,0.0000021769582959654283
2026-02-24 02:22:00.000 UTC,GNXTUKLYy2HAdmHxhMa5QJFr4WS3dMPkRSQDE2Nppump,0.00000218087659075275
2026-02-24 02:23:00.000 UTC,GNXTUKLYy2HAdmHxhMa5QJFr4WS3dMPkRSQDE2Nppump,0.0000021808762580681385
2026-02-24 22:53:00.000 UTC,GNXTUKLYy2HAdmHxhMa5QJFr4WS3dMPkRSQDE2Nppump,0.0000022122194947630454
2026-02-24 22:54:00.000 UTC,GNXTUKLYy2HAdmHxhMa5QJFr4WS3dMPkRSQDE2Nppump,0.0000022122214230501952
2026-02-24 23:07:00.000 UTC,GNXTUKLYy2HAdmHxhMa5QJFr4WS3dMPkRSQDE2Nppump,0.0000022127793213583166
2026-02-25 01:19:00.000 UTC,GNXTUKLYy2HAdmHxhMa5QJFr4WS3dMPkRSQDE2Nppump,0.000002278544577578169
2026-02-25 01:51:00.000 UTC,GNXTUKLYy2HAdmHxhMa5QJFr4WS3dMPkRSQDE2Nppump,0.0000022998249131577066
2026-02-27 00:26:00.000 UTC,GNXTUKLYy2HAdmHxhMa5QJFr4WS3dMPkRSQDE2Nppump,0.0000023980678370085534
2026-02-27 01:24:00.000 UTC,GNXTUKLYy2HAdmHxhMa5QJFr4WS3dMPkRSQDE2Nppump,0.0000023944296012262074
2026-02-27 01:58:00.000 UTC,GNXTUKLYy2HAdmHxhMa5QJFr4WS3dMPkRSQDE2Nppump,0.0000024078629674909893
2026-02-27 03:31:00.000 UTC,GNXTUKLYy2HAdmHxhMa5QJFr4WS3dMPkRSQDE2Nppump,0.000002419616635310012
2026-02-27 20:46:00.000 UTC,GNXTUKLYy2HAdmHxhMa5QJFr4WS3dMPkRSQDE2Nppump,0.0000022855439053750017
2026-02-27 20:53:00.000 UTC,GNXTUKLYy2HAdmHxhMa5QJFr4WS3dMPkRSQDE2Nppump,0.000002283047527620567
2026-02-28 00:23:00.000 UTC,GNXTUKLYy2HAdmHxhMa5QJFr4WS3dMPkRSQDE2Nppump,0.000002292842494931769
2026-02-28 01:25:00.000 UTC,GNXTUKLYy2HAdmHxhMa5QJFr4WS3dMPkRSQDE2Nppump,0.000002301518266742381
2026-02-28 04:43:00.000 UTC,GNXTUKLYy2HAdmHxhMa5QJFr4WS3dMPkRSQDE2Nppump,0.0000022869659319639104
2026-02-28 19:58:00.000 UTC,GNXTUKLYy2HAdmHxhMa5QJFr4WS3dMPkRSQDE2Nppump,0.000002307394121784812
2026-02-28 19:59:00.000 UTC,GNXTUKLYy2HAdmHxhMa5QJFr4WS3dMPkRSQDE2Nppump,0.0000023073941142255934
2026-02-28 20:00:00.000 UTC,GNXTUKLYy2HAdmHxhMa5QJFr4WS3dMPkRSQDE2Nppump,0.0000023023567949683475
2026-02-28 20:01:00.000 UTC,GNXTUKLYy2HAdmHxhMa5QJFr4WS3dMPkRSQDE2Nppump,0.000002302356797181724
2026-02-28 20:02:00.000 UTC,GNXTUKLYy2HAdmHxhMa5QJFr4WS3dMPkRSQDE2Nppump,0.00000230235675716517
2026-02-28 20:03:00.000 UTC,GNXTUKLYy2HAdmHxhMa5QJFr4WS3dMPkRSQDE2Nppump,0.0000023023567213641274
2026-02-28 20:04:00.000 UTC,GNXTUKLYy2HAdmHxhMa5QJFr4WS3dMPkRSQDE2Nppump,0.0000023023568055410597
2026-03-01 15:28:00.000 UTC,GNXTUKLYy2HAdmHxhMa5QJFr4WS3dMPkRSQDE2Nppump,0.0000024162583573417355
2026-03-01 17:24:00.000 UTC,GNXTUKLYy2HAdmHxhMa5QJFr4WS3dMPkRSQDE2Nppump,0.0000023376196980758225
2026-03-01 17:33:00.000 UTC,GNXTUKLYy2HAdmHxhMa5QJFr4WS3dMPkRSQDE2Nppump,0.0000023426564218789244
2026-03-01 17:58:00.000 UTC,GNXTUKLYy2HAdmHxhMa5QJFr4WS3dMPkRSQDE2Nppump,0.000002356649336631912
2026-03-01 23:04:00.000 UTC,GNXTUKLYy2HAdmHxhMa5QJFr4WS3dMPkRSQDE2Nppump,0.0000023163501106001237
2026-03-02 05:06:00.000 UTC,GNXTUKLYy2HAdmHxhMa5QJFr4WS3dMPkRSQDE2Nppump,0.0000023577688245880544
2026-03-02 14:39:00.000 UTC,GNXTUKLYy2HAdmHxhMa5QJFr4WS3dMPkRSQDE2Nppump,0.0000023586081993754515
2026-03-02 14:53:00.000 UTC,GNXTUKLYy2HAdmHxhMa5QJFr4WS3dMPkRSQDE2Nppump,0.0000023815563459317554
2026-03-02 15:14:00.000 UTC,GNXTUKLYy2HAdmHxhMa5QJFr4WS3dMPkRSQDE2Nppump,0.0000024341686741759457
2026-03-02 19:23:00.000 UTC,GNXTUKLYy2HAdmHxhMa5QJFr4WS3dMPkRSQDE2Nppump,0.000002445642559447547
2026-03-03 13:47:00.000 UTC,GNXTUKLYy2HAdmHxhMa5QJFr4WS3dMPkRSQDE2Nppump,0.0000023381916708182965
2026-03-05 01:33:00.000 UTC,GNXTUKLYy2HAdmHxhMa5QJFr4WS3dMPkRSQDE2Nppump,0.0000025335467970020737
2026-03-05 02:13:00.000 UTC,GNXTUKLYy2HAdmHxhMa5QJFr4WS3dMPkRSQDE2Nppump,0.0000025299084165545217
2026-03-05 02:50:00.000 UTC,GNXTUKLYy2HAdmHxhMa5QJFr4WS3dMPkRSQDE2Nppump,0.0000025248713446683174
2026-03-06 09:35:00.000 UTC,GNXTUKLYy2HAdmHxhMa5QJFr4WS3dMPkRSQDE2Nppump,0.0000024425936489021726
2026-03-06 09:47:00.000 UTC,GNXTUKLYy2HAdmHxhMa5QJFr4WS3dMPkRSQDE2Nppump,0.000002445672166765987
2026-03-06 11:21:00.000 UTC,GNXTUKLYy2HAdmHxhMa5QJFr4WS3dMPkRSQDE2Nppump,0.0000024568660647537508
2026-03-07 08:10:00.000 UTC,GNXTUKLYy2HAdmHxhMa5QJFr4WS3dMPkRSQDE2Nppump,0.000002356957086300654
2026-03-07 08:47:00.000 UTC,GNXTUKLYy2HAdmHxhMa5QJFr4WS3dMPkRSQDE2Nppump,0.000002363953487082538
2026-03-07 10:05:00.000 UTC,GNXTUKLYy2HAdmHxhMa5QJFr4WS3dMPkRSQDE2Nppump,0.0000023667525603180975
2026-03-07 10:34:00.000 UTC,GNXTUKLYy2HAdmHxhMa5QJFr4WS3dMPkRSQDE2Nppump,0.0000023667517471866364
2026-03-07 13:01:00.000 UTC,GNXTUKLYy2HAdmHxhMa5QJFr4WS3dMPkRSQDE2Nppump,0.0000023591956985308547
2026-03-07 13:02:00.000 UTC,GNXTUKLYy2HAdmHxhMa5QJFr4WS3dMPkRSQDE2Nppump,0.000002359195721849926
2026-03-08 04:54:00.000 UTC,GNXTUKLYy2HAdmHxhMa5QJFr4WS3dMPkRSQDE2Nppump,0.000002301559315137299
2026-03-08 09:18:00.000 UTC,GNXTUKLYy2HAdmHxhMa5QJFr4WS3dMPkRSQDE2Nppump,0.000002325643487906662
2026-03-08 10:01:00.000 UTC,GNXTUKLYy2HAdmHxhMa5QJFr4WS3dMPkRSQDE2Nppump,0.000002328722137284952
2026-03-08 14:09:00.000 UTC,GNXTUKLYy2HAdmHxhMa5QJFr4WS3dMPkRSQDE2Nppump,0.0000022968312751509034
2026-03-09 14:54:00.000 UTC,GNXTUKLYy2HAdmHxhMa5QJFr4WS3dMPkRSQDE2Nppump,0.0000023905711165345145
2026-03-09 22:01:00.000 UTC,GNXTUKLYy2HAdmHxhMa5QJFr4WS3dMPkRSQDE2Nppump,0.0000024099594092424596
2026-03-09 22:02:00.000 UTC,GNXTUKLYy2HAdmHxhMa5QJFr4WS3dMPkRSQDE2Nppump,0.000002409949956689393
2026-03-10 09:47:00.000 UTC,GNXTUKLYy2HAdmHxhMa5QJFr4WS3dMPkRSQDE2Nppump,0.000002442345979718084
2026-03-10 10:14:00.000 UTC,GNXTUKLYy2HAdmHxhMa5QJFr4WS3dMPkRSQDE2Nppump,0.000002443745070303418
2026-03-10 12:09:00.000 UTC,GNXTUKLYy2HAdmHxhMa5QJFr4WS3dMPkRSQDE2Nppump,0.0000024266729776105656
2026-03-10 13:58:00.000 UTC,GNXTUKLYy2HAdmHxhMa5QJFr4WS3dMPkRSQDE2Nppump,0.0000024221957912957813
2026-03-10 20:57:00.000 UTC,GNXTUKLYy2HAdmHxhMa5QJFr4WS3dMPkRSQDE2Nppump,0.0000024129683447152397
2026-03-11 13:48:00.000 UTC,GNXTUKLYy2HAdmHxhMa5QJFr4WS3dMPkRSQDE2Nppump,0.000002423613698207416
2026-03-11 14:46:00.000 UTC,GNXTUKLYy2HAdmHxhMa5QJFr4WS3dMPkRSQDE2Nppump,0.0000024326153207976254
2026-03-11 19:08:00.000 UTC,GNXTUKLYy2HAdmHxhMa5QJFr4WS3dMPkRSQDE2Nppump,0.0000024518795770418046
2026-03-12 19:41:00.000 UTC,GNXTUKLYy2HAdmHxhMa5QJFr4WS3dMPkRSQDE2Nppump,0.000002424173658800228
2026-03-13 10:54:00.000 UTC,GNXTUKLYy2HAdmHxhMa5QJFr4WS3dMPkRSQDE2Nppump,0.0000025243632981380367
2026-03-13 11:04:00.000 UTC,GNXTUKLYy2HAdmHxhMa5QJFr4WS3dMPkRSQDE2Nppump,0.000002523523614093733
2026-03-13 11:19:00.000 UTC,GNXTUKLYy2HAdmHxhMa5QJFr4WS3dMPkRSQDE2Nppump,0.0000025215647382116866
2026-03-13 13:00:00.000 UTC,GNXTUKLYy2HAdmHxhMa5QJFr4WS3dMPkRSQDE2Nppump,0.000002547871752778137
2026-03-13 13:01:00.000 UTC,GNXTUKLYy2HAdmHxhMa5QJFr4WS3dMPkRSQDE2Nppump,0.0000025478717947705914
2026-03-13 13:02:00.000 UTC,GNXTUKLYy2HAdmHxhMa5QJFr4WS3dMPkRSQDE2Nppump,0.0000025478717595728695
2026-03-13 13:03:00.000 UTC,GNXTUKLYy2HAdmHxhMa5QJFr4WS3dMPkRSQDE2Nppump,0.0000025478717634282645
2026-03-13 13:05:00.000 UTC,GNXTUKLYy2HAdmHxhMa5QJFr4WS3dMPkRSQDE2Nppump,0.0000025475919315436495
2026-03-13 20:58:00.000 UTC,GNXTUKLYy2HAdmHxhMa5QJFr4WS3dMPkRSQDE2Nppump,0.0000024857430053443945
2026-03-14 01:19:00.000 UTC,GNXTUKLYy2HAdmHxhMa5QJFr4WS3dMPkRSQDE2Nppump,0.0000024613951557740816
2026-03-14 10:42:00.000 UTC,GNXTUKLYy2HAdmHxhMa5QJFr4WS3dMPkRSQDE2Nppump,0.0000024238925259865576
2026-03-14 11:07:00.000 UTC,GNXTUKLYy2HAdmHxhMa5QJFr4WS3dMPkRSQDE2Nppump,0.0000024278105418592737
2026-03-14 12:08:00.000 UTC,GNXTUKLYy2HAdmHxhMa5QJFr4WS3dMPkRSQDE2Nppump,0.0000024339768223408388
2026-03-14 20:17:00.000 UTC,GNXTUKLYy2HAdmHxhMa5QJFr4WS3dMPkRSQDE2Nppump,0.0000024320283445431235
2026-03-14 21:11:00.000 UTC,GNXTUKLYy2HAdmHxhMa5QJFr4WS3dMPkRSQDE2Nppump,0.000002433147926794237
2026-03-15 02:04:00.000 UTC,GNXTUKLYy2HAdmHxhMa5QJFr4WS3dMPkRSQDE2Nppump,0.0000024541507933449904
2026-03-16 14:38:00.000 UTC,GNXTUKLYy2HAdmHxhMa5QJFr4WS3dMPkRSQDE2Nppump,0.0000025980175612866305
2026-03-16 14:39:00.000 UTC,GNXTUKLYy2HAdmHxhMa5QJFr4WS3dMPkRSQDE2Nppump,0.0000026072417002396157
2026-03-16 14:40:00.000 UTC,GNXTUKLYy2HAdmHxhMa5QJFr4WS3dMPkRSQDE2Nppump,0.0000026243858114704693
2026-03-16 14:41:00.000 UTC,GNXTUKLYy2HAdmHxhMa5QJFr4WS3dMPkRSQDE2Nppump,0.000002625838952423203
2026-03-16 14:42:00.000 UTC,GNXTUKLYy2HAdmHxhMa5QJFr4WS3dMPkRSQDE2Nppump,0.0000026243857740778517
2026-03-16 14:43:00.000 UTC,GNXTUKLYy2HAdmHxhMa5QJFr4WS3dMPkRSQDE2Nppump,0.000002624385918594309
2026-03-16 22:03:00.000 UTC,GNXTUKLYy2HAdmHxhMa5QJFr4WS3dMPkRSQDE2Nppump,0.0000026931741100714593
2026-03-16 22:33:00.000 UTC,GNXTUKLYy2HAdmHxhMa5QJFr4WS3dMPkRSQDE2Nppump,0.000002699050972649027
2026-03-16 23:10:00.000 UTC,GNXTUKLYy2HAdmHxhMa5QJFr4WS3dMPkRSQDE2Nppump,0.0000026724647033068434
2026-03-17 05:32:00.000 UTC,GNXTUKLYy2HAdmHxhMa5QJFr4WS3dMPkRSQDE2Nppump,0.0000026302116019341823
2026-03-17 13:24:00.000 UTC,GNXTUKLYy2HAdmHxhMa5QJFr4WS3dMPkRSQDE2Nppump,0.000002620425688422761
2026-03-17 13:25:00.000 UTC,GNXTUKLYy2HAdmHxhMa5QJFr4WS3dMPkRSQDE2Nppump,0.0000026184666026069967
2026-03-17 13:26:00.000 UTC,GNXTUKLYy2HAdmHxhMa5QJFr4WS3dMPkRSQDE2Nppump,0.0000026184666590953165
2026-03-18 16:32:00.000 UTC,GNXTUKLYy2HAdmHxhMa5QJFr4WS3dMPkRSQDE2Nppump,0.0000024888865020071244
2026-03-18 18:06:00.000 UTC,GNXTUKLYy2HAdmHxhMa5QJFr4WS3dMPkRSQDE2Nppump,0.0000025392757642392145
2026-03-19 11:59:00.000 UTC,GNXTUKLYy2HAdmHxhMa5QJFr4WS3dMPkRSQDE2Nppump,0.0000025070782058384357
2026-03-19 12:00:00.000 UTC,GNXTUKLYy2HAdmHxhMa5QJFr4WS3dMPkRSQDE2Nppump,0.0000025067983395144724
2026-03-19 12:01:00.000 UTC,GNXTUKLYy2HAdmHxhMa5QJFr4WS3dMPkRSQDE2Nppump,0.0000025067983343013747
2026-03-19 12:02:00.000 UTC,GNXTUKLYy2HAdmHxhMa5QJFr4WS3dMPkRSQDE2Nppump,0.0000025067983509717247
2026-03-19 22:27:00.000 UTC,GNXTUKLYy2HAdmHxhMa5QJFr4WS3dMPkRSQDE2Nppump,0.000002502400704549384
2026-03-22 00:27:00.000 UTC,GNXTUKLYy2HAdmHxhMa5QJFr4WS3dMPkRSQDE2Nppump,0.0000024418824968472255
2026-03-22 01:57:00.000 UTC,GNXTUKLYy2HAdmHxhMa5QJFr4WS3dMPkRSQDE2Nppump,0.0000024455080790272553
2026-03-22 02:31:00.000 UTC,GNXTUKLYy2HAdmHxhMa5QJFr4WS3dMPkRSQDE2Nppump,0.0000024720957315108573
2026-03-22 06:27:00.000 UTC,GNXTUKLYy2HAdmHxhMa5QJFr4WS3dMPkRSQDE2Nppump,0.0000024684572441146096
2026-03-22 06:28:00.000 UTC,GNXTUKLYy2HAdmHxhMa5QJFr4WS3dMPkRSQDE2Nppump,0.0000024684573165661017
2026-03-22 13:25:00.000 UTC,GNXTUKLYy2HAdmHxhMa5QJFr4WS3dMPkRSQDE2Nppump,0.000002450750549773068
2026-03-23 01:25:00.000 UTC,GNXTUKLYy2HAdmHxhMa5QJFr4WS3dMPkRSQDE2Nppump,0.000002423117080779463
2026-03-23 01:26:00.000 UTC,GNXTUKLYy2HAdmHxhMa5QJFr4WS3dMPkRSQDE2Nppump,0.000002423117141732224
2026-03-23 01:27:00.000 UTC,GNXTUKLYy2HAdmHxhMa5QJFr4WS3dMPkRSQDE2Nppump,0.0000024231171572040134
2026-03-23 01:28:00.000 UTC,GNXTUKLYy2HAdmHxhMa5QJFr4WS3dMPkRSQDE2Nppump,0.000002423117152658704
2026-03-23 08:22:00.000 UTC,GNXTUKLYy2HAdmHxhMa5QJFr4WS3dMPkRSQDE2Nppump,0.000002418238992827399
2026-03-24 11:15:00.000 UTC,GNXTUKLYy2HAdmHxhMa5QJFr4WS3dMPkRSQDE2Nppump,0.0000025678099693704743
2026-03-24 11:16:00.000 UTC,GNXTUKLYy2HAdmHxhMa5QJFr4WS3dMPkRSQDE2Nppump,0.0000025678100774248597
2026-03-24 11:17:00.000 UTC,GNXTUKLYy2HAdmHxhMa5QJFr4WS3dMPkRSQDE2Nppump,0.000002567810110825515
2026-03-24 11:18:00.000 UTC,GNXTUKLYy2HAdmHxhMa5QJFr4WS3dMPkRSQDE2Nppump,0.0000025678101482257705
2026-03-24 11:19:00.000 UTC,GNXTUKLYy2HAdmHxhMa5QJFr4WS3dMPkRSQDE2Nppump,0.000002567810088641328
2026-03-25 05:48:00.000 UTC,GNXTUKLYy2HAdmHxhMa5QJFr4WS3dMPkRSQDE2Nppump,0.000002588241342007648
2026-03-25 23:37:00.000 UTC,GNXTUKLYy2HAdmHxhMa5QJFr4WS3dMPkRSQDE2Nppump,0.0000025650122358635637
2026-03-26 04:05:00.000 UTC,GNXTUKLYy2HAdmHxhMa5QJFr4WS3dMPkRSQDE2Nppump,0.000002543182848248694
2026-03-26 22:32:00.000 UTC,GNXTUKLYy2HAdmHxhMa5QJFr4WS3dMPkRSQDE2Nppump,0.0000024214379234527953
2026-03-26 22:33:00.000 UTC,GNXTUKLYy2HAdmHxhMa5QJFr4WS3dMPkRSQDE2Nppump,0.000002421437916930938
2026-03-26 22:34:00.000 UTC,GNXTUKLYy2HAdmHxhMa5QJFr4WS3dMPkRSQDE2Nppump,0.000002421437900152906
2026-03-26 22:35:00.000 UTC,GNXTUKLYy2HAdmHxhMa5QJFr4WS3dMPkRSQDE2Nppump,0.0000024251684685629496
2026-03-26 22:36:00.000 UTC,GNXTUKLYy2HAdmHxhMa5QJFr4WS3dMPkRSQDE2Nppump,0.0000024233970541426946
2026-03-27 13:26:00.000 UTC,GNXTUKLYy2HAdmHxhMa5QJFr4WS3dMPkRSQDE2Nppump,0.0000023332797396052182
2026-03-27 21:04:00.000 UTC,GNXTUKLYy2HAdmHxhMa5QJFr4WS3dMPkRSQDE2Nppump,0.0000023167664863027183
2026-03-27 21:05:00.000 UTC,GNXTUKLYy2HAdmHxhMa5QJFr4WS3dMPkRSQDE2Nppump,0.000002319285201363634
2026-03-27 21:06:00.000 UTC,GNXTUKLYy2HAdmHxhMa5QJFr4WS3dMPkRSQDE2Nppump,0.0000023192853022242484
2026-03-27 21:07:00.000 UTC,GNXTUKLYy2HAdmHxhMa5QJFr4WS3dMPkRSQDE2Nppump,0.0000023201842132540464
2026-03-27 21:08:00.000 UTC,GNXTUKLYy2HAdmHxhMa5QJFr4WS3dMPkRSQDE2Nppump,0.000002319285306085033
2026-03-28 13:21:00.000 UTC,GNXTUKLYy2HAdmHxhMa5QJFr4WS3dMPkRSQDE2Nppump,0.0000023184463556607334
2026-03-28 21:47:00.000 UTC,GNXTUKLYy2HAdmHxhMa5QJFr4WS3dMPkRSQDE2Nppump,0.000002320964476510263
2026-03-28 21:48:00.000 UTC,GNXTUKLYy2HAdmHxhMa5QJFr4WS3dMPkRSQDE2Nppump,0.0000023209645182110583
2026-03-28 21:49:00.000 UTC,GNXTUKLYy2HAdmHxhMa5QJFr4WS3dMPkRSQDE2Nppump,0.00000232096448496207
2026-03-28 21:50:00.000 UTC,GNXTUKLYy2HAdmHxhMa5QJFr4WS3dMPkRSQDE2Nppump,0.0000023195651459398575
2026-03-28 21:51:00.000 UTC,GNXTUKLYy2HAdmHxhMa5QJFr4WS3dMPkRSQDE2Nppump,0.0000023195651918979115
2026-03-30 09:02:00.000 UTC,GNXTUKLYy2HAdmHxhMa5QJFr4WS3dMPkRSQDE2Nppump,0.000002363225678697853
2026-03-30 13:23:00.000 UTC,GNXTUKLYy2HAdmHxhMa5QJFr4WS3dMPkRSQDE2Nppump,0.0000023668638674107246
2026-03-30 21:01:00.000 UTC,GNXTUKLYy2HAdmHxhMa5QJFr4WS3dMPkRSQDE2Nppump,0.0000023167675536067898
2026-03-30 21:39:00.000 UTC,GNXTUKLYy2HAdmHxhMa5QJFr4WS3dMPkRSQDE2Nppump,0.0000023321593145063892
2026-03-30 21:40:00.000 UTC,GNXTUKLYy2HAdmHxhMa5QJFr4WS3dMPkRSQDE2Nppump,0.000002332998908961041
2026-03-30 21:41:00.000 UTC,GNXTUKLYy2HAdmHxhMa5QJFr4WS3dMPkRSQDE2Nppump,0.000002332998924471849
2026-03-30 21:42:00.000 UTC,GNXTUKLYy2HAdmHxhMa5QJFr4WS3dMPkRSQDE2Nppump,0.000002332998927961409
2026-03-30 21:43:00.000 UTC,GNXTUKLYy2HAdmHxhMa5QJFr4WS3dMPkRSQDE2Nppump,0.0000023329988122843056
2026-03-31 00:12:00.000 UTC,GNXTUKLYy2HAdmHxhMa5QJFr4WS3dMPkRSQDE2Nppump,0.0000023062888647446907
2026-04-02 12:37:00.000 UTC,GNXTUKLYy2HAdmHxhMa5QJFr4WS3dMPkRSQDE2Nppump,0.000002190986079064259
2026-04-02 13:46:00.000 UTC,GNXTUKLYy2HAdmHxhMa5QJFr4WS3dMPkRSQDE2Nppump,0.0000021534906611578943
2026-04-02 14:01:00.000 UTC,GNXTUKLYy2HAdmHxhMa5QJFr4WS3dMPkRSQDE2Nppump,0.000002175316620712647
2026-04-02 14:32:00.000 UTC,GNXTUKLYy2HAdmHxhMa5QJFr4WS3dMPkRSQDE2Nppump,0.0000021940640391090114
2026-04-02 14:48:00.000 UTC,GNXTUKLYy2HAdmHxhMa5QJFr4WS3dMPkRSQDE2Nppump,0.0000022170094176206438
2026-04-02 16:00:00.000 UTC,GNXTUKLYy2HAdmHxhMa5QJFr4WS3dMPkRSQDE2Nppump,0.000002210293389757661
2026-04-02 16:39:00.000 UTC,GNXTUKLYy2HAdmHxhMa5QJFr4WS3dMPkRSQDE2Nppump,0.0000022192481251475458
2026-04-02 16:40:00.000 UTC,GNXTUKLYy2HAdmHxhMa5QJFr4WS3dMPkRSQDE2Nppump,0.0000022254042778287926
2026-04-02 18:15:00.000 UTC,GNXTUKLYy2HAdmHxhMa5QJFr4WS3dMPkRSQDE2Nppump,0.0000022049780371111467
2026-04-03 15:19:00.000 UTC,GNXTUKLYy2HAdmHxhMa5QJFr4WS3dMPkRSQDE2Nppump,0.000002250587487380671
2026-04-03 16:20:00.000 UTC,GNXTUKLYy2HAdmHxhMa5QJFr4WS3dMPkRSQDE2Nppump,0.0000022505880758723293
2026-04-03 17:04:00.000 UTC,GNXTUKLYy2HAdmHxhMa5QJFr4WS3dMPkRSQDE2Nppump,0.000002254649811334865
2026-04-03 17:05:00.000 UTC,GNXTUKLYy2HAdmHxhMa5QJFr4WS3dMPkRSQDE2Nppump,0.0000022510146183526025
2026-04-03 17:07:00.000 UTC,GNXTUKLYy2HAdmHxhMa5QJFr4WS3dMPkRSQDE2Nppump,0.0000022508675826778625
2026-04-03 17:13:00.000 UTC,GNXTUKLYy2HAdmHxhMa5QJFr4WS3dMPkRSQDE2Nppump,0.0000022517089758619967
2026-04-03 17:23:00.000 UTC,GNXTUKLYy2HAdmHxhMa5QJFr4WS3dMPkRSQDE2Nppump,0.000002238275938892451
2026-04-03 21:25:00.000 UTC,GNXTUKLYy2HAdmHxhMa5QJFr4WS3dMPkRSQDE2Nppump,0.0000022466692790175536
2026-04-03 21:26:00.000 UTC,GNXTUKLYy2HAdmHxhMa5QJFr4WS3dMPkRSQDE2Nppump,0.0000022466692803575554
2026-04-03 21:27:00.000 UTC,GNXTUKLYy2HAdmHxhMa5QJFr4WS3dMPkRSQDE2Nppump,0.0000022466693766586904
2026-04-03 21:28:00.000 UTC,GNXTUKLYy2HAdmHxhMa5QJFr4WS3dMPkRSQDE2Nppump,0.000002246669387215498
2026-04-03 21:29:00.000 UTC,GNXTUKLYy2HAdmHxhMa5QJFr4WS3dMPkRSQDE2Nppump,0.000002246669352640891
2026-04-03 22:31:00.000 UTC,GNXTUKLYy2HAdmHxhMa5QJFr4WS3dMPkRSQDE2Nppump,0.0000022466704315181174
2026-04-04 15:28:00.000 UTC,GNXTUKLYy2HAdmHxhMa5QJFr4WS3dMPkRSQDE2Nppump,0.0000022679368484217794
2026-04-04 16:37:00.000 UTC,GNXTUKLYy2HAdmHxhMa5QJFr4WS3dMPkRSQDE2Nppump,0.000002272973654403923
2026-04-06 00:00:00.000 UTC,GNXTUKLYy2HAdmHxhMa5QJFr4WS3dMPkRSQDE2Nppump,0.000002290042418569404
2026-04-07 00:03:00.000 UTC,GNXTUKLYy2HAdmHxhMa5QJFr4WS3dMPkRSQDE2Nppump,0.000002240234297258508
2026-04-07 00:31:00.000 UTC,GNXTUKLYy2HAdmHxhMa5QJFr4WS3dMPkRSQDE2Nppump,0.0000022357732691897533
2026-04-07 00:55:00.000 UTC,GNXTUKLYy2HAdmHxhMa5QJFr4WS3dMPkRSQDE2Nppump,0.0000022388703712499574
2026-04-07 12:55:00.000 UTC,GNXTUKLYy2HAdmHxhMa5QJFr4WS3dMPkRSQDE2Nppump,0.0000022092077628368236
2026-04-07 12:56:00.000 UTC,GNXTUKLYy2HAdmHxhMa5QJFr4WS3dMPkRSQDE2Nppump,0.000002209207769692765
2026-04-07 12:57:00.000 UTC,GNXTUKLYy2HAdmHxhMa5QJFr4WS3dMPkRSQDE2Nppump,0.000002209207783200528
2026-04-07 12:58:00.000 UTC,GNXTUKLYy2HAdmHxhMa5QJFr4WS3dMPkRSQDE2Nppump,0.00000220920775105502
2026-04-12 07:03:00.000 UTC,GNXTUKLYy2HAdmHxhMa5QJFr4WS3dMPkRSQDE2Nppump,0.000002303788870316919
2026-04-12 07:35:00.000 UTC,GNXTUKLYy2HAdmHxhMa5QJFr4WS3dMPkRSQDE2Nppump,0.000002306587536521792
2026-04-12 17:35:00.000 UTC,GNXTUKLYy2HAdmHxhMa5QJFr4WS3dMPkRSQDE2Nppump,0.0000022956744086367615
2026-04-13 14:53:00.000 UTC,GNXTUKLYy2HAdmHxhMa5QJFr4WS3dMPkRSQDE2Nppump,0.0000023314918805024284
2026-04-14 14:51:00.000 UTC,GNXTUKLYy2HAdmHxhMa5QJFr4WS3dMPkRSQDE2Nppump,0.000002415159050953973
2026-04-15 08:41:00.000 UTC,GNXTUKLYy2HAdmHxhMa5QJFr4WS3dMPkRSQDE2Nppump,0.0000023278530881948234
2026-04-15 08:42:00.000 UTC,GNXTUKLYy2HAdmHxhMa5QJFr4WS3dMPkRSQDE2Nppump,0.000002327853042580023
2026-04-15 08:43:00.000 UTC,GNXTUKLYy2HAdmHxhMa5QJFr4WS3dMPkRSQDE2Nppump,0.000002327852984715526
2026-04-15 08:44:00.000 UTC,GNXTUKLYy2HAdmHxhMa5QJFr4WS3dMPkRSQDE2Nppump,0.0000023278530409066388
2026-04-15 11:45:00.000 UTC,GNXTUKLYy2HAdmHxhMa5QJFr4WS3dMPkRSQDE2Nppump,0.0000023351292501572334
2026-04-16 07:11:00.000 UTC,GNXTUKLYy2HAdmHxhMa5QJFr4WS3dMPkRSQDE2Nppump,0.00000239429698157237
2026-04-16 07:12:00.000 UTC,GNXTUKLYy2HAdmHxhMa5QJFr4WS3dMPkRSQDE2Nppump,0.000002394318198315449
2026-04-16 13:22:00.000 UTC,GNXTUKLYy2HAdmHxhMa5QJFr4WS3dMPkRSQDE2Nppump,0.000002410822456154243
2026-04-16 13:23:00.000 UTC,GNXTUKLYy2HAdmHxhMa5QJFr4WS3dMPkRSQDE2Nppump,0.00000241076671432867
2026-04-16 13:38:00.000 UTC,GNXTUKLYy2HAdmHxhMa5QJFr4WS3dMPkRSQDE2Nppump,0.000002403792104983802
2026-04-16 13:48:00.000 UTC,GNXTUKLYy2HAdmHxhMa5QJFr4WS3dMPkRSQDE2Nppump,0.000002398498418826724
2026-04-16 14:00:00.000 UTC,GNXTUKLYy2HAdmHxhMa5QJFr4WS3dMPkRSQDE2Nppump,0.0000023696849872787287
2026-04-16 14:02:00.000 UTC,GNXTUKLYy2HAdmHxhMa5QJFr4WS3dMPkRSQDE2Nppump,0.0000023696897881140193
2026-04-17 02:08:00.000 UTC,GNXTUKLYy2HAdmHxhMa5QJFr4WS3dMPkRSQDE2Nppump,0.0000024708513873630373
2026-04-17 14:59:00.000 UTC,GNXTUKLYy2HAdmHxhMa5QJFr4WS3dMPkRSQDE2Nppump,0.0000025224714667793483
2026-04-17 15:00:00.000 UTC,GNXTUKLYy2HAdmHxhMa5QJFr4WS3dMPkRSQDE2Nppump,0.0000025216476501542404
2026-04-17 15:01:00.000 UTC,GNXTUKLYy2HAdmHxhMa5QJFr4WS3dMPkRSQDE2Nppump,0.0000025216123106704224
2026-04-17 21:10:00.000 UTC,GNXTUKLYy2HAdmHxhMa5QJFr4WS3dMPkRSQDE2Nppump,0.0000024946538092891136
2026-04-17 21:42:00.000 UTC,GNXTUKLYy2HAdmHxhMa5QJFr4WS3dMPkRSQDE2Nppump,0.000002488235451489962
2026-04-17 22:52:00.000 UTC,GNXTUKLYy2HAdmHxhMa5QJFr4WS3dMPkRSQDE2Nppump,0.0000025002860036577628
2026-04-18 06:49:00.000 UTC,GNXTUKLYy2HAdmHxhMa5QJFr4WS3dMPkRSQDE2Nppump,0.0000024782064430611685
2026-04-18 21:06:00.000 UTC,GNXTUKLYy2HAdmHxhMa5QJFr4WS3dMPkRSQDE2Nppump,0.0000024130404986943707
2026-04-19 00:48:00.000 UTC,GNXTUKLYy2HAdmHxhMa5QJFr4WS3dMPkRSQDE2Nppump,0.0000024055105684799122
2026-04-19 01:14:00.000 UTC,GNXTUKLYy2HAdmHxhMa5QJFr4WS3dMPkRSQDE2Nppump,0.0000024060878172312767
2026-04-19 05:21:00.000 UTC,GNXTUKLYy2HAdmHxhMa5QJFr4WS3dMPkRSQDE2Nppump,0.0000023935124880073552
2026-04-19 05:51:00.000 UTC,GNXTUKLYy2HAdmHxhMa5QJFr4WS3dMPkRSQDE2Nppump,0.0000023960480386094487
2026-04-19 07:09:00.000 UTC,GNXTUKLYy2HAdmHxhMa5QJFr4WS3dMPkRSQDE2Nppump,0.0000023907578942150617
2026-04-19 07:25:00.000 UTC,GNXTUKLYy2HAdmHxhMa5QJFr4WS3dMPkRSQDE2Nppump,0.0000023714748189117865
2026-04-19 07:47:00.000 UTC,GNXTUKLYy2HAdmHxhMa5QJFr4WS3dMPkRSQDE2Nppump,0.0000023756832146861436
2026-04-19 07:59:00.000 UTC,GNXTUKLYy2HAdmHxhMa5QJFr4WS3dMPkRSQDE2Nppump,0.0000023768023989390943
2026-04-19 21:10:00.000 UTC,GNXTUKLYy2HAdmHxhMa5QJFr4WS3dMPkRSQDE2Nppump,0.000002382127927901607
2026-04-19 21:46:00.000 UTC,GNXTUKLYy2HAdmHxhMa5QJFr4WS3dMPkRSQDE2Nppump,0.0000023832647191138282
2026-04-20 04:20:00.000 UTC,GNXTUKLYy2HAdmHxhMa5QJFr4WS3dMPkRSQDE2Nppump,0.0000023625723136477103
2026-04-20 17:58:00.000 UTC,GNXTUKLYy2HAdmHxhMa5QJFr4WS3dMPkRSQDE2Nppump,0.000002400643464422083
2026-04-20 22:27:00.000 UTC,GNXTUKLYy2HAdmHxhMa5QJFr4WS3dMPkRSQDE2Nppump,0.000002400370809257006
2026-04-21 15:30:00.000 UTC,GNXTUKLYy2HAdmHxhMa5QJFr4WS3dMPkRSQDE2Nppump,0.0000023981411096985243
2026-04-22 01:09:00.000 UTC,GNXTUKLYy2HAdmHxhMa5QJFr4WS3dMPkRSQDE2Nppump,0.000002416891125210823
2026-04-22 01:10:00.000 UTC,GNXTUKLYy2HAdmHxhMa5QJFr4WS3dMPkRSQDE2Nppump,0.0000024160516017093957
2026-04-22 07:28:00.000 UTC,GNXTUKLYy2HAdmHxhMa5QJFr4WS3dMPkRSQDE2Nppump,0.000002458336022269716
2026-04-22 09:56:00.000 UTC,GNXTUKLYy2HAdmHxhMa5QJFr4WS3dMPkRSQDE2Nppump,0.0000024709583780753996
2026-04-22 09:57:00.000 UTC,GNXTUKLYy2HAdmHxhMa5QJFr4WS3dMPkRSQDE2Nppump,0.0000024709589114823106
2026-04-22 12:28:00.000 UTC,GNXTUKLYy2HAdmHxhMa5QJFr4WS3dMPkRSQDE2Nppump,0.000002473197442655209
2026-04-22 21:24:00.000 UTC,GNXTUKLYy2HAdmHxhMa5QJFr4WS3dMPkRSQDE2Nppump,0.000002443811328930535
2026-04-22 23:26:00.000 UTC,GNXTUKLYy2HAdmHxhMa5QJFr4WS3dMPkRSQDE2Nppump,0.0000024371020633263596
2026-04-23 05:35:00.000 UTC,GNXTUKLYy2HAdmHxhMa5QJFr4WS3dMPkRSQDE2Nppump,0.0000023990399592170844
2026-04-23 11:59:00.000 UTC,GNXTUKLYy2HAdmHxhMa5QJFr4WS3dMPkRSQDE2Nppump,0.0000024029678669703248
2026-04-23 17:05:00.000 UTC,GNXTUKLYy2HAdmHxhMa5QJFr4WS3dMPkRSQDE2Nppump,0.000002397888027937182
2026-04-23 17:07:00.000 UTC,GNXTUKLYy2HAdmHxhMa5QJFr4WS3dMPkRSQDE2Nppump,0.0000023979714392754572
2026-04-23 17:11:00.000 UTC,GNXTUKLYy2HAdmHxhMa5QJFr4WS3dMPkRSQDE2Nppump,0.000002393773084049378
2026-04-23 17:12:00.000 UTC,GNXTUKLYy2HAdmHxhMa5QJFr4WS3dMPkRSQDE2Nppump,0.0000023958356190569923
2026-04-23 17:13:00.000 UTC,GNXTUKLYy2HAdmHxhMa5QJFr4WS3dMPkRSQDE2Nppump,0.000002393742784687014
2026-04-23 17:15:00.000 UTC,GNXTUKLYy2HAdmHxhMa5QJFr4WS3dMPkRSQDE2Nppump,0.0000023930612296754163
2026-04-23 22:43:00.000 UTC,GNXTUKLYy2HAdmHxhMa5QJFr4WS3dMPkRSQDE2Nppump,0.0000024116587857377454
2026-04-28 00:53:00.000 UTC,GNXTUKLYy2HAdmHxhMa5QJFr4WS3dMPkRSQDE2Nppump,0.0000023769401067046874
2026-04-28 14:46:00.000 UTC,GNXTUKLYy2HAdmHxhMa5QJFr4WS3dMPkRSQDE2Nppump,0.0000023280917185936503
2026-04-28 15:54:00.000 UTC,GNXTUKLYy2HAdmHxhMa5QJFr4WS3dMPkRSQDE2Nppump,0.0000023328677818021614
2026-04-28 15:55:00.000 UTC,GNXTUKLYy2HAdmHxhMa5QJFr4WS3dMPkRSQDE2Nppump,0.0000023362051131540922
2026-04-28 23:43:00.000 UTC,GNXTUKLYy2HAdmHxhMa5QJFr4WS3dMPkRSQDE2Nppump,0.0000023489530435094987
2026-04-29 00:34:00.000 UTC,GNXTUKLYy2HAdmHxhMa5QJFr4WS3dMPkRSQDE2Nppump,0.0000023484169387006907
2026-04-29 09:36:00.000 UTC,GNXTUKLYy2HAdmHxhMa5QJFr4WS3dMPkRSQDE2Nppump,0.0000023738690681338844
2026-04-29 09:40:00.000 UTC,GNXTUKLYy2HAdmHxhMa5QJFr4WS3dMPkRSQDE2Nppump,0.000002375006331897711
2026-04-30 18:29:00.000 UTC,GNXTUKLYy2HAdmHxhMa5QJFr4WS3dMPkRSQDE2Nppump,0.000002327437861743321
2026-04-30 20:04:00.000 UTC,GNXTUKLYy2HAdmHxhMa5QJFr4WS3dMPkRSQDE2Nppump,0.000002325478667394979
2026-04-30 22:27:00.000 UTC,GNXTUKLYy2HAdmHxhMa5QJFr4WS3dMPkRSQDE2Nppump,0.0000023215607204440957
2026-04-30 22:28:00.000 UTC,GNXTUKLYy2HAdmHxhMa5QJFr4WS3dMPkRSQDE2Nppump,0.0000023215601752052475
2026-05-01 05:13:00.000 UTC,GNXTUKLYy2HAdmHxhMa5QJFr4WS3dMPkRSQDE2Nppump,0.0000023557049276099983
2026-05-03 01:27:00.000 UTC,GNXTUKLYy2HAdmHxhMa5QJFr4WS3dMPkRSQDE2Nppump,0.0000023478704651345384
2026-05-03 02:33:00.000 UTC,GNXTUKLYy2HAdmHxhMa5QJFr4WS3dMPkRSQDE2Nppump,0.0000023411531354330283
2026-05-04 02:10:00.000 UTC,GNXTUKLYy2HAdmHxhMa5QJFr4WS3dMPkRSQDE2Nppump,0.0000023817356884051522
2026-05-04 03:02:00.000 UTC,GNXTUKLYy2HAdmHxhMa5QJFr4WS3dMPkRSQDE2Nppump,0.0000023881728338918214
2026-05-04 04:23:00.000 UTC,GNXTUKLYy2HAdmHxhMa5QJFr4WS3dMPkRSQDE2Nppump,0.0000023982481622299302
2026-05-04 05:26:00.000 UTC,GNXTUKLYy2HAdmHxhMa5QJFr4WS3dMPkRSQDE2Nppump,0.0000023920908089573082
2026-05-04 05:27:00.000 UTC,GNXTUKLYy2HAdmHxhMa5QJFr4WS3dMPkRSQDE2Nppump,0.0000023920903758699154
2026-05-04 12:04:00.000 UTC,GNXTUKLYy2HAdmHxhMa5QJFr4WS3dMPkRSQDE2Nppump,0.000002350109297281536
2026-05-04 12:13:00.000 UTC,GNXTUKLYy2HAdmHxhMa5QJFr4WS3dMPkRSQDE2Nppump,0.000002347310625739226
2026-05-05 02:28:00.000 UTC,GNXTUKLYy2HAdmHxhMa5QJFr4WS3dMPkRSQDE2Nppump,0.000002366062328183568
2026-05-05 04:31:00.000 UTC,GNXTUKLYy2HAdmHxhMa5QJFr4WS3dMPkRSQDE2Nppump,0.0000023705405031730544
2026-05-05 05:02:00.000 UTC,GNXTUKLYy2HAdmHxhMa5QJFr4WS3dMPkRSQDE2Nppump,0.0000023724995423049564
2026-05-05 05:43:00.000 UTC,GNXTUKLYy2HAdmHxhMa5QJFr4WS3dMPkRSQDE2Nppump,0.000002381735370604895
2026-05-06 03:18:00.000 UTC,GNXTUKLYy2HAdmHxhMa5QJFr4WS3dMPkRSQDE2Nppump,0.0000024371503854725347
2026-05-06 03:39:00.000 UTC,GNXTUKLYy2HAdmHxhMa5QJFr4WS3dMPkRSQDE2Nppump,0.0000024441473306880012
2026-05-06 03:54:00.000 UTC,GNXTUKLYy2HAdmHxhMa5QJFr4WS3dMPkRSQDE2Nppump,0.0000024433079562713542
2026-05-06 04:47:00.000 UTC,GNXTUKLYy2HAdmHxhMa5QJFr4WS3dMPkRSQDE2Nppump,0.0000024332320575058777
2026-05-06 05:07:00.000 UTC,GNXTUKLYy2HAdmHxhMa5QJFr4WS3dMPkRSQDE2Nppump,0.000002431273331508403
2026-05-06 06:29:00.000 UTC,GNXTUKLYy2HAdmHxhMa5QJFr4WS3dMPkRSQDE2Nppump,0.0000024421884312642224
2026-05-06 06:30:00.000 UTC,GNXTUKLYy2HAdmHxhMa5QJFr4WS3dMPkRSQDE2Nppump,0.0000024430278871457238
2026-05-10 01:18:00.000 UTC,GNXTUKLYy2HAdmHxhMa5QJFr4WS3dMPkRSQDE2Nppump,0.000002600317902306247
2026-05-10 06:08:00.000 UTC,GNXTUKLYy2HAdmHxhMa5QJFr4WS3dMPkRSQDE2Nppump,0.0000026145914850707233
2026-05-11 01:42:00.000 UTC,GNXTUKLYy2HAdmHxhMa5QJFr4WS3dMPkRSQDE2Nppump,0.0000026856795521844113
2026-05-11 02:25:00.000 UTC,GNXTUKLYy2HAdmHxhMa5QJFr4WS3dMPkRSQDE2Nppump,0.0000026756057237593277
2026-05-11 02:40:00.000 UTC,GNXTUKLYy2HAdmHxhMa5QJFr4WS3dMPkRSQDE2Nppump,0.0000026691666328102703
2026-05-11 04:00:00.000 UTC,GNXTUKLYy2HAdmHxhMa5QJFr4WS3dMPkRSQDE2Nppump,0.000002652094451850437
2026-05-12 23:59:00.000 UTC,GNXTUKLYy2HAdmHxhMa5QJFr4WS3dMPkRSQDE2Nppump,0.0000026394999041463435
2026-05-13 00:22:00.000 UTC,GNXTUKLYy2HAdmHxhMa5QJFr4WS3dMPkRSQDE2Nppump,0.0000026406198272977365
2026-05-13 02:16:00.000 UTC,GNXTUKLYy2HAdmHxhMa5QJFr4WS3dMPkRSQDE2Nppump,0.000002665248400448506
2026-05-14 03:12:00.000 UTC,GNXTUKLYy2HAdmHxhMa5QJFr4WS3dMPkRSQDE2Nppump,0.0000025253114629154047
2026-05-14 04:29:00.000 UTC,GNXTUKLYy2HAdmHxhMa5QJFr4WS3dMPkRSQDE2Nppump,0.0000025258708647606136
2026-05-14 04:30:00.000 UTC,GNXTUKLYy2HAdmHxhMa5QJFr4WS3dMPkRSQDE2Nppump,0.000002526710993829486
2026-05-14 13:53:00.000 UTC,GNXTUKLYy2HAdmHxhMa5QJFr4WS3dMPkRSQDE2Nppump,0.0000025502197255400466
2026-05-14 13:54:00.000 UTC,GNXTUKLYy2HAdmHxhMa5QJFr4WS3dMPkRSQDE2Nppump,0.0000025502198201247723
2026-05-14 19:28:00.000 UTC,GNXTUKLYy2HAdmHxhMa5QJFr4WS3dMPkRSQDE2Nppump,0.0000026105698990246218
2026-05-15 02:06:00.000 UTC,GNXTUKLYy2HAdmHxhMa5QJFr4WS3dMPkRSQDE2Nppump,0.0000025698109509856995
2026-05-18 01:27:00.000 UTC,GNXTUKLYy2HAdmHxhMa5QJFr4WS3dMPkRSQDE2Nppump,0.000002376417654750644
2026-05-23 17:26:00.000 UTC,GNXTUKLYy2HAdmHxhMa5QJFr4WS3dMPkRSQDE2Nppump,0.000002353466964359566
2026-05-23 17:54:00.000 UTC,GNXTUKLYy2HAdmHxhMa5QJFr4WS3dMPkRSQDE2Nppump,0.000002352347491101624
2026-05-23 19:36:00.000 UTC,GNXTUKLYy2HAdmHxhMa5QJFr4WS3dMPkRSQDE2Nppump,0.0000023752971337092364
2026-05-23 19:47:00.000 UTC,GNXTUKLYy2HAdmHxhMa5QJFr4WS3dMPkRSQDE2Nppump,0.00000237109915847898
2026-05-23 19:48:00.000 UTC,GNXTUKLYy2HAdmHxhMa5QJFr4WS3dMPkRSQDE2Nppump,0.0000023710991307305922
2026-05-23 19:49:00.000 UTC,GNXTUKLYy2HAdmHxhMa5QJFr4WS3dMPkRSQDE2Nppump,0.000002371099090530821
2026-05-23 22:33:00.000 UTC,GNXTUKLYy2HAdmHxhMa5QJFr4WS3dMPkRSQDE2Nppump,0.00000240776267668735
2026-05-24 08:54:00.000 UTC,GNXTUKLYy2HAdmHxhMa5QJFr4WS3dMPkRSQDE2Nppump,0.0000024164387242188696
2026-05-24 14:12:00.000 UTC,GNXTUKLYy2HAdmHxhMa5QJFr4WS3dMPkRSQDE2Nppump,0.0000024004859643859345
2026-05-24 14:13:00.000 UTC,GNXTUKLYy2HAdmHxhMa5QJFr4WS3dMPkRSQDE2Nppump,0.0000024004859239475194
2026-05-24 16:20:00.000 UTC,GNXTUKLYy2HAdmHxhMa5QJFr4WS3dMPkRSQDE2Nppump,0.000002397127493971154
2026-05-24 20:39:00.000 UTC,GNXTUKLYy2HAdmHxhMa5QJFr4WS3dMPkRSQDE2Nppump,0.000002377816035406702
2026-05-24 21:02:00.000 UTC,GNXTUKLYy2HAdmHxhMa5QJFr4WS3dMPkRSQDE2Nppump,0.0000023694198210970432
2026-05-24 23:39:00.000 UTC,GNXTUKLYy2HAdmHxhMa5QJFr4WS3dMPkRSQDE2Nppump,0.0000023833116509391853
2026-05-25 09:36:00.000 UTC,GNXTUKLYy2HAdmHxhMa5QJFr4WS3dMPkRSQDE2Nppump,0.0000024094419606862342
2026-05-25 09:38:00.000 UTC,GNXTUKLYy2HAdmHxhMa5QJFr4WS3dMPkRSQDE2Nppump,0.0000024094419136718933
2026-05-26 11:05:00.000 UTC,GNXTUKLYy2HAdmHxhMa5QJFr4WS3dMPkRSQDE2Nppump,0.000002393489034429475
2026-05-26 13:46:00.000 UTC,GNXTUKLYy2HAdmHxhMa5QJFr4WS3dMPkRSQDE2Nppump,0.0000023794953802528554
2026-05-26 13:47:00.000 UTC,GNXTUKLYy2HAdmHxhMa5QJFr4WS3dMPkRSQDE2Nppump,0.000002379495450343139
2026-05-29 21:49:00.000 UTC,GNXTUKLYy2HAdmHxhMa5QJFr4WS3dMPkRSQDE2Nppump,0.000002293979981119824
2026-05-31 15:56:00.000 UTC,GNXTUKLYy2HAdmHxhMa5QJFr4WS3dMPkRSQDE2Nppump,0.0000022932947863958004
2026-05-31 17:53:00.000 UTC,GNXTUKLYy2HAdmHxhMa5QJFr4WS3dMPkRSQDE2Nppump,0.0000022892622444394946
2026-06-02 20:08:00.000 UTC,GNXTUKLYy2HAdmHxhMa5QJFr4WS3dMPkRSQDE2Nppump,0.0000021152944792126945
2026-06-02 20:09:00.000 UTC,GNXTUKLYy2HAdmHxhMa5QJFr4WS3dMPkRSQDE2Nppump,0.0000021152942210900273
2026-06-04 10:05:00.000 UTC,GNXTUKLYy2HAdmHxhMa5QJFr4WS3dMPkRSQDE2Nppump,0.000001918826698162402
2026-06-04 10:09:00.000 UTC,GNXTUKLYy2HAdmHxhMa5QJFr4WS3dMPkRSQDE2Nppump,0.000001918789009765388
2026-06-04 10:10:00.000 UTC,GNXTUKLYy2HAdmHxhMa5QJFr4WS3dMPkRSQDE2Nppump,0.0000019120271770345495
2026-06-04 10:11:00.000 UTC,GNXTUKLYy2HAdmHxhMa5QJFr4WS3dMPkRSQDE2Nppump,0.000001912065720878372
2026-06-04 10:12:00.000 UTC,GNXTUKLYy2HAdmHxhMa5QJFr4WS3dMPkRSQDE2Nppump,0.0000019119848720481227
2026-06-04 10:14:00.000 UTC,GNXTUKLYy2HAdmHxhMa5QJFr4WS3dMPkRSQDE2Nppump,0.0000019120123708583674
2026-06-04 10:15:00.000 UTC,GNXTUKLYy2HAdmHxhMa5QJFr4WS3dMPkRSQDE2Nppump,0.000001915117475575277
2026-06-04 10:16:00.000 UTC,GNXTUKLYy2HAdmHxhMa5QJFr4WS3dMPkRSQDE2Nppump,0.0000019150313559439337
2026-06-04 10:17:00.000 UTC,GNXTUKLYy2HAdmHxhMa5QJFr4WS3dMPkRSQDE2Nppump,0.000001915073777138836
2026-06-08 14:43:00.000 UTC,GNXTUKLYy2HAdmHxhMa5QJFr4WS3dMPkRSQDE2Nppump,0.0000018749344973248476
2026-06-08 14:45:00.000 UTC,GNXTUKLYy2HAdmHxhMa5QJFr4WS3dMPkRSQDE2Nppump,0.0000018719711471090865
2026-06-08 14:46:00.000 UTC,GNXTUKLYy2HAdmHxhMa5QJFr4WS3dMPkRSQDE2Nppump,0.0000018739281315017
2026-06-08 14:48:00.000 UTC,GNXTUKLYy2HAdmHxhMa5QJFr4WS3dMPkRSQDE2Nppump,0.0000018735729968058426
2026-06-16 00:44:00.000 UTC,GNXTUKLYy2HAdmHxhMa5QJFr4WS3dMPkRSQDE2Nppump,0.0000020729036728502325
2026-06-16 15:23:00.000 UTC,GNXTUKLYy2HAdmHxhMa5QJFr4WS3dMPkRSQDE2Nppump,0.0000020503739612230185
2026-06-16 15:24:00.000 UTC,GNXTUKLYy2HAdmHxhMa5QJFr4WS3dMPkRSQDE2Nppump,0.0000020503915020607773
2026-06-16 18:18:00.000 UTC,GNXTUKLYy2HAdmHxhMa5QJFr4WS3dMPkRSQDE2Nppump,0.0000020712209601638547
2026-06-17 20:18:00.000 UTC,GNXTUKLYy2HAdmHxhMa5QJFr4WS3dMPkRSQDE2Nppump,0.0000020084688732539527
2026-06-17 20:19:00.000 UTC,GNXTUKLYy2HAdmHxhMa5QJFr4WS3dMPkRSQDE2Nppump,0.0000020084911546768363
2026-06-17 20:20:00.000 UTC,GNXTUKLYy2HAdmHxhMa5QJFr4WS3dMPkRSQDE2Nppump,0.000002009912598470301
2026-06-18 19:38:00.000 UTC,GNXTUKLYy2HAdmHxhMa5QJFr4WS3dMPkRSQDE2Nppump,0.0000019301807123175582
2026-06-22 18:58:00.000 UTC,GNXTUKLYy2HAdmHxhMa5QJFr4WS3dMPkRSQDE2Nppump,0.000002033157026255037
2026-06-25 01:27:00.000 UTC,GNXTUKLYy2HAdmHxhMa5QJFr4WS3dMPkRSQDE2Nppump,0.0000018925932782260852
2026-06-25 01:28:00.000 UTC,GNXTUKLYy2HAdmHxhMa5QJFr4WS3dMPkRSQDE2Nppump,0.0000018927405279656987
2026-06-25 20:29:00.000 UTC,GNXTUKLYy2HAdmHxhMa5QJFr4WS3dMPkRSQDE2Nppump,0.0000018638046710132677
2026-07-07 08:45:00.000 UTC,GNXTUKLYy2HAdmHxhMa5QJFr4WS3dMPkRSQDE2Nppump,0.0000022901037230368323
2026-07-07 08:47:00.000 UTC,GNXTUKLYy2HAdmHxhMa5QJFr4WS3dMPkRSQDE2Nppump,0.0000022892554084410317
2026-07-07 10:40:00.000 UTC,GNXTUKLYy2HAdmHxhMa5QJFr4WS3dMPkRSQDE2Nppump,0.0000022684011387273174
2026-07-07 13:07:00.000 UTC,GNXTUKLYy2HAdmHxhMa5QJFr4WS3dMPkRSQDE2Nppump,0.0000022787563298621165
2026-07-07 13:08:00.000 UTC,GNXTUKLYy2HAdmHxhMa5QJFr4WS3dMPkRSQDE2Nppump,0.0000022787567690475705
2026-07-14 16:12:00.000 UTC,GNXTUKLYy2HAdmHxhMa5QJFr4WS3dMPkRSQDE2Nppump,0.000002165405543184384
2026-07-14 16:13:00.000 UTC,GNXTUKLYy2HAdmHxhMa5QJFr4WS3dMPkRSQDE2Nppump,0.0000021654057778538924
2026-07-14 16:15:00.000 UTC,GNXTUKLYy2HAdmHxhMa5QJFr4WS3dMPkRSQDE2Nppump,0.0000021631666479224766
2026-07-14 16:18:00.000 UTC,GNXTUKLYy2HAdmHxhMa5QJFr4WS3dMPkRSQDE2Nppump,0.0000021631666810450796
2026-07-14 16:19:00.000 UTC,GNXTUKLYy2HAdmHxhMa5QJFr4WS3dMPkRSQDE2Nppump,0.000002163166594604638
2026-07-14 16:21:00.000 UTC,GNXTUKLYy2HAdmHxhMa5QJFr4WS3dMPkRSQDE2Nppump,0.000002160647717115052
2026-07-23 22:46:00.000 UTC,GNXTUKLYy2HAdmHxhMa5QJFr4WS3dMPkRSQDE2Nppump,0.000002131331557864883
2026-07-23 22:51:00.000 UTC,GNXTUKLYy2HAdmHxhMa5QJFr4WS3dMPkRSQDE2Nppump,0.000002130491900085175
2026-07-25 20:11:00.000 UTC,GNXTUKLYy2HAdmHxhMa5QJFr4WS3dMPkRSQDE2Nppump,0.0000020825689570932042
2026-08-09 16:31:00.000 UTC,GNXTUKLYy2HAdmHxhMa5QJFr4WS3dMPkRSQDE2Nppump,0.000002156142737615308
2026-08-19 16:24:00.000 UTC,GNXTUKLYy2HAdmHxhMa5QJFr4WS3dMPkRSQDE2Nppump,0.0000022926537851314295
2026-08-21 22:09:00.000 UTC,GNXTUKLYy2HAdmHxhMa5QJFr4WS3dMPkRSQDE2Nppump,0.0000026297402872437885
2026-08-23 20:18:00.000 UTC,GNXTUKLYy2HAdmHxhMa5QJFr4WS3dMPkRSQDE2Nppump,0.0000026585892763437792
2026-08-25 18:10:00.000 UTC,GNXTUKLYy2HAdmHxhMa5QJFr4WS3dMPkRSQDE2Nppump,0.0000027489996693648834
2026-08-25 20:15:00.000 UTC,GNXTUKLYy2HAdmHxhMa5QJFr4WS3dMPkRSQDE2Nppump,0.0000027371145138486906
2026-08-26 04:10:00.000 UTC,GNXTUKLYy2HAdmHxhMa5QJFr4WS3dMPkRSQDE2Nppump,0.0000027162858456220847
2026-09-01 05:57:00.000 UTC,GNXTUKLYy2HAdmHxhMa5QJFr4WS3dMPkRSQDE2Nppump,0.000002917799571885391
2026-09-01 06:01:00.000 UTC,GNXTUKLYy2HAdmHxhMa5QJFr4WS3dMPkRSQDE2Nppump,0.000002918629499316352
2026-09-01 20:31:00.000 UTC,GNXTUKLYy2HAdmHxhMa5QJFr4WS3dMPkRSQDE2Nppump,0.0000028002403775787485
2026-09-08 04:09:00.000 UTC,GNXTUKLYy2HAdmHxhMa5QJFr4WS3dMPkRSQDE2Nppump,0.0000028905228221317027
2026-09-08 21:15:00.000 UTC,GNXTUKLYy2HAdmHxhMa5QJFr4WS3dMPkRSQDE2Nppump,0.000002979025342266267
2026-09-08 21:16:00.000 UTC,GNXTUKLYy2HAdmHxhMa5QJFr4WS3dMPkRSQDE2Nppump,0.000002984690402592504
2026-09-08 21:17:00.000 UTC,GNXTUKLYy2HAdmHxhMa5QJFr4WS3dMPkRSQDE2Nppump,0.0000029864582359825903
2026-09-08 21:20:00.000 UTC,GNXTUKLYy2HAdmHxhMa5QJFr4WS3dMPkRSQDE2Nppump,0.0000029855339788540018
2026-09-09 18:13:00.000 UTC,GNXTUKLYy2HAdmHxhMa5QJFr4WS3dMPkRSQDE2Nppump,0.000002983705329257749
2026-09-09 18:15:00.000 UTC,GNXTUKLYy2HAdmHxhMa5QJFr4WS3dMPkRSQDE2Nppump,0.000002986048454212882
2026-09-09 18:21:00.000 UTC,GNXTUKLYy2HAdmHxhMa5QJFr4WS3dMPkRSQDE2Nppump,0.0000029450423719549507
2026-09-09 18:22:00.000 UTC,GNXTUKLYy2HAdmHxhMa5QJFr4WS3dMPkRSQDE2Nppump,0.0000029450423720514883
2026-09-09 18:23:00.000 UTC,GNXTUKLYy2HAdmHxhMa5QJFr4WS3dMPkRSQDE2Nppump,0.0000029450423721480255
2026-09-09 19:11:00.000 UTC,GNXTUKLYy2HAdmHxhMa5QJFr4WS3dMPkRSQDE2Nppump,0.000002959549573473702
2026-09-09 19:12:00.000 UTC,GNXTUKLYy2HAdmHxhMa5QJFr4WS3dMPkRSQDE2Nppump,0.0000029563170916201385
2026-09-11 21:16:00.000 UTC,GNXTUKLYy2HAdmHxhMa5QJFr4WS3dMPkRSQDE2Nppump,0.0000029214892663156237
2026-09-09 18:48:00.000 UTC,GNe7c5XUx7LXFeAmZhwaFozpc538X8RmkJkk6iwqpump,0.000004559821269716472
2026-09-09 19:32:00.000 UTC,GNe7c5XUx7LXFeAmZhwaFozpc538X8RmkJkk6iwqpump,0.0000028851859820630206
2024-08-02 16:43:00.000 UTC,GPjdhVzNXgZngyC1jhqa59eR2C5C12Uy6krF7Lxrpump,0.000004733532152842536
2024-08-02 16:44:00.000 UTC,GPjdhVzNXgZngyC1jhqa59eR2C5C12Uy6krF7Lxrpump,0.000005919344992301719
2024-08-02 16:45:00.000 UTC,GPjdhVzNXgZngyC1jhqa59eR2C5C12Uy6krF7Lxrpump,0.0000058522244908244
2024-08-02 16:47:00.000 UTC,GPjdhVzNXgZngyC1jhqa59eR2C5C12Uy6krF7Lxrpump,0.000006154359361618428
2024-08-02 16:48:00.000 UTC,GPjdhVzNXgZngyC1jhqa59eR2C5C12Uy6krF7Lxrpump,0.000006887272885202615
2024-08-02 16:49:00.000 UTC,GPjdhVzNXgZngyC1jhqa59eR2C5C12Uy6krF7Lxrpump,0.000006471886393457938
2024-08-02 16:50:00.000 UTC,GPjdhVzNXgZngyC1jhqa59eR2C5C12Uy6krF7Lxrpump,0.000007087960190979379
2024-08-02 16:51:00.000 UTC,GPjdhVzNXgZngyC1jhqa59eR2C5C12Uy6krF7Lxrpump,0.000007133512356327803
2024-08-02 16:52:00.000 UTC,GPjdhVzNXgZngyC1jhqa59eR2C5C12Uy6krF7Lxrpump,0.000007977313864298878
2024-08-02 16:53:00.000 UTC,GPjdhVzNXgZngyC1jhqa59eR2C5C12Uy6krF7Lxrpump,0.000008157027494396311
2024-08-02 16:54:00.000 UTC,GPjdhVzNXgZngyC1jhqa59eR2C5C12Uy6krF7Lxrpump,0.000008238716485234997
2024-08-02 16:55:00.000 UTC,GPjdhVzNXgZngyC1jhqa59eR2C5C12Uy6krF7Lxrpump,0.000008655673455440158
2024-08-02 16:56:00.000 UTC,GPjdhVzNXgZngyC1jhqa59eR2C5C12Uy6krF7Lxrpump,0.000008928487467090261
2024-08-02 16:57:00.000 UTC,GPjdhVzNXgZngyC1jhqa59eR2C5C12Uy6krF7Lxrpump,0.000009625403378744983
2024-08-02 16:58:00.000 UTC,GPjdhVzNXgZngyC1jhqa59eR2C5C12Uy6krF7Lxrpump,0.000009710451772519107
2024-08-02 16:59:00.000 UTC,GPjdhVzNXgZngyC1jhqa59eR2C5C12Uy6krF7Lxrpump,0.000009171113113837904
2024-08-02 17:00:00.000 UTC,GPjdhVzNXgZngyC1jhqa59eR2C5C12Uy6krF7Lxrpump,0.000008856930750130867
2024-08-02 17:01:00.000 UTC,GPjdhVzNXgZngyC1jhqa59eR2C5C12Uy6krF7Lxrpump,0.000008882149471199326
2024-08-02 17:02:00.000 UTC,GPjdhVzNXgZngyC1jhqa59eR2C5C12Uy6krF7Lxrpump,0.00000849957110894184
2024-08-02 17:03:00.000 UTC,GPjdhVzNXgZngyC1jhqa59eR2C5C12Uy6krF7Lxrpump,0.000009289778439535363
2024-08-02 17:04:00.000 UTC,GPjdhVzNXgZngyC1jhqa59eR2C5C12Uy6krF7Lxrpump,0.00001162448570338634
2024-08-02 17:05:00.000 UTC,GPjdhVzNXgZngyC1jhqa59eR2C5C12Uy6krF7Lxrpump,0.000012062229267206366
2024-08-02 17:06:00.000 UTC,GPjdhVzNXgZngyC1jhqa59eR2C5C12Uy6krF7Lxrpump,0.000012988092296927459
2024-08-02 17:07:00.000 UTC,GPjdhVzNXgZngyC1jhqa59eR2C5C12Uy6krF7Lxrpump,0.000012643157929889138
2024-08-02 17:08:00.000 UTC,GPjdhVzNXgZngyC1jhqa59eR2C5C12Uy6krF7Lxrpump,0.000009889014185907882
2024-08-02 17:09:00.000 UTC,GPjdhVzNXgZngyC1jhqa59eR2C5C12Uy6krF7Lxrpump,0.000010190688778578932
2024-08-02 17:10:00.000 UTC,GPjdhVzNXgZngyC1jhqa59eR2C5C12Uy6krF7Lxrpump,0.000011092590694829713
2024-08-02 17:11:00.000 UTC,GPjdhVzNXgZngyC1jhqa59eR2C5C12Uy6krF7Lxrpump,0.000011875438354792263
2024-08-02 17:12:00.000 UTC,GPjdhVzNXgZngyC1jhqa59eR2C5C12Uy6krF7Lxrpump,0.000013178155921087089
2024-08-02 17:13:00.000 UTC,GPjdhVzNXgZngyC1jhqa59eR2C5C12Uy6krF7Lxrpump,0.000016055858477610164
2024-08-02 17:14:00.000 UTC,GPjdhVzNXgZngyC1jhqa59eR2C5C12Uy6krF7Lxrpump,0.000014891131046006202
2024-08-02 17:15:00.000 UTC,GPjdhVzNXgZngyC1jhqa59eR2C5C12Uy6krF7Lxrpump,0.000014729041327383785
2024-08-02 17:16:00.000 UTC,GPjdhVzNXgZngyC1jhqa59eR2C5C12Uy6krF7Lxrpump,0.000015030075970220354
2024-08-02 17:17:00.000 UTC,GPjdhVzNXgZngyC1jhqa59eR2C5C12Uy6krF7Lxrpump,0.000015602135383330337
2024-08-02 17:18:00.000 UTC,GPjdhVzNXgZngyC1jhqa59eR2C5C12Uy6krF7Lxrpump,0.000015222941137758157
2024-08-02 17:19:00.000 UTC,GPjdhVzNXgZngyC1jhqa59eR2C5C12Uy6krF7Lxrpump,0.000012921978433706796
2024-08-02 17:20:00.000 UTC,GPjdhVzNXgZngyC1jhqa59eR2C5C12Uy6krF7Lxrpump,0.000013286057150890756
2024-08-02 17:21:00.000 UTC,GPjdhVzNXgZngyC1jhqa59eR2C5C12Uy6krF7Lxrpump,0.000013930234007897668
2024-08-02 17:22:00.000 UTC,GPjdhVzNXgZngyC1jhqa59eR2C5C12Uy6krF7Lxrpump,0.00001408870594882579
2024-08-02 17:23:00.000 UTC,GPjdhVzNXgZngyC1jhqa59eR2C5C12Uy6krF7Lxrpump,0.000014108156710396558
2024-08-02 17:24:00.000 UTC,GPjdhVzNXgZngyC1jhqa59eR2C5C12Uy6krF7Lxrpump,0.000013316824485295533
2024-08-02 17:25:00.000 UTC,GPjdhVzNXgZngyC1jhqa59eR2C5C12Uy6krF7Lxrpump,0.000012598963260925135
2024-08-02 17:26:00.000 UTC,GPjdhVzNXgZngyC1jhqa59eR2C5C12Uy6krF7Lxrpump,0.000011972098899655521
2024-08-02 17:27:00.000 UTC,GPjdhVzNXgZngyC1jhqa59eR2C5C12Uy6krF7Lxrpump,0.000011228874316276506
2024-08-02 17:28:00.000 UTC,GPjdhVzNXgZngyC1jhqa59eR2C5C12Uy6krF7Lxrpump,0.000011373058509496126
2024-08-02 17:29:00.000 UTC,GPjdhVzNXgZngyC1jhqa59eR2C5C12Uy6krF7Lxrpump,0.000008337299956670132
2024-08-02 17:30:00.000 UTC,GPjdhVzNXgZngyC1jhqa59eR2C5C12Uy6krF7Lxrpump,0.0000054917089934131
2024-08-02 17:31:00.000 UTC,GPjdhVzNXgZngyC1jhqa59eR2C5C12Uy6krF7Lxrpump,0.000005392646052626267
2024-08-02 17:32:00.000 UTC,GPjdhVzNXgZngyC1jhqa59eR2C5C12Uy6krF7Lxrpump,0.0000053848211532472655
2026-08-22 16:56:00.000 UTC,GPjdhVzNXgZngyC1jhqa59eR2C5C12Uy6krF7Lxrpump,0.0000026758594626288616
2026-08-20 23:54:00.000 UTC,GUCpkUEmxZq4gWxqT8TZWdGpErafZLNQS8xQN2ktpump,0.000002449847659071879
2026-08-16 18:33:00.000 UTC,GW79PvoJYhdXhvJRvTjbvL4WpWcpZZDiraFnLdfkBiom,0.0000033025436070535317
2026-08-23 17:21:00.000 UTC,GXTpHy6VMsMgTdQq1Lv1cYdbLPpkV9JkgBz2F1QPpump,0.000004030710823776162
2026-08-23 17:22:00.000 UTC,GXTpHy6VMsMgTdQq1Lv1cYdbLPpkV9JkgBz2F1QPpump,0.0000027587264759075284
2026-08-22 18:02:00.000 UTC,GXsgTgb5jqYwmM3VZvwdkC3GbH1CDKqkFGjEvNxUpump,0.000002411212718586334
2026-08-22 18:03:00.000 UTC,GXsgTgb5jqYwmM3VZvwdkC3GbH1CDKqkFGjEvNxUpump,4.32583536145624e-7
2026-08-22 18:04:00.000 UTC,GXsgTgb5jqYwmM3VZvwdkC3GbH1CDKqkFGjEvNxUpump,3.382410348493554e-8
2026-08-18 12:38:00.000 UTC,GXzsxUPxAo4jkfXzWuxusRP3wfkMidVVH9Mqkryzpump,0.000002132015955587713
2026-08-18 00:19:00.000 UTC,GaJysktroUmPm8rEgiNErczrw3u3SmNXHfLyuvXpump,0.0000021236340167809953
2026-09-07 13:11:00.000 UTC,GadTByBZbUq7qX9sGuLrh8VgCQ3mz7jH4bwkaHvGpump,0.0000029627507966659526
2026-09-08 11:06:00.000 UTC,GadTByBZbUq7qX9sGuLrh8VgCQ3mz7jH4bwkaHvGpump,0.0000029113900261920853
2026-09-08 11:13:00.000 UTC,GadTByBZbUq7qX9sGuLrh8VgCQ3mz7jH4bwkaHvGpump,0.00000290538764526129
2026-09-08 11:16:00.000 UTC,GadTByBZbUq7qX9sGuLrh8VgCQ3mz7jH4bwkaHvGpump,0.0000029086100092723827
2026-09-08 11:17:00.000 UTC,GadTByBZbUq7qX9sGuLrh8VgCQ3mz7jH4bwkaHvGpump,0.000002916079485934897
2026-08-28 08:26:00.000 UTC,GaoxeMnd6HR8BrNB8CoCE5LmDBeEdxgf8So9weJtpump,0.000001712351331154015
2026-08-28 08:27:00.000 UTC,GaoxeMnd6HR8BrNB8CoCE5LmDBeEdxgf8So9weJtpump,6.534090078189248e-7
2026-08-28 08:28:00.000 UTC,GaoxeMnd6HR8BrNB8CoCE5LmDBeEdxgf8So9weJtpump,5.767338528983804e-8
2026-09-04 10:16:00.000 UTC,GbJ7RKA8SztoBbF9H5Te8GUu5fwwsRkFTmseXJVzpump,0.0000017265514574432738
2026-09-06 18:25:00.000 UTC,GbXnS4tMvaSGaHFR5EkTt9NqxyQ1cCTrW5JPGY7Xpump,0.0000029738611659100527
2026-09-06 18:26:00.000 UTC,GbXnS4tMvaSGaHFR5EkTt9NqxyQ1cCTrW5JPGY7Xpump,0.0000031773474989423434
2026-08-27 18:35:00.000 UTC,GcxHwHqM2EY32MbcBmw6uwgDBFjghHnwCztoFYKspump,0.000009898542793050206
2026-08-27 18:36:00.000 UTC,GcxHwHqM2EY32MbcBmw6uwgDBFjghHnwCztoFYKspump,0.000016835286469243608
2026-08-27 18:37:00.000 UTC,GcxHwHqM2EY32MbcBmw6uwgDBFjghHnwCztoFYKspump,0.00002327821466590197
2026-08-27 18:38:00.000 UTC,GcxHwHqM2EY32MbcBmw6uwgDBFjghHnwCztoFYKspump,0.000028122176581690584
2026-08-27 18:39:00.000 UTC,GcxHwHqM2EY32MbcBmw6uwgDBFjghHnwCztoFYKspump,0.00003165883251137643
2026-08-27 18:40:00.000 UTC,GcxHwHqM2EY32MbcBmw6uwgDBFjghHnwCztoFYKspump,0.000029468188049871346
2026-08-27 18:41:00.000 UTC,GcxHwHqM2EY32MbcBmw6uwgDBFjghHnwCztoFYKspump,0.000024712559408388915
2026-08-27 18:42:00.000 UTC,GcxHwHqM2EY32MbcBmw6uwgDBFjghHnwCztoFYKspump,0.000023191917078795935
2026-08-27 18:43:00.000 UTC,GcxHwHqM2EY32MbcBmw6uwgDBFjghHnwCztoFYKspump,0.000028960410775439824
2026-08-27 18:44:00.000 UTC,GcxHwHqM2EY32MbcBmw6uwgDBFjghHnwCztoFYKspump,0.00003288428520909212
2026-08-27 18:45:00.000 UTC,GcxHwHqM2EY32MbcBmw6uwgDBFjghHnwCztoFYKspump,0.00003278221686879732
2026-08-27 18:46:00.000 UTC,GcxHwHqM2EY32MbcBmw6uwgDBFjghHnwCztoFYKspump,0.00003425539056505737
2026-08-27 18:47:00.000 UTC,GcxHwHqM2EY32MbcBmw6uwgDBFjghHnwCztoFYKspump,0.00003236184292083461
2026-08-27 18:48:00.000 UTC,GcxHwHqM2EY32MbcBmw6uwgDBFjghHnwCztoFYKspump,0.00003325208728515762
2026-08-27 18:49:00.000 UTC,GcxHwHqM2EY32MbcBmw6uwgDBFjghHnwCztoFYKspump,0.000033621707558671933
2026-08-27 18:50:00.000 UTC,GcxHwHqM2EY32MbcBmw6uwgDBFjghHnwCztoFYKspump,0.000034383516220068075
2026-08-27 18:54:00.000 UTC,GcxHwHqM2EY32MbcBmw6uwgDBFjghHnwCztoFYKspump,0.00003478320028596798
2026-08-27 18:55:00.000 UTC,GcxHwHqM2EY32MbcBmw6uwgDBFjghHnwCztoFYKspump,0.000034824021828301486
2026-08-27 18:57:00.000 UTC,GcxHwHqM2EY32MbcBmw6uwgDBFjghHnwCztoFYKspump,0.00003487425174962017
2026-08-27 18:59:00.000 UTC,GcxHwHqM2EY32MbcBmw6uwgDBFjghHnwCztoFYKspump,0.000034842689420375514
2026-08-27 19:06:00.000 UTC,GcxHwHqM2EY32MbcBmw6uwgDBFjghHnwCztoFYKspump,0.000034981745525031245
2026-08-27 19:07:00.000 UTC,GcxHwHqM2EY32MbcBmw6uwgDBFjghHnwCztoFYKspump,0.0000349551999983728
2026-08-27 19:09:00.000 UTC,GcxHwHqM2EY32MbcBmw6uwgDBFjghHnwCztoFYKspump,0.00003501945913294016
2026-08-27 19:18:00.000 UTC,GcxHwHqM2EY32MbcBmw6uwgDBFjghHnwCztoFYKspump,0.000035265617381498554
2026-08-27 19:19:00.000 UTC,GcxHwHqM2EY32MbcBmw6uwgDBFjghHnwCztoFYKspump,0.00003309229625552624
2026-08-27 19:31:00.000 UTC,GcxHwHqM2EY32MbcBmw6uwgDBFjghHnwCztoFYKspump,0.00003318762011598064
2026-08-27 19:33:00.000 UTC,GcxHwHqM2EY32MbcBmw6uwgDBFjghHnwCztoFYKspump,0.00003323885591079859
2026-08-27 19:39:00.000 UTC,GcxHwHqM2EY32MbcBmw6uwgDBFjghHnwCztoFYKspump,0.000033295685435098605
2026-08-27 19:44:00.000 UTC,GcxHwHqM2EY32MbcBmw6uwgDBFjghHnwCztoFYKspump,0.000033749904287650266
2026-08-27 19:45:00.000 UTC,GcxHwHqM2EY32MbcBmw6uwgDBFjghHnwCztoFYKspump,0.00003456170695077879
2026-08-27 19:47:00.000 UTC,GcxHwHqM2EY32MbcBmw6uwgDBFjghHnwCztoFYKspump,0.00003472779497340737
2026-08-27 20:06:00.000 UTC,GcxHwHqM2EY32MbcBmw6uwgDBFjghHnwCztoFYKspump,0.00003464402633858356
2026-08-27 20:29:00.000 UTC,GcxHwHqM2EY32MbcBmw6uwgDBFjghHnwCztoFYKspump,0.000034943927804346054
2026-08-27 20:32:00.000 UTC,GcxHwHqM2EY32MbcBmw6uwgDBFjghHnwCztoFYKspump,0.00003508735539685562
2026-08-27 20:38:00.000 UTC,GcxHwHqM2EY32MbcBmw6uwgDBFjghHnwCztoFYKspump,0.00003522417450105554
2026-08-27 20:40:00.000 UTC,GcxHwHqM2EY32MbcBmw6uwgDBFjghHnwCztoFYKspump,0.000035374830619589525
2026-08-27 20:43:00.000 UTC,GcxHwHqM2EY32MbcBmw6uwgDBFjghHnwCztoFYKspump,0.00003538775004779936
2026-08-27 20:49:00.000 UTC,GcxHwHqM2EY32MbcBmw6uwgDBFjghHnwCztoFYKspump,0.000035424904177713934
2026-08-27 20:50:00.000 UTC,GcxHwHqM2EY32MbcBmw6uwgDBFjghHnwCztoFYKspump,0.00003541430619470729
2026-08-27 20:53:00.000 UTC,GcxHwHqM2EY32MbcBmw6uwgDBFjghHnwCztoFYKspump,0.00003544647343077566
2026-08-27 20:55:00.000 UTC,GcxHwHqM2EY32MbcBmw6uwgDBFjghHnwCztoFYKspump,0.00003531896543321357
2026-08-27 20:56:00.000 UTC,GcxHwHqM2EY32MbcBmw6uwgDBFjghHnwCztoFYKspump,0.00003532335482560258
2026-08-27 21:05:00.000 UTC,GcxHwHqM2EY32MbcBmw6uwgDBFjghHnwCztoFYKspump,0.00003559635478618259
2026-08-27 21:07:00.000 UTC,GcxHwHqM2EY32MbcBmw6uwgDBFjghHnwCztoFYKspump,0.00003566578708312458
2026-08-27 21:11:00.000 UTC,GcxHwHqM2EY32MbcBmw6uwgDBFjghHnwCztoFYKspump,0.0000355976715477162
2026-08-27 21:18:00.000 UTC,GcxHwHqM2EY32MbcBmw6uwgDBFjghHnwCztoFYKspump,0.00003555878285197592
2026-08-27 21:22:00.000 UTC,GcxHwHqM2EY32MbcBmw6uwgDBFjghHnwCztoFYKspump,0.00003556009541436433
2026-08-27 21:24:00.000 UTC,GcxHwHqM2EY32MbcBmw6uwgDBFjghHnwCztoFYKspump,0.0000357189864702477
2026-08-27 21:27:00.000 UTC,GcxHwHqM2EY32MbcBmw6uwgDBFjghHnwCztoFYKspump,0.00003569506175675246
2026-08-27 21:28:00.000 UTC,GcxHwHqM2EY32MbcBmw6uwgDBFjghHnwCztoFYKspump,0.00003584702367946114
2026-08-27 21:34:00.000 UTC,GcxHwHqM2EY32MbcBmw6uwgDBFjghHnwCztoFYKspump,0.00003584890889160361
2026-08-27 21:35:00.000 UTC,GcxHwHqM2EY32MbcBmw6uwgDBFjghHnwCztoFYKspump,0.000036038069786195326
2026-08-27 21:36:00.000 UTC,GcxHwHqM2EY32MbcBmw6uwgDBFjghHnwCztoFYKspump,0.0000030597886186062345
2026-08-31 00:34:00.000 UTC,GcxHwHqM2EY32MbcBmw6uwgDBFjghHnwCztoFYKspump,0.000003039070901050177
2026-09-02 11:10:00.000 UTC,GeJjSwFq2mi2wzFqhA5EY5sWiYdYsnnmfCsEaDQhpump,0.0000027741669830428283
2026-09-02 11:11:00.000 UTC,GeJjSwFq2mi2wzFqhA5EY5sWiYdYsnnmfCsEaDQhpump,0.0000011912467829825296
2026-09-01 01:46:00.000 UTC,GeMC5ChJ6E9oSjkrhkTSef8h2oaeRLWSUcgk1kkVpump,0.000002891337627601538
2026-08-18 19:29:00.000 UTC,Gfe3BMYs4We2ycVfwNMJraMZyCrtYodD1mnuxgeXUJkG,0.000002160232991614297
2026-09-02 10:22:00.000 UTC,Gi3KhvKGm2LWQBHPMxN3ptwz6Ujgp4FtKsNm23Hopump,0.0000027557211650138305
2026-08-27 05:56:00.000 UTC,GjKQD4S3RsZMnQ2wa2Roi2mVQvtvAWr9MPWYT2Jjpump,0.0000036627035944265186
2026-08-27 05:57:00.000 UTC,GjKQD4S3RsZMnQ2wa2Roi2mVQvtvAWr9MPWYT2Jjpump,0.0000036592706654797557
2026-08-27 05:58:00.000 UTC,GjKQD4S3RsZMnQ2wa2Roi2mVQvtvAWr9MPWYT2Jjpump,0.000003935373158338719
2026-08-27 05:59:00.000 UTC,GjKQD4S3RsZMnQ2wa2Roi2mVQvtvAWr9MPWYT2Jjpump,0.000004847304979315298
2026-08-27 06:00:00.000 UTC,GjKQD4S3RsZMnQ2wa2Roi2mVQvtvAWr9MPWYT2Jjpump,0.000003786229380714223
2026-08-27 06:01:00.000 UTC,GjKQD4S3RsZMnQ2wa2Roi2mVQvtvAWr9MPWYT2Jjpump,0.0000030327405809342257
2026-08-27 06:02:00.000 UTC,GjKQD4S3RsZMnQ2wa2Roi2mVQvtvAWr9MPWYT2Jjpump,0.0000030530124186535462
2026-08-29 01:21:00.000 UTC,GmkXDebD5Fbt62armCsss2FYzUVjdj5GsnpqDVmypump,0.000004195004909779005
2026-08-31 13:07:00.000 UTC,GmmvvpPfnSqsKXgmkEyG9XjwVr2S8eKcpwCEHqYEy5fU,0.000002878910628448614
2026-08-31 16:11:00.000 UTC,GmmvvpPfnSqsKXgmkEyG9XjwVr2S8eKcpwCEHqYEy5fU,0.000002873272853635433
2026-09-05 19:36:00.000 UTC,GmmvvpPfnSqsKXgmkEyG9XjwVr2S8eKcpwCEHqYEy5fU,0.0000029075400343186943
2026-08-22 17:26:00.000 UTC,GsPfoEzYSVsfjcQrWHevQNZZrKU5j8xpeFkThNuyosDp,0.0000028917089511333905
2026-08-27 00:01:00.000 UTC,GtRFFJG78LBVTgB8WRY4anhpupQFZWJ3W8wWdzygpump,0.000003045180048875194
2026-08-16 20:21:00.000 UTC,GwCmr883NV9ihun8yUyXAGx9Xfow3mQXutBXFq41pump,0.0000011266358303179674
2026-08-20 01:31:00.000 UTC,GwmCAy2PpbYrTD7R3E435qcLbEekxse2UxoemvqDpump,0.000002448376012321508
2026-08-20 01:32:00.000 UTC,GwmCAy2PpbYrTD7R3E435qcLbEekxse2UxoemvqDpump,0.0000026714119639607952
2026-08-06 19:50:00.000 UTC,GxUt3Eug8YCirPtss3RpoH2HtUpDwVfCk8BgLghQpump,0.000002278570958449378
2026-08-06 19:51:00.000 UTC,GxUt3Eug8YCirPtss3RpoH2HtUpDwVfCk8BgLghQpump,0.0000021952857685379362
2026-08-06 20:02:00.000 UTC,GxUt3Eug8YCirPtss3RpoH2HtUpDwVfCk8BgLghQpump,0.000002125024696880169
2026-09-05 03:10:00.000 UTC,GxUt3Eug8YCirPtss3RpoH2HtUpDwVfCk8BgLghQpump,0.0000028479380111186115
2026-08-24 19:49:00.000 UTC,GyT7VdHB9cxLFoMaH3ZoKt6R9GokLDXgcxCCkRmEpump,0.000002694933896629791
2026-08-24 19:50:00.000 UTC,GyT7VdHB9cxLFoMaH3ZoKt6R9GokLDXgcxCCkRmEpump,0.000002710653525214645
2026-08-24 19:55:00.000 UTC,GyT7VdHB9cxLFoMaH3ZoKt6R9GokLDXgcxCCkRmEpump,0.0000027175762916965704
2026-08-25 20:08:00.000 UTC,GyT7VdHB9cxLFoMaH3ZoKt6R9GokLDXgcxCCkRmEpump,0.0000027499724573800386
2026-08-31 22:41:00.000 UTC,GyT7VdHB9cxLFoMaH3ZoKt6R9GokLDXgcxCCkRmEpump,0.000002910886533578896
2026-09-02 21:05:00.000 UTC,GyT7VdHB9cxLFoMaH3ZoKt6R9GokLDXgcxCCkRmEpump,0.0000028070617052537826
2026-09-06 21:27:00.000 UTC,GyT7VdHB9cxLFoMaH3ZoKt6R9GokLDXgcxCCkRmEpump,0.00000299203772412435
2026-09-06 21:34:00.000 UTC,GyT7VdHB9cxLFoMaH3ZoKt6R9GokLDXgcxCCkRmEpump,0.00000299045398116274
2026-08-21 17:46:00.000 UTC,Gyf6cgWrZMKnXgxDiirPR3zPDawYmzrZRoPJ5J1vD3ZT,0.0000032337912623646804
2026-08-26 01:14:00.000 UTC,H2ohu6NxUDUN5PmqyPVydDrNN6XmXrsSNtrMtaLMgTGe,0.0000035919641808665746
2026-08-26 01:17:00.000 UTC,H2ohu6NxUDUN5PmqyPVydDrNN6XmXrsSNtrMtaLMgTGe,0.000002733160580908175
2026-09-11 01:46:00.000 UTC,H2roqDcwtWnsRgQmUMjViXXaMs122MPd67199ukCpump,0.0000039127812351683095
2026-09-11 01:47:00.000 UTC,H2roqDcwtWnsRgQmUMjViXXaMs122MPd67199ukCpump,0.000005020918986478528
2026-09-11 01:48:00.000 UTC,H2roqDcwtWnsRgQmUMjViXXaMs122MPd67199ukCpump,0.00000331009541472056
2026-09-13 19:22:00.000 UTC,H2roqDcwtWnsRgQmUMjViXXaMs122MPd67199ukCpump,0.0000030216223825791525
2026-08-08 01:49:00.000 UTC,H2zxoY87S92W1wLxjmqtPeUu7ctt2XUfDtEbCTLnpump,0.000002072258958187208
2026-08-08 01:53:00.000 UTC,H2zxoY87S92W1wLxjmqtPeUu7ctt2XUfDtEbCTLnpump,0.0000020749802322453222
2026-08-25 14:41:00.000 UTC,H2zxoY87S92W1wLxjmqtPeUu7ctt2XUfDtEbCTLnpump,0.0000027448633680955244
2026-08-28 17:37:00.000 UTC,H4SQ2RcRvgtJZNWSAd1uuLoc18BRRcLfo1sUyygzpump,0.0000029260079559858906
2026-08-24 12:48:00.000 UTC,H4d61htuARnaMdzscZR37akwh8F6VGGB8sqZiugpump,0.00001028188638801918
2026-09-11 04:35:00.000 UTC,H4g8Pz5cfkdh5kLYZTBbHfJ4wNDvF2N4bEPigRCspump,0.0000030934754398031758
2026-09-11 04:36:00.000 UTC,H4g8Pz5cfkdh5kLYZTBbHfJ4wNDvF2N4bEPigRCspump,0.0000034214629231969462
2026-09-11 04:37:00.000 UTC,H4g8Pz5cfkdh5kLYZTBbHfJ4wNDvF2N4bEPigRCspump,0.000003364070732267475
2026-08-18 22:33:00.000 UTC,H55jZsHmfxBoegKWm4ZXc4h75j3aYZLbjnMp2vjepump,0.000004331834484237771
2026-08-18 22:34:00.000 UTC,H55jZsHmfxBoegKWm4ZXc4h75j3aYZLbjnMp2vjepump,0.0000022957848052817286
2026-08-19 23:54:00.000 UTC,H55jZsHmfxBoegKWm4ZXc4h75j3aYZLbjnMp2vjepump,0.0000025395399473050875
2026-08-26 13:31:00.000 UTC,H55jZsHmfxBoegKWm4ZXc4h75j3aYZLbjnMp2vjepump,0.000002795761269639351
2026-09-04 13:13:00.000 UTC,H6Xh7yKXXDUhdr3gtZyXFh4YeJT8kSzpCGpKq9yQpump,0.000004374238612870895
2026-09-04 13:14:00.000 UTC,H6Xh7yKXXDUhdr3gtZyXFh4YeJT8kSzpCGpKq9yQpump,0.000004398204010253512
2026-07-14 23:03:00.000 UTC,H768y4exYfAV1o2dqyN47qpiZg3oyJctc5Wz2GhBpump,0.0000021878572228124116
2026-07-15 01:46:00.000 UTC,H768y4exYfAV1o2dqyN47qpiZg3oyJctc5Wz2GhBpump,0.0000022325774623109587
2026-07-19 06:41:00.000 UTC,H768y4exYfAV1o2dqyN47qpiZg3oyJctc5Wz2GhBpump,0.000002367967620474743
2026-07-19 06:43:00.000 UTC,H768y4exYfAV1o2dqyN47qpiZg3oyJctc5Wz2GhBpump,0.000002444205955409662
2026-08-08 02:31:00.000 UTC,H768y4exYfAV1o2dqyN47qpiZg3oyJctc5Wz2GhBpump,0.0000022210802947170037
2026-08-10 17:42:00.000 UTC,H768y4exYfAV1o2dqyN47qpiZg3oyJctc5Wz2GhBpump,0.000002290478364834463
2026-08-22 23:38:00.000 UTC,H768y4exYfAV1o2dqyN47qpiZg3oyJctc5Wz2GhBpump,0.0000028203351373372722
2026-08-23 01:20:00.000 UTC,H768y4exYfAV1o2dqyN47qpiZg3oyJctc5Wz2GhBpump,0.0000028960542523553576
2026-08-23 01:21:00.000 UTC,H768y4exYfAV1o2dqyN47qpiZg3oyJctc5Wz2GhBpump,0.0000028966022380263396
2026-09-09 12:35:00.000 UTC,H7fHKZnkwqm5VbQp868NRMptb4F12vjLq7yWGtPqpump,0.00000343427702267788
2026-08-27 11:52:00.000 UTC,H8BFNz5GE2Grbwzfcots2uxoBYYpMS2MFPhgTPxLpump,0.0000029053158527642366
2026-09-04 17:08:00.000 UTC,H9qCkph39TgkfMVqLLgdxMAMXxAMqkkL2qyLvY9jpump,0.000002861393263049248
2026-09-04 17:09:00.000 UTC,H9qCkph39TgkfMVqLLgdxMAMXxAMqkkL2qyLvY9jpump,0.000002873221648115548
2026-09-09 14:21:00.000 UTC,H9vbNGiBXdbqWRhxqf1mD5WtXUNi1MUnvLKFet1kpump,0.000002985011402075945
2026-08-28 13:56:00.000 UTC,HAeq4m4NKYA42HRKX5SYMV65sbrncDaCDNWhzgZCpump,0.0000016890868237154966
2026-08-28 13:57:00.000 UTC,HAeq4m4NKYA42HRKX5SYMV65sbrncDaCDNWhzgZCpump,8.84567403571632e-7
2026-08-28 13:58:00.000 UTC,HAeq4m4NKYA42HRKX5SYMV65sbrncDaCDNWhzgZCpump,8.108904960825072e-8
2026-08-28 13:59:00.000 UTC,HAeq4m4NKYA42HRKX5SYMV65sbrncDaCDNWhzgZCpump,8.067738882885447e-9
2026-09-01 17:50:00.000 UTC,HBAW68BiFYKPhugpWF9y6asaDDvLekc3Px3HA2kgpump,0.000003955960302189374
2026-09-01 17:51:00.000 UTC,HBAW68BiFYKPhugpWF9y6asaDDvLekc3Px3HA2kgpump,0.000003885391363396132
2026-08-29 13:15:00.000 UTC,HCXuHw8e3NtHoXKHanUEjfouS13DT1UsevDyZTWxpump,0.000005409979801231121
2026-08-28 08:13:00.000 UTC,HCwMkNSNpMm86G2SK8r7CNCRC9JNituW6tPZhJPqpump,0.0000029785115391151456
2026-08-28 08:14:00.000 UTC,HCwMkNSNpMm86G2SK8r7CNCRC9JNituW6tPZhJPqpump,0.000002988277242849841
2026-08-25 14:57:00.000 UTC,HDWoh2UZGP5qQxFfZK26wEkJT1fusQoHECJDNPLBpump,0.000002883502360376875
2026-08-25 14:58:00.000 UTC,HDWoh2UZGP5qQxFfZK26wEkJT1fusQoHECJDNPLBpump,0.0000033277745996104223
2026-08-18 23:25:00.000 UTC,HFxzNtFX2nstLiQYEZGHKTAUPW9rFDcNDJh6EN45pump,0.0000022987511649580957
2026-08-25 21:47:00.000 UTC,HHpCKi5faU9eyVoxEGcc7KSA1zXwYLhfY7JmNjjWpump,0.0000032142596824206496
2025-02-04 11:32:00.000 UTC,HJxPtKRUK8Bme3svvNneHo8edEPaxj7q4c8JZB4gpump,0.000005946068475695264
2025-02-04 11:33:00.000 UTC,HJxPtKRUK8Bme3svvNneHo8edEPaxj7q4c8JZB4gpump,0.000005978269209598456
2025-02-04 11:42:00.000 UTC,HJxPtKRUK8Bme3svvNneHo8edEPaxj7q4c8JZB4gpump,0.000005873625912083807
2026-08-16 12:33:00.000 UTC,HJxPtKRUK8Bme3svvNneHo8edEPaxj7q4c8JZB4gpump,0.000002104553142747926
2026-08-21 13:10:00.000 UTC,HKrcV84igWQ5FFxE95G3p8do1J4ZcvXA6JqP2D3mpump,0.000002550691931091024
2026-08-21 13:11:00.000 UTC,HKrcV84igWQ5FFxE95G3p8do1J4ZcvXA6JqP2D3mpump,0.0000025635963993420654
2026-08-15 20:39:00.000 UTC,HMzt3yg2guHDYbh5XFshBvkrGBgSVkzZFua6yWJZpump,0.000002586609081831729
2026-08-16 10:06:00.000 UTC,HPQnrj21BDvmd4Lxii1fbky9Yby3E1ihQP7tgSnmpump,0.000002161863843044852
2026-08-30 23:31:00.000 UTC,HQT1PhW6sXWmTPqAKpF3tUv272qdRJqJqrsTcuL6pump,0.0000019292221205067903
2026-05-19 13:14:00.000 UTC,HQkDDM7PNYTA2bryhg2HA3mju1PpnxvfuothTE7wpump,0.0000041741333887125935
2026-05-19 13:19:00.000 UTC,HQkDDM7PNYTA2bryhg2HA3mju1PpnxvfuothTE7wpump,0.000002377412368718007
2026-08-26 11:44:00.000 UTC,HQkDDM7PNYTA2bryhg2HA3mju1PpnxvfuothTE7wpump,0.0000028695652189619493
2026-08-21 19:57:00.000 UTC,HRf26rve8bHYbuQ3rMe2kbnLKpBbV46pnjqvWQnqpump,0.0000038042863466915532
2026-08-21 19:58:00.000 UTC,HRf26rve8bHYbuQ3rMe2kbnLKpBbV46pnjqvWQnqpump,0.0000027678385364280723
2026-09-10 20:39:00.000 UTC,HSkagz7KPq7KdJcRFBV12MxoUv6BVWEUAp1hsYnypump,0.000004130572586539119
2026-09-10 20:40:00.000 UTC,HSkagz7KPq7KdJcRFBV12MxoUv6BVWEUAp1hsYnypump,0.0000015785741260048405
2026-09-11 13:17:00.000 UTC,HTZdDV42scjA3ynnTxeU8byZCzEcwQZWCX7TdTmtpump,0.000004008810923301196
2026-09-11 13:18:00.000 UTC,HTZdDV42scjA3ynnTxeU8byZCzEcwQZWCX7TdTmtpump,0.0000037794375641904775
2026-09-11 13:39:00.000 UTC,HTZdDV42scjA3ynnTxeU8byZCzEcwQZWCX7TdTmtpump,0.0000028265463752647712
2026-08-27 12:52:00.000 UTC,HUTWGV7omxqBiLyjQAk2cbG27WCbScF2NkMwPFRzpump,0.0000049635131085325335
2026-08-27 13:53:00.000 UTC,HUTWGV7omxqBiLyjQAk2cbG27WCbScF2NkMwPFRzpump,0.0000030669312315498223
2026-09-09 20:44:00.000 UTC,HVYahfCEhZyxDVjetnmX1rGNzjxSpV1x9dCLDbdxpump,0.000008041285884618231
2026-09-09 20:45:00.000 UTC,HVYahfCEhZyxDVjetnmX1rGNzjxSpV1x9dCLDbdxpump,0.000002888524746982144
2026-08-29 13:54:00.000 UTC,HVZsFTdHSa4HPoqeaUTYgNWBBET1qKT83dFxgtf8TTSz,0.000004804095577626628
2026-08-29 13:56:00.000 UTC,HVZsFTdHSa4HPoqeaUTYgNWBBET1qKT83dFxgtf8TTSz,0.0000029072201216825175
2026-09-03 05:59:00.000 UTC,HXABxsnXhcrSt8ETN9VTPCrXXmvpAxYe5sM1dEjupump,0.000003057767881401447
2026-09-03 06:00:00.000 UTC,HXABxsnXhcrSt8ETN9VTPCrXXmvpAxYe5sM1dEjupump,0.0000033015725389684843
2026-09-03 06:04:00.000 UTC,HXABxsnXhcrSt8ETN9VTPCrXXmvpAxYe5sM1dEjupump,0.0000034303129949128554
2026-08-31 16:02:00.000 UTC,HXDBzZGaqFq9vxMMtQBgYWrBYJuCFB76ehA5ugWhpump,0.000004388934595858008
2026-09-10 17:41:00.000 UTC,HZTGkLLwLhhRtMrfeXFzWQtfbwHwNFFc6ka1twCxpump,0.0000028033676712607577
2026-09-10 17:42:00.000 UTC,HZTGkLLwLhhRtMrfeXFzWQtfbwHwNFFc6ka1twCxpump,0.000002812673427815754
2026-09-10 17:56:00.000 UTC,HZTGkLLwLhhRtMrfeXFzWQtfbwHwNFFc6ka1twCxpump,0.000002810930233590499
2026-09-10 18:17:00.000 UTC,HZTGkLLwLhhRtMrfeXFzWQtfbwHwNFFc6ka1twCxpump,0.000002790335838446269
2026-09-06 11:23:00.000 UTC,Hc9uMfULusXGH7PaC25hAvW5A8Wgrc8bXJBFJ1oNpump,0.000005283075254655025
2026-08-26 16:37:00.000 UTC,Hcjry3XMrNvus84kKKYB8CmURaHkaxbcHX7piKqppump,0.0000038953312776644775
2026-09-04 20:22:00.000 UTC,He51x4k2XAkTD5NSE8KKbnXVA7E66VhLFoLrJXMYpump,0.0000035641496015548703
2026-08-17 02:11:00.000 UTC,HePeRk2nrQDd633UwxeJTYp2xAwnYtZJnDrAGMdjpump,0.000003357418248184038
2026-08-17 02:12:00.000 UTC,HePeRk2nrQDd633UwxeJTYp2xAwnYtZJnDrAGMdjpump,0.000002401312880272026
2026-08-17 17:09:00.000 UTC,HePeRk2nrQDd633UwxeJTYp2xAwnYtZJnDrAGMdjpump,0.000002122599664072123
2026-08-17 19:10:00.000 UTC,HePeRk2nrQDd633UwxeJTYp2xAwnYtZJnDrAGMdjpump,0.000002119803452167594
2026-08-17 19:50:00.000 UTC,HePeRk2nrQDd633UwxeJTYp2xAwnYtZJnDrAGMdjpump,0.000002118964577564245
2026-08-17 20:32:00.000 UTC,HePeRk2nrQDd633UwxeJTYp2xAwnYtZJnDrAGMdjpump,0.000002117846115261246
2026-08-18 23:01:00.000 UTC,HePeRk2nrQDd633UwxeJTYp2xAwnYtZJnDrAGMdjpump,0.000002150282078842158
2026-08-19 00:42:00.000 UTC,HePeRk2nrQDd633UwxeJTYp2xAwnYtZJnDrAGMdjpump,0.0000022674089898166414
2026-08-17 07:15:00.000 UTC,Hfomz7hrBftK5iCMPps3mUy3femf3ncsb3YmY8Trpump,0.000010789229568620982
2026-08-17 07:16:00.000 UTC,Hfomz7hrBftK5iCMPps3mUy3femf3ncsb3YmY8Trpump,0.000022103260298528613
2026-09-05 20:44:00.000 UTC,HgMc1vbFVmr5JKvKxEjdjsHmhXg7Le91uheqpAfApump,0.0000018807215561257385
2026-09-05 20:45:00.000 UTC,HgMc1vbFVmr5JKvKxEjdjsHmhXg7Le91uheqpAfApump,0.0000018922865669446883
2026-09-05 20:46:00.000 UTC,HgMc1vbFVmr5JKvKxEjdjsHmhXg7Le91uheqpAfApump,0.0000032789236549828573
2026-09-05 20:47:00.000 UTC,HgMc1vbFVmr5JKvKxEjdjsHmhXg7Le91uheqpAfApump,0.000006450655186520701
2026-09-01 00:13:00.000 UTC,HjSwuRDkEon1uQdoKxo354a3GUW6nTJAjJjrNCL2pump,0.0000047022790041971405
2026-09-01 00:14:00.000 UTC,HjSwuRDkEon1uQdoKxo354a3GUW6nTJAjJjrNCL2pump,0.000009035159981202731
2026-08-29 11:58:00.000 UTC,HjfccVmM2zGwNy4Sq3eXnUK6gssyEoB7MX6ArnT3pump,0.0000013947096478050215
2026-08-29 12:02:00.000 UTC,HjfccVmM2zGwNy4Sq3eXnUK6gssyEoB7MX6ArnT3pump,4.4463279187236817e-7
2026-08-29 12:03:00.000 UTC,HjfccVmM2zGwNy4Sq3eXnUK6gssyEoB7MX6ArnT3pump,4.449490139930012e-7
2026-08-29 12:04:00.000 UTC,HjfccVmM2zGwNy4Sq3eXnUK6gssyEoB7MX6ArnT3pump,4.4539199037578734e-7
2026-08-29 12:10:00.000 UTC,HjfccVmM2zGwNy4Sq3eXnUK6gssyEoB7MX6ArnT3pump,3.9959217210351075e-7
2026-08-29 12:18:00.000 UTC,HjfccVmM2zGwNy4Sq3eXnUK6gssyEoB7MX6ArnT3pump,4.843042920705398e-7
2026-08-29 12:31:00.000 UTC,HjfccVmM2zGwNy4Sq3eXnUK6gssyEoB7MX6ArnT3pump,3.04483288648526e-7
2026-09-10 16:25:00.000 UTC,HjycaxWRTTvzghPNo6BSo7b9HGuh1RbviTT5SMvzpump,0.000006484602369153844
2026-08-26 18:44:00.000 UTC,Hr1DTNBMHawA8VSjjKnPfz3EiBJuH3w2nxyaE9R31P9y,0.000003952910757343974
2026-08-23 09:15:00.000 UTC,HrRXy6N7hEW5g3ofab189dNhW45drxmpFX6xZg2J8jNM,0.0000032699773038689067
2026-09-02 11:02:00.000 UTC,HrVu3WPduco5ichbQFRkkvCVRGQM9WcLtnn2DyuDpump,0.000002998038158303077
2026-09-13 20:25:00.000 UTC,HrwdCExaBQYFHPrHre6GQbNjJ6hLPvsnxZMBrwbCpump,0.0000028648467837406846
2026-08-30 00:35:00.000 UTC,HuiL85ctREw8QRpAakPfECfVE3G8TfDBvkUFntJWpump,0.000003726932131111024
2026-08-18 01:02:00.000 UTC,HuwqrcqwQ7fGyMqCUMuUYbnm6utY8njP7sHKF6Ecpump,0.0000021242444811838568
2026-09-07 21:32:00.000 UTC,HwX8GzHriw45nopgZdfRELT3wgTrrebiFT7toyBzpump,0.0000029265599682202986
2026-08-31 14:45:00.000 UTC,HxPLJRooq6JoMkTLZzkCxikXjdWbK66GhWJteFhZpump,9.441537096906599e-7
2026-08-31 14:46:00.000 UTC,HxPLJRooq6JoMkTLZzkCxikXjdWbK66GhWJteFhZpump,5.660021394939118e-7
2026-08-31 14:47:00.000 UTC,HxPLJRooq6JoMkTLZzkCxikXjdWbK66GhWJteFhZpump,3.798778212976969e-7
2026-08-31 14:48:00.000 UTC,HxPLJRooq6JoMkTLZzkCxikXjdWbK66GhWJteFhZpump,4.013757007483896e-7
2026-08-31 14:49:00.000 UTC,HxPLJRooq6JoMkTLZzkCxikXjdWbK66GhWJteFhZpump,1.6734651491752698e-7
2026-08-31 14:50:00.000 UTC,HxPLJRooq6JoMkTLZzkCxikXjdWbK66GhWJteFhZpump,1.732174012267368e-7
2026-08-31 14:51:00.000 UTC,HxPLJRooq6JoMkTLZzkCxikXjdWbK66GhWJteFhZpump,2.3840812064631185e-7
2026-08-31 14:52:00.000 UTC,HxPLJRooq6JoMkTLZzkCxikXjdWbK66GhWJteFhZpump,2.190532148295647e-7
2026-08-31 14:53:00.000 UTC,HxPLJRooq6JoMkTLZzkCxikXjdWbK66GhWJteFhZpump,1.4294272484337876e-7
2026-09-10 18:07:00.000 UTC,HxrpdURrKt1YjKNxYnLBpXonN3wiJueVFMwwtAsLpump,0.000003108394602169037
2026-09-10 00:29:00.000 UTC,Hy5Xsm1Y3uniFHVUpHC8XRY53Cept9zgJRpPybbypump,0.000005030922022038628
2026-09-10 00:30:00.000 UTC,Hy5Xsm1Y3uniFHVUpHC8XRY53Cept9zgJRpPybbypump,0.0000050908885379174824
2026-09-10 00:31:00.000 UTC,Hy5Xsm1Y3uniFHVUpHC8XRY53Cept9zgJRpPybbypump,0.00000530382430904306
2026-09-10 00:32:00.000 UTC,Hy5Xsm1Y3uniFHVUpHC8XRY53Cept9zgJRpPybbypump,0.000003217068113750567
2026-09-10 00:33:00.000 UTC,Hy5Xsm1Y3uniFHVUpHC8XRY53Cept9zgJRpPybbypump,0.0000029005581619906707
2026-09-10 05:09:00.000 UTC,Hy5Xsm1Y3uniFHVUpHC8XRY53Cept9zgJRpPybbypump,0.000002859871558506657
2026-09-04 03:26:00.000 UTC,Hz4et27yaAu4yVzPBiKdjxoYNkqitH3UeSHEwnCqpump,0.000003117322887926148
2026-09-04 03:27:00.000 UTC,Hz4et27yaAu4yVzPBiKdjxoYNkqitH3UeSHEwnCqpump,0.0000023371325534118302
2026-08-29 15:42:00.000 UTC,J1o1TgFzNQcc8PdFH5kAS2z3TTLc4aHwJwzMN9tJpump,0.0000029462006833348324
2026-09-11 17:22:00.000 UTC,J3H5UMTadExVzZEMYBmbwcYU4RDKjySzxbouhJhqpump,0.000002046042261305712
2026-09-11 17:23:00.000 UTC,J3H5UMTadExVzZEMYBmbwcYU4RDKjySzxbouhJhqpump,6.127549154052595e-7
2026-09-11 17:24:00.000 UTC,J3H5UMTadExVzZEMYBmbwcYU4RDKjySzxbouhJhqpump,2.902530166635222e-7
2026-08-24 17:36:00.000 UTC,J3R8hpB2oAptvcThq12CvmVgn4LcdfcCW6StxA1G4d7N,0.0000027899549015978775
2026-08-17 00:50:00.000 UTC,J4enhAqr1gVcMkvyK17LEDCkVaMfHc64dCRby1Szpump,0.0000021876956833487797
2026-08-19 20:28:00.000 UTC,J5i4CPpkv1Lbd1CqjcVJmCjYZDEy2Dgf7SYZxcgCpump,0.0000023070533067182794
2026-08-25 04:27:00.000 UTC,J5i4CPpkv1Lbd1CqjcVJmCjYZDEy2Dgf7SYZxcgCpump,0.000002838136115002222
2026-08-17 20:56:00.000 UTC,J6hePNUGEYJtE8kvNvYRca5v1ncionoVsFnQPLQbpump,0.0000021361037148581756
2025-04-28 23:19:00.000 UTC,J6jFoRCMeU8atZ5JBEQBqM2pKn7JrqSxVuDy3nuvpump,0.000004955428456540415
2025-04-28 23:20:00.000 UTC,J6jFoRCMeU8atZ5JBEQBqM2pKn7JrqSxVuDy3nuvpump,0.000004333252476285336
2025-04-30 08:38:00.000 UTC,J6jFoRCMeU8atZ5JBEQBqM2pKn7JrqSxVuDy3nuvpump,0.0000041007653493529165
2025-05-01 15:08:00.000 UTC,J6jFoRCMeU8atZ5JBEQBqM2pKn7JrqSxVuDy3nuvpump,0.00000427722627591539
2025-05-02 07:32:00.000 UTC,J6jFoRCMeU8atZ5JBEQBqM2pKn7JrqSxVuDy3nuvpump,0.000004173252030487711
2026-02-20 17:50:00.000 UTC,J6jFoRCMeU8atZ5JBEQBqM2pKn7JrqSxVuDy3nuvpump,0.0000024237248671345295
2026-02-20 17:51:00.000 UTC,J6jFoRCMeU8atZ5JBEQBqM2pKn7JrqSxVuDy3nuvpump,0.0000025035029979540107
2026-02-20 17:52:00.000 UTC,J6jFoRCMeU8atZ5JBEQBqM2pKn7JrqSxVuDy3nuvpump,0.000002507801642166651
2026-02-20 18:02:00.000 UTC,J6jFoRCMeU8atZ5JBEQBqM2pKn7JrqSxVuDy3nuvpump,0.0000036591383573553874
2026-02-20 18:13:00.000 UTC,J6jFoRCMeU8atZ5JBEQBqM2pKn7JrqSxVuDy3nuvpump,0.0000036102985464363655
2026-02-20 18:24:00.000 UTC,J6jFoRCMeU8atZ5JBEQBqM2pKn7JrqSxVuDy3nuvpump,0.0000025455483297285113
2026-02-20 18:26:00.000 UTC,J6jFoRCMeU8atZ5JBEQBqM2pKn7JrqSxVuDy3nuvpump,0.0000024634304073812477
2026-02-20 18:28:00.000 UTC,J6jFoRCMeU8atZ5JBEQBqM2pKn7JrqSxVuDy3nuvpump,0.0000032681222074140342
2026-02-20 18:31:00.000 UTC,J6jFoRCMeU8atZ5JBEQBqM2pKn7JrqSxVuDy3nuvpump,0.000004680482668995151
2026-02-20 18:32:00.000 UTC,J6jFoRCMeU8atZ5JBEQBqM2pKn7JrqSxVuDy3nuvpump,0.000004005287337657017
2026-02-20 18:33:00.000 UTC,J6jFoRCMeU8atZ5JBEQBqM2pKn7JrqSxVuDy3nuvpump,0.000004113715944983357
2026-02-20 18:34:00.000 UTC,J6jFoRCMeU8atZ5JBEQBqM2pKn7JrqSxVuDy3nuvpump,0.0000028061752786995817
2026-02-21 00:00:00.000 UTC,J6jFoRCMeU8atZ5JBEQBqM2pKn7JrqSxVuDy3nuvpump,0.00000291403775169892
2026-02-21 00:02:00.000 UTC,J6jFoRCMeU8atZ5JBEQBqM2pKn7JrqSxVuDy3nuvpump,0.000003170591246968811
2026-02-21 01:13:00.000 UTC,J6jFoRCMeU8atZ5JBEQBqM2pKn7JrqSxVuDy3nuvpump,0.000002853108451017162
2026-02-21 01:14:00.000 UTC,J6jFoRCMeU8atZ5JBEQBqM2pKn7JrqSxVuDy3nuvpump,0.0000035209971358183525
2026-02-21 01:19:00.000 UTC,J6jFoRCMeU8atZ5JBEQBqM2pKn7JrqSxVuDy3nuvpump,0.000003818047994794468
2026-02-21 02:06:00.000 UTC,J6jFoRCMeU8atZ5JBEQBqM2pKn7JrqSxVuDy3nuvpump,0.0000030791997815593903
2026-02-21 02:07:00.000 UTC,J6jFoRCMeU8atZ5JBEQBqM2pKn7JrqSxVuDy3nuvpump,0.0000033056198601086644
2026-02-21 02:08:00.000 UTC,J6jFoRCMeU8atZ5JBEQBqM2pKn7JrqSxVuDy3nuvpump,0.0000032595604815553307
2026-02-21 02:26:00.000 UTC,J6jFoRCMeU8atZ5JBEQBqM2pKn7JrqSxVuDy3nuvpump,0.000003395704512334311
2026-02-21 03:26:00.000 UTC,J6jFoRCMeU8atZ5JBEQBqM2pKn7JrqSxVuDy3nuvpump,0.0000032745215045974045
2026-02-21 03:34:00.000 UTC,J6jFoRCMeU8atZ5JBEQBqM2pKn7JrqSxVuDy3nuvpump,0.0000034957804659328364
2026-02-21 05:19:00.000 UTC,J6jFoRCMeU8atZ5JBEQBqM2pKn7JrqSxVuDy3nuvpump,0.0000025588841098667794
2026-02-22 17:11:00.000 UTC,J6jFoRCMeU8atZ5JBEQBqM2pKn7JrqSxVuDy3nuvpump,0.0000025187397555352257
2026-02-22 17:16:00.000 UTC,J6jFoRCMeU8atZ5JBEQBqM2pKn7JrqSxVuDy3nuvpump,0.000002808955479734484
2026-02-22 17:17:00.000 UTC,J6jFoRCMeU8atZ5JBEQBqM2pKn7JrqSxVuDy3nuvpump,0.000002962762080465941
2026-02-22 17:57:00.000 UTC,J6jFoRCMeU8atZ5JBEQBqM2pKn7JrqSxVuDy3nuvpump,0.0000023762640410666656
2026-06-13 20:59:00.000 UTC,J6jFoRCMeU8atZ5JBEQBqM2pKn7JrqSxVuDy3nuvpump,0.0000021064095281560316
2026-06-13 21:00:00.000 UTC,J6jFoRCMeU8atZ5JBEQBqM2pKn7JrqSxVuDy3nuvpump,0.0000021685521763776717
2026-07-01 22:50:00.000 UTC,J6jFoRCMeU8atZ5JBEQBqM2pKn7JrqSxVuDy3nuvpump,0.0000022554067385045188
2026-08-04 18:42:00.000 UTC,J6jFoRCMeU8atZ5JBEQBqM2pKn7JrqSxVuDy3nuvpump,0.0000022841434381844644
2026-08-13 15:21:00.000 UTC,J6jFoRCMeU8atZ5JBEQBqM2pKn7JrqSxVuDy3nuvpump,0.0000022113309066227386
2026-08-13 15:22:00.000 UTC,J6jFoRCMeU8atZ5JBEQBqM2pKn7JrqSxVuDy3nuvpump,0.0000024056137532958124
2026-08-26 18:22:00.000 UTC,J6jFoRCMeU8atZ5JBEQBqM2pKn7JrqSxVuDy3nuvpump,0.000002807371705312057
2026-08-26 18:27:00.000 UTC,J6jFoRCMeU8atZ5JBEQBqM2pKn7JrqSxVuDy3nuvpump,0.0000028829301617978686
2026-08-26 18:33:00.000 UTC,J6jFoRCMeU8atZ5JBEQBqM2pKn7JrqSxVuDy3nuvpump,0.0000029748412060187123
2026-08-26 18:34:00.000 UTC,J6jFoRCMeU8atZ5JBEQBqM2pKn7JrqSxVuDy3nuvpump,0.000003310160236599836
2026-08-26 18:36:00.000 UTC,J6jFoRCMeU8atZ5JBEQBqM2pKn7JrqSxVuDy3nuvpump,0.0000035628662292296607
2026-08-26 18:39:00.000 UTC,J6jFoRCMeU8atZ5JBEQBqM2pKn7JrqSxVuDy3nuvpump,0.0000030241044043713666
2026-08-26 18:45:00.000 UTC,J6jFoRCMeU8atZ5JBEQBqM2pKn7JrqSxVuDy3nuvpump,0.000002970963213179804
2026-08-26 23:18:00.000 UTC,J6jFoRCMeU8atZ5JBEQBqM2pKn7JrqSxVuDy3nuvpump,0.0000028437275003949183
2026-08-27 10:08:00.000 UTC,J6jFoRCMeU8atZ5JBEQBqM2pKn7JrqSxVuDy3nuvpump,0.000003072572180681435
2026-08-28 15:04:00.000 UTC,J6jFoRCMeU8atZ5JBEQBqM2pKn7JrqSxVuDy3nuvpump,0.0000032902237681723493
2026-09-11 04:06:00.000 UTC,J7FutCqWJF9ef1brb2eVwE6wiGKgW1pz51wekWmg14LR,0.0000028688170723840664
2026-09-02 13:45:00.000 UTC,J7dHpDgk9CeBce2XH9Qt2YVDnhJMAexW28aZHC2Tpump,0.000002775091340196496
2026-09-02 13:46:00.000 UTC,J7dHpDgk9CeBce2XH9Qt2YVDnhJMAexW28aZHC2Tpump,0.000002774533917385289
2025-06-17 16:24:00.000 UTC,J9o2dLqkSvc3zutE5mjxoeCMxpz3VXks99s9D62hpbPu,0.000004227284462449987
2025-07-10 21:44:00.000 UTC,J9o2dLqkSvc3zutE5mjxoeCMxpz3VXks99s9D62hpbPu,0.00000477128417852844
2026-04-05 22:21:00.000 UTC,J9o2dLqkSvc3zutE5mjxoeCMxpz3VXks99s9D62hpbPu,0.000002471676781620565
2026-04-06 01:35:00.000 UTC,J9o2dLqkSvc3zutE5mjxoeCMxpz3VXks99s9D62hpbPu,0.0000023254473501846543
2026-09-03 02:30:00.000 UTC,J9o2dLqkSvc3zutE5mjxoeCMxpz3VXks99s9D62hpbPu,0.000002917757758169242
2026-09-05 01:09:00.000 UTC,J9uU7EkHRb1EpXn5XhgZLQccwYhueeCQPFopim2Ypump,0.0000054224036389471936
2026-08-16 23:47:00.000 UTC,JANGV5YHYsZSY9TYj2cQkep9zqGtSKoaMRh9PYDopump,0.0000021895959143684153
2026-08-29 18:44:00.000 UTC,JBFBW94WGKEeFkAHd9otGfhaukDMbXaCninaXAk32V7m,0.000003523536717160869
2026-08-30 15:38:00.000 UTC,JBFBW94WGKEeFkAHd9otGfhaukDMbXaCninaXAk32V7m,0.0000029994421866939635
2026-01-07 12:58:00.000 UTC,JBJBqtoRcwgpHsEv4g6JZefz6bCX4YPqU8xBo6rKpump,0.0000021113360600845796
2026-01-07 12:59:00.000 UTC,JBJBqtoRcwgpHsEv4g6JZefz6bCX4YPqU8xBo6rKpump,4.596486740438882e-7
2026-01-07 13:05:00.000 UTC,JBJBqtoRcwgpHsEv4g6JZefz6bCX4YPqU8xBo6rKpump,2.772873540987485e-7
2026-01-07 13:07:00.000 UTC,JBJBqtoRcwgpHsEv4g6JZefz6bCX4YPqU8xBo6rKpump,2.512922872720799e-7
2026-01-08 04:39:00.000 UTC,JBJBqtoRcwgpHsEv4g6JZefz6bCX4YPqU8xBo6rKpump,2.3309915918496945e-7
2026-01-08 11:54:00.000 UTC,JBJBqtoRcwgpHsEv4g6JZefz6bCX4YPqU8xBo6rKpump,2.392713728579365e-7
2026-01-08 14:29:00.000 UTC,JBJBqtoRcwgpHsEv4g6JZefz6bCX4YPqU8xBo6rKpump,4.4665045234221983e-7
2026-01-08 14:33:00.000 UTC,JBJBqtoRcwgpHsEv4g6JZefz6bCX4YPqU8xBo6rKpump,9.957358346344137e-7
2026-01-08 14:34:00.000 UTC,JBJBqtoRcwgpHsEv4g6JZefz6bCX4YPqU8xBo6rKpump,0.000001241175973380293
2026-01-08 14:35:00.000 UTC,JBJBqtoRcwgpHsEv4g6JZefz6bCX4YPqU8xBo6rKpump,0.0000014515993831589464
2026-01-08 15:54:00.000 UTC,JBJBqtoRcwgpHsEv4g6JZefz6bCX4YPqU8xBo6rKpump,9.093964583576025e-7
2026-01-08 16:06:00.000 UTC,JBJBqtoRcwgpHsEv4g6JZefz6bCX4YPqU8xBo6rKpump,9.16427543457996e-7
2026-01-09 17:18:00.000 UTC,JBJBqtoRcwgpHsEv4g6JZefz6bCX4YPqU8xBo6rKpump,9.388989514793015e-7
2026-01-10 12:42:00.000 UTC,JBJBqtoRcwgpHsEv4g6JZefz6bCX4YPqU8xBo6rKpump,9.313942203376381e-7
2026-01-10 22:15:00.000 UTC,JBJBqtoRcwgpHsEv4g6JZefz6bCX4YPqU8xBo6rKpump,9.270440953525211e-7
2026-01-11 08:02:00.000 UTC,JBJBqtoRcwgpHsEv4g6JZefz6bCX4YPqU8xBo6rKpump,9.34871496418394e-7
2026-01-11 15:17:00.000 UTC,JBJBqtoRcwgpHsEv4g6JZefz6bCX4YPqU8xBo6rKpump,9.68660421992943e-7
2026-01-12 12:37:00.000 UTC,JBJBqtoRcwgpHsEv4g6JZefz6bCX4YPqU8xBo6rKpump,9.990444385847942e-7
2026-01-12 13:35:00.000 UTC,JBJBqtoRcwgpHsEv4g6JZefz6bCX4YPqU8xBo6rKpump,0.0000010126953068391348
2026-01-14 03:58:00.000 UTC,JBJBqtoRcwgpHsEv4g6JZefz6bCX4YPqU8xBo6rKpump,0.0000010746263037898687
2026-01-14 04:03:00.000 UTC,JBJBqtoRcwgpHsEv4g6JZefz6bCX4YPqU8xBo6rKpump,0.0000010792267574055623
2026-01-14 04:10:00.000 UTC,JBJBqtoRcwgpHsEv4g6JZefz6bCX4YPqU8xBo6rKpump,0.0000010734401988632211
2026-01-14 15:47:00.000 UTC,JBJBqtoRcwgpHsEv4g6JZefz6bCX4YPqU8xBo6rKpump,0.0000010870916137688509
2026-01-15 00:17:00.000 UTC,JBJBqtoRcwgpHsEv4g6JZefz6bCX4YPqU8xBo6rKpump,0.000001088443971514444
2026-01-15 11:49:00.000 UTC,JBJBqtoRcwgpHsEv4g6JZefz6bCX4YPqU8xBo6rKpump,0.0000010830162471378182
2026-01-15 18:29:00.000 UTC,JBJBqtoRcwgpHsEv4g6JZefz6bCX4YPqU8xBo6rKpump,0.0000010646969684904308
2026-01-16 04:37:00.000 UTC,JBJBqtoRcwgpHsEv4g6JZefz6bCX4YPqU8xBo6rKpump,0.0000010679966268426712
2026-01-16 12:28:00.000 UTC,JBJBqtoRcwgpHsEv4g6JZefz6bCX4YPqU8xBo6rKpump,0.0000010826719371471366
2026-01-16 18:12:00.000 UTC,JBJBqtoRcwgpHsEv4g6JZefz6bCX4YPqU8xBo6rKpump,0.0000010825858662519156
2026-01-17 14:58:00.000 UTC,JBJBqtoRcwgpHsEv4g6JZefz6bCX4YPqU8xBo6rKpump,0.0000010923457265521198
2026-01-17 23:50:00.000 UTC,JBJBqtoRcwgpHsEv4g6JZefz6bCX4YPqU8xBo6rKpump,0.0000010942275176701695
2026-01-18 15:25:00.000 UTC,JBJBqtoRcwgpHsEv4g6JZefz6bCX4YPqU8xBo6rKpump,0.0000010839734098615737
2026-09-08 02:52:00.000 UTC,JBJBqtoRcwgpHsEv4g6JZefz6bCX4YPqU8xBo6rKpump,6.88422663771785e-7
2026-09-08 04:21:00.000 UTC,JBJBqtoRcwgpHsEv4g6JZefz6bCX4YPqU8xBo6rKpump,6.890875224310263e-7
2026-08-26 17:08:00.000 UTC,JDPuiHQTMEXPhGzH7y7uUuEf8yubPK6kwhGbrFJkpump,0.000002682107127590112
2026-08-18 03:29:00.000 UTC,JJRC4xRY2B33LhiViVGJJkW34EWGSP2bcjxHQqUpump,0.000002081141552868433
2026-08-22 01:16:00.000 UTC,K7hKYF8i5sUmm2qCveq7vPXPDnEymkhpD4KxjMzpump,0.000002696216216059496
2026-09-07 03:15:00.000 UTC,KGWHyewm5vj7x2smrDV33tP6ZZeHC1ocucXKkr3pump,0.000002958037884730747
2026-09-07 03:16:00.000 UTC,KGWHyewm5vj7x2smrDV33tP6ZZeHC1ocucXKkr3pump,0.0000032208024165765317
2026-09-02 05:07:00.000 UTC,MeTW1hxbGCbeNo1jKXA28gUxyG4kXaKxBgcdfampump,0.00000330668612118548
2026-09-02 19:51:00.000 UTC,MseAVQS8uXj6fR2o2yrPn1QtQL9jawyB3P48SWJpump,0.000004646878661747052
2026-09-02 19:52:00.000 UTC,MseAVQS8uXj6fR2o2yrPn1QtQL9jawyB3P48SWJpump,0.000007962068881904657
2026-09-02 19:53:00.000 UTC,MseAVQS8uXj6fR2o2yrPn1QtQL9jawyB3P48SWJpump,0.000017872256369508577
2026-09-02 19:54:00.000 UTC,MseAVQS8uXj6fR2o2yrPn1QtQL9jawyB3P48SWJpump,0.00002457939441233619
2026-09-02 19:56:00.000 UTC,MseAVQS8uXj6fR2o2yrPn1QtQL9jawyB3P48SWJpump,0.000014299263997926723
2026-08-17 21:29:00.000 UTC,MwTLpUUV5YaQRctc1J2KnW4pTbf1yMPtVrxg1rupump,0.000002120969954732725
2026-08-29 12:38:00.000 UTC,NGvDME2QuJ83wWfvGhyWkpBrZxhqSaX8fXvinRApump,0.000001914582101662494
2026-09-03 07:03:00.000 UTC,NQ8r9bkMTBV4mXJS7iM5JhfKN5Ed1XAEK5shSNnpump,0.000010812433011814602
2026-09-03 00:55:00.000 UTC,NUB9aRLuqqc4bgVmSUHgXSNjRkTPxWtAiTmiv2wpump,0.0000027996047203284544
2026-09-05 02:29:00.000 UTC,NVnQZNcGWowUS6fSH4ngcReQMb2v9rZsuooaf35pump,0.0000029236891019203087
2026-09-05 02:30:00.000 UTC,NVnQZNcGWowUS6fSH4ngcReQMb2v9rZsuooaf35pump,0.0000029557716320244324
2026-09-12 05:57:00.000 UTC,NVnQZNcGWowUS6fSH4ngcReQMb2v9rZsuooaf35pump,0.000002934013833183633
2026-08-07 07:31:00.000 UTC,R6H1iWMbVEP5KY4UVYLDSXBxGEk38u32RvoiYxmpump,0.000002144860330766363
2026-08-07 07:34:00.000 UTC,R6H1iWMbVEP5KY4UVYLDSXBxGEk38u32RvoiYxmpump,0.0000021056010033030016
2026-08-07 07:38:00.000 UTC,R6H1iWMbVEP5KY4UVYLDSXBxGEk38u32RvoiYxmpump,0.000002038561064173592
2026-08-14 12:02:00.000 UTC,R6H1iWMbVEP5KY4UVYLDSXBxGEk38u32RvoiYxmpump,0.0000021137701615746145
2026-08-14 14:46:00.000 UTC,R6H1iWMbVEP5KY4UVYLDSXBxGEk38u32RvoiYxmpump,0.0000021094187073336097
2026-08-14 15:07:00.000 UTC,R6H1iWMbVEP5KY4UVYLDSXBxGEk38u32RvoiYxmpump,0.0000021022666759606337
2026-08-15 11:29:00.000 UTC,R6H1iWMbVEP5KY4UVYLDSXBxGEk38u32RvoiYxmpump,0.0000021025371176151895
2026-08-15 15:10:00.000 UTC,R6H1iWMbVEP5KY4UVYLDSXBxGEk38u32RvoiYxmpump,0.0000021186428549212133
2026-08-15 16:05:00.000 UTC,R6H1iWMbVEP5KY4UVYLDSXBxGEk38u32RvoiYxmpump,0.0000021086823155717546
2026-08-18 09:32:00.000 UTC,R6H1iWMbVEP5KY4UVYLDSXBxGEk38u32RvoiYxmpump,0.0000021261068285068044
2026-08-19 08:47:00.000 UTC,R6H1iWMbVEP5KY4UVYLDSXBxGEk38u32RvoiYxmpump,0.000002177402160530822
2026-08-20 09:53:00.000 UTC,R6H1iWMbVEP5KY4UVYLDSXBxGEk38u32RvoiYxmpump,0.0000024531954674595885
2026-08-22 10:05:00.000 UTC,R6H1iWMbVEP5KY4UVYLDSXBxGEk38u32RvoiYxmpump,0.000002599643969912079
2026-09-05 09:41:00.000 UTC,R6H1iWMbVEP5KY4UVYLDSXBxGEk38u32RvoiYxmpump,0.0000028765288187325726
2026-09-05 20:30:00.000 UTC,R6H1iWMbVEP5KY4UVYLDSXBxGEk38u32RvoiYxmpump,0.000002888600838996218
2026-09-05 20:38:00.000 UTC,R6H1iWMbVEP5KY4UVYLDSXBxGEk38u32RvoiYxmpump,0.0000028865685881279265
2026-09-07 00:49:00.000 UTC,R6H1iWMbVEP5KY4UVYLDSXBxGEk38u32RvoiYxmpump,0.000002965386314310566
2026-09-07 00:55:00.000 UTC,R6H1iWMbVEP5KY4UVYLDSXBxGEk38u32RvoiYxmpump,0.00000296662699694902
2026-09-07 00:59:00.000 UTC,R6H1iWMbVEP5KY4UVYLDSXBxGEk38u32RvoiYxmpump,0.0000029667823549363567
2026-09-07 01:04:00.000 UTC,R6H1iWMbVEP5KY4UVYLDSXBxGEk38u32RvoiYxmpump,0.0000029638231105765432
2026-09-07 01:08:00.000 UTC,R6H1iWMbVEP5KY4UVYLDSXBxGEk38u32RvoiYxmpump,0.0000029711483408282083
2026-09-06 13:02:00.000 UTC,SohrCXAEwTZhdrEs77FEchmQUnmWSE8Ucyk1zrZpump,0.000002994063970839121
2026-08-26 07:23:00.000 UTC,Ssv1A6eGXBfEyL6ccoU218LLc4c4rCLgHKczdRPpump,0.000003172248631862567
2026-08-26 07:24:00.000 UTC,Ssv1A6eGXBfEyL6ccoU218LLc4c4rCLgHKczdRPpump,0.0000027379752718840564
2026-08-26 07:25:00.000 UTC,Ssv1A6eGXBfEyL6ccoU218LLc4c4rCLgHKczdRPpump,0.000002721885149725021
2026-09-09 00:46:00.000 UTC,T36zSZP78Y95XNjM6wazgB1GKPraJbcEeLftgUHpump,0.0000031335086902992984
2026-09-09 01:02:00.000 UTC,T36zSZP78Y95XNjM6wazgB1GKPraJbcEeLftgUHpump,0.0000030811799141134575
2026-08-28 18:17:00.000 UTC,VgRKPJAoETePZnFK2Sxq6fJDUgegC2fM46Fkrrjpump,0.000011147909967871101
2026-08-27 08:00:00.000 UTC,W2WmFLjYdn6snWFuqQqbphKUkmPdhid6uYyKNcwHBxA,0.000002846046636278912
2026-08-26 05:32:00.000 UTC,W8Mc3Bg5qL1YiC1vPbxDxkJEz2PF5tUYVJmFdCQpump,0.000003872721069432255
2026-08-26 05:33:00.000 UTC,W8Mc3Bg5qL1YiC1vPbxDxkJEz2PF5tUYVJmFdCQpump,0.0000028568798231714453
2026-08-24 18:15:00.000 UTC,X2Qq6QxtpmvJYMEWjyuAfVKcY16vH3Jkcmhrgy3pump,0.000002683874856140331
2026-08-31 15:12:00.000 UTC,XCYgY2c8oaN55gDZbTgvmnYNLq6KqNbWHh6NDbypump,0.00000295944969079817
2026-09-04 17:40:00.000 UTC,aoNPLDNmEHSC5fHELsg3HtLfjkMx33Jgx6y59Ccpump,0.000003156658993865078
2026-08-16 16:38:00.000 UTC,bTrPqjWpDvbgxPYXSrwu3CaAiXPbkNbfRHKMff3pump,0.0000021134920343332396
2026-08-20 01:18:00.000 UTC,brgeERE7iEiEN2NsWSBWFV7CzBMZpeArXYhNRHFpump,0.000002381318735002669
2026-09-10 14:27:00.000 UTC,c77sNXQQhrVoidSFrGjPdKeMNZkTpgVNR8hK2qLpump,0.000002545322264988779
2026-09-10 14:28:00.000 UTC,c77sNXQQhrVoidSFrGjPdKeMNZkTpgVNR8hK2qLpump,3.997841362625177e-7
2026-08-20 23:46:00.000 UTC,chp7hP3egTZoPQZXDmosupBHmWMi5SHm7kHXBJ2pump,0.0000028604775815935434
2026-08-20 23:47:00.000 UTC,chp7hP3egTZoPQZXDmosupBHmWMi5SHm7kHXBJ2pump,0.0000024863454480763998
2026-09-08 07:19:00.000 UTC,cjbyHwzKkrR7y9P9hGx58FWPXoCkgviL5pdSFYnpump,0.000002884231534825278
2026-08-20 14:50:00.000 UTC,fF1jP6BitxGFajy8TcZXVG4vaAUu2sgdLdHgxn2pump,0.0000033633054587567292
2026-08-25 17:59:00.000 UTC,fJi8abQ8pTLVTcdx37g1SLvSN1p6vVSM5KtCUDGpump,0.0000066832025098012046
2026-08-25 18:00:00.000 UTC,fJi8abQ8pTLVTcdx37g1SLvSN1p6vVSM5KtCUDGpump,0.00001145799553878348
2026-09-04 13:28:00.000 UTC,fdwWt2QiyKyefwB5YGtw2Q1xa1NYohdG1aVhBrVpump,0.000008990845912702787
2026-09-04 13:29:00.000 UTC,fdwWt2QiyKyefwB5YGtw2Q1xa1NYohdG1aVhBrVpump,0.000011370043855298754
2026-08-25 14:22:00.000 UTC,ga4MoHZsfzFbKLiMur2RkjVLanXmiwubZZNxeCrpump,0.0000033708268367329125
2026-08-25 14:23:00.000 UTC,ga4MoHZsfzFbKLiMur2RkjVLanXmiwubZZNxeCrpump,7.321122813426325e-7
2026-09-10 20:44:00.000 UTC,hmh3KtCnZbVLe7jvpa9NToJDMTv6R1VGZsKEaCxpump,0.0000028434522239151784
2026-09-10 20:45:00.000 UTC,hmh3KtCnZbVLe7jvpa9NToJDMTv6R1VGZsKEaCxpump,0.0000029205750034556627
2026-09-10 20:47:00.000 UTC,hmh3KtCnZbVLe7jvpa9NToJDMTv6R1VGZsKEaCxpump,0.000002958329009246656
2026-09-10 21:05:00.000 UTC,hmh3KtCnZbVLe7jvpa9NToJDMTv6R1VGZsKEaCxpump,0.0000029758202747981782
2026-08-19 15:21:00.000 UTC,iDg4QxTxEJPcvR43jT9soWiX4p7YJutLukumMVypump,0.0000025419822559299614
2026-08-19 15:22:00.000 UTC,iDg4QxTxEJPcvR43jT9soWiX4p7YJutLukumMVypump,0.000002276491869195836
2026-08-22 02:47:00.000 UTC,jgV3kriXWMh39itJp56gpNjGmUAniEXwbNfiTSXpump,0.0000026729704786646074
2026-09-08 12:28:00.000 UTC,kVWzziMKt9XPWHL4oY24woD3o8PCbR3Kyw1gTArpump,0.000003310344350269894
2026-08-30 22:35:00.000 UTC,knDmZ7Dg6VZaAQAfQtLQgJeNpomq8M36ddWafQFpump,0.0000029178516776559906
2026-08-17 09:36:00.000 UTC,kwwwmfQA6kJmGSaMKRcgqFbBgfSSueZhXzBXYSJpump,0.0000031147279158587336
2026-08-17 09:37:00.000 UTC,kwwwmfQA6kJmGSaMKRcgqFbBgfSSueZhXzBXYSJpump,0.0000033466692058742164
2026-08-17 09:38:00.000 UTC,kwwwmfQA6kJmGSaMKRcgqFbBgfSSueZhXzBXYSJpump,0.000002179512335508225
2026-09-06 10:41:00.000 UTC,m6RdTtMv3VTLnpvRYxXJQjSTt9ZKetssut1PWpWpump,0.000006264006492258276
2026-09-06 10:42:00.000 UTC,m6RdTtMv3VTLnpvRYxXJQjSTt9ZKetssut1PWpWpump,0.00000562557434983239
2026-09-06 10:43:00.000 UTC,m6RdTtMv3VTLnpvRYxXJQjSTt9ZKetssut1PWpWpump,0.000006098382486709274
2026-09-06 10:44:00.000 UTC,m6RdTtMv3VTLnpvRYxXJQjSTt9ZKetssut1PWpWpump,0.0000056000083283033525
2026-09-06 10:45:00.000 UTC,m6RdTtMv3VTLnpvRYxXJQjSTt9ZKetssut1PWpWpump,0.000006151610950694433
2026-09-06 10:46:00.000 UTC,m6RdTtMv3VTLnpvRYxXJQjSTt9ZKetssut1PWpWpump,0.0000073103245064732575
2026-09-06 10:47:00.000 UTC,m6RdTtMv3VTLnpvRYxXJQjSTt9ZKetssut1PWpWpump,0.000007887980078333212
2026-09-06 10:48:00.000 UTC,m6RdTtMv3VTLnpvRYxXJQjSTt9ZKetssut1PWpWpump,0.000007057336409482637
2026-09-06 10:49:00.000 UTC,m6RdTtMv3VTLnpvRYxXJQjSTt9ZKetssut1PWpWpump,0.000006749469427166748
2026-09-06 10:50:00.000 UTC,m6RdTtMv3VTLnpvRYxXJQjSTt9ZKetssut1PWpWpump,0.000007175365982408313
2026-09-06 10:51:00.000 UTC,m6RdTtMv3VTLnpvRYxXJQjSTt9ZKetssut1PWpWpump,0.000006973195835020286
2026-09-06 10:52:00.000 UTC,m6RdTtMv3VTLnpvRYxXJQjSTt9ZKetssut1PWpWpump,0.000005532997711864192
2026-09-06 10:53:00.000 UTC,m6RdTtMv3VTLnpvRYxXJQjSTt9ZKetssut1PWpWpump,0.0000035102661297848755
2026-09-06 10:54:00.000 UTC,m6RdTtMv3VTLnpvRYxXJQjSTt9ZKetssut1PWpWpump,0.000003356240959004382
2026-09-13 03:51:00.000 UTC,m6RdTtMv3VTLnpvRYxXJQjSTt9ZKetssut1PWpWpump,0.000003414199062272093
2026-08-23 15:39:00.000 UTC,mhqors2ZKrVaPYLQ7TrS7q2hNvbUxq24pMb6cRgpump,0.0000026788743035122787
2026-09-02 17:24:00.000 UTC,ncUZqEGfuAQsoW1TFBhFJwXum6592Z2Pp4nj47Tpump,0.0000014473163116565768
2026-08-22 23:07:00.000 UTC,noNXMVMzncVc9UeugNMoe8d5fTbbfH3hbcGBxRbpump,0.000006207735800184283
2026-08-22 23:08:00.000 UTC,noNXMVMzncVc9UeugNMoe8d5fTbbfH3hbcGBxRbpump,0.000007080989912685238
2026-08-22 23:22:00.000 UTC,noNXMVMzncVc9UeugNMoe8d5fTbbfH3hbcGBxRbpump,0.0000026196943433620304
2026-08-23 11:33:00.000 UTC,noNXMVMzncVc9UeugNMoe8d5fTbbfH3hbcGBxRbpump,0.0000027314358755250787
2026-09-05 02:07:00.000 UTC,oTgVYK82SUuozREzzSjba3Ft8cfWdhJJkZVjswApump,0.0000029360357167783317
2026-09-06 17:32:00.000 UTC,oftVMZPc7LF9njaSCpcCYVMz2rJAJeNwt4cgVMvpump,0.0000026351152393054908
2026-09-06 17:33:00.000 UTC,oftVMZPc7LF9njaSCpcCYVMz2rJAJeNwt4cgVMvpump,8.583161815938724e-7
2026-09-06 17:34:00.000 UTC,oftVMZPc7LF9njaSCpcCYVMz2rJAJeNwt4cgVMvpump,2.13575126045588e-7
2026-08-27 13:54:00.000 UTC,owbBPRAYALhRmt6XJzb7iTcAT2vYTdB9Sj8mKNgpump,0.000005928164483132639
2026-08-27 18:19:00.000 UTC,owbBPRAYALhRmt6XJzb7iTcAT2vYTdB9Sj8mKNgpump,0.00000309863366491649
2026-09-13 22:29:00.000 UTC,rRNvFasd5bmwvVf9aNGDUPzmyZFSM8pk6h8JkNDpump,0.0000027978106841456362
2026-09-13 22:30:00.000 UTC,rRNvFasd5bmwvVf9aNGDUPzmyZFSM8pk6h8JkNDpump,0.0000028056439549246206
2026-09-13 22:31:00.000 UTC,rRNvFasd5bmwvVf9aNGDUPzmyZFSM8pk6h8JkNDpump,0.0000028223982003022587
2026-08-25 12:05:00.000 UTC,t6UMK8Mpi7AkzSXrd1pBT6bAGxuFCemv8RgLBqCpump,0.0000027540444420391646
2026-09-08 14:07:00.000 UTC,tULnonVRCc8yRrciKmQJCEbBTbshRavaMgScNRTpump,0.0000019158820847560535
2026-09-08 14:09:00.000 UTC,tULnonVRCc8yRrciKmQJCEbBTbshRavaMgScNRTpump,0.0000021500486623107195
2026-09-08 14:30:00.000 UTC,tULnonVRCc8yRrciKmQJCEbBTbshRavaMgScNRTpump,8.947730226829649e-7
2026-08-29 20:17:00.000 UTC,tw3MuteQgieAV5gEtrRQjPA71p875spLo33TKHKpump,0.000002943767524430534
2026-08-29 20:18:00.000 UTC,tw3MuteQgieAV5gEtrRQjPA71p875spLo33TKHKpump,0.000002944890290590905
2026-08-26 11:25:00.000 UTC,vBHh6reKRnHKS3oPtqVLnhuoyF1YZ2KQt1TTaegpump,0.0000017957774775538562
2026-09-13 14:12:00.000 UTC,wJKKS6TUyRKqBiqzaoKffQjmnCF5qY9oUEWFzQtpump,0.000002980961695485158
2026-09-13 14:14:00.000 UTC,wJKKS6TUyRKqBiqzaoKffQjmnCF5qY9oUEWFzQtpump,0.000002805896333689877
2026-09-13 14:16:00.000 UTC,wJKKS6TUyRKqBiqzaoKffQjmnCF5qY9oUEWFzQtpump,0.0000028065319141619447
2026-09-13 14:21:00.000 UTC,wJKKS6TUyRKqBiqzaoKffQjmnCF5qY9oUEWFzQtpump,0.000003901316694445222
2026-09-13 14:22:00.000 UTC,wJKKS6TUyRKqBiqzaoKffQjmnCF5qY9oUEWFzQtpump,0.000003995076252625634
2026-09-13 14:23:00.000 UTC,wJKKS6TUyRKqBiqzaoKffQjmnCF5qY9oUEWFzQtpump,0.0000036584329750073195
2026-09-13 14:28:00.000 UTC,wJKKS6TUyRKqBiqzaoKffQjmnCF5qY9oUEWFzQtpump,0.000003275624508707554
2026-09-13 14:36:00.000 UTC,wJKKS6TUyRKqBiqzaoKffQjmnCF5qY9oUEWFzQtpump,0.000003210424784283898
2026-09-13 16:08:00.000 UTC,wJKKS6TUyRKqBiqzaoKffQjmnCF5qY9oUEWFzQtpump,0.0000032061166925853816
2026-09-03 20:50:00.000 UTC,wt1aNm2t4AeWhEHMac8X973iTGiLjUJK2T1ZcFKpump,0.0000048188423701903
2026-09-03 20:51:00.000 UTC,wt1aNm2t4AeWhEHMac8X973iTGiLjUJK2T1ZcFKpump,0.000001514427016318295
2026-08-27 17:14:00.000 UTC,xSkb7K5wuvZ2XbwD2EJxETD7uPfCKVZPtTyTYCrpump,0.000002232786859761431
2026-09-04 12:53:00.000 UTC,xhc2T4qcLYi2W4vmqL3Y2TcngMhnDMWa7wpQhWgpump,0.000010853161843540312
2026-09-05 01:51:00.000 UTC,xzVJLum5xRYgQVn3DVzaBHoxNfdWiExZCXp2fH7pump,0.000002852752907302823
2026-08-29 15:55:00.000 UTC,yGVBoHznbwitguedRNdJHv1Ehu7LCiD3wD3emffpump,0.000002937751131728978
2026-08-29 15:56:00.000 UTC,yGVBoHznbwitguedRNdJHv1Ehu7LCiD3wD3emffpump,0.000002938802361393169
2026-08-27 09:58:00.000 UTC,yN6oUB5JvVpJgop3F9QUmW5ehdQD6sK1YDcz7t4pump,0.000011213290460904477
2026-09-12 03:04:00.000 UTC,zAJ7AKm3pdE497TCbWLxF74PGkd6ytnCAPG1xG8pump,0.000002892395535619967
2026-09-12 03:05:00.000 UTC,zAJ7AKm3pdE497TCbWLxF74PGkd6ytnCAPG1xG8pump,0.0000029509000761960456
2026-09-12 03:06:00.000 UTC,zAJ7AKm3pdE497TCbWLxF74PGkd6ytnCAPG1xG8pump,0.0000029627530692843584
2026-09-12 03:07:00.000 UTC,zAJ7AKm3pdE497TCbWLxF74PGkd6ytnCAPG1xG8pump,0.0000029731214336329095
2026-09-12 03:08:00.000 UTC,zAJ7AKm3pdE497TCbWLxF74PGkd6ytnCAPG1xG8pump,0.0000029815723979352405
2026-09-04 07:38:00.000 UTC,zHM95MnwfNAPjdpZsEqEB16eiFagtY5R1T44uXSpump,0.0000024952940510887836
2026-09-04 07:39:00.000 UTC,zHM95MnwfNAPjdpZsEqEB16eiFagtY5R1T44uXSpump,0.00003834685563180774
2026-09-04 07:40:00.000 UTC,zHM95MnwfNAPjdpZsEqEB16eiFagtY5R1T44uXSpump,6.85346677833118e-7
